Date,close,adj_close,rsi_14,macd_hist_12_26_9,bb_bandwidth_20_2,adx_14,obv,adj_close_smooth,sma_10,ema_20,atr_14,target_ret_1d_pct,target_close_1d
2021-05-28,124.61000061035156,121.57575988769531,10.999681416767125,0.2920133498808357,6.769321178386928,60.46738604197416,-1091632478.325728,122.91488379511712,123.37698639439911,125.06532650262427,4.259408339287767,-0.2648417231360667,124.27999877929688
2021-06-01,124.27999877929688,121.25377655029297,10.208612141378154,0.2736142030014346,6.054041662563118,61.43986414706709,-1166707838.2839353,122.58266234615229,123.23528403129079,124.82888229724598,4.241364053818431,0.627623210884054,125.05999755859375
2021-06-02,125.05999755859375,122.0147933959961,9.945290225902877,0.2620700199238897,5.490132477986723,62.44658052291659,-1238623906.2505012,122.46908855612105,123.12601988860686,124.60414003618646,4.224314831179184,-1.2154215389086676,123.54000091552734
2021-06-03,123.54000091552734,120.53179931640625,9.084400362381691,0.23735160918786846,5.070046659542564,63.54303175889368,-1311402600.6237538,122.0816307081781,123.01616838891283,124.36390105256662,4.191805269317827,1.902212029311423,125.88999938964844
2021-06-04,125.88999938964844,122.82456970214844,12.222430113171058,0.23933983626449162,4.522968242840834,64.62017200942906,-1238145785.1251516,122.23021850697218,122.90057875409903,124.16069319108144,4.188175295883467,0.007969507409910648,125.9000015258789
2021-06-07,125.9000015258789,122.83435821533203,14.79779284132966,0.25564596725000666,3.7356379599228613,65.54735432608892,-1165328812.72627,122.35104644864415,122.81727864658978,123.98834588227788,4.175582382714975,0.6671803266368181,126.73999786376953
2021-06-08,126.73999786376953,123.65388488769531,20.23299853951896,0.28840668396066116,2.9549471391120177,64.84680109824214,-1092194474.8071647,122.61161413645439,122.74361402444957,123.85722857315183,4.186942877444382,0.3077082166953904,127.12999725341797
2021-06-09,127.12999725341797,124.03437805175781,25.79969799137863,0.3306367808949422,2.247070152418042,63.53096943451251,-1022311424.4718804,122.89616691951508,122.68916993660068,123.76569889185309,4.194084562598517,-0.8023344889482531,126.11000061035156
2021-06-10,126.11000061035156,123.0392074584961,26.356142697114777,0.35950095109123525,1.9477308554911126,61.55097176370884,-952167704.203653,122.92477502731128,122.63117512164384,123.68561090475387,4.19884038338516,0.9832705969091027,127.3499984741211
2021-06-11,127.3499984741211,124.24901580810547,31.479222572298543,0.3927314224513001,1.7866102379879327,59.549151654660065,-885348247.989071,123.18962318347013,122.62517096279359,123.63837397891731,4.205258344534167,2.457789771765384,130.47999572753906
2021-06-14,130.47999572753906,127.30279541015625,44.41389567777551,0.4616581141037799,1.7274660196790552,56.016191185163684,-812511383.0174055,124.01225762880736,122.73490834616261,123.6739819455735,4.239821960437617,-0.6437497392997815,129.63999938964844
2021-06-15,129.63999938964844,126.48328399658203,50.46370721250307,0.527333459313851,1.9018111168093699,52.34760338750516,-741692631.040073,124.5064629023623,122.92728840178363,123.75326584622005,4.252031914150489,0.3933909974637606,130.14999389648438
2021-06-16,130.14999389648438,126.9808578491211,55.66700844819096,0.586369208789483,2.319660718982843,49.72855477327766,-666674629.4582071,125.00134189171406,123.18051373534293,123.8721302315052,4.263311929464566,1.2600432537723805,131.7899932861328
2021-06-17,131.7899932861328,128.58087158203125,61.90154856196586,0.6509176062200297,2.942859252123072,48.23004683036553,-587315888.1927143,125.7172478297775,123.54407544750286,124.04785571705494,4.290346130457483,-1.009134562667413,130.4600067138672
2021-06-18,130.4600067138672,127.28331756591797,64.26905771289309,0.6883550559516574,3.524992830621952,47.24054177555514,-502038235.18032014,126.03046177700561,123.9240997745062,124.23667534181216,4.290982633971467,1.4103762216048699,132.3000030517578
2021-06-21,132.3000030517578,129.0784912109375,68.38668576419887,0.7241834966590974,4.184221729642168,46.78262079442241,-417883452.77040476,126.640067663792,124.35300189602098,124.46556984866739,4.3033940860421405,1.2698350026621563,133.97999572753906
2021-06-22,133.97999572753906,130.7175750732422,72.88786803719854,0.7686144708100212,4.980010629916341,46.935960630403045,-335602906.84247243,127.45556914568205,124.83739739694376,124.7503316864783,4.322587115209998,-0.20897177877100548,133.6999969482422
2021-06-23,133.6999969482422,130.4444122314453,75.62725880710339,0.8004611705632894,5.791607569841983,47.491732853376185,-257735630.1001266,128.0533377628347,125.35311448127571,125.06490369375034,4.3265568673885,-0.21690750929516112,133.41000366210938
2021-06-24,133.41000366210938,130.16146850585938,77.3644977775831,0.8096854205306224,6.550321727324906,48.328859518761824,-181699608.70624992,128.47496391143963,125.90813336968856,125.38967133353027,4.327634830304168,-0.22486999813136066,133.11000061035156
2021-06-25,133.11000061035156,129.8687744140625,78.45779013714362,0.7932841201682511,7.195110915735394,49.263164100049075,-106714051.59114859,128.7537260119642,126.46454365253796,125.71005749338113,4.31987697494845,1.2545881368756895,134.77999877929688
2021-06-28,134.77999877929688,131.4980926513672,80.45909785531491,0.7771108171015035,7.791658897727216,50.37950163134425,-34303345.89906752,129.30259933984482,126.9935778236417,126.05220433590148,4.329276119698331,1.150042023198572,136.3300018310547
2021-06-29,136.3300018310547,133.0103759765625,82.78592170821,0.7724535719144017,8.364176789391895,51.69454409070138,36536438.65459734,130.04415466718837,127.5473470001243,126.43239008173832,4.34572458039965,0.46211021997557555,136.9600067138672
2021-06-30,136.9600067138672,133.62503051757812,84.68287461283616,0.7718782289059085,8.906754586120325,53.17063662054041,105860546.29752924,130.76032983726634,128.12324579467955,126.84457482036004,4.358713481279875,0.2263495960489914,137.27000427246094
2021-07-01,137.27000427246094,133.927490234375,86.13789002147742,0.7668517661732637,9.313222491485007,54.71383706416113,171816992.41187477,131.39376191668808,128.69089720337058,127.27783073429603,4.359023205250852,1.959651236767801,139.9600067138672
2021-07-02,139.9600067138672,136.552001953125,88.11763553457743,0.7829643232304102,9.785663949521396,56.40384792430736,240352669.3033512,132.42540992397548,129.33039201806756,127.76807637140836,4.383731665348923,1.471828587366386,142.02000427246094
2021-07-06,142.02000427246094,138.5618133544922,89.95547105596533,0.8221820479536581,10.349726871687798,58.25392184491689,316817570.8165324,133.65269061007882,130.03165431269628,128.3285158227103,4.433718811107639,1.7955161815820686,144.57000732421875
2021-07-07,144.57000732421875,141.04971313476562,91.63503202976794,0.888041820127476,11.082693284168386,60.186789835807936,398971812.0270773,135.1320951150162,130.79930690962965,128.97647575531087,4.497915936871951,-0.9199537767554,143.24000549316406
2021-07-08,143.24000549316406,139.7521209716797,92.4807277945409,0.9296795185185995,11.76952214471676,62.09891035166589,485810304.99551326,136.0561002863489,131.5995831619811,129.65072571064783,4.524353351539097,1.305488331161464,145.11000061035156
2021-07-09,145.11000061035156,141.57656860351562,93.34634582992021,0.963326472538383,12.390159458358811,63.984604956740846,575259259.370262,137.16019394978227,132.46810616581533,130.36591316199397,4.563614282052771,-0.420365146348034,144.5
2021-07-12,144.5,140.98143005371094,93.87220265795897,0.9663173319456395,12.874540393438554,65.82163185066216,662078362.870061,137.924441170568,133.3851776816757,131.08577297233435,4.595348465272219,0.7889075421790626,145.63999938964844
2021-07-13,145.63999938964844,142.09364318847656,94.39289340034294,0.95217560104299,13.378194595117174,67.60329251757148,751699065.6699002,138.75828157414972,134.33074590510623,131.81648807726916,4.64582568987644,2.4100515353487673,149.14999389648438
2021-07-14,149.14999389648438,145.51817321777344,95.11733570941014,0.9589329784673692,13.9645600634884,69.335193137966,848805787.9097716,140.11025990287447,135.33735642867484,132.60637110827918,4.723759320237657,-0.4492024949146356,148.47999572753906
2021-07-15,148.47999572753906,144.864501953125,95.5525492315384,0.9506505026902419,14.4946070900009,71.00098132630428,947855225.7016686,141.0611083129246,136.36743427624066,133.41158417538827,4.778196695105829,-1.40759692600676,146.38999938964844
2021-07-16,146.38999938964844,142.8253936767578,95.70552676059853,0.8930463844420418,14.858988704129395,72.58690607606003,1045745055.9351863,141.41396538569126,137.369454623141,134.17371571922666,4.820311542987972,-2.6914367794295124,142.4499969482422
2021-07-19,142.4499969482422,138.98133850097656,91.05490323861245,0.7519452589319799,14.810625124105067,73.57863461142247,943146271.7483721,140.9274400087483,138.21965763161825,134.81692755632398,4.800515460050035,2.5973946126607306,146.14999389648438
2021-07-20,146.14999389648438,142.5912322998047,91.36400043552986,0.6164775260489224,14.646333138306918,74.52117186452689,1044495299.0978234,141.2601984669596,138.98040841730634,135.43057240495594,4.833211971903126,-0.5131805627029751,145.39999389648438
2021-07-21,145.39999389648438,141.85948181152344,91.47822457433541,0.4766501651370141,14.387267933841917,75.39638502812386,1140573220.9773846,141.38005513587237,139.60520441939195,135.99718980790036,4.839008818009776,0.9628690328381317,146.8000030517578
2021-07-22,146.8000030517578,143.22540283203125,91.83629090344205,0.35623805618369975,14.04552810728385,76.25066329205606,1232903198.4810333,141.74912467510416,140.17450685826748,136.54499312858644,4.864765136813416,1.1989128975690377,148.55999755859375
2021-07-23,148.55999755859375,144.9425506591797,92.42913719323396,0.27070155555103437,13.626614773206983,77.08700061895405,1321056660.4839525,142.38780987191927,140.69726845048118,137.10145186604672,4.892896020094097,0.2894634199235524,148.99000549316406
2021-07-26,148.99000549316406,145.3621063232422,92.94315398652898,0.2080945246933248,13.07055331003352,77.91815966505082,1406066250.0862877,142.98266916218387,141.20309124964274,137.66156779901218,4.913715464128045,-1.4900407297533946,146.77000427246094
2021-07-27,146.77000427246094,143.19615173339844,92.97999505396936,0.1274291773559426,12.33508924490661,78.72066719619963,1495037641.768156,143.0253656764268,141.62979965987046,138.1724056920993,4.913955407217506,-1.2196064085652658,144.97999572753906
2021-07-28,144.97999572753906,141.44972229003906,89.27545884055051,0.01654783324800624,11.42448528969547,78.61320092974529,1400074288.4226615,142.71023699914926,141.88979736949793,138.60458010229453,4.8978464232280645,0.45522952467673683,145.63999938964844
2021-07-29,145.63999938964844,142.09364318847656,87.80121018225368,-0.09525658415146188,10.372157140030934,78.47858353103588,1312763705.746266,142.58691823701474,142.04237836190694,138.98385040083932,4.888771668528632,0.15108058214508002,145.86000061035156
2021-07-30,145.86000061035156,142.30831909179688,87.10132193852947,-0.19724747868890935,9.15033958260531,78.16530497434728,1228827119.6051493,142.53119840797117,142.15410166413494,139.3216930681852,4.872710236095473,-0.23311450456654503,145.52000427246094
2021-08-02,145.52000427246094,141.97657775878906,85.63781524032795,-0.29081435859865357,7.879692823137682,77.87440345742216,1149101850.692256,142.42027427813477,142.30338509107358,139.61679604056135,4.857478423721552,1.2644207254128847,147.36000061035156
2021-08-03,147.36000061035156,143.77175903320312,86.24434356626304,-0.349204835356387,6.691658057280279,77.65181553442085,1225839385.8225706,142.69057122914845,142.44642236729248,139.90953653471252,4.863391036009814,-0.27821451109323325,146.9499969482422
2021-08-04,146.9499969482422,143.37176513671875,86.55260072139771,-0.3902458695577806,5.711565869529494,77.46999889634061,1298503073.9268222,142.8268100106625,142.5910978547715,140.1873721038506,4.855709593951378,0.07484026201753924,147.05999755859375
2021-08-05,147.05999755859375,143.47906494140625,86.8563253060011,-0.41774108475296456,4.767295518991607,77.32505234566833,1365913564.4102235,142.95726099681127,142.71191148694223,140.45117104603733,4.84446797423969,-0.4766860603863998,146.13999938964844
2021-08-06,146.13999938964844,142.7951202392578,86.33430839632418,-0.4447471480245806,3.942293279277404,77.19045912004405,1301159812.0235023,142.92483284530059,142.76561378428033,140.6867578840624,4.81878088094966,-0.0342052191329989,146.08999633789062
2021-08-09,146.08999633789062,142.74627685546875,85.72329758033534,-0.4692267655263933,3.1270391502065285,77.0654796962501,1239575070.1141255,142.8891216473342,142.75625903279538,140.8965068138978,4.786643266334704,-0.3354241893657073,145.60000610351562
2021-08-10,145.60000610351562,142.26747131347656,83.50741394856287,-0.4954255802288743,2.360165361988617,76.98001420115975,1176502656.586624,142.7647915805627,142.73020162320898,141.0744386964373,4.765299418221649,0.17856757891043795,145.86000061035156
2021-08-11,145.86000061035156,142.52151489257812,82.60748855616058,-0.5153700097345384,1.9614838452129615,76.90065338429017,1116346025.7646227,142.71613624296577,142.73079154759063,141.23079084372574,4.744975852323449,2.0773551998920725,148.88999938964844
2021-08-12,148.88999938964844,145.48219299316406,84.63498348935238,-0.49076443337964903,1.8688509341280108,76.96585826762949,1178927850.4222236,143.26934759300542,142.7990344831897,141.4249391055619,4.755357093468447,0.14102734741152645,149.10000610351562
2021-08-13,149.10000610351562,145.68736267089844,86.15444735612739,-0.44284933127217707,1.9180595560314955,77.15482756741078,1240868310.1483045,143.75295060858403,142.92120970325098,141.64665448680208,4.751675334815788,1.354777509756988,151.1199951171875
2021-08-16,151.1199951171875,147.66110229492188,88.18769024839074,-0.36280730820273455,1.9904802028848003,77.52366871088388,1311079877.9291692,144.53458094585162,143.13264037002264,141.92169510194967,4.759668377469412,-0.6153691625957247,150.19000244140625
2021-08-17,150.19000244140625,146.75244140625,89.16051601685332,-0.28757186478711816,2.202164467512858,78.01753432099729,1385695072.1538608,144.9781530379313,143.36139855090096,142.21278633394792,4.755023523489102,-2.5501041427520965,146.36000061035156
2021-08-18,146.36000061035156,143.01010131835938,82.65535283524912,-0.272064651448801,2.1987164306925675,78.54181764973993,1308737716.7741075,144.58454269401693,143.5371718192364,142.43866789204972,4.740323578974646,0.2322799822028987,146.6999969482422
2021-08-19,146.6999969482422,143.34228515625,78.74969392110496,-0.2849230611497209,2.156759824165598,77.93424753527444,1229779772.4703047,144.33609118646353,143.67505483820162,142.61937487247008,4.732968978801992,1.015724796893358,148.19000244140625
2021-08-20,148.19000244140625,144.79824829101562,79.14452032517005,-0.29248268533394395,2.214778147195359,77.3700752861279,1305056047.9133468,144.42852260737396,143.82542381440896,142.79167465674664,4.733573359601565,1.0256601561009937,149.7100067138672
2021-08-23,149.7100067138672,146.28338623046875,80.69484059223025,-0.27788236293695867,2.3826191326814703,76.94914732023665,1377303428.2677805,144.79949533199292,144.01646118287485,142.98289567343676,4.7434249109210915,-0.060082438111963565,149.6199951171875
2021-08-24,149.6199951171875,146.19549560546875,81.79188553336682,-0.25538135564019804,2.5785710392734016,76.69624849296089,1444822612.5513275,145.07869538668808,144.2478515634874,143.18249564612736,4.748360198600764,-0.8421503740501546,148.36000061035156
2021-08-25,148.36000061035156,144.9643096923828,81.38379188015855,-0.24780368711115153,2.692297059498957,76.52226416852989,1379009005.1244898,145.05581824782703,144.48181976397348,143.3609073224797,4.74311429116494,-0.5527252012314077,147.5399932861328
2021-08-26,147.5399932861328,144.16305541992188,78.10815993893546,-0.2593469594329749,2.712654193464119,76.36070729584395,1316638679.1830196,144.877265682246,144.64261157289752,143.5053224043622,4.730825490407469,0.71845823450154,148.60000610351562
2021-08-27,148.60000610351562,145.1988067626953,78.4446691226556,-0.26617983773628584,2.6949684618548884,75.90335659606845,1377695419.9361956,144.94157389833586,144.76147390187273,143.6421082609311,4.7196412254115,3.0417048621185883,153.1199951171875
2021-08-30,153.1199951171875,149.61532592773438,82.625331259206,-0.2135458768192715,2.798835298892462,75.86938253133614,1444732152.5387363,145.8763243042156,144.89564823770914,143.85489074124393,4.7623551643438855,-0.8424518035856532,151.8300018310547
2021-08-31,151.8300018310547,148.35488891601562,84.3579510806585,-0.15393004462528403,3.002964493802523,76.03057937321095,1515652158.620769,146.3720372265756,145.0350366565736,144.0946189779422,4.771547261260507,0.4478540997220337,152.50999450683594
2021-09-01,152.50999450683594,149.01930236816406,85.96749832112228,-0.09055921876262141,3.2796272433615354,76.4363975868267,1588450903.4863951,146.9014902548933,145.2667314126612,144.36194005193752,4.804855098259467,0.7474814227827586,153.64999389648438
2021-09-02,153.64999389648438,150.13319396972656,87.63959562610395,-0.02049093536606983,3.6476734340235524,76.96385735090415,1660912999.378896,147.54783099785996,145.58790539380084,144.66535823726346,4.842395830805545,0.4230659034961226,154.3000030517578
2021-09-03,154.3000030517578,150.7683563232422,89.04103938766809,0.05000611671000543,4.055773897288696,77.55462732442606,1730444416.0928967,148.1919360629364,145.9642467393571,145.00122279208944,4.865346304729495,1.5489403390732903,156.69000244140625
2021-09-07,156.69000244140625,153.10366821289062,90.7614745007979,0.13854814038721508,4.588112963426773,78.2629367263255,1802525209.4640973,149.17428249292726,146.40172545545053,145.39865704931208,4.905627969342489,-1.0083715026467543,155.11000061035156
2021-09-08,155.11000061035156,151.559814453125,91.46250161138259,0.20119986535838752,5.025095414520962,79.01838664824962,1875073884.1610577,149.65138888496682,146.8589948052784,145.80367912889824,4.921704307396423,-0.6705076120872011,154.07000732421875
2021-09-09,154.07000732421875,150.54359436035156,91.71569511226427,0.22482104902172528,5.293844210516342,79.76648341142798,1944573963.918626,149.82982998004377,147.33639597850006,146.18712206710256,4.928339327805491,-3.3101882470397137,148.97000122070312
2021-09-10,148.97000122070312,145.56031799316406,79.5567235095434,0.1563462214676956,5.3120842506015205,78.98949944086449,1860795260.1125712,148.97592758266785,147.74626216854227,146.45272259239448,4.9333833721005425,0.38934147189546575,149.5500030517578
2021-09-13,149.5500030517578,146.12704467773438,72.63695075945648,0.05151286305648073,5.227405151761845,77.25168604293229,1773291437.0677276,148.40615100168117,148.09271987887678,146.63876339327894,4.95036318791516,-0.9561971066503694,148.1199951171875
2021-09-14,148.1199951171875,144.7297821044922,64.8036696792806,-0.08129283304585289,5.1309533053717225,74.33831353412975,1681429118.6318526,147.67087722224338,148.27217517067956,146.73705994841842,4.9628710433570085,0.6143588025359081,149.02999877929688
2021-09-15,149.02999877929688,145.6189422607422,60.85874863417756,-0.20375035588728196,5.039897163270333,70.60188426435862,1591283003.8831525,147.26049022994314,148.36102047101633,146.78691045142077,4.968553297307483,-0.16103472987231138,148.7899932861328
2021-09-16,148.7899932861328,145.3844451904297,57.41726603471022,-0.31059305344984023,4.859799285922184,66.5968444562686,1505559292.0841925,146.88528122204048,148.35939956773103,146.79627909624168,4.949667338280029,-1.8348190553757027,146.05999755859375
2021-09-17,146.05999755859375,142.71690368652344,50.57407064695101,-0.4305981668039447,4.634212407374583,62.15099818404875,1411006562.6450245,146.05160571493707,148.20977703943876,146.72535782183172,4.914007694366906,-2.136073674008443,142.94000244140625
2021-09-20,142.94000244140625,139.66836547851562,42.26653996299437,-0.5798504133632592,4.5693249740424635,58.699795974820034,1310668599.0936902,144.77495766765279,147.8680791999104,146.53960542619564,4.847647458274305,0.34276140227367247,143.42999267578125
2021-09-21,143.42999267578125,140.1470947265625,37.46192964920617,-0.7158837350071499,4.7646635953730945,56.10469260648479,1215231428.2526226,143.84938507943474,147.33558945856112,146.28339396459936,4.799551185273026,1.6872661867370464,145.85000610351562
2021-09-22,145.85000610351562,142.51174926757812,36.18168678338251,-0.7928740334982733,5.050227383739487,54.016441099065226,1123600831.5797687,143.58185791706342,146.72863636177078,146.02610481721499,4.785013193385586,0.6719202539709812,146.8300018310547
2021-09-23,146.8300018310547,143.4693145751953,36.069996620312594,-0.8113777220800398,5.31550527800945,52.0773504136042,1037328714.2414855,143.55934924868978,146.1015882886354,145.7911757154507,4.771116961841931,0.061282193226097625,146.9199981689453
2021-09-24,146.9199981689453,143.55723571777344,36.067744878534015,-0.7889943742495926,5.540800242852273,50.284358955839664,957615440.3708589,143.55892654250653,145.55988818461927,145.5785805561227,4.749787899604728,-1.054998279686148,145.3699951171875
2021-09-27,145.3699951171875,142.04270935058594,34.408262219988984,-0.7596842300980106,5.821541345442901,48.8871564145472,879014681.2743577,143.2556831041224,145.0448413948634,145.35735222736076,4.700414640464078,-2.3801280300133953,141.91000366210938
2021-09-28,141.91000366210938,138.6619110107422,29.917035330073176,-0.7651179891834606,6.343875815663116,48.08139994227726,794339613.9971566,142.33692868544637,144.5114465411837,145.06969284241654,4.635264162373167,0.6483080265340391,142.8300018310547
2021-09-29,142.8300018310547,139.5608673095703,27.574658811840845,-0.7670994381242466,6.923526550220433,47.645538500050975,711679160.1753958,141.78171641027114,143.9635691592165,144.75655222983127,4.603335546864587,-0.9311673917899332,141.5
2021-09-30,141.5,138.26132202148438,24.911012978706353,-0.7745651191305445,7.5500965759907,47.558379291519714,627739457.1179872,141.0776375325138,143.3828047902638,144.40617940151532,4.58270003286361,0.812705397383584,142.64999389648438
2021-10-01,142.64999389648438,139.38497924804688,23.72436063007138,-0.7599830869779808,8.07971939316319,47.92086390447422,541659774.6720603,140.73910587562042,142.85155480633216,144.05693430381103,4.56845616695713,-2.460542364999352,139.13999938964844
2021-10-04,139.13999938964844,135.95535278320312,20.72027819867135,-0.7700675242461886,8.612802115825742,48.630175960458786,453131628.7153187,139.78235525713697,142.35229456528057,143.64983153746113,4.532968885124649,1.4158296829282158,141.11000061035156
2021-10-05,141.11000061035156,137.8802490234375,19.654585677717137,-0.7565486500625083,8.888290122504566,49.472836159277755,366136891.9499254,139.4019340103971,141.90754945837682,143.24526986821692,4.531630958975326,0.6307463822968318,142.0
2021-10-06,142.0,138.7499237060547,19.288370574782874,-0.711264391497044,8.87563563564799,50.46476652740103,279896882.5376108,139.27153194952862,141.4765168616233,142.86681863786566,4.526895841179706,0.9083905790260083,143.2899932861328
2021-10-07,143.2899932861328,140.01031494140625,21.082657621250892,-0.6290715298357024,8.545691316374613,51.27345610462229,361235430.0674625,139.41928854790416,141.06251079154475,142.53848243882172,4.536852349009657,-0.27218584358975617,142.89999389648438
2021-10-08,142.89999389648438,139.6292266845703,21.615922267839718,-0.5333699037896196,8.186279471824061,51.942665758224514,438060908.0913439,139.4612761752374,140.65274575481786,142.2454151756232,4.539003260331411,-0.06295665017729268,142.80999755859375
2021-10-11,142.80999755859375,139.54132080078125,21.832802716949335,-0.43466032549680444,7.746234787096818,52.274359816102155,512411730.51044893,139.4772851003462,140.27490595444021,141.98178373988253,4.549769188937455,-0.91030270159147,141.50999450683594
2021-10-12,141.50999450683594,138.2710723876953,20.894586905102095,-0.35466644908725353,7.325311284734249,52.62583277398398,438323892.57516485,139.23604255781603,139.96481734167722,141.72028457968574,4.545751164620249,-0.4240027818078529,140.91000366210938
2021-10-13,140.91000366210938,137.68479919433594,19.72087845215733,-0.2941920766569117,6.850226612760619,53.16965953641968,363301082.2269376,138.92579388512002,139.6792250891621,141.4541426087747,4.522525922901306,2.022572423803193,143.75999450683594
2021-10-14,143.75999450683594,140.46957397460938,24.279465935143524,-0.20894836119953109,6.1992590888492325,53.507230507617,437300750.5055194,139.2345499030179,139.4949163262125,141.24275282727405,4.529168311418311,0.7512426386194537,144.83999633789062
2021-10-15,144.83999633789062,141.52484130859375,30.577671744519986,-0.10264396059526382,5.519937374960262,53.27799490072554,510088545.1283848,139.69260818413306,139.39026655706377,141.09512000411777,4.53269196589461,1.1806396827936494,146.5500030517578
2021-10-18,146.5500030517578,143.19573974609375,38.94310235463067,0.027002288528293228,5.001079629760811,51.95401308226472,585436620.8266772,140.39323449652522,139.45135448100257,141.02827376529945,4.546487581554178,1.5080010860489157,148.75999450683594
2021-10-19,148.75999450683594,145.35513305664062,48.42332587442031,0.1830399621854546,4.638911672189261,49.29141461605394,660990861.3853111,141.3856142085483,139.64972250081772,141.062306188466,4.577132479491247,0.3361224036042776,149.25999450683594
2021-10-20,149.25999450683594,145.8437042236328,55.15985897949376,0.3405919547901881,4.386060053996119,45.77739091963544,733118013.8322183,142.2772322115652,139.95029252702136,141.17801342876118,4.597293467442616,0.14734233987754308,149.47999572753906
2021-10-21,149.47999572753906,146.05859375,59.93938450101571,0.481420233336044,4.259241622289157,43.20703376379197,803103935.789744,143.03350451925218,140.31171412415617,141.3547268659508,4.600827368471819,-0.5284527025219976,148.69000244140625
2021-10-22,148.69000244140625,145.2867431640625,62.50413356881528,0.583782460120317,4.239180709059018,41.407378504430845,870869353.3557646,143.48415224821426,140.71400173145383,141.55752928330924,4.596603574340791,-0.03360810761988686,148.63999938964844
2021-10-25,148.63999938964844,145.2379150390625,64.41379878169931,0.6489632790577835,4.392724194889716,40.03678244362084,935225807.408581,143.83490480638392,141.1497637020576,141.77442219026872,4.5861323041118,0.45748657955317906,149.32000732421875
2021-10-26,149.32000732421875,145.90235900878906,66.5749989975368,0.689947317669875,4.814182375079227,39.220343715802976,998889650.6508342,144.24839564686496,141.6509990109625,142.01003870994455,4.592867203294784,-0.3147610343890328,148.85000610351562
2021-10-27,148.85000610351562,145.443115234375,67.79227265199958,0.7009051257665182,5.296666216992358,38.644024786640564,1061039705.2446368,144.48733956436698,142.2071535788872,142.24597212465144,4.58693840719436,2.499139718163268,152.57000732421875
2021-10-28,152.57000732421875,149.07794189453125,72.01024951177634,0.7342146039603397,5.964879624079041,38.71070589013384,1130775328.9196787,145.40546003039984,142.82424459162542,142.54687573472273,4.627390509053703,-1.8155630333433925,149.8000030517578
2021-10-29,149.8000030517578,146.371337890625,72.81689082826269,0.7318498249294411,6.542066484934389,38.465475462770605,1211554467.8597124,145.5986356024449,143.41484733345658,142.83751953164864,4.603650213832378,-0.5607556330968766,148.9600067138672
2021-11-01,148.9600067138672,145.55055236816406,72.70455993031737,0.6926393187799934,6.920216641265046,38.237761494504745,1132013496.7076855,145.58901895558873,143.93442577936293,143.09956709583344,4.567800406579175,0.7116093521607247,150.02000427246094
2021-11-02,150.02000427246094,146.5863037109375,73.61375056632654,0.6441540276892149,7.1719693118056576,38.2994018572836,1209470673.629307,145.7884759066585,144.37471194917393,143.35565364924537,4.561907043326445,0.9798910757931045,151.49000549316406
2021-11-03,151.49000549316406,148.02268981933594,75.57649225340181,0.6067165886544246,7.3691044798438705,38.62021969237396,1282338715.1666043,146.235318689194,144.77052059693685,143.6299074625738,4.569268980144975,-0.34989843636848983,150.9600067138672
2021-11-04,150.9600067138672,147.5047607421875,76.63974350523331,0.564469534600405,7.506765811125227,39.17843949896877,1352712068.396442,146.4892070997927,145.1160908549909,143.9022217137375,4.572424045728745,0.3582544591466563,151.27999877929688
2021-11-05,151.27999877929688,148.033203125,77.89994282795747,0.5236403057834305,7.575954315701946,39.868190773751685,1422103530.980312,146.7980063048342,145.44747626065288,144.1780107224134,4.576522268167059,-0.5552644208568047,150.44000244140625
2021-11-08,150.44000244140625,147.2112274169922,78.23830005750766,0.4702139131695726,7.523250035284293,40.56659149506569,1488620881.0474083,146.8806505272658,145.75205083274105,144.4354049895422,4.5647135467076865,0.2459462863178441,150.80999755859375
2021-11-09,150.80999755859375,147.5732879638672,78.82355260027857,0.4141871889083173,7.292216740983655,41.24490787292383,1553192341.1010852,147.0191780145861,146.02912906951317,144.68147861097498,4.550999235224743,-1.9163172760654268,147.9199981689453
2021-11-10,147.9199981689453,144.7453155517578,71.97965983779191,0.3206606055684138,6.733439747523967,41.27449583035859,1488497753.0581436,146.56440552202045,146.23683566527853,144.8608049834555,4.51232171360485,-0.033775987823780884,147.8699951171875
2021-11-11,147.8699951171875,144.69642639160156,66.845033465161,0.21298230992334233,6.0131296928495725,40.772343644336566,1428542082.6237903,146.19080969593668,146.31537063183222,144.98747209892989,4.486052060550337,1.433676146085161,149.99000549316406
2021-11-12,149.99000549316406,146.77090454101562,67.61757197198149,0.13283931198493093,5.219737471020668,39.81927034107722,1489267418.971273,146.30682866495246,146.38618993808296,145.11312510521776,4.483930538914593,0.006632859184407813,150.0
2021-11-15,150.0,146.7806396484375,68.2679420934729,0.07249680837131223,4.426556777938261,39.1944507681832,1549692248.049259,146.40159086164948,146.46744712868903,145.23583612963984,4.491285548597789,0.6666932795088565,151.0
2021-11-16,151.0,147.75921630859375,70.11974596123684,0.0388434847221788,3.7829501688863667,38.739696708392806,1609883351.311648,146.67311595103834,146.555911133127,145.37271992215398,4.499864702878573,1.649003030707341,153.49000549316406
2021-11-17,153.49000549316406,150.19577026367188,74.30913105334633,0.05122746955692037,3.364402135815856,39.06120577162809,1675797633.921559,147.37764681356504,146.67014394556412,145.5636653403836,4.545393774466122,2.8536059809635583,157.8699951171875
2021-11-18,157.8699951171875,154.4817657470703,80.306002679503,0.13741294177443697,3.3907985498106,40.264386666459984,1756094600.009488,148.79847060026609,146.90107029561148,145.871742031801,4.635341572371265,1.6975998993294938,160.5500030517578
2021-11-19,160.5500030517578,157.104248046875,84.77936025759979,0.280361987555211,3.943769636753563,42.06009968508831,1843793292.8798313,150.45962608958789,147.26723227408687,146.30868337063785,4.729344178715362,0.29274521017126354,161.02000427246094
2021-11-22,161.02000427246094,157.5641632080078,87.41302901821899,0.4354246443935841,4.820097189322256,44.332419842415746,1937445827.1761057,151.88053351327187,147.76722057268748,146.8393357651744,4.854409039466001,0.24221089711775612,161.41000366210938
2021-11-23,161.41000366210938,157.94580078125,89.14058975303347,0.5756940616346631,5.842373822426853,46.63790957562216,2031576234.6131253,153.09358696686752,148.3746614679156,147.43497873676424,4.938477661799104,0.32834077341850065,161.94000244140625
2021-11-24,161.94000244140625,158.4644012451172,90.39741559564901,0.6891624115482946,6.876494787080134,48.92802596054717,2120773280.562741,154.16774982251746,149.13499589796527,148.0761950306455,4.990296080483685,-3.167839225399638,156.80999755859375
2021-11-26,156.80999755859375,153.4445037841797,88.9052166851713,0.7005316942311302,7.642351856643212,51.11099962415878,2034023683.8030486,154.0231006148499,149.9182249898566,148.64256699104592,4.985865471829963,2.1873703217507146,160.24000549316406
2021-11-29,160.24000549316406,156.8009033203125,89.61431410366244,0.6904003598903721,8.332330963825623,53.207044052950216,2121173001.2108026,154.57866115594243,150.74540823895563,149.20790929246465,5.021997493764292,3.157753171824651,165.3000030517578
2021-11-30,165.3000030517578,161.75228881835938,91.18175556635947,0.7218566504097992,9.152152930360685,55.33064384801954,2225702075.137006,156.0133866884258,151.70658782163326,149.8560499968419,5.1016541880352815,-0.32062342143339695,164.77000427246094
2021-12-01,164.77000427246094,161.23367309570312,92.11442874999008,0.7511534753460705,9.983525854237751,57.52090060737576,2339735834.2779684,157.05744396988126,152.74502062351755,150.54189704189326,5.210057161570347,-0.6129685868977885,163.75999450683594
2021-12-02,163.75999450683594,160.245361328125,92.62725911812474,0.7499087614588102,10.74201787333476,59.585308787723,2458310681.5907383,157.69502744153002,153.77675868631405,151.2231475561444,5.258531751781665,-1.1724516846571609,161.83999633789062
2021-12-03,161.83999633789062,158.36656188964844,92.73444930711165,0.6957593232063557,11.300879835118499,61.54163808073789,2576775179.440954,157.8293343311537,154.6798450594028,151.85230820138338,5.286771642138081,2.150257387454002,165.32000732421875
2021-12-06,165.32000732421875,161.7718505859375,93.34608548155134,0.6514523389105835,11.836383863847322,63.44157143056928,2693046177.721127,158.61783758211044,155.49566620865502,152.4966443328812,5.36813086570322,3.5446637766131994,171.17999267578125
2021-12-07,171.17999267578125,167.50611877441406,94.47526945095076,0.6772777005706043,12.522069630679953,65.3200711785442,2810144056.3452654,160.39549382057118,156.34716223938497,153.24891571266122,5.491998008628952,2.278286279224173,175.0800018310547
2021-12-08,175.0800018310547,171.3223876953125,95.48881209641672,0.7701830967394172,13.427567062251084,67.18810071144016,2927222139.244576,162.58087259551945,157.2958908022502,154.13767351102865,5.626326313814127,-0.29700428864680717,174.55999755859375
2021-12-09,174.55999755859375,170.8135528564453,96.07331444068666,0.8641196177946888,14.268068302206443,69.00647156298844,3042669345.5640244,164.22740864770464,158.30185668476892,155.09860066690257,5.723274283249876,2.801311044048038,179.4499969482422
2021-12-10,179.4499969482422,175.59857177734375,96.70780996248304,0.9918667458163695,15.155510567126017,70.76974183713038,3158107650.619583,166.50164127363246,159.54971075064714,156.18460453421017,5.8394810283038225,-2.067408942696347,175.74000549316406
2021-12-13,175.74000549316406,171.96823120117188,96.96196109934442,1.056485113253827,15.817789235870656,72.46944995507599,3281105694.66403,167.59495925914035,160.85134056096692,157.27130498420354,5.935691068589111,-0.8023257980623089,174.3300018310547
2021-12-14,174.3300018310547,170.58848571777344,97.09424804424273,1.0441752250768435,16.13256547791979,74.06877229812073,3407380209.8995876,168.19366455086697,162.06936834721105,158.31152970483816,6.004819715992511,2.850938492285149,179.3000030517578
2021-12-15,179.3000030517578,175.4518585205078,97.39089835485359,1.0363458382575015,16.332380958796364,75.57851356259688,3534612482.0880337,169.64530334479514,163.32815428470244,159.3909367181674,6.097696633581238,-3.9264201068443083,172.25999450683594
2021-12-16,172.25999450683594,168.56288146972656,95.81983264324315,0.9229174068832755,16.139735501548433,77.00624676618683,3402789504.337277,169.42881896978145,164.5015334375276,160.34692550403543,6.160840118583714,-0.6501802264283763,171.13999938964844
2021-12-17,171.13999938964844,167.4669189453125,92.89478915595349,0.7359188823478258,15.748755891328527,78.2183529255982,3258244582.1366715,169.03643896488768,165.622243900901,161.1744982145928,6.1898364164768775,-0.8121557210532315,169.75
2021-12-20,169.75,166.10682678222656,88.54795187357847,0.4985820865342987,15.249420097991756,78.79428693302981,3121108824.3761873,168.45051652835548,166.60551179552547,161.86745233971308,6.167422901615588,1.9086757210675653,172.99000549316406
2021-12-21,172.99000549316406,169.2772674560547,88.70852831205663,0.28894391871788194,14.753788847471263,79.22647453151957,3249054610.5845747,168.61586671389531,167.4275490848579,162.51015847058758,6.163997822924344,1.5318888870359926,175.63999938964844
2021-12-22,175.63999938964844,171.8704071044922,89.34206446630317,0.13798490220056436,14.305584117195078,79.65101729971981,3369838299.551285,169.2667747920147,168.09613930450743,163.15364573929492,6.16743541205903,0.36437408350489253,176.27999877929688
2021-12-23,176.27999877929688,172.4966583251953,89.94501824459277,0.031089157896183828,13.884963936042766,80.08225880045971,3480136570.724653,169.91275149865083,168.66467358960207,163.7973700973288,6.153019958087146,2.2974873993132583,180.3300018310547
2021-12-27,180.3300018310547,176.45974731445312,91.05026895002541,-0.0003177166592696068,13.327794606006485,80.57272068392629,3583359107.6633472,171.22215066181133,169.13672452841993,164.50449205585096,6.167601619217502,-0.5767322070902359,179.2899932861328
2021-12-28,179.2899932861328,175.44204711914062,91.68472364589,-0.012464514622287481,12.681088491370664,81.10708496932054,3681765997.214303,172.0661299532772,169.5838415978336,165.22464804608202,6.159900180305535,0.050201038984076796,179.3800048828125
2021-12-29,179.3800048828125,175.53012084960938,92.17509950892962,-0.02152233072973253,12.126249766557674,81.65183453219247,3772961288.8550673,172.75892813254364,170.0403679560013,165.94219853050694,6.140294219733308,-0.6578060913760342,178.1999969482422
2021-12-30,178.1999969482422,174.37547302246094,92.40033788742912,-0.05170009105247253,11.52719443934341,82.19447690492473,3857872122.167679,173.0822371105271,170.38406133257448,166.62220220479458,6.110009681235027,-0.3535479180680312,177.57000732421875
2021-12-31,177.57000732421875,173.75897216796875,92.49769636971068,-0.10541091380848044,10.763222873284437,82.70910846712798,3938613248.817768,173.21758412201544,170.76293784779787,167.25033381595847,6.069577067262634,2.5004065873115877,182.00999450683594
2022-01-03,182.00999450683594,178.10365295410156,93.1773080913543,-0.11708997176434366,9.797854155738317,83.24627360447299,4024103730.1378393,174.19479788843267,171.27877374015236,167.9117113466703,6.083133634705732,-1.2691522361549468,179.6999969482422
2022-01-04,179.6999969482422,175.84324645996094,93.39470770588346,-0.1428686988582628,8.652532790104429,83.78990485580401,4112358195.1938963,174.52448760273833,171.88617084759062,168.54149956153393,6.075393025557734,-2.6599819872557107,174.9199981689453
2022-01-05,174.9199981689453,171.1658477783203,87.29163752513564,-0.23971597206787898,7.4794982619745625,83.77109110230984,4022847103.1490507,173.85275963785475,172.4098601399866,169.04733385451686,6.044662268525316,-1.6693521966744007,172.0
2022-01-06,172.0,168.30848693847656,78.20643862685084,-0.40338077468078026,6.446355961718058,82.6146039938105,3931857429.513174,172.7439050979791,172.75757317058304,169.39938825865613,5.994540749085693,0.09884621992308773,172.1699981689453
2022-01-07,172.1699981689453,168.474853515625,71.99311115907804,-0.5831502179678836,5.5329102358010305,80.57997559576522,3841723870.6044726,171.89009478150828,172.95530749886882,169.63659840368967,5.9549786446746324,0.011629204446483854,172.19000244140625
2022-01-10,172.19000244140625,168.49444580078125,67.4058309311654,-0.751113106731248,5.019362460019323,77.451969020351,3748263903.4775114,171.2109649853629,172.95418893122397,169.78653807813475,5.898020621964995,1.6783591180654422,175.0800018310547
2022-01-11,175.0800018310547,171.3223876953125,67.47905655431646,-0.856396420542838,4.660562300406362,74.1186037691284,3838259537.17908,171.23324952735283,172.87090088863152,169.92432012091743,5.866959322995477,0.25703201985360913,175.52999877929688
2022-01-12,175.52999877929688,171.7627410888672,67.84870732062782,-0.9095863296393887,4.363829841005104,71.07243779165007,3925217084.140335,171.3391478396557,172.72892285934273,170.05906561794012,5.843751581724881,-1.9027964198562564,172.19000244140625
2022-01-13,172.19000244140625,168.49444580078125,63.66201288617156,-0.9683302982839734,4.276986868149619,67.98224246008196,3838749886.571331,170.77020743188083,172.49771989147808,170.12679340974398,5.812418723160943,0.5110459162512182,173.07000732421875
2022-01-14,173.07000732421875,169.35552978515625,61.62546199934731,-1.0070168041423133,4.1727956645410025,64.76590909320774,3753487968.5161276,170.48727190253592,172.22468866953014,170.1611246947718,5.781616231875656,-1.8893971682197974,169.8000030517578
2022-01-18,169.8000030517578,166.15573120117188,55.745257652794294,-1.0660379525098191,4.088199573620467,61.19510695660402,3667087094.071965,169.62096376226313,171.7673052569132,170.10968079643763,5.7216321993366,-2.1024627928893147,166.22999572753906
2022-01-19,166.22999572753906,162.66236877441406,47.846695760880046,-1.165811252055394,4.134969062284721,56.88960195238232,3579003394.516635,168.2292447646933,171.1377809731087,169.9305916505572,5.665681752743962,-1.0347139431463148,164.50999450683594
2022-01-20,164.50999450683594,160.97927856445312,41.283495369601894,-1.2869587355821541,4.5700021558692026,53.65919808031945,3490252334.8723707,166.77925152464528,170.4304301617877,169.63046401951797,5.643432023112621,-1.276547786347182,162.41000366210938
2022-01-21,162.41000366210938,158.92430114746094,35.58768413526534,-1.4199408883488163,5.474907768883286,51.463867760222215,3394681707.1569595,165.2082614492084,169.67686579691065,169.2093018699647,5.6227220988648945,-0.4864111448745989,161.6199951171875
2022-01-24,161.6199951171875,158.15127563476562,31.39663533397492,-1.5399484589791066,6.647074564642579,50.55017456140434,3285766284.9846306,163.79686428631987,168.86754274739184,168.6938316239033,5.575237295215612,-1.1384807636607763,159.77999877929688
2022-01-25,159.77999877929688,156.3507537841797,27.6910461511123,-1.646989569393107,7.979601161296948,50.23155022494923,3175474267.2467675,162.30764218589184,167.9772104674447,168.08562310599743,5.53571035517221,-0.05628206733490071,159.69000244140625
2022-01-26,159.69000244140625,156.26275634765625,25.1009946376592,-1.7186538825734776,9.274772107130872,50.258977358609805,3065585593.056477,161.09866501824473,166.9637520165339,167.42019852621144,5.534468361459978,-0.29436073383071193,159.22000122070312
2022-01-27,159.22000122070312,155.8027801513672,23.065512644043487,-1.7509108846095163,10.459241160284392,50.50039969816959,2953283733.7042446,160.03948804486924,165.83378603705526,166.71727371846458,5.562728189399095,6.97779415712414,170.3300018310547
2022-01-28,170.3300018310547,166.67437744140625,30.65277744733063,-1.6005076738335724,11.035255425450135,50.18255773262133,3079112361.1860304,161.36646592417665,164.89341188628484,166.20767297615143,5.712071172478857,2.6125378232623175,174.77999877929688
2022-01-31,174.77999877929688,171.02880859375,39.94179820627931,-1.301212085443339,11.11567063637356,48.79452227435509,3202883583.171459,163.29893445809134,164.1745781418404,165.93065026014568,5.860348122568321,-0.09726508634841924,174.61000061035156
2022-02-01,174.61000061035156,170.86245727539062,46.035426764993986,-0.9481058389934446,10.772284408026229,46.75193717001416,3319143340.7598023,164.8116390215512,163.6936456677692,165.82407776123193,5.941222994371527,0.7044340228058665,175.83999633789062
2022-02-02,175.83999633789062,172.06607055664062,51.15450873020511,-0.5815666991950047,10.1521336873609,44.17954871562249,3429134006.8304768,166.2625253285691,163.49697372415676,165.8658346724069,5.988106107897485,-1.6719694246151384,172.89999389648438
2022-02-03,172.89999389648438,169.18917846679688,53.08790431141989,-0.2797349026849105,9.518470757395077,41.25094737284217,3535010159.6870165,166.84785595621466,163.5038341673137,165.95936050896003,5.9970168326399955,-0.1679476030895466,172.38999938964844
2022-02-04,172.38999938964844,168.905029296875,54.45262540987229,-0.04474299834050954,8.993515621243207,38.34305343011292,3636204161.972248,167.25929062434673,163.70893708482757,166.0831633770921,5.988119239649842,-0.4234481487637942,171.66000366210938
2022-02-07,171.66000366210938,168.18980407714844,55.08905117560207,0.12175811051860186,8.554548087320326,35.70397067580435,3732609603.800433,167.44539331490708,164.07378998768627,166.21289956164588,5.968036005024549,1.8467066461498316,174.8300018310547
2022-02-08,174.8300018310547,171.2957763671875,57.72155707724091,0.27359259233354843,8.219756848982318,33.525624658814216,3824699797.2629814,168.21546992536318,164.6645727616334,166.4036205486666,5.970147973893513,0.8293574581954122,176.27999877929688
2022-02-09,176.27999877929688,172.7164306640625,60.626933041794786,0.4159549987814147,7.928410667549218,31.86194085165459,3912628952.03302,169.11566207310307,165.46627246711924,166.66191021766053,5.9629178587019345,-2.3598869313792625,172.1199951171875
2022-02-10,172.1199951171875,168.64051818847656,60.15695904202422,0.4804568993292595,7.585402428088022,30.472579203321995,3824112448.216989,169.02063329617778,166.3643869922501,166.88655051085266,5.911841876056397,-2.021846675156813,168.63999938964844
2022-02-11,168.63999938964844,165.23086547851562,56.40143513578339,0.4493746773484455,7.249612298113985,28.7970646852247,3733565105.1641645,168.26267973264535,167.054008373097,167.0176104367377,5.852866028470023,0.1423271955576677,168.8800048828125
2022-02-14,168.8800048828125,165.46603393554688,53.735465392347564,0.3716630902348591,6.890315551368102,26.74285639652733,3643890130.7219048,167.70335057322566,167.4944499846104,167.08291902116514,5.787573546321133,2.3152472956889714,172.7899932861328
2022-02-15,172.7899932861328,169.29698181152344,55.03962293825594,0.3239872396456673,6.686087699560769,24.835377271308342,3728135590.2757125,168.02207682088522,167.8154937645438,167.1723626211385,5.763304694815875,-0.13889981718869793,172.5500030517578
2022-02-16,172.5500030517578,169.06182861328125,55.91283664490765,0.2898285627797063,6.686170455874976,23.092080864238483,3807767437.918759,168.2300271793644,168.0122439496233,167.27309257906478,5.720700831291274,-2.1269110284850568,168.8800048828125
2022-02-17,168.8800048828125,165.46603393554688,52.96777549808548,0.21672304050345226,6.740856030085243,21.60507136222276,3730144099.804322,167.67722853060093,168.09518120706196,167.31158171730632,5.648016164352099,-0.935597274137856,167.3000030517578
2022-02-18,167.3000030517578,163.91793823242188,49.173997811024975,0.10984124011798649,6.7539719713831055,20.720320855163568,3651490889.3127723,166.9253704709651,168.0617891917238,167.27479969384527,5.58582102871491,-1.7812291075674391,164.32000732421875
2022-02-22,164.32000732421875,160.99818420410156,43.842132073819116,-0.0405283180701195,6.651878997569988,20.772462554308703,3570335760.919533,165.7399332175924,167.89124318199237,167.12862193420213,5.499422401959705,-2.586412871284405,160.07000732421875
2022-02-23,160.07000732421875,156.8341064453125,37.298159887077496,-0.2481981430836781,6.436960986753796,21.629506815092714,3487409818.204941,163.95876786313644,167.46557297576965,166.82673107029112,5.430274669090454,1.6680320053549913,162.74000549316406
2022-02-24,162.74000549316406,159.4501495361328,34.49134470331365,-0.4242066620346644,6.066719733788851,23.475372180493867,3392839564.0332675,163.05704419773573,166.85971118823292,166.46771327290492,5.44542803584878,1.296550866171109,164.85000610351562
2022-02-25,164.85000610351562,161.5175018310547,33.562561472810316,-0.5322810792354183,5.400296489522962,25.32831333877759,3298788520.6959286,162.74913572439954,166.23256143105507,166.1135630301901,5.439607279214266,0.16378511491172976,165.1199951171875
2022-02-28,165.1199951171875,161.78204345703125,32.96210690623291,-0.583590616180141,5.112703082810571,27.065275584006187,3204536366.0260577,162.55571727092587,165.66186518488314,165.77472057692685,5.4002889773421945,-1.162805393571431,163.1999969482422
2022-03-01,163.1999969482422,159.9008331298828,31.30626577146577,-0.6168433610024254,5.372257012765572,28.72274514319742,3112439762.290161,162.02474044271725,165.0940041718323,165.41757961176404,5.3600770374582325,2.0588092996252305,166.55999755859375
2022-03-02,166.55999755859375,163.19288635253906,32.903396418059266,-0.5868340144049411,5.735283140713296,30.257860681316295,3202062005.2788787,162.25836962468162,164.51763345221195,165.11670247013714,5.357248382172863,-0.1981017500780058,166.22999572753906
2022-03-03,166.22999572753906,162.86959838867188,33.77108194284151,-0.524517070846865,6.075490600796671,31.333824579440126,3289095479.6698527,162.38061537747967,163.93269227202347,164.85612274702692,5.360288080066552,-1.8408120352765844,163.1699981689453
2022-03-04,163.1699981689453,159.87147521972656,31.94480006035176,-0.4838485590348762,6.42813697875713,32.42564922582763,3202721260.1570735,161.87878734592906,163.35284815355627,164.5725669945414,5.324262092544999,-2.3717763397321234,159.3000030517578
2022-03-07,159.3000030517578,156.07968139648438,28.155131707705504,-0.4997695728668595,6.891696113183298,33.76255435461041,3114338124.54685,160.71896615604012,162.73220772206378,164.20555739087462,5.294989458388836,-1.167620408105008,157.44000244140625
2022-03-08,157.44000244140625,154.25726318359375,24.646576856662197,-0.5576432020604265,7.484890669762906,35.4545855685004,3017401956.0586715,159.42662556155088,162.10087695645962,163.75042102617712,5.294748844843391,3.499751320651545,162.9499969482422
2022-03-09,162.9499969482422,159.6558837890625,25.003663314485678,-0.552106802379166,7.819460828675198,37.121678483304756,3113241870.8492146,159.4724772070532,161.6522478908513,163.34299780530816,5.349684269547805,-2.7186117297868906,158.52000427246094
2022-03-10,158.52000427246094,155.31546020507812,22.88588873915027,-0.5618424567943705,8.008917636280877,38.949693713313934,3015501539.0167804,158.6410738066582,161.21065085174354,162.89519551972245,5.324556746914488,-2.3908623786369154,154.72999572753906
2022-03-11,154.72999572753906,151.60208129882812,19.824052783190183,-0.6161436159411242,8.302868982580724,40.92125135437103,2917915253.5508327,157.2332753050922,160.6590648098128,162.355965023091,5.286461756205514,-2.6562711051016152,150.6199951171875
2022-03-14,150.6199951171875,147.5751190185547,16.55191996665499,-0.7275564803542671,8.942573294035611,43.121225896972334,2818099805.178075,155.30164404778472,159.9336574874987,161.6841249302047,5.239844143499294,2.96773514465154,155.08999633789062
2022-03-15,155.08999633789062,151.9547576904297,15.59150704572187,-0.786713059828333,9.53845221332717,45.392788062333786,2719654586.4798684,154.6322667763137,159.19441012085835,161.0125193917389,5.227585924202425,2.9015293155891797,159.58999633789062
2022-03-16,159.58999633789062,156.36376953125,18.234798381717265,-0.7434040626076834,9.708836168260303,47.54008153990219,2818870801.4384336,154.978567327301,158.46642989112027,160.43785729036387,5.258732052515722,0.6454187263648548,160.6199951171875
2022-03-17,160.6199951171875,157.3729705810547,21.87806270616882,-0.6279866357324204,9.471615235628803,49.36334100835422,2913366853.405286,155.45744797805173,157.77411315117752,159.9635325939532,5.272976296637517,2.0919087864124997,163.97999572753906
2022-03-18,163.97999572753906,160.66506958007812,29.2606723561739,-0.43608550122651835,8.933002159599774,50.09622423101211,3013666034.9787674,156.49897229845703,157.23613164643027,159.63357447057263,5.30975843298295,0.8537567290504144,165.3800048828125
2022-03-21,165.3800048828125,162.03675842285156,36.168670812312804,-0.2010976423188282,8.209610094687159,49.68772925957969,3113067660.2375526,157.60652952333595,156.92488798315986,159.4405225708358,5.342441992703193,2.0800733310412767,168.82000732421875
2022-03-22,168.82000732421875,165.40724182128906,44.4046053659131,0.07791896341476567,7.493023583576643,48.00911630905235,3208895360.444581,159.16667198292657,156.89889262529744,159.4144415624635,5.395875462115239,0.8233481354326999,170.2100067138672
2022-03-23,170.2100067138672,166.7691192626953,51.03539290372303,0.36719726802014563,7.090233642768505,45.14328385528057,3305170060.6102037,160.6871614388803,157.02036104848017,159.5356529792651,5.461810069481961,2.2677954039666215,174.07000732421875
2022-03-24,174.07000732421875,170.5511016845703,58.02977414264029,0.6757706826539192,7.028498366389708,42.36714778430847,3400216100.742702,162.65994948801833,157.42224861661617,159.83320502771778,5.538062492918259,0.37341070964138634,174.72000122070312
2022-03-25,174.72000122070312,171.18795776367188,62.95652509986944,0.9616705406070538,7.322939205290496,40.56856921719724,3492362172.8487005,164.36555114314905,158.13547620042186,160.26485703871123,5.583147644639626,0.5036645953542696,175.60000610351562
2022-03-28,175.60000610351562,172.0501708984375,66.74477520824045,1.2054152508115024,7.968634009917824,39.471572467016195,3584153410.5334992,165.90247509420675,159.19555930506402,160.8017730439965,5.601766476193035,1.9134351708308683,178.9600067138672
2022-03-29,178.9600067138672,175.3422393798828,70.70760369748852,1.429614890141321,9.057542687372099,39.08030495697719,3677704280.6813383,167.79042795134197,160.51137542256686,161.46735922564844,5.634998424378501,-0.6649506332177313,177.77000427246094
2022-03-30,177.77000427246094,174.17630004882812,73.04745826620778,1.5875743076156124,10.277878468781024,39.1834490518879,3771071616.7996097,169.0676023708392,161.92027892692067,162.1911919061428,5.640153054546136,-1.7775929497956033,174.61000061035156
2022-03-31,174.61000061035156,171.0801544189453,73.75888126141388,1.6362977269216468,11.384814131369732,39.53177550346351,3866375345.6942267,169.47011278046045,163.32154540716155,162.88442246560163,5.618461432326703,-0.17179054878165845,174.30999755859375
2022-04-01,174.30999755859375,170.7862548828125,74.237788777311,1.6013818720089883,12.391198998611323,39.8819036490916,3958368588.8099203,169.73334120093085,164.64498229740894,163.5367004403949,5.576367499128561,2.369349951861266,178.44000244140625
2022-04-04,178.44000244140625,174.83277893066406,76.06077578311299,1.5605112316699339,13.438139610843663,40.43274568662659,4047256863.302475,170.75322874687748,165.9596522197631,164.2239888505361,5.575488907484557,-1.8942050251875564,175.05999755859375
2022-04-05,175.05999755859375,171.52108764648438,76.33235670872975,1.4592077846190128,14.260442335425475,41.109137459602245,4133047842.8965187,170.90680052679886,167.13366507415034,164.86044710541827,5.544718171029144,-1.8450901118656438,171.8300018310547
2022-04-06,171.8300018310547,168.3563690185547,73.35562601406752,1.2796577811414993,14.815248959372017,41.38652865602559,4046603299.2212834,170.39671422515002,168.1046203527773,165.38771064063081,5.472777039166537,0.18040671586092571,172.13999938964844
2022-04-07,172.13999938964844,168.66009521484375,71.31626079514689,1.0679471834074923,15.107311071629942,41.31495183423539,3961928724.2810955,170.04939042308877,168.84356444628435,165.83168014372205,5.4126329776776085,-1.1908833084177117,170.08999633789062
2022-04-08,170.08999633789062,166.65155029296875,67.36978180498143,0.823540049771448,15.01886115499744,40.87641045169465,3878873964.328945,169.36982239706475,169.34399157167593,166.16864607261184,5.335201254668342,-2.551586404870465,165.75
2022-04-11,165.75,162.3992919921875,60.03069280825447,0.5239744229437713,14.341652583134458,39.60896102942309,3797980816.3672247,167.97571631608932,169.55131569386418,166.34074800056206,5.235441220885172,1.1523254721413245,167.66000366210938
2022-04-12,167.66000366210938,164.27066040039062,56.50703934514842,0.24602499328026806,13.277995504494674,37.95887454286616,3717413257.9978485,167.23470513294959,169.49574341202495,166.42588677507516,5.1932660801336,1.6342638924831343,170.39999389648438
2022-04-13,170.39999389648438,166.9552764892578,56.23892645354505,0.03935711081308768,12.03763971897097,36.07563134654111,3638835431.3023477,167.17881940421125,169.30686511536217,166.49759464451668,5.184451215655412,-2.9988262208176297,165.2899932861328
2022-04-14,165.2899932861328,161.94857788085938,51.32963491453492,-0.17507857213545175,10.607059740814659,33.818823709553506,3560907289.9459467,166.1327710995409,168.9731309472702,166.46284954499518,5.165478410150866,-0.13308569814448612,165.07000732421875
2022-04-18,165.07000732421875,161.73304748535156,47.567932693215575,-0.3721425070751172,9.176540879710346,31.649449387671353,3484759996.860826,165.25282637670304,168.5250794648474,166.34760924325306,5.144040751954709,1.411503379881207,167.39999389648438
2022-04-19,167.39999389648438,164.0159149169922,46.535414469325644,-0.506770905198362,7.786531647147168,30.01995771546263,3410297402.3927293,165.00544408476088,167.95030099863573,166.21978399006332,5.141585907107742,-0.10154483039129802,167.22999572753906
2022-04-20,167.22999572753906,163.849365234375,45.540434933102205,-0.5930217322702533,6.632250283611085,28.552689080943622,3337141366.818252,164.7742283146837,167.3370437774242,166.08211202097954,5.1357980803458885,-0.4843624977090788,166.4199981689453
2022-04-21,166.4199981689453,163.0557403564453,44.03328865593189,-0.6502557347494147,5.804819263285834,26.967572308569483,3261170978.35867,164.43053072303604,166.7404254272128,165.92481856403256,5.167853344245312,-2.7821300369894497,161.7899932861328
2022-04-22,161.7899932861328,158.51931762695312,39.22455165722703,-0.7383341730511404,5.672658431551156,26.107176094587256,3183418187.591005,163.24828810381948,166.06031519528588,165.6699109011551,5.18661441766341,0.6737209831969793,162.8800048828125
2022-04-25,162.8800048828125,159.58729553222656,36.56149295572872,-0.810724512572424,6.033529378220734,26.059518832845853,3102006674.9768724,162.5160895895009,165.37494191452953,165.36954696671185,5.192895016835836,-3.732791979280814,156.8000030517578
2022-04-26,156.8000030517578,153.63023376464844,31.051075547754103,-0.9343269426511397,6.93425196061491,26.669973032033123,3017752824.8855667,160.73891842453042,164.65126212537362,164.92853472459933,5.162700687490041,-0.1466978920297568,156.57000732421875
2022-04-27,156.57000732421875,153.4048614501953,27.382753967844536,-1.0616127197518948,8.049832038573227,27.775628700528795,2932737104.812522,159.2721070296634,163.855002315045,164.38982732508163,5.154514311890226,4.5155333827155975,163.63999938964844
2022-04-28,163.63999938964844,160.3319091796875,28.69369715912057,-1.0749796905656603,8.784347928379944,28.952022796408556,3026793040.870958,159.48406745966824,163.08552712059068,163.92261209980416,5.233584840164299,-3.6604478776707583,157.64999389648438
2022-04-29,157.64999389648438,154.46304321289062,26.273686305066565,-1.0914065726589497,9.494819055726197,30.27534228621712,2925198772.024209,158.47986261031272,162.32023627166788,163.40425500556688,5.301387274430613,0.19663357005756943,157.9600067138672
2022-05-02,157.9600067138672,154.7667694091797,24.62002163143706,-1.0897088664569843,10.10755395736654,31.914736848056098,2819312296.9468102,157.73724397008613,161.5686780310062,162.86453966885443,5.329834300460131,0.9622594166598164,159.47999572753906
2022-05-03,159.47999572753906,156.2560272216797,23.971842127046433,-1.0457697208469625,10.385320042213504,33.56765473297615,2716809816.884891,157.44100062040485,160.81223368457057,162.34801214043068,5.359729276999595,4.100857437628136,166.02000427246094
2022-05-04,166.02000427246094,162.6638641357422,30.881780188899732,-0.8897065531606017,10.199970042572986,34.530492483895806,2820463100.9344263,158.48557332347232,160.18336818544944,161.9801608245299,5.451426105698334,-5.571623941790216,156.77000427246094
2022-05-05,156.77000427246094,153.60084533691406,28.29190809484816,-0.7985280638634047,10.043616997149481,35.651700466267336,2711435413.694798,157.50862772616068,159.4911778857619,161.55430052944712,5.517886018309917,0.4726920339327423,157.27999877929688
2022-05-06,157.27999877929688,154.326904296875,26.720027288353673,-0.7292413995833529,9.813571333196085,36.913614930566,2600988343.9030952,156.87228304030356,158.8535773794103,161.10839410190965,5.563572292640167,-3.318905102329772,152.05999755859375
2022-05-09,152.05999755859375,149.20494079589844,23.35286094177003,-0.7328984825927205,9.747525320622296,38.40111884212691,2486315108.069733,155.33881459142253,158.13584987960252,160.55891033900613,5.580031011360502,1.6111909080263942,154.50999450683594
2022-05-10,154.50999450683594,151.60891723632812,21.906622772396194,-0.7301574521722076,9.845406865158932,39.93951357119893,2371503179.4030433,154.59283512040366,157.52124154918982,159.9907126991392,5.566971513924497,-5.184130343457561,146.5
2022-05-11,146.5,143.7493133544922,18.348928717209525,-0.8126806992556683,10.295664522992967,41.80335236072515,2251115676.4696913,152.42413076722136,156.8364439229456,159.27008584848036,5.61545628548238,-2.689412897373933,142.55999755859375
2022-05-12,142.55999755859375,139.88330078125,15.261889887883829,-0.9641313240343061,11.04506196686756,44.02248102169502,2118285274.12301,149.9159647700271,155.8796336539815,158.37921717434196,5.676966938796836,3.1916383634516876,147.11000061035156
2022-05-13,147.11000061035156,144.34786987304688,14.125565679718212,-1.0596508187248963,11.86436201945659,46.27427666992351,1989222772.2456648,148.80234579063105,154.91188197201333,157.4671341854171,5.712846832035678,-1.0672324746495265,145.5399932861328
2022-05-16,145.5399932861328,142.80734252929688,13.0030161226418,-1.1181401752264541,12.734534141854143,48.478851004278035,1868644010.7437887,147.60334513836423,153.89849208884115,156.52772570474542,5.7056028207937315,2.5422634971902003,149.24000549316406
2022-05-17,149.24000549316406,146.43788146972656,12.790216155038046,-1.0861631953272393,13.291660978585265,50.557620554524235,1756513741.5422878,147.37025240463672,152.89141726726433,155.65558539044935,5.674784771181432,-5.6419157205417125,140.82000732421875
2022-05-18,140.82000732421875,138.1759796142578,11.228972130852346,-1.0991603371690712,13.938661196975637,52.66022365202616,1644860946.181087,145.53139784656094,151.59599971957317,154.69137705293616,5.6678514896697,-2.4641375446813996,137.35000610351562
2022-05-19,137.35000610351562,134.77113342285156,9.731786292325966,-1.1571474323463153,14.745397620487214,54.78956035651694,1528319589.8921266,143.37934496181907,150.183071443139,153.61404066330599,5.654017424388472,0.17473244130306043,137.58999633789062
2022-05-20,137.58999633789062,135.00662231445312,8.753743274656397,-1.207182738573768,15.717760206794017,56.94145365336457,1407601284.860958,141.7048004323459,148.66632318234326,152.47982730797645,5.678540388943875,4.011915286454459,143.11000061035156
2022-05-23,143.11000061035156,140.4229736328125,8.611061206652346,-1.1563547889816315,16.38753558605385,58.996083202019854,1287481380.8360233,141.44843507243922,147.27728523044493,151.42921852363958,5.695778308633713,-1.921597433813338,140.36000061035156
2022-05-24,140.36000061035156,137.724609375,8.19325330229178,-1.07350515626589,17.110979842512513,60.95195812972756,1170558917.6160755,140.70366993295139,145.8883687116997,150.40773770547878,5.693501064417801,0.11401607813941173,140.52000427246094
2022-05-25,140.52000427246094,137.8816375732422,7.881171751054273,-0.9609712633699203,17.80449125225406,62.793604184913505,1058524407.0401173,140.13926346100953,144.6598819810785,149.4297877774341,5.6597593384834735,2.3199436135344698,143.77999877929688
2022-05-26,143.77999877929688,141.08041381835938,9.124371312125666,-0.7855093100936124,18.056360556316235,64.53973367010217,1166272315.5008838,140.3274935324795,143.70103485732378,148.56290261124795,5.656697450785955,4.0756789589616815,149.63999938964844
2022-05-27,149.63999938964844,146.8303985595703,17.417415798494577,-0.5070253006580598,17.927829214815027,65.30176383364417,1270666342.2694972,141.62807453789767,142.98360773205044,147.90244279473842,5.652855020607928,-0.5346225379902037,148.83999633789062
2022-05-31,148.83999633789062,146.04541015625,22.585466179707087,-0.2040312744965851,17.534013642026515,65.19251484466423,1374925243.6843877,142.51154166156815,142.47442738437084,147.3890236391984,5.623954216503268,-0.08735552539108626,148.7100067138672
2022-06-01,148.7100067138672,145.91783142089844,26.40986976403213,0.08600221938428465,16.862795119658713,64.3024941318659,1473189684.8163002,143.1927996134342,142.05668210525056,146.9893832557923,5.603494206602818,1.6811269335328172,151.2100067138672
2022-06-02,151.2100067138672,148.3708953857422,31.916152141672942,0.3751267553549047,15.563559656797668,62.94605258704688,1566270857.7218301,144.2284187678958,141.92638419738407,146.726434256945,5.584705037033337,-3.855564302855874,145.3800048828125
2022-06-03,145.3800048828125,142.65036010742188,31.151170478459775,0.5614377999714915,14.16892999029316,61.68649972400065,1474091859.397406,143.91280703580102,141.97973040478223,146.4584697596932,5.508731791310516,0.52276597023726,146.13999938964844
2022-06-06,146.13999938964844,143.39608764648438,30.890089063586156,0.6858074154597986,12.539741639467676,60.49143608092347,1386028980.7378669,143.8094631579377,142.19019667734142,146.20618341666886,5.4393703569195075,1.758586176096344,148.7100067138672
2022-06-07,148.7100067138672,145.91783142089844,33.34486357371984,0.796775980853039,10.918331252681007,59.28203358353479,1470040923.6654983,144.23113681052985,142.4684668511505,146.0180837398937,5.390195319894702,-0.5043255315270945,147.9600067138672
2022-06-08,147.9600067138672,145.1819305419922,34.47518407381508,0.8769371180128118,9.048644735589829,57.9117103341687,1548040518.0076034,144.42129555682232,142.8402294135376,145.8660086748393,5.3331219834819095,-3.5955736857389176,142.63999938964844
2022-06-09,142.63999938964844,139.96180725097656,31.755200710588138,0.8625335476037379,7.485723332184998,56.8213994608286,1471746242.5339193,143.52939789565318,143.17924285700192,145.6434743149168,5.261073311445075,-3.8628571353814145,137.1300048828125
2022-06-10,137.1300048828125,134.55528259277344,27.11843113516343,0.7300252314556297,6.553120896722901,56.33874180363231,1392423242.154972,141.73457483507724,143.3199509872617,145.2711981739797,5.185250349886241,-3.8285072432459377,131.8800048828125
2022-06-13,131.8800048828125,129.40382385253906,22.300160351065987,0.4859310489955666,6.12693080639347,56.531772985406086,1304523421.8518143,139.26842463856963,143.08398599732888,144.69950545632162,5.108563923541817,0.6672751921471765,132.75999450683594
2022-06-14,132.75999450683594,130.26730346679688,19.567124023389116,0.22608313172539685,6.305525778795124,57.10188165763475,1217246705.609288,137.46820040421508,142.5796518715936,144.0108097370734,5.0130460030940664,2.01116338170908,135.42999267578125
2022-06-15,135.42999267578125,132.88719177246094,18.335496784907434,0.025883697912372217,6.526862810456593,57.870790418037856,1129118732.615267,136.55199867786428,141.9155717780366,143.3004467790535,4.9444747860855545,-3.965152869566113,130.05999755859375
2022-06-16,130.05999755859375,127.61801147460938,16.194618798949868,-0.18205281571806964,7.512034078897313,58.84791603267017,1036991574.2200502,134.76520123721332,140.96925002496835,142.48756625125918,4.87075804369966,1.1532868603781221,131.55999755859375
2022-06-17,131.55999755859375,129.08981323242188,14.996693681169438,-0.34193223261729866,8.83248657239234,59.91867691030734,936385787.5038768,133.63012363625504,139.94098168501375,141.64400028792545,4.793129124052443,3.276099493737017,135.8699951171875
2022-06-21,135.8699951171875,133.3189239501953,14.931472321150755,-0.39406392300420734,9.9513980088371,60.94638469404623,839701058.130938,133.5678836990431,138.9168237391243,140.87484632707952,4.769801139613616,-0.38272034632649277,135.35000610351562
2022-06-22,135.35000610351562,132.80868530273438,14.762792296962509,-0.38074849130475474,10.895266561324805,61.91223381995411,747671434.6325871,133.41604401978137,137.83531446004943,140.16448420257493,4.747775628559444,2.1573689501651616,138.27000427246094
2022-06-23,138.27000427246094,135.67385864257812,17.739062514029545,-0.28773454098886564,11.591813931238496,62.69507573236443,835781893.4312679,133.86760694434074,136.7799455988013,139.56478160655263,4.746178611870585,2.451717489986538,141.66000366210938
2022-06-24,141.66000366210938,139.0001983642578,24.21715501570875,-0.1122949351353677,12.0080822762918,62.65502106199756,924093620.4702125,134.89412522832416,135.9164183320684,139.11995718957849,4.766277491011156,0.0,141.66000366210938
2022-06-27,141.66000366210938,139.0001983642578,29.03208739429391,0.09276458384183517,12.248953454326937,61.74452394192451,1008784582.1013682,135.7153398555109,135.31449483411174,138.79570791966728,4.7772585103426515,-2.978961453170348,137.44000244140625
2022-06-28,137.44000244140625,134.85943603515625,28.62383376364114,0.24209594699793335,12.39398308107746,60.257546065925496,927615132.7964436,135.54415909143998,134.9420682793988,138.48603660269325,4.780309286050975,1.3023882378978113,139.22999572753906
2022-06-29,139.22999572753906,136.61582946777344,29.95204814684995,0.37272065568355295,12.358228337481155,58.85257960009345,1005799172.2403833,135.75849316670667,134.77109755564794,138.2262705611707,4.797293474401988,-1.802774521668371,136.72000122070312
2022-06-30,136.72000122070312,134.1529541015625,29.07899889011251,0.4497526764896649,12.172695329020252,57.77863613373648,923459040.6852314,135.43738535367785,134.6596362232293,137.9606624461714,4.766437045391483,1.616429219431459,138.92999267578125
2022-07-01,138.92999267578125,136.32144165039062,30.284002629717516,0.5199066476194609,11.648683049386293,56.82046444989653,1003541465.9293529,135.61419661302043,134.74453576081,137.73718950968083,4.745238014400521,1.8930346916631091,141.55999755859375
2022-07-05,141.55999755859375,138.9020538330078,34.72593467352835,0.6115680227965727,10.988673637136015,55.576703817541684,1082278166.12465,136.2717680570179,135.0087002028863,137.59762556180817,4.737251890600954,0.9607512178563704,142.9199981689453
2022-07-06,142.9199981689453,140.23655700683594,39.71416559060702,0.719150934493721,10.1676027375529,53.64952293556833,1160080386.2808876,137.06472584698153,135.35838441768016,137.54687320801517,4.738186332829544,2.3999234865665686,146.35000610351562
2022-07-07,146.35000610351562,143.6021270751953,46.917404031400125,0.8622700134809143,9.068907124720354,50.88151071146344,1235572902.4058778,138.3722060926243,135.85400062496444,137.6254763398827,4.761384200086386,0.47147472205453234,147.0399932861328
2022-07-08,147.0399932861328,144.2791748046875,52.446329920919254,1.0101481012068847,7.782377518240531,47.48110419272758,1308876475.30587,139.55359983503695,136.42259991403407,137.809107148945,4.7669953554268405,-1.4757791249095709,144.8699951171875
2022-07-11,144.8699951171875,142.14993286132812,54.68068583904109,1.1086992907993856,6.709075443835294,44.33086203665352,1380147653.6258638,140.0728664402952,136.94047403523118,138.02470327193075,4.736789774101665,0.6833772401662719,145.86000061035156
2022-07-12,145.86000061035156,143.12135314941406,57.222215563404696,1.1744112484504452,6.379376216078027,41.987896395130576,1452682356.2818587,140.68256378211896,137.43719642789196,138.27783284432962,4.736683832443141,-0.25365684531782895,145.49000549316406
2022-07-13,145.49000549316406,142.75831604003906,58.91189333368248,1.201003233486044,6.823013297082262,40.01278705252431,1524947238.4066546,141.097714233703,137.9925519421183,138.5463929766509,4.71649027530231,2.0482461751837766,148.47000122070312
2022-07-14,148.47000122070312,145.68235778808594,62.440625483882165,1.230966568724815,7.661759612503919,38.62866561587684,1598387284.1064913,142.01464294457958,138.61816691990558,138.87670249740603,4.7225634990391345,1.1449876768000244,150.1699981689453
2022-07-15,150.1699981689453,147.35040283203125,66.0906623952446,1.2682535495290423,8.653860858177032,37.87282047946859,1672391300.6663609,143.08179492206992,139.3826078767448,139.27718749023117,4.733576169861154,-2.0643060671720392,147.07000732421875
2022-07-18,147.07000732421875,144.3086395263672,66.88746240765146,1.2528413231236926,9.357109959903305,37.61622272494966,1747878693.9142563,143.3271638429294,140.1539045997357,139.66289952382147,4.734414558505031,2.672190095153959,151.0
2022-07-19,151.0,148.1648406982422,69.89178784493843,1.248437685908689,9.902131395446872,37.67625612079526,1824865088.5125728,144.29469921399198,140.9561977154331,140.1040233038377,4.766279384964294,1.3510013407646015,153.0399932861328
2022-07-20,153.0399932861328,150.1665496826172,73.08397436530706,1.2615191318433672,10.463868438503724,38.14908052612669,1899418884.191226,145.469069307717,141.79663206150664,140.6149800661119,4.801220129441125,1.5094324284915084,155.35000610351562
2022-07-21,155.35000610351562,152.43321228027344,76.2941982026509,1.2959403920226884,11.046830986168434,39.008104884282,1972079240.7341485,146.8618979022283,142.64560124246702,141.20992462193252,4.83577950408335,-0.8111322447565072,154.08999633789062
2022-07-22,154.08999633789062,151.19677734375,78.04916706344659,1.3054202134950874,11.594732464684459,40.14202872499702,2043542605.9684865,147.72887379053265,143.4631286380166,141.83077692370395,4.847323710888148,-0.7397945590358224,152.9499969482422
2022-07-25,152.9499969482422,150.07823181152344,78.95835029327681,1.2704526920461754,12.118306579729275,41.37325994678975,2111438078.155957,148.19874539473082,144.27571653346018,142.43725011142078,4.8415550106787775,-0.8826166610086061,151.60000610351562
2022-07-26,151.60000610351562,148.7536163330078,79.17770975203253,1.1836598790524004,12.512127255734644,42.550080077716245,2176782195.9059334,148.30971958238624,145.0384321134869,142.99653291817938,4.811129826461651,3.42344536209227,156.7899932861328
2022-07-27,156.7899932861328,153.8461151123047,81.27525920058709,1.1298178520601718,12.841298450613712,43.90175478029161,2244781630.1059146,149.41699868836994,145.87036055895356,143.60800584867374,4.842317627780146,0.3571846907584719,157.35000610351562
2022-07-28,157.35000610351562,154.3956298828125,82.93959368649725,1.0897571006019242,13.125734926516708,45.36113952918454,2315456917.4658995,150.41272492725847,146.71016875722148,144.25607433234848,4.850508089467649,3.2792896002479477,162.50999450683594
2022-07-29,162.50999450683594,159.45870971679688,85.46717641824556,1.1098642604537603,13.416501365399391,47.10715179275528,2392354527.3538876,152.22192188516615,147.6241814535311,145.01472648023588,4.91921910258597,-0.6153515798514975,161.50999450683594
2022-08-01,161.50999450683594,158.47747802734375,86.91130874337351,1.1284841183067431,13.63525306974099,48.97904664628706,2467438495.264278,153.47303311360167,148.63876838059835,145.82027949293737,4.959005391166834,-0.9287424008134093,160.00999450683594
2022-08-02,160.00999450683594,157.00563049316406,87.65721305871763,1.1078690634093151,13.741017119069598,50.858522442905,2539487069.5925903,154.17955258951417,149.62725371815057,146.6164007402304,4.973896923306889,3.8248038951472996,166.1300048828125
2022-08-03,166.1300048828125,163.0107879638672,89.29902118665704,1.1288472825032194,14.030702364488391,52.81321893827182,2613627429.05524,155.94579966438477,150.67492675381735,147.5049149234832,5.05082304605978,-0.1926411637098835,165.80999755859375
2022-08-04,165.80999755859375,162.69676208496094,90.35518653691572,1.145671143727716,14.493621812531355,54.784829838826724,2684034536.62536,157.2959921485,151.7183361784445,148.4373984687229,5.095516614840205,-0.1388980721679145,165.35000610351562
2022-08-05,165.35000610351562,162.4707794189453,91.08179021107473,1.136280419865686,15.002912139233278,56.70202032664105,2751699622.681456,158.33094960258907,152.77854375965015,149.379641433853,5.1009708002730125,-0.2903166275110558,164.8699951171875
2022-08-08,164.8699951171875,161.9990997314453,91.56678409348686,1.0891313537524079,15.347153818655622,58.58403707084727,2817887071.526333,159.06457962836032,153.8651271830131,150.30201649999657,5.108426014299892,0.030329366559866955,164.9199981689453
2022-08-09,164.9199981689453,162.04823303222656,91.9502501389182,1.0095687751327667,15.524988425143391,60.37335320912642,2883464130.6022344,159.66131030913357,155.0002862556878,151.19337781515247,5.095571052983766,2.619455587211772,169.24000549316406
2022-08-10,169.24000549316406,166.2930145263672,92.74039733979797,0.958121841296534,15.658939885762763,62.12832934519479,2949959877.8629556,160.9876511525803,156.15735150210884,152.12616575205035,5.117395828187219,-0.4431290768852292,168.49000549316406
2022-08-11,168.49000549316406,165.55612182617188,93.23316435134991,0.8984762797861574,15.753094523983458,63.85166971710692,3014586315.6715326,161.90134528729862,157.30621353811287,153.0571352315978,5.127602734604209,2.1425386404981595,172.10000610351562
2022-08-12,172.10000610351562,169.1032257080078,93.93237387600067,0.8683824985798925,15.9541626272724,65.5360720548262,3079895345.918394,163.34172137144049,158.4181934867403,154.03661962586852,5.1564174880592475,0.6333404587781866,173.19000244140625
2022-08-15,173.19000244140625,170.17422485351562,94.51176645696357,0.8516949924651849,16.052159624690724,67.17643672809562,3142960910.1158834,164.7082220678555,159.54171238216568,155.05296271558157,5.165399250534151,-0.0923735924504343,173.02999877929688
2022-08-16,173.02999877929688,170.01702880859375,94.91783956161788,0.8228961280528218,16.12144754216737,68.75915099785497,3204688781.4738746,165.76998341600319,160.7007554648146,156.07363135371696,5.148791168512902,0.8784861494586904,174.5500030517578
2022-08-17,174.5500030517578,171.51060485839844,95.32099440620121,0.7916517173175546,16.225951524596645,70.29798872501154,3269979478.5602674,166.91810770448225,161.79798626882436,157.10643862521843,5.150513363573942,-0.2291968617058271,174.14999389648438
2022-08-18,174.14999389648438,171.1175079345703,95.59620410577621,0.7390366073273222,16.347579982286934,71.76577644693631,3334670056.229382,167.75798775049986,162.84418582902435,158.12087187524523,5.126633789540885,-1.5101891263137102,171.52000427246094
2022-08-19,171.52000427246094,168.53330993652344,95.64710993289127,0.6303971818512428,16.25727203596966,73.14815208294199,3400491778.3646736,167.9130521877046,163.8023960875359,159.05346047643184,5.0731213026742275,-2.302915554813545,167.57000732421875
2022-08-22,167.57000732421875,164.65213012695312,90.8883746812599,0.43938432062252986,15.76926448506832,73.92753340372596,3334029040.6564403,167.26086777555432,164.62202490225528,159.8351183144435,4.979848732018335,-0.20290729689670384,167.22999572753906
2022-08-23,167.22999572753906,164.3180389404297,86.69629529095388,0.20981314308425514,14.849110243832815,74.14640145203518,3270029430.489854,166.6723020085294,165.32312407219487,160.4862786662612,4.897389506029612,0.17938020087202577,167.52999877929688
2022-08-24,167.52999877929688,164.61279296875,83.7838041044123,-0.021095065088553966,13.771968280517157,73.8641198627812,3208061442.3565845,166.26040020057354,165.8503989769942,161.03619500286237,4.820342254779306,1.492288143637266,170.02999877929688
2022-08-25,170.02999877929688,167.0692901611328,84.01099758989014,-0.20407772379021072,12.592603571527544,73.60200124418822,3267879472.8632,166.4221781926854,166.3024822675329,161.54914578284553,4.773205213366495,-3.769942478130306,163.6199951171875
2022-08-26,163.6199951171875,160.7708740234375,75.99970289185812,-0.429419088243268,11.426520289762406,72.37587497315567,3204232848.4579077,165.29191735883583,166.49750186627242,161.90560021865411,4.726867806563528,-1.369003101663968,161.3800048828125
2022-08-29,161.3800048828125,158.56991577148438,67.7267353777949,-0.6821844507643648,10.21915826797279,69.86160607308892,3138652748.933674,163.94751704136553,166.4214313636234,162.10006848748378,4.655335048173944,-1.530556374024039,158.91000366210938
2022-08-30,158.91000366210938,156.14291381835938,59.612893691593,-0.9511512510965963,8.932405690712756,66.2966429970757,3070607429.3142867,162.3865963967643,166.0830926616995,162.12735685979624,4.59269280964076,-1.0634925381477256,157.22000122070312
2022-08-31,157.22000122070312,154.4823455810547,52.723721887084,-1.215277103869738,8.039355943408966,62.08245546845211,2998572953.618777,160.8057462336224,165.47185651461356,162.001489181113,4.543935649631177,0.4706861955392716,157.9600067138672
2022-09-01,157.9600067138672,155.20947265625,48.45418280706851,-1.4302950254039395,7.557450813561278,58.01393557503287,2926099393.062369,159.6864915181479,164.66470689137833,161.78101321321157,4.4990548584563355,-1.3611149561611913,155.80999755859375
2022-09-02,155.80999755859375,153.09689331054688,43.94187989339047,-1.6126798520501469,7.549331598157931,54.8245665554148,2852728984.617243,158.3685718766277,163.71025886027064,161.4560188002036,4.475021600664244,-0.8215295417546176,154.52999877929688
2022-09-06,154.52999877929688,151.8391571044922,39.969958239815846,-1.760606196194383,7.988128055852174,52.39601512575248,2779289697.8611417,157.0626889222006,162.69044097493526,161.03760643086997,4.4502837723998265,0.9254108987390319,155.9600067138672
2022-09-07,155.9600067138672,153.24429321289062,37.81716477750016,-1.8405651293953573,8.67160137557969,50.537446272905036,2703048348.4562607,156.29900978033862,161.6531117521162,160.58631151177175,4.4373436327184494,-0.9617726464295928,154.4600067138672
2022-09-08,154.4600067138672,151.7704315185547,35.38311024203095,-1.8786012447989942,9.632582126105445,49.17541664728263,2625070508.932356,155.39329412798185,160.56640114485702,160.09173842760129,4.408850439880034,1.8839529008758626,157.3699951171875
2022-09-09,157.3699951171875,154.6297149658203,34.97435072864762,-1.8360306325645475,10.541701247499605,48.046587938479206,2549082477.3132324,155.24057829554954,159.44824115514345,159.62972317692967,4.411123001854126,3.850791404972642,163.42999267578125
2022-09-12,163.42999267578125,160.5841827392578,40.18229724809206,-1.6630349836473814,11.128869372691888,46.379420197078616,2630864102.6085315,156.3092991842912,158.549979337689,159.3134923204879,4.487370569880044,-5.86795286413162,153.83999633789062
2022-09-13,153.83999633789062,151.1611785888672,37.09947375020511,-1.5474812494261896,11.736770110489097,45.11399343154013,2540907482.3722925,155.27967506520642,157.68319514007305,158.92931924855634,4.488715721846904,0.9555444360313414,155.30999755859375
2022-09-14,155.30999755859375,152.6055908203125,35.572810894771,-1.4388840453840817,12.205280129656376,44.1415600624681,2451349106.183301,154.74485821622764,156.9190213220194,158.53079915023932,4.502878321795594,-1.8929904131120834,152.3699951171875
2022-09-15,152.3699951171875,149.71678161621094,32.836626239999056,-1.367105655326085,12.532450973063074,43.56488338466015,2361606185.232108,153.7392428962243,156.2123709882796,158.07446045938073,4.4867067724868495,-1.0960024924991152,150.6999969482422
2022-09-16,150.6999969482422,148.0758819580078,30.034399862329334,-1.327159888528615,12.696889560630174,43.47421261606748,2257356088.4711537,152.60657070858102,155.50437890732292,157.55370905454268,4.449620487246643,2.508279576241512,154.47999572753906
2022-09-19,154.47999572753906,151.7900390625,29.64163707245587,-1.244372686081001,12.57360562052658,43.66693540130394,2157661171.0623903,152.44326437936482,154.9118481575966,157.06700003785906,4.43858217260251,1.5665511828247602,156.89999389648438
2022-09-20,156.89999389648438,154.16790771484375,31.674032115273974,-1.1038025964987643,12.232787853428556,43.648292891302006,2258955064.9894013,152.7881930464606,154.48439857002262,156.65949461010683,4.4568305759519,-2.02676327167447,153.72000122070312
2022-09-21,153.72000122070312,151.0432891845703,30.707548620059452,-0.976152119012577,11.785361529524739,43.35468827591506,2157580589.8477926,152.43921227408256,154.098418819397,156.2575629590569,4.472033207045281,-0.6375133564533675,152.74000549316406
2022-09-22,152.74000549316406,150.0803680419922,29.401460624777403,-0.8689022529513596,11.197707533632522,43.2323729318349,2059150509.7345057,151.9674434276645,153.75583374936528,155.84898014654334,4.4683934305587565,-1.5123732838860815,150.42999267578125
2022-09-23,150.42999267578125,147.8105926513672,27.205456450688224,-0.8010298215474234,10.325568920808943,43.40694099652988,1961200465.643876,151.13607327240504,153.34538324705082,155.40013187281588,4.43985624006279,0.22600590590502456,150.77000427246094
2022-09-26,150.77000427246094,148.1446533203125,25.71685076059024,-0.7446956648237175,9.4470459268001,43.715257044689906,1864172550.3713725,150.53778928198653,152.76823225682034,154.93705162607023,4.425845972058464,0.6566202565752688,151.75999450683594
2022-09-27,151.75999450683594,149.11740112304688,25.016893726810256,-0.6767973768982483,8.588563821783174,44.09758416949215,1769661678.1533694,150.2537116501986,152.26563591531956,154.49101924741578,4.446145514802854,-1.265154936916213,149.83999633789062
2022-09-28,149.83999633789062,147.2308349609375,23.547951224551326,-0.6241211127555844,7.919687092419806,44.8628409252966,1664714700.378967,149.6491363123464,151.75606372493144,154.02988753931393,4.452499747596673,-4.9118968755052395,142.47999572753906
2022-09-29,142.47999572753906,139.99900817871094,19.59278365639873,-0.6669117377098779,7.8116676032963,46.06297289268413,1555129478.1594453,147.7191106856193,151.15405050387096,153.4288611722954,4.479898731919584,-3.0039318908225865,138.1999969482422
2022-09-30,138.1999969482422,135.7935333251953,16.01327821491095,-0.7948187479861388,8.34184792407131,47.592532320494,1442476240.3838277,145.33399521353454,150.4267929543663,152.6579215571753,4.509110939867975,3.075230648478855,142.4499969482422
2022-10-03,142.4499969482422,139.96949768066406,14.711276485890346,-0.8838158527237487,9.10335595876476,49.290408407422795,1329491310.1633337,144.26109570696045,149.60857608712587,151.85822385715485,4.54325277924313,2.5623345627693084,146.10000610351562
2022-10-04,146.10000610351562,143.5559844970703,14.5438881886397,-0.8822749820915012,9.782602630646705,50.86885228695848,1221537345.9869385,144.12007346498243,148.74176412897808,151.12125715313843,4.534954146703005,0.20530214172171934,146.39999389648438
2022-10-05,146.39999389648438,143.8507080078125,14.476124659770258,-0.8164948991527345,10.301945292790007,52.37788723887069,1119279974.6458223,144.06620037354844,147.90446293892467,150.44934698365367,4.523839209919286,-0.662558075397246,145.42999267578125
2022-10-06,145.42999267578125,142.89761352539062,14.167721183751505,-0.7235155077551134,10.76734739306547,53.77913397993204,1023793637.5729294,143.83248300391688,147.09096689654987,149.81916946177398,4.499495434106402,-3.671866273967861,140.08999633789062
2022-10-07,140.08999633789062,137.65060424804688,12.634297328193197,-0.6807005274147997,11.297649160581198,55.24823762476358,930219447.914615,142.59610725274288,146.23697029458364,149.1312587751996,4.456958716086748,0.23555963982100359,140.4199981689453
2022-10-10,140.4199981689453,137.974853515625,11.621659008785185,-0.6501015173449218,11.553136249282081,56.76185251633608,840380296.1879635,141.6718565053193,145.35037701691692,148.42083951140148,4.409117630548474,-1.0255000928965141,138.97999572753906
2022-10-11,138.97999572753906,136.55992126464844,10.608734547588226,-0.6335444080352541,11.939461923084009,58.28730254076206,753102234.8066423,140.64946945718515,144.38995279761556,147.68070903004755,4.355305499180959,-0.4604903173787478,138.33999633789062
2022-10-12,138.33999633789062,135.9310760498047,9.762907455992552,-0.6201894811727966,12.330204348397016,59.79575495551561,669193045.7015853,139.70579077570906,143.39561824395184,146.92119300582482,4.299696210217295,3.3612961460216306,142.99000549316406
2022-10-13,142.99000549316406,140.5001220703125,11.048675523663265,-0.5377663279366365,12.564530307395538,61.3561821718943,758965196.9856309,139.86465703462977,142.61017287885292,146.2491419609491,4.316552076798736,-3.223989271723071,138.3800048828125
2022-10-14,138.3800048828125,135.9704132080078,10.275651387052966,-0.47499041030752,12.89936642017919,62.836804656361814,669427875.9583944,139.08580826930537,141.98535418442998,145.56691970460207,4.35783714560575,2.9122685700312623,142.41000366210938
2022-10-17,142.41000366210938,139.93023681640625,11.718030087018793,-0.36625501733764754,12.968329493814112,64.21166839193879,758107912.7801836,139.25469397872556,141.48471401160648,144.9657553497567,4.392330786576994,0.9409225352511985,143.75
2022-10-18,143.75,141.2468719482422,15.182251454389268,-0.21892909795575166,12.636088261875429,64.79232876162087,848879262.2376149,139.65312957262887,141.03801962237114,144.45979099003026,4.451917910516474,0.07653870065698065,143.86000061035156
2022-10-19,143.86000061035156,141.35498046875,18.137517534096734,-0.05834506779450521,12.057496145373968,65.21276639013773,933848001.8035599,139.9934997518531,140.63074956020162,144.03442991972767,4.485485589578423,-0.3267111694502445,143.38999938964844
2022-10-20,143.38999938964844,140.89315795898438,19.72974536739366,0.09202497668029519,11.287329552055112,65.25794502312732,1014727393.456316,140.17343139327937,140.26484439913784,143.66671577435164,4.511129198757587,2.7059186399545743,147.27000427246094
2022-10-21,147.27000427246094,144.7056121826172,27.391402483198803,0.27426452405421964,10.356308966794327,64.5264667709973,1096740626.7785208,141.07986755114695,140.11322042897825,143.42034927690358,4.5651175790874445,1.4802560298086354,149.4499969482422
2022-10-24,149.4499969482422,146.84762573242188,35.79082901402176,0.4820711884160369,9.251676180210472,62.73372386304656,1177547593.4362848,142.23341918740192,140.16937669718652,143.30730831599865,4.618927032558687,1.9337775512099808,152.33999633789062
2022-10-25,152.33999633789062,149.6873321533203,44.69490199194934,0.7154318117452769,7.960369942351547,59.86331814870434,1257139626.762496,143.72420178058562,140.47684992952657,143.34701245548314,4.673520522682804,-1.9627093380784721,149.35000610351562
2022-10-26,149.35000610351562,146.74940490722656,47.85540256596493,0.8944194150579969,6.62258606527722,56.448731949307465,1338452113.4234648,144.32924240591382,140.93919509254704,143.44055816504797,4.680206441305874,-3.0465504651012165,144.8000030517578
2022-10-27,144.8000030517578,142.2786102294922,45.938985550231294,0.9631200839139193,5.716220935742091,53.184892795147405,1251566084.0946896,143.9191159706295,141.344640986147,143.48613509891288,4.651178719471947,7.555244208965939,155.74000549316406
2022-10-28,155.74000549316406,153.02810668945312,54.63041192968415,1.099334703243072,5.814814278011679,49.934012055919624,1354027387.5577097,145.74091411439423,142.0101515706559,143.70087595753014,4.780618283981543,-1.5410540590396704,153.33999633789062
2022-10-31,153.33999633789062,150.66986083984375,58.51681226346269,1.2148674287133865,6.3609282914412475,47.390748764169984,1455585070.3281257,146.72670345948416,142.75735251873172,143.9890500053353,4.825791682184805,-1.754261061543605,150.64999389648438
2022-11-01,150.64999389648438,148.02671813964844,59.50216853056608,1.262293805740828,6.9279105854796015,45.51611864068022,1552907076.5444586,146.98670639551702,143.49071020102056,144.2745410901145,4.858696841224565,-3.7304819391739796,145.02999877929688
2022-11-02,145.02999877929688,142.50460815429688,54.67974407865202,1.1878690633177738,7.234850628056814,43.4509229404872,1456328551.5713923,146.09028674727298,144.10038890056256,144.44746924793913,4.903234415787985,-4.240521279058484,138.8800048828125
2022-11-03,138.8800048828125,136.461669921875,46.0461239977802,0.9725767154066693,7.263378192867643,40.374925910844226,1359482031.5929394,144.1645633821934,144.499502099454,144.42052583215383,4.924130451691807,-0.19470763775456534,138.3800048828125
2022-11-04,138.3800048828125,136.1959686279297,40.36569179427018,0.6992483090926116,7.263165461869318,38.67629284043076,1253841855.610177,142.57084443134067,144.64859978747333,144.24436569874305,4.987736975998092,0.3902197902044824,138.9199981689453
2022-11-07,138.9199981689453,136.72743225097656,36.78228230699715,0.42940346150026154,7.276111287006837,37.754373627607436,1152654794.823967,141.40216199526787,144.56547406825993,143.97367963174543,5.01344837621906,0.4174958085809033,139.5
2022-11-08,139.5,137.2982635498047,34.46800721291072,0.19711139703505642,7.282747236533329,37.22123117669305,1053723446.194999,140.58138230617524,144.25119212081887,143.65060369597686,5.017213113617465,-3.319000855636578,134.8699951171875
2022-11-09,134.8699951171875,132.7413330078125,30.517666919484817,-0.04760191718653628,7.395798908547238,37.18166895796284,959594807.2918246,139.0133724465027,143.71960512487777,143.20896262459837,5.004906827116991,8.897460679757629,146.8699951171875
2022-11-10,146.8699951171875,144.55194091796875,36.09015934826997,-0.11640543318059948,7.362985035159072,36.7501803761824,1058668518.4143641,140.1210861407959,143.3398021418944,142.9148791499505,5.060574550178418,1.9268884226455674,149.6999969482422
2022-11-11,149.6999969482422,147.33729553222656,42.55454220542378,-0.049667365207889835,7.075098025192179,35.59483531199702,1156723427.3123958,141.56432801908204,142.9221435323632,142.78625523272495,5.107605987862462,-0.9485913116098921,148.27999877929688
2022-11-14,148.27999877929688,145.93966674804688,46.11352853081374,0.062380678110382615,6.759447534478437,33.92930991359623,1249842174.4308212,142.439395764875,142.49341276290227,142.7532209976916,5.111616445273576,1.1869554098145274,150.0399932861328
2022-11-15,150.0399932861328,147.67190551757812,50.09545956758319,0.20775274485557382,6.488832999924813,31.55854928748568,1342310832.1255615,143.48589771541563,142.14333189489216,142.82299973271296,5.150862972844265,-0.8331003264576142,148.7899932861328
2022-11-16,148.7899932861328,146.441650390625,52.242301669895326,0.3368580458535846,6.257931531754584,29.451275720303432,1429129418.2813537,144.0770482504575,141.94200804521063,142.9424329248791,5.137835059421991,1.2971283290959867,150.72000122070312
2022-11-17,150.72000122070312,148.3411865234375,55.23424799947727,0.4649315948247783,6.070395594059906,27.834609146296785,1514662167.2059875,144.9298759050535,142.01853929749663,143.13171320870526,5.12673589912962,0.37817506589390426,151.2899932861328
2022-11-18,151.2899932861328,148.9021759033203,57.88140517785128,0.5808600740138237,6.068596369095894,26.727830296334105,1598054286.3456945,145.72433590470686,142.33388844483326,143.3786296559435,5.107520444707787,-2.16801782003766,148.00999450683594
2022-11-21,148.00999450683594,145.6739501953125,57.83468846617948,0.6304315178789663,6.148665556468906,25.763385188103904,1519595771.0339289,145.714258762828,142.76509812158926,143.60107052326583,5.041250375268133,1.4661217351664702,150.17999267578125
2022-11-22,150.17999267578125,147.80970764160156,59.30571660755162,0.6617645896708995,6.323463712587425,24.927015623275175,1592723403.2833414,146.1333485385827,143.32029474483,143.84223985805792,4.9878040036610285,0.5926380455497648,151.07000732421875
2022-11-23,151.07000732421875,148.68568420410156,61.08650104943828,0.6843468658953761,6.5467606899110375,24.365606831393293,1662885789.0828714,146.64381567168647,144.08333906734836,144.109056602213,4.934279415978495,-1.9593678948591764,148.11000061035156
2022-11-25,148.11000061035156,145.7723846435547,60.119179405795755,0.6550013894484648,6.723241886275393,23.844298667502976,1599716700.4432473,146.46952946606012,144.7181833998748,144.333863541627,4.826804597453366,-2.626432496533415,144.22000122070312
2022-11-28,144.22000122070312,141.9437713623047,55.22785121909892,0.5465119379832627,6.707146586708038,22.75718634952179,1535332229.531548,145.56437784530905,145.1181883824975,144.45105538007292,4.711983862264463,-2.114813693243711,141.1699981689453
2022-11-29,141.1699981689453,138.94192504882812,48.95169544464475,0.36609692990586595,6.490958989639483,21.406234062766426,1467071892.8021886,144.23988728601287,145.2982375346113,144.43094413301958,4.623088567450045,4.85938584828971,148.02999877929688
2022-11-30,148.02999877929688,145.6936492919922,50.28725254385571,0.25230465249812906,6.208571504630715,20.74561031311092,1543956342.185676,144.53063968720875,145.4027117317906,144.44043894770425,4.607722199894984,0.18914601412478582,148.30999755859375
2022-12-01,148.30999755859375,145.96922302246094,51.635695196136474,0.18546660439175475,6.0739111078782315,20.031482569427123,1619713981.692466,144.8183563542592,145.47684254217074,144.47643108166187,4.572332132632725,-0.3371021777733185,147.80999755859375
2022-12-02,147.80999755859375,145.47715759277344,52.27413882036027,0.14118682823563408,6.113594962656311,19.368363950292167,1693409573.297898,144.95011660196207,145.4788666118616,144.5215439883571,4.509734437593707,-0.7983435268608896,146.6300048828125
2022-12-05,146.6300048828125,144.3157501220703,51.56822723475336,0.09654017706324253,6.093401309013257,18.32183054308661,1620687820.0135524,144.8232433059837,145.38875735198928,144.55027725670251,4.4765633804015525,-2.5369964105052323,142.91000366210938
2022-12-06,142.91000366210938,140.6544647216797,47.06981548808166,0.008672407681657418,5.882738258716541,17.826814710173448,1549564977.386076,143.98948758912292,145.2162802346188,144.49686871693302,4.461405238792143,-1.3784980599225616,140.94000244140625
2022-12-07,140.94000244140625,138.71554565429688,42.06993069489722,-0.11580490240043037,5.513205182749335,17.98009133571027,1478722483.2840948,142.9346992021577,144.89641530097632,144.3480906679068,4.434553331859372,1.2132732847556227,142.64999389648438
2022-12-08,142.64999389648438,140.39854431152344,39.87632894175231,-0.22149527962984886,4.605335350912217,18.43227631638152,1409622828.0025098,142.42746822403086,144.47478055621076,144.16517424468051,4.392697726441467,-0.34348933650640845,142.16000366210938
2022-12-09,142.16000366210938,139.91629028320312,37.77599524331831,-0.3090462804277534,4.07563562218667,19.117142205354355,1339123703.777242,141.9252326358653,144.02035087319126,143.9518464724124,4.37273020936322,1.639000108402211,144.49000549316406
2022-12-12,144.49000549316406,142.2095184326172,38.173016306479006,-0.34425393137295474,3.9711882636532647,19.942563564431502,1409615543.1574564,141.9820897952157,143.66212206818193,143.76425059839366,4.360911189639861,0.6782410390389515,145.47000122070312
2022-12-13,145.47000122070312,143.17404174804688,39.90437369705201,-0.3324384903827485,4.014721235224866,19.871352275856726,1484786254.6616278,142.22048018578195,143.46018135815885,143.61722484481157,4.400696654966023,-1.5535773320711987,143.2100067138672
2022-12-14,143.2100067138672,140.94972229003906,38.661363800600256,-0.32244445457129634,4.245083972112827,20.019317776858394,1408191445.4582906,141.9663286066334,143.20375025010128,143.45999663165173,4.417183932909691,-4.6854263716779805,136.5
2022-12-15,136.5,134.3456268310547,32.186325775054556,-0.3944287447320898,4.851164104398277,20.949885114728033,1327129218.0956209,140.44218825151768,142.76613343982714,143.17258630973419,4.439659705163379,-1.4578836330388811,134.50999450683594
2022-12-16,134.50999450683594,132.38702392578125,27.032641995664285,-0.5186682200890522,5.78678455241515,22.53680411667288,1230248056.205485,138.8311553863704,142.15423731826797,142.75911669798523,4.448932256891574,-1.5909768841264937,132.3699951171875
2022-12-19,132.3699951171875,130.28077697753906,22.85018324551054,-0.6742859259667835,6.948054930875755,24.639422157354076,1136824606.6933765,137.12107970460414,141.38402095813,142.22216079385367,4.447692686277258,-0.052880735144111846,132.3000030517578
2022-12-20,132.3000030517578,130.21188354492188,20.138729980419665,-0.8189290441221586,8.213055859701411,27.070631472465728,1046599287.0836896,135.7392404726677,140.5589962464845,141.60473981088356,4.431233404164828,2.3809741437518683,135.4499969482422
2022-12-21,135.4499969482422,133.31219482421875,19.27354467229741,-0.8900364921960442,9.191497161757187,29.51365162764142,957233431.3959401,135.25383134297792,139.79090946056652,140.99989138536876,4.413703139658861,-2.3772575333522283,132.22999572753906
2022-12-22,132.22999572753906,130.1430206298828,17.56250509395179,-0.9435513870886651,10.049964333973659,32.03392996537157,870170326.8457404,134.2316692003589,138.97132955819933,140.3552987963202,4.398484819842674,-0.2798083210410307,131.86000061035156
2022-12-23,131.86000061035156,129.77886962890625,16.21209511727991,-0.9726851800150631,10.847433440908262,34.5829434044779,787756863.2055807,133.3411092860684,138.11291722321963,139.6872807477248,4.36405855311428,-1.3878470411236021,130.02999877929688
2022-12-27,130.02999877929688,127.97773742675781,14.741754993475782,-0.994415301953393,11.764411514595189,37.136805583327636,708024532.293453,132.2684349142063,137.1415517351187,138.9807240016754,4.314569667663074,-3.0685218540889125,126.04000091552734
2022-12-28,126.04000091552734,124.05071258544922,12.822819285398293,-1.044530939562728,13.00347425495463,39.73698926900806,627150987.5637507,130.6248904484549,135.98199276138598,138.18493032994013,4.289884015114347,2.832447957588058,129.61000061035156
2022-12-29,129.61000061035156,127.56438446044922,12.18658132016308,-1.0416059269081943,13.998098213044994,42.259979842969734,547311411.779989,130.01278925085376,134.786638825808,137.40663117955094,4.249547649728024,0.2468702525382671,129.92999267578125
2022-12-30,129.92999267578125,127.87930297851562,11.748942207357537,-0.9913833191171455,14.701124844730577,44.69519413847766,468032911.1529796,129.58609199638613,133.70102920029484,136.66181792401144,4.194875621060161,-3.740470065858481,125.06999969482422
2023-01-03,125.06999969482422,123.09601593017578,10.512217101688327,-0.9674941605413983,15.351486014960463,47.11418153700672,382186610.6513721,128.28807678314408,132.64672133997223,135.86431876773835,4.190478115570875,1.0314271191669944,126.36000061035156
2023-01-04,126.36000061035156,124.36566162109375,9.83818896672952,-0.9263850679659007,15.830977503178776,49.453252434625384,295686850.25008607,127.50359375073401,131.68497274458522,135.06805924230937,4.1784903074286035,-1.0604535123799663,125.0199966430664
2023-01-05,125.0199966430664,123.04682159423828,9.12246208789713,-0.8813467249749953,16.306850230451744,51.70397530524971,210294501.92905724,126.61223931943486,130.77227262926192,134.26274305917846,4.152892281371591,3.6794038787095307,129.6199951171875
2023-01-06,129.6199951171875,127.57421112060547,10.633698963821681,-0.7650355048026478,16.573357856156726,53.852256028918816,296159320.5858803,126.804633679669,129.92735286293103,133.5524469277966,4.171120608722915,0.40888305631219257,130.14999389648438
2023-01-09,130.14999389648438,128.09584045410156,12.731440299627149,-0.6042031803203551,16.557140106220075,55.29650731717187,379009335.5113387,127.06287503455552,129.21047344635068,132.93439246177365,4.20844267950934,0.44564019845885205,130.72999572753906
2023-01-10,130.72999572753906,128.66668701171875,15.388194974447647,-0.41852993837305874,16.279087778489885,56.63759779912114,458068587.45170546,127.38363742998817,128.61472626074269,132.40574912541314,4.221249237425329,2.111238926508774,133.49000549316406
2023-01-11,133.49000549316406,131.38314819335938,21.783076130470963,-0.1954886944218428,15.552651489796824,57.37736829814118,535207769.0039989,128.18353958266243,128.2062367275883,132.00363393086545,4.2396492269870905,-0.0599396584984091,133.41000366210938
2023-01-12,133.41000366210938,131.3043975830078,26.454097171594565,0.02851274363008338,14.326176240525175,57.48575771983278,611195034.2458336,128.8077111827315,128.02451880101594,131.69926033580506,4.233849177611389,1.0119155181800732,134.75999450683594
2023-01-13,134.75999450683594,132.63308715820312,31.828138998558792,0.2503006391625,12.663113316595867,56.98284734581566,683546786.4393015,129.57278637782585,127.98051851371315,131.49673900647372,4.220708446765529,0.8756313963647067,135.94000244140625
2023-01-17,135.94000244140625,133.79446411132812,37.27537587671694,0.4635623658418102,11.015998039220658,55.5526059766637,754157508.1940757,130.41712192452633,128.06362150652717,131.39391833200253,4.2171781564395205,-0.5370107091935417,135.2100067138672
2023-01-18,135.2100067138672,133.0759735107422,40.500018878866506,0.6392967878171367,9.536390420109448,53.287133633379575,824580645.5978951,130.9488922417695,128.3297030523897,131.35153489483747,4.2231036313771115,0.04438575266643152,135.27000427246094
2023-01-19,135.27000427246094,133.13504028320312,43.09060307831949,0.7748070795642716,8.377743008931489,50.90501492113874,892575235.5209507,131.38612185005624,128.71795586232193,131.3548288905726,4.212518596443331,1.9220899428753935,137.8699951171875
2023-01-20,137.8699951171875,135.6940155029297,47.90403729772015,0.903317019907572,7.586638195032974,48.160574970049375,963015627.4593952,132.24770058063095,129.28150198844156,131.43986428962577,4.214261790389873,2.350024620922686,141.11000061035156
2023-01-23,141.11000061035156,138.8828582763672,54.31360717148916,1.0483478408346825,7.112243564503647,45.007735662722716,1035720001.0101507,133.5747321197782,129.9585118324525,131.64318503535458,4.264295734905864,1.0063034597339593,142.52999877929688
2023-01-24,142.52999877929688,140.2804412841797,59.70886789596703,1.1946419635576855,7.317585947218154,42.831647597912756,1107170519.8507552,134.9158739526585,130.74381172426277,131.95486969414543,4.301647374415405,-0.47007538762238177,141.86000061035156
2023-01-25,141.86000061035156,139.6210174560547,63.00971974295057,1.305801803673341,8.017794000236968,41.26354882482036,1177490794.9232388,135.85690265333776,131.59113824659775,132.32649188073518,4.298650078296581,1.4803387422115177,143.9600067138672
2023-01-26,143.9600067138672,141.68788146972656,66.65552690951179,1.4005064230697322,9.157568875342864,40.3193407882572,1244568034.9812255,137.0230984166155,132.47509412999307,132.7737877412952,4.301142550689007,1.3684545961583527,145.92999267578125
2023-01-27,145.92999267578125,143.62681579589844,70.23370941305568,1.4866034928027974,10.579131362440611,40.05515743760437,1312340987.027615,138.3438418924721,133.4287072009671,133.30426908902632,4.320722268853718,-2.0078559592772605,143.0
2023-01-30,143.0,140.7429962158203,71.43308806405204,1.5057388181089415,11.81572106544729,40.11410757769958,1379362408.6647267,138.82367275714176,134.3537958388987,133.8299265812278,4.301016702161869,0.9021076390654414,144.2899932861328
2023-01-31,144.2899932861328,142.0126495361328,72.99091539188613,1.4885497553445277,12.919424496549535,40.314565765795734,1446154445.974416,139.46146811294,135.25823045774007,134.3662638699623,4.276320901475186,0.7900769973721689,145.42999267578125
2023-02-01,145.42999267578125,143.13465881347656,74.70217540287462,1.4522819231886548,13.79437161167213,40.77794628880101,1515120795.8221674,140.1961062530473,136.18295185886782,134.92148695406564,4.262561594861415,3.7062629997442587,150.82000732421875
2023-02-02,150.82000732421875,148.43960571289062,78.06159336202352,1.4609803490062214,14.661589537898331,41.69215312488671,1593961675.7003686,141.84480614501598,137.2288202883638,135.5808506865371,4.306379999483234,2.4399941694906113,154.5
2023-02-03,154.5,152.0615234375,81.3645649903984,1.519262129040738,15.513415222292974,43.14145229773382,1687905839.6029296,143.8881496035128,138.392865190652,136.37202201196337,4.405131088208564,-1.7928646659516656,151.72999572753906
2023-02-06,151.72999572753906,149.33526611328125,82.84732728594174,1.5412269061273816,16.218753734971475,44.707295450025406,1777032830.7249784,144.9775729054665,139.53314926922084,137.1915982875351,4.430394062373194,1.9244830504976385,154.64999389648438
2023-02-07,154.64999389648438,152.20919799804688,84.59929653681901,1.5585413253199052,16.874973785001547,46.39476356955072,1864998943.6226175,146.4238979239826,140.68395166635324,138.07086491957773,4.4700799224938415,-1.7652910994506166,151.9199981689453
2023-02-08,151.9199981689453,149.5222625732422,85.2924300694452,1.5157261037825696,17.252718262003537,48.11097377693036,1948195853.9407287,147.04357085383452,141.8026184864029,138.9254083418879,4.4695711887336635,-0.6911457399466969,150.8699951171875
2023-02-09,150.8699951171875,148.4888458251953,85.61759997962314,1.4129133223469696,17.405406553408998,49.81094856517095,2025954802.1952176,147.3326258481067,142.83357122955204,139.72609572343254,4.474024244641514,0.2455976114347891,151.00999450683594
2023-02-10,151.00999450683594,148.85353088378906,85.96915203952685,1.2756298401452022,17.33121056428165,51.389496582822936,2099652100.7988088,147.63680685524315,143.76286772582912,140.479496783605,4.4541483185738295,1.8806972440010616,153.85000610351562
2023-02-13,153.85000610351562,151.65301513671875,86.8810694926793,1.1528788837924155,17.186526936914525,52.94410490073976,2171049739.6816816,148.44004851153827,144.7245053012688,141.23764456721767,4.452987849273166,-0.42250862584884974,153.1999969482422
2023-02-14,153.1999969482422,151.01226806640625,87.44393130389916,1.0246133994665034,16.933090965900533,54.442771698016145,2240509370.78798,148.95449242251186,145.67380773222598,141.97258245819808,4.418754376170804,1.3903265115583485,155.3300018310547
2023-02-15,155.3300018310547,153.11183166503906,88.31644167105917,0.9175118303504064,16.563171203911278,55.93371855541906,2309191835.673019,149.7859602710173,146.632793134023,142.7167136784666,4.394309189829377,-1.0429089634920619,153.7100067138672
2023-02-16,153.7100067138672,151.5150146484375,88.66910397270861,0.7962051460147674,15.943492021078242,57.420152489489254,2377771387.58105,150.13177114650134,147.46148963417153,143.42290962780322,4.3593479224926925,-0.7546762798589457,152.5500030517578
2023-02-17,152.5500030517578,150.37156677246094,88.7199564333343,0.6515311520498557,15.130521998888682,58.80041257112586,2444463849.107475,150.17973027169324,148.09064770098956,144.06641635579277,4.292314372886438,-2.667992321673074,148.47999572753906
2023-02-21,148.47999572753906,146.3596649169922,82.37732300930757,0.44649189100665554,14.15081821747408,59.55883565517287,2379336439.886335,149.41571720075305,148.53446213051822,144.57587357912232,4.199363439851375,0.2896007194458372,148.91000366210938
2023-02-22,148.91000366210938,146.7835235595703,78.22741021366897,0.2285091411022533,13.108841645182178,59.55717880423185,2317032252.5094233,148.8892784725165,148.7810001853716,144.98667404515984,4.117693071066334,0.32906756566408735,149.39999389648438
2023-02-23,149.39999389648438,147.26654052734375,75.69567884030295,0.02620408138023045,11.959231188263988,59.02797667376745,2257510062.607894,148.56473088348196,148.93311618833636,145.32744136309526,4.049006221501075,-1.8005421053831294,146.7100067138672
2023-02-24,146.7100067138672,144.6149444580078,69.7762952733244,-0.1854304242615843,10.76140821786594,57.79602213060121,2198798390.6866703,147.77477359838713,148.97733096336438,145.56052062359925,3.9511136764541703,0.8247546685644869,147.9199981689453
2023-02-27,147.9199981689453,145.8076629638672,66.9675667144866,-0.3660896345064102,9.64508802253165,56.44619096741584,2142829353.1496913,147.38135147148313,148.95178542498837,145.73393308530245,3.8773665596942473,-0.34476981212477886,147.41000366210938
2023-02-28,147.41000366210938,145.30496215820312,64.03734899747222,-0.518424065028718,8.386853391727739,54.8863921412917,2087944723.1201081,146.96607360882712,148.80438793471728,145.8512798018286,3.813939734493924,-1.424605569047288,145.30999755859375
2023-03-01,145.30999755859375,143.2349395751953,59.03831517684285,-0.6649582449372988,7.04019898281843,52.804175204162924,2032941219.0964417,146.21984680210076,148.53092337267617,145.88638142090215,3.739838290557142,0.4129307998417042,145.91000366210938
2023-03-02,145.91000366210938,143.82640075683594,56.01736949944694,-0.7815861774693218,5.650412944649296,50.17650207890319,1978490795.8775086,145.7411575930478,148.12644310487923,145.87255058015413,3.681009058605744,3.508983368744989,151.02999877929688
2023-03-03,151.02999877929688,148.8732452392578,58.975689815787,-0.8010489012799669,4.5366938669634,48.00945331327888,2036197594.4526553,146.36757512228982,147.75002350245808,145.91969577464323,3.6887729262262763,1.8539326936746203,153.8300018310547
2023-03-06,153.8300018310547,151.6332550048828,63.42921131109222,-0.7295321596295574,3.9056155208522862,46.82089231805166,2099874633.3127725,147.42071109880843,147.47412158516957,146.06264961503993,3.7479401548340103,-1.4496293158890006,151.60000610351562
2023-03-07,151.60000610351562,149.4351348876953,64.99479387658765,-0.6445750396800474,3.4929748648725094,46.04641434217808,2162052664.4008665,147.82359585658583,147.31490945075285,146.23035878090147,3.772590147793755,0.8377290743615484,152.8699951171875
2023-03-08,152.8699951171875,150.68699645996094,67.1476920487226,-0.5433422833220547,3.372303358233029,45.524086106093336,2221236049.2713413,148.39627597726084,147.2656092012273,146.43663660912617,3.794648373781195,-1.4914601632760482,150.58999633789062
2023-03-09,150.58999633789062,148.43955993652344,67.18055084789842,-0.47197132595576363,3.321318724598069,45.296237486524056,2279349477.1677213,148.40493276911337,147.2496293897904,146.62409338626782,3.811868033834589,-1.3878816443233966,148.5
2023-03-10,148.5,146.37939453125,63.95673491667919,-0.44838831097144993,3.28804232037773,44.637885729559635,2219144254.8506174,147.9998251215407,147.27213454210576,146.7551154562938,3.805925130889228,1.3265861367313336,150.47000122070312
2023-03-13,150.47000122070312,148.3212432861328,64.2499042503417,-0.4250166904827759,3.2740398010505882,43.69210765056249,2284199852.704301,148.06410875445914,147.34041027040337,146.8797814846905,3.8437201133799492,1.4089159673885243,152.58999633789062
2023-03-14,152.58999633789062,150.4109649658203,66.39896093081353,-0.37618230305429123,3.277453893108669,42.944518917561,2350983510.9872475,148.5334799967314,147.4971509091938,147.03727658107536,3.8894396789012213,0.2621500156279488,152.99000549316406
2023-03-15,152.99000549316406,150.80526733398438,68.38045232160138,-0.31404907435935336,3.2804547630701193,42.338915242244255,2419844017.6136045,148.987837464182,147.77394997540193,147.22304428422837,3.908397004078143,1.8693994459674679,155.85000610351562
2023-03-16,155.85000610351562,153.62442016601562,72.0085568545148,-0.21593859163753604,3.3045499705438917,42.23074163151095,2490164642.9146905,149.91515400454875,148.19134961655203,147.47943568616364,3.947427336721065,-0.5453851983476254,155.0
2023-03-17,155.0,152.7865753173828,73.99835301497485,-0.12245890420227656,3.3876101393414397,42.48408640972795,2566210063.155559,150.4894382671156,148.60353593103463,147.76610259863526,3.9645378408333403,1.5483738623937704,157.39999389648438
2023-03-20,157.39999389648438,155.15228271484375,76.87333424601027,-0.013638072733295648,3.716411513114642,43.07665872230218,2641774679.348254,151.4220071566612,149.00366553681988,148.11428398511393,3.9925184176882094,1.1944067993304497,159.27999877929688
2023-03-21,159.27999877929688,157.00543212890625,79.7593171635611,0.11087466641782084,4.451848103901526,44.00836841635614,2717014032.30241,152.5386921511102,149.47517516627235,148.53565619139928,4.01694959997972,-0.910335071414492,157.8300018310547
2023-03-22,157.8300018310547,155.57615661621094,81.13829381400427,0.20594746962742017,5.246205600635305,45.31461157765936,2792345874.665735,153.14618504413036,149.95016607295926,148.97475417737368,4.051064444835736,0.6969411737474562,158.92999267578125
2023-03-23,158.92999267578125,156.66043090820312,82.6141163619708,0.2832000369552947,6.069262714889288,46.78838709711829,2866135768.5563946,153.84903421694491,150.49457621774246,149.4389713239995,4.103875215167507,0.8305624542096268,160.25
2023-03-24,160.25,157.9615936279297,84.1746437237632,0.35222464282385446,6.889352545952925,48.28478736012633,2937006983.6689224,154.6715460991419,151.16174831550256,149.93731177877498,4.137044504764254,-1.2293363392084644,158.27999877929688
2023-03-27,158.27999877929688,156.01971435546875,84.66071106600153,0.37638754967205035,7.5306858074337875,49.79533210935705,3004182015.7589445,154.94117975040726,151.84945541509737,150.41387063321616,4.142704064747079,-0.3980378111959504,157.64999389648438
2023-03-28,157.64999389648438,155.39869689941406,84.83098504690213,0.3589396352352914,7.956523875870723,51.19798080507129,3067120481.4309626,155.03268318020864,152.4993757334451,150.85375754245354,4.123016696062152,1.9790933198641225,160.77000427246094
2023-03-29,160.77000427246094,158.47418212890625,86.08248201081044,0.353593566090197,8.23646659618438,52.6202097777032,3127732393.968577,155.72098296994818,153.1726902840217,151.31730282126256,4.130224500128799,0.9889883883361872,162.36000061035156
2023-03-30,162.36000061035156,160.04147338867188,87.47910122884143,0.36652607406553006,8.398723082917488,54.10195492777871,3186122263.998668,156.58508105369293,153.83968298893612,151.81899598625594,4.133658791602137,1.5644214537132939,164.89999389648438
2023-03-31,164.89999389648438,162.54519653320312,89.10355502717128,0.41032931774692294,8.72573899814303,55.701863974868424,3246584120.0227413,157.77710414959498,154.56844957718408,152.38643485895489,4.147993805549846,0.7701621450314056,166.1699981689453
2023-04-03,166.1699981689453,163.79705810546875,90.45111390851108,0.4710140289254765,9.28187503683818,57.38519103209151,3306348844.842,158.98109494076974,155.3243583555949,153.01449772388963,4.152882715159286,-0.32497705551132183,165.6300048828125
2023-04-04,165.6300048828125,163.26475524902344,91.27772153257098,0.5158637469393814,9.835221098339366,59.10037048770633,3363416284.697407,159.83782700242048,156.05427184072593,153.66433860755922,4.1406581268300515,-1.1290389962577474,163.75999450683594
2023-04-05,163.75999450683594,161.4214324951172,91.56830974701275,0.5127993057540894,10.282264404988494,60.75345205729528,3419372576.5817323,160.15454810095983,156.7551081464089,154.2824537974069,4.09792828515554,0.5495837711145146,164.66000366210938
2023-04-06,164.66000366210938,162.30857849121094,91.96064623365817,0.48597570442756455,10.572599925855622,62.333781895335406,3473215630.089193,160.58535417901007,157.4287401426154,154.88273002422628,4.058195344677252,-1.597218403026024,162.02999877929688
2023-04-10,162.02999877929688,159.71615600585938,90.1379948502181,0.4059717455675731,10.503967789523971,63.493165818179904,3420597807.2832246,160.41151454437994,158.0027369871392,155.40928093090758,3.9667255166563606,-0.7590981238651429,160.8000030517578
2023-04-11,160.8000030517578,158.50375366210938,86.10418277018242,0.2826482877114156,10.141536413593691,64.45217509295897,3368974709.03845,160.02996236792583,158.5116152488911,155.84934582967122,3.8798782028099232,-0.4353224611179596,160.10000610351562
2023-04-12,160.10000610351562,157.81375122070312,81.53913080242991,0.1340566988815608,9.588369818571428,64.99974686150492,3317649610.44263,159.5867201384813,158.96701894471838,156.20528624003407,3.8107397081479197,3.4103612653132886,165.55999755859375
2023-04-13,165.55999755859375,163.19577026367188,83.10959487484426,0.05146232247785365,9.007160597182228,65.65887974734622,3372398809.3192854,160.3085301635194,159.42577366407548,156.5960713756041,3.819029856726244,-0.21140328584846602,165.2100067138672
2023-04-14,165.2100067138672,162.85076904296875,84.13351197108709,0.0008298806059938713,8.486272825076485,66.4073003570488,3426075468.42061,160.81697793940927,159.84896335264708,156.99806247691888,3.8152626414390083,0.01210577977899252,165.22999572753906
2023-04-17,165.22999572753906,162.8704833984375,84.9282997228856,-0.033355060127779,7.9263012039755,67.16368893799351,3477320035.7016697,161.22767903121493,160.1940208408091,157.40088310113754,3.7942351058719304,0.7504581276911448,166.47000122070312
2023-04-18,166.47000122070312,164.09275817871094,85.98327516574045,-0.0450044244161778,7.453732795354295,68.00262446760104,3528300289.5265174,161.80069486071415,160.47598083280351,157.8199127925258,3.789261581704958,0.696839487285783,167.6300048828125
2023-04-19,167.6300048828125,165.23622131347656,87.14522146449441,-0.034534749992293,7.153791905791658,68.91040655192279,3578628532.5863957,162.48780015126664,160.74097814768814,158.26447349335825,3.7895381623479714,-0.5846381186084937,166.64999389648438
2023-04-20,166.64999389648438,164.2701873779297,87.71425073226253,-0.03177131324822824,6.8484342219141565,69.8378213749408,3629382407.0342984,162.84427759659928,161.0099510972521,158.70064531271453,3.7732327028451085,-0.9780680353395632,165.02000427246094
2023-04-21,165.02000427246094,162.66351318359375,87.29222287773018,-0.05896719793089478,6.499620225741131,70.71386114997271,3577111847.4759765,162.8081247139982,161.23222815075093,159.0918338271225,3.7383568881782274,0.18783683335465984,165.3300018310547
2023-04-24,165.3300018310547,162.96905517578125,87.35057434361273,-0.09901971975979063,6.167680313931,71.5273266553595,3627318215.122634,162.84031080635484,161.47510777694842,159.44883163466844,3.700993940593452,-0.943584193012581,163.77000427246094
2023-04-25,163.77000427246094,161.43130493164062,83.72564206156463,-0.1648431611961163,5.679126191286628,72.29475737218212,3577410301.0053077,162.558509631412,161.72796250329702,159.7449914438821,3.66809501441932,-0.0061155650867172895,163.75999450683594
2023-04-26,163.75999450683594,161.4214324951172,80.81112182411033,-0.23952225993767762,4.975867789339574,72.54591093228557,3528384209.711447,162.33109420415303,162.00239990986418,159.9912869448603,3.6462357954504925,2.839544509054104,168.41000366210938
2023-04-27,168.41000366210938,166.00506591796875,82.88428803719195,-0.2538852120520505,4.342311382724874,72.93228606201225,3580585542.7465353,163.06588854691617,162.27813574820388,160.28410614505609,3.6798879366168786,0.7541104636434648,169.67999267578125
2023-04-28,169.67999267578125,167.25692749023438,84.889800260934,-0.2225119820162802,3.899904524350208,73.46356606030402,3633401789.1746063,163.90409633557982,162.58684758782096,160.62886711558215,3.7072445593251944,-0.05305915785920323,169.58999633789062
2023-05-01,169.58999633789062,167.16818237304688,86.24191321481375,-0.17544087959368682,3.7722041714065035,74.10172890520059,3686149366.3170633,164.55691354307325,162.91977103900678,161.00296677534322,3.7202212633182667,-0.6191208936050074,168.5399932861328
2023-05-02,168.5399932861328,166.13320922851562,86.85370940581579,-0.1421405020510802,3.8701719257981764,74.79349260047528,3738032568.0310287,164.87217268016173,163.2269188209515,161.37146257580216,3.7221697072438404,-0.6467386242795303,167.4499969482422
2023-05-03,167.4499969482422,165.0587615966797,86.92781139542005,-0.13663060981768016,4.019011706600467,75.52843978159623,3792566329.402201,164.90949046346532,163.46908785217138,161.70841761272246,3.738825968919778,-0.9913295297316105,165.7899932861328
2023-05-04,165.7899932861328,163.4224853515625,82.91656583565418,-0.16987765645770425,4.069364146353347,75.4498859108895,3732692240.3052635,164.61208944108478,163.64586903661993,161.9849577868522,3.726090702172379,4.692701886899564,173.57000732421875
2023-05-05,173.57000732421875,171.09141540527344,85.95726960739252,-0.12360822317731746,4.363082467753763,75.67472065564064,3803282151.5828137,165.90795463392251,163.95585202861233,162.35857653419222,3.8187934611317815,-0.04033837861835421,173.5
2023-05-08,173.5,171.02239990234375,87.80276776879798,-0.047063892256918205,4.748986059441306,76.05565316082608,3870946640.604854,166.93084368760677,164.36490531673755,162.79403054880314,3.872512614031772,-0.9971249425862916,171.77000427246094
2023-05-09,171.77000427246094,169.3170928955078,88.55830255300499,0.009729425998350472,5.017174987090978,76.51921353418008,3934143611.8224864,167.40809352918697,164.849863706515,163.23346511836348,3.893062281468298,1.042070984507082,173.55999755859375
2023-05-10,173.55999755859375,171.0814971923828,89.62383700677553,0.06757245529833433,5.185482796906603,77.04596893814156,3995446088.796592,168.14277426182616,165.43103171228236,163.70101837012183,3.9200398001685866,0.10948986161876118,173.75
2023-05-11,173.75,171.26881408691406,90.43977245574813,0.11590088839251544,5.460369661463035,77.62268026075407,4054391010.375877,168.76798222684374,166.00124108027512,164.1835863564763,3.9342010904222176,-0.5417544637412175,172.57000732421875
2023-05-12,172.57000732421875,170.34095764160156,90.83050237753471,0.13564555053738925,5.710810294400085,78.20944778101605,4110653567.6393046,169.0825773097953,166.51908917769669,164.65015692345906,3.928392082914307,-0.28973083178027714,172.07000732421875
2023-05-15,172.07000732421875,169.84742736816406,91.02263294979211,0.12581571288349025,5.891363126586251,78.77121955129186,4163116953.450047,169.23554732146908,166.98695255553625,165.0868607708886,3.9089433486134517,0.0,172.07000732421875
2023-05-16,172.07000732421875,169.84742736816406,91.18181885823701,0.09572525082645322,6.040104633196117,79.30491862681903,4213509722.098641,169.3579233308081,167.43552762060085,165.49362863373807,3.8856904127452565,0.36031411391539425,172.69000244140625
2023-05-17,172.69000244140625,170.45941162109375,91.47487750692034,0.06054416729870571,6.204398124465988,79.70479512466312,4265414257.017516,169.5782209888652,167.90240067314085,165.88263742946447,3.8569435874556235,1.366599983457495,175.0500030517578
2023-05-18,175.0500030517578,172.78890991210938,92.28022481008074,0.050799490366902234,6.41543861112388,80.15912393419747,4320037224.952616,170.22035877351405,168.46322760638378,166.29575374794538,3.84878380702068,0.06284057409933208,175.16000366210938
2023-05-19,175.16000366210938,172.89749145507812,92.88387135720622,0.050582847485318716,6.586971825431383,80.67644991721909,4374897499.300695,170.75578530982688,168.94801067397424,166.72051865860075,3.83918376541927,-0.5480711781209235,174.1999969482422
2023-05-22,174.1999969482422,171.94989013671875,93.1414830235874,0.03730558538195705,6.6635284365428795,81.17970285722672,4427499898.77916,170.99460627520526,169.3543869327341,167.1275746220869,3.8030998987063622,-1.5155062052152668,171.55999755859375
2023-05-23,171.55999755859375,169.34397888183594,88.37870180813277,-0.019855663676310975,6.488290596647035,81.26204613216763,4375268519.196388,170.6644807965314,169.68002565946853,167.46442282917687,3.742394952682308,0.1632077196449533,171.83999633789062
2023-05-24,171.83999633789062,169.620361328125,85.40374789591189,-0.09373961960816457,6.076595072267697,80.68522080685267,4324454715.530171,170.4556569028501,169.91131392357087,167.7493022647648,3.687780197556255,0.6692370801637981,172.99000549316406
2023-05-25,172.99000549316406,170.75552368164062,85.5541447414783,-0.15686426112384266,5.679711001619825,80.16806974723978,4376317418.463145,170.51563025860824,170.08607872674733,168.01276207370228,3.65566427047409,1.4104830879108299,175.42999267578125
2023-05-26,175.42999267578125,173.16400146484375,86.84350089837477,-0.1796033362027174,5.3954409249703,79.83431579325779,4428774580.809525,171.04530449985538,170.28235144575336,168.3015756380978,3.651218386360854,1.065958107502718,177.3000030517578
2023-05-30,177.3000030517578,175.00985717773438,88.49845462486054,-0.15862902307799231,5.235431888484472,79.8106152876777,4481933190.686627,171.83821503543118,170.5426182171496,168.63839843784385,3.6789840959047275,-0.02820537277912205,177.25
2023-05-31,177.25,174.9604949951172,89.60721982852027,-0.12174434105229492,5.105686809225635,79.98384581855171,4544385138.58831,172.4626710273684,170.85309298680565,169.00261487494143,3.70905526342127,1.6022468102148135,180.08999633789062
2023-06-01,180.08999633789062,177.7637939453125,91.16458683609847,-0.04873369055138976,5.024767217652564,80.30132259111609,4608127056.909657,173.52289561095722,171.24756044901483,169.43311780218104,3.75211448584283,0.4775394320033488,180.9499969482422
2023-06-02,180.9499969482422,178.61268615722656,92.3499235207759,0.04050640445852638,4.872986974544398,80.74879883940486,4671519971.566733,174.5408537202111,171.6796099436845,169.91956884199342,3.7878740560437256,-0.7570931457279162,179.5800018310547
2023-06-05,179.5800018310547,177.2604217529297,92.89816294933966,0.10489595262948814,4.960401878783207,81.33208162765405,4746623603.292395,175.08476732675481,172.1125081453773,170.4114925072088,3.8508588329782762,-0.20604395013178456,179.2100067138672
2023-06-06,179.2100067138672,176.8951873779297,93.24520398785864,0.13849123381940887,5.153740077135173,81.89216012301384,4819676188.672924,175.4468513369898,172.55773265155574,170.8910504909975,3.883486303433651,-0.7756143943031812,177.82000732421875
2023-06-07,177.82000732421875,175.52316284179688,93.26015447774617,0.12857514411331294,5.2588033110953445,82.44918058590714,4890507176.977347,175.46211363795123,173.03749593569773,171.3263898383264,3.9138857533791276,1.546480657451399,180.57000732421875
2023-06-08,180.57000732421875,178.2375946044922,93.79782943580553,0.12606467699054047,5.456003248742815,82.98833895619963,4957214947.620886,176.01720983125944,173.59365122853868,171.77313459955815,3.9565103125202614,0.2159836089081324,180.9600067138672
2023-06-09,180.9600067138672,178.62255859375,94.26068178268191,0.12586869860753236,5.70941782884222,83.53370122080264,5020361164.135716,176.53827958375754,174.19591616105362,172.22695793138666,3.9886869966040557,1.5638881523376336,183.7899932861328
2023-06-12,183.7899932861328,181.416015625,95.01130625337427,0.155850479697198,6.060188054431287,84.10291911098035,5081733117.347581,177.51382679200603,174.8427683902687,172.73046925144567,4.030857587627652,-0.26115963287937083,183.30999755859375
2023-06-13,183.30999755859375,180.94223022460938,95.46068360271555,0.18432158227258633,6.402821406410959,84.68076038868115,5141816499.917072,178.1995074785267,175.47889763457823,173.2513300349772,4.0436574650145625,0.3491161834439094,183.9499969482422
2023-06-14,183.9499969482422,181.5739288330078,95.85632530404627,0.20924421038543972,6.72013124731793,85.25713686877867,5201375785.972666,178.87439174942293,176.12006970678368,173.78685972206728,4.044653255359476,1.119892057138916,186.00999450683594
2023-06-15,186.00999450683594,183.60736083984375,96.3383874548966,0.24749919675951215,7.0763536468223815,85.84903068141124,5262109854.817141,179.8209855675071,176.74987870243868,174.36153837401395,4.05827044510275,-0.5860104121270249,184.9199981689453
2023-06-16,184.9199981689453,182.53140258789062,96.5835107417715,0.2657262470566528,7.4379678971383285,86.44333680783541,5330948349.89272,180.3630689715838,177.33210022757595,174.93311271663964,4.058734274743718,0.0486859719697863,185.00999450683594
2023-06-20,185.00999450683594,182.62026977539062,96.77701445596172,0.26405439903383376,7.772174517912663,87.01860078434558,5395978965.953184,180.81450913234517,177.90507440813494,175.4932457086116,4.05207696591817,-0.5675288568825931,183.9600067138672
2023-06-21,183.9600067138672,181.58384704589844,96.84265362831825,0.23040572795028558,7.988203260980123,87.56406045409535,5457906598.801556,180.96837671505583,178.45722694594158,176.01468675684438,4.0290980639449145,1.6525242811534113,187.0
2023-06-22,187.0,184.58456420898438,97.13772962476325,0.21428923923792897,8.103089953739834,88.09607797832237,5517697765.080253,181.69161421384155,179.08017700353062,176.55534651465362,4.032557421649276,-0.17111773942057873,186.67999267578125
2023-06-23,186.67999267578125,184.26870727539062,97.32928858129455,0.196255511395953,8.06819622367823,88.6140973543608,5576154098.10321,182.2070328261514,179.69915930301983,177.0936023538439,4.020025457771946,-0.7553099749474823,185.27000427246094
2023-06-26,185.27000427246094,182.8769073486328,97.37840264169483,0.15317530070399732,7.846526703142519,89.11748553605361,5632536904.521577,182.34100773064768,180.27943211770884,177.59335524687285,4.007305574871573,1.5058964018502818,188.05999755859375
2023-06-27,188.05999755859375,185.63084411621094,97.61078328207188,0.12974562720799376,7.618666288786065,89.60461042294757,5687789309.65627,182.99897500776032,180.82794693928426,178.10817617648118,4.019367754233354,0.6327892895180653,189.25
2023-06-28,189.25,186.8054962158203,97.84842815230706,0.12615975906369226,7.460214257458051,90.08305625421508,5742234593.764025,183.76027924937233,181.38402411636883,178.6464717072327,4.031896544988393,0.17964490052468918,189.58999633789062
2023-06-29,189.58999633789062,187.14108276367188,98.0353399341032,0.12947837546619967,7.321345824677671,90.54743178956042,5795060281.050228,184.43643995223223,181.94022893664976,179.1978972543755,4.030240997597993,2.310265467474437,193.97000122070312
2023-06-30,193.97000122070312,191.46453857421875,98.35522250563756,0.1832078848617642,7.438970599147378,91.01781433219467,5854363470.87919,185.84205967662953,182.54233634756199,179.83067462792349,4.076277904768971,-0.7784619160937867,192.4600067138672
2023-07-03,192.4600067138672,189.97406005859375,98.50893428005011,0.2283353630960887,7.673363419832211,91.47701025719815,5908097662.742361,186.66845975302238,183.17287542570585,180.4818922588853,4.086750870150623,-0.5871500240157923,191.3300018310547
2023-07-05,191.3300018310547,188.85862731933594,98.58444826701013,0.24040052862504435,7.85370329228944,91.9156627237945,5960469076.232897,187.1064932662851,183.80207383909982,181.1128066405424,4.079090570131204,0.25086775601175226,191.80999755859375
2023-07-06,191.80999755859375,189.33241271972656,98.65879186550923,0.23101880010991582,7.955363114850894,92.32858698809812,6011385067.025326,187.5516771569734,184.4604038832916,181.72603240401202,4.0602898670166905,-0.5891237562851148,190.67999267578125
2023-07-07,190.67999267578125,188.21701049804688,98.68108893918841,0.1882412490634069,7.857299105162483,92.71912936266175,6061480859.659269,187.6847438251881,185.05971684442625,182.2935287298383,4.035999281591654,-1.085578504725171,188.61000061035156
2023-07-10,188.61000061035156,186.17376708984375,94.82559145580672,0.09856786850333288,7.601786738421194,92.45315175979724,6009419785.5521145,187.38254847811925,185.57726840962303,182.77819727729363,3.9856262140405634,-0.28100781864955904,188.0800018310547
2023-07-11,188.0800018310547,185.65060424804688,90.46267664110616,-0.018843064654622488,7.20290519245383,91.55850335105531,5958443306.266391,187.03615963210478,186.04678359976876,183.18371750156138,3.9359292174008025,0.8985683825769142,189.77000427246094
2023-07-12,189.77000427246094,187.3188018798828,90.53917778221191,-0.12172829561580256,6.827566845971173,90.76800162087444,6011374529.69497,187.09268808166038,186.45615490715875,183.55600041395175,3.929203783936903,0.4057306356851198,190.5399932861328
2023-07-13,190.5399932861328,188.0788116455078,90.81596985503569,-0.20085933379791054,6.446667137578023,90.0466402292344,6061987968.437833,187.28991279442988,186.80911826166448,183.91161111685443,3.9233791301863854,0.07873643317710677,190.69000244140625
2023-07-14,190.69000244140625,188.22689819335938,91.08292205212176,-0.2611229018884069,6.064204061063099,89.3871146687101,6110801959.432123,187.4773098742158,187.11320525386287,184.25120147469838,3.9073065574015295,1.7305712116389982,193.99000549316406
2023-07-17,193.99000549316406,191.4842987060547,92.13568606918508,-0.2666223481157495,5.8209587299853105,88.912503053346,6159957192.227555,188.27870764058358,187.3568700502583,184.63477349049697,3.9265926829536077,-0.13403335613706435,193.72999572753906
2023-07-18,193.72999572753906,191.22764587402344,92.80859238246019,-0.2504051908726215,5.618203383164588,88.57040421095115,6208939018.4639015,188.86849528727154,187.57687360368323,185.03798509018978,3.9254782396786707,0.7071569892026952,195.10000610351562
2023-07-19,195.10000610351562,192.57992553710938,93.55592611097259,-0.21112380155996835,5.4641824909071435,88.43740680621787,6264225939.452978,189.6107813372391,187.8273024107786,185.47348949467067,3.9686056763006747,-1.0097442991072403,193.1300048828125
2023-07-20,193.1300048828125,190.63536071777344,93.74904986880077,-0.19325790900312922,5.204662564813406,88.39165455234128,6320371716.24424,189.815697213346,188.05370441641585,185.88703308692547,3.99952134360978,-0.6161534349239273,191.94000244140625
2023-07-21,191.94000244140625,189.46075439453125,92.7124510244569,-0.20691849745830382,4.9228389665003816,88.3724937226067,6261064754.811231,189.74470864958306,188.25970089885536,186.25443075955954,4.027274684458256,0.42200297990577784,192.75
2023-07-24,192.75,190.26028442382812,92.83635821177234,-0.22804066112771615,4.610688456526489,88.37235154787493,6317585883.957638,189.84782380443207,188.50622843148665,186.596658668595,4.0682053745616935,0.45134702361027124,193.6199951171875
2023-07-25,193.6199951171875,191.1190185546875,93.14579801894712,-0.2425682185127429,4.193493784530461,88.37471536492613,6370259427.274764,190.10206275448314,188.8128187437245,186.93050667677483,4.100204067824483,0.4545005994327056,194.5
2023-07-26,194.5,191.98765563964844,93.58822453658854,-0.24380609311239043,3.8127424957002867,88.41140782860396,6421892641.928465,190.4791813315162,189.15146806871007,187.26847569151212,4.129985622350219,-0.6580696406634057,193.22000122070312
2023-07-27,193.22000122070312,190.7242431640625,93.64563208977488,-0.25703264901073375,3.45679178929548,88.51150048103005,6472691253.651425,190.5281936980255,189.47529615906964,187.57892502546576,4.167571286944248,1.3507632104955647,195.8300018310547
2023-07-28,195.8300018310547,193.30047607421875,94.27058524426712,-0.2442380285627408,3.2038084096604016,88.64033316068544,6522988423.029794,191.08265017326414,189.83583018897446,187.9126131347799,4.220323358239893,0.3166052790701812,196.4499969482422
2023-07-31,196.4499969482422,193.9124755859375,94.82958006868343,-0.21451343373799459,3.249686919093862,88.78497844978848,6570990978.532489,191.6486152557988,190.17282095049595,188.26842286059122,4.244784983498166,-0.42758844492175596,195.61000061035156
2023-08-01,195.61000061035156,193.0833282470703,95.09108112728633,-0.1930533149325493,3.3893071953106,88.94494037909573,6616428042.934645,191.93555785405312,190.47952720717413,188.6176738123495,4.242566978805789,-1.5489837962324504,192.5800018310547
2023-08-02,192.5800018310547,190.09249877929688,88.87273238034231,-0.21929412807620086,3.44280465417846,88.29801561147005,6570000531.41292,191.56694603910188,190.6751436773604,188.898556881564,4.210263567461525,-0.7321698308431102,191.1699981689453
2023-08-03,191.1699981689453,188.70069885253906,80.1001457517728,-0.28661705377082924,3.4252364564567377,86.5808087280403,6520611482.19554,190.99369660178934,190.79294361620472,189.09809399777592,4.158655787183345,-4.802012891243567,181.99000549316406
2023-08-04,181.99000549316406,179.63926696777344,56.36449595567306,-0.48384620923754085,3.3391023098579815,81.58099557257601,6457908882.821636,188.72281067498616,190.69075381874504,189.0623527289388,4.076717744124288,-1.72535273777209,178.85000610351562
2023-08-07,178.85000610351562,176.53985595703125,41.987705278123606,-0.761631118259618,3.5261493263372055,76.87586531294896,6388231583.322514,186.2862197313952,190.33459341144135,188.79795911012513,4.040182069782882,0.531162562676557,179.8000030517578
2023-08-08,179.8000030517578,177.47756958007812,35.03037629955142,-1.0305409107661174,4.057366322378922,73.64624244785905,6318925143.723215,184.52448970113178,189.77683610610623,188.39096202355435,3.993753002723887,-0.8954473195731838,178.19000244140625
2023-08-09,178.19000244140625,175.8883514404297,29.814340997526795,-1.2752405841440326,4.965399300834729,71.37193870634155,6251404292.0437765,182.79726204899137,189.00864417785374,187.8582286926436,3.9582091981403664,-0.12345776475253256,177.97000122070312
2023-08-10,177.97000122070312,175.67120361328125,26.330422238621363,-1.4697577780868896,6.079199813526372,69.69609548333423,6186450230.700226,181.37205036184935,188.09302984423613,187.24049742304416,3.9202592961403804,0.033745084162073447,177.7899932861328
2023-08-11,177.7899932861328,175.73048400878906,23.94486319795101,-1.600327414773326,7.2498171636570445,68.50487046045116,6124079641.625385,180.24373709123728,187.00913853603342,186.57413929620543,3.876326604797905,0.9393164154265721,179.4600067138672
2023-08-14,179.4600067138672,177.3811492919922,22.815320335684014,-1.644854231618303,8.32428245773962,67.62289631863028,6065448050.365513,179.67121953138826,185.81139896359235,185.91671836622285,3.844879345912343,-1.1200143554528141,177.4499969482422
2023-08-15,177.4499969482422,175.3944549560547,21.205835272934085,-1.647417842698365,9.354363255378708,66.98672008108913,6009818257.3576145,178.81586661632156,184.49942983981921,185.24044677099414,3.79657519773499,-0.4959176229012985,176.57000732421875
2023-08-16,176.57000732421875,174.52464294433594,19.703861925031294,-1.6199750912903297,10.308804313403321,66.56241707724098,5955921442.951296,177.95762188192444,183.13849742410147,184.54684440060657,3.7513915895510004,-1.4555266480946627,174.0
2023-08-17,174.0,171.98439025878906,17.81261824300599,-1.5929396402431062,11.261922261731799,66.42544685467522,5899591411.426241,176.76297555729738,181.71542531965227,183.80552355838665,3.706883194513595,0.2816211876514263,174.49000549316406
2023-08-18,174.49000549316406,172.46873474121094,16.580491831909633,-1.5425162343550627,12.14952833164977,66.53974339841898,5842292946.206197,175.9041273940801,180.4335569915617,183.05300963797652,3.665373138917421,0.7736856461136421,175.83999633789062
2023-08-21,175.83999633789062,173.8031005859375,15.997439074986046,-1.4485681243653177,12.877360586295318,66.75992145736316,5787191794.030162,175.48392203245157,179.3533272216673,182.33214415173606,3.6344784833700365,0.7904842340364926,177.22999572753906
2023-08-22,177.22999572753906,175.17698669433594,15.909422424027538,-1.3060639631966935,13.38029829607722,66.96437251209706,5734703092.289333,175.42253496482846,178.443131748037,181.67408613393536,3.6149912193416047,2.1948801605240265,181.1199951171875
2023-08-23,181.1199951171875,179.02191162109375,21.37269479305048,-1.0877609883550359,13.544035284408041,66.57807628063941,5787238613.681995,176.14241029608152,177.77764657274602,181.14725986366355,3.6399153251787717,-2.6170308155719524,176.3800048828125
2023-08-24,176.3800048828125,174.33685302734375,20.64800479853256,-0.899899412152541,13.564792383715467,65.85670529264617,5734221036.567865,175.78129884233397,177.21857142079446,180.63621595687027,3.63611864890414,1.2643037318801786,178.61000061035156
2023-08-25,178.61000061035156,176.54100036621094,21.848734923709483,-0.706173111682578,13.286158772962846,65.23012632658504,5786925018.25917,175.93323914710936,176.78752162638168,180.1883134035597,3.6501128639606506,0.8846140781626932,180.19000244140625
2023-08-28,180.19000244140625,178.1027069091797,25.323813081275464,-0.4993232595127468,12.627218309455754,64.42306454489388,5837852343.612213,176.36713269952344,176.45711294319517,179.82439143174673,3.666206896684333,2.1810226900142338,184.1199951171875
2023-08-29,184.1199951171875,181.98716735839844,33.56510492557258,-0.24991174808551264,11.521647614568492,62.560044508430764,5889194983.894648,177.49113963129844,176.32464024469286,179.6021769745612,3.722892179430787,1.917234349017094,187.64999389648438
2023-08-30,187.64999389648438,185.47628784179688,43.16294289057997,0.04385882697733612,10.068847144167067,59.537791754042246,5942431876.120595,179.08816927339814,176.43769498384023,179.5532238601647,3.7955719118379587,0.11723209832952275,187.8699951171875
2023-08-31,187.8699951171875,185.6937255859375,49.643915885928116,0.3323244352431698,8.331985632375632,55.68891063475671,5997180289.901353,180.40928053590602,176.8023254817011,179.63475306737814,3.8473930753911803,0.8463531823168946,189.4600067138672
2023-09-01,189.4600067138672,187.26535034179688,55.336528368815095,0.6047831518126405,6.949359520022127,52.1143734397832,6050132320.92596,181.7804944970842,177.38996219200152,179.83910939401682,3.891301361282382,0.12666404945902432,189.6999969482422
2023-09-05,189.6999969482422,187.50254821777344,59.45605278878435,0.8370738480367783,6.21759511077114,49.369910768907914,6101549945.745645,182.92490524122206,178.13406051287856,180.13299471279828,3.907109574008131,-3.579354024078607,182.91000366210938
2023-09-06,182.91000366210938,180.79116821289062,57.332471383335644,0.9298354419231243,5.814407354413113,47.13264758640809,6044064685.889896,182.4981578355558,178.8416227999513,180.3582483435371,3.8869093854901493,-2.924926972830766,177.55999755859375
2023-09-07,177.55999755859375,175.50315856933594,50.912557314173405,0.8661140186553837,5.566522285733972,43.82181855455196,5975578718.005298,181.09915798231182,179.33729756857434,180.42881116627754,3.8830907317659973,0.3491808872978286,178.17999267578125
2023-09-08,178.17999267578125,176.11598205566406,46.8847952616757,0.731356378181331,5.440426038894951,41.00593148047213,5907679683.6976185,180.10252279698227,179.76941996403917,180.39773608348753,3.859781467217559,0.6622631885791819,179.36000061035156
2023-09-11,179.36000061035156,177.28233337402344,44.72816015208704,0.585079271135498,5.395244988140941,38.72905577677842,5841569836.251475,179.53848491239052,180.12994454056727,180.31590263862117,3.829612088505141,-1.7060647465760082,176.3000030517578
2023-09-12,176.3000030517578,174.25778198242188,40.931510207971876,0.4065117145043129,5.361054871838601,37.13522793322261,5770607918.29456,178.4823443263968,180.3414657032546,180.14127803745694,3.8283489138914684,-1.1855002356359723,174.2100067138672
2023-09-13,174.2100067138672,172.19195556640625,36.912130227972675,0.20325225543194358,5.388729452862326,36.11678634845448,5696984803.9290285,177.2242665743987,180.31477839756465,179.86346742192757,3.820148532897415,0.8782454798377914,175.74000549316406
2023-09-14,175.74000549316406,173.7042236328125,34.84980655767121,0.030067733601659485,5.460596290545383,35.5485534423826,5625907152.436604,176.52025798608148,180.057987268833,179.54506652327555,3.7954833318670254,-0.41536804674680017,175.00999450683594
2023-09-15,175.00999450683594,172.9827117919922,32.862662703605004,-0.11547971518917466,5.546262413911981,35.2877007652537,5547193131.242663,175.8127487472636,179.59833408996874,179.1896076874649,3.761225030300369,1.6913367726376416,177.97000122070312
2023-09-18,177.97000122070312,175.90843200683594,32.973987227489694,-0.1894388994473335,5.554017142744097,35.059670093179506,5623615868.197816,175.83188539917808,179.00347318017813,178.86982461238998,3.7628022880203265,0.6180771117425099,179.07000732421875
2023-09-19,179.07000732421875,176.9956817626953,34.39882066332146,-0.20058621757220418,5.488552774441205,34.84180316556098,5695119437.761938,176.06464467188155,178.31744712324408,178.60266461805583,3.7633849735830993,-1.9992087650691714,175.49000549316406
2023-09-20,175.49000549316406,173.45716857910156,32.72052306410675,-0.21945749702851658,5.473148713153762,34.7439036902829,5626229342.110641,175.54314945332558,177.621946285021,178.31128222141487,3.7486882573149276,-0.8889757627957628,173.92999267578125
2023-09-21,173.92999267578125,171.91517639160156,30.49141367153791,-0.2547057006277571,5.638541349491559,34.88760480001336,5558487445.589602,174.8175548409808,176.99378597088793,177.97854628042114,3.724829928306304,0.49447780894256166,174.7899932861328
2023-09-22,174.7899932861328,172.7652587890625,29.276377728354536,-0.2776791429756862,5.824339113930475,35.18773487543652,5492948848.372772,174.40709563059715,176.42424325424946,177.63840812329505,3.7276779626305663,0.7380273907946933,176.0800018310547
2023-09-25,176.0800018310547,174.04031372070312,29.053552994170445,-0.26960869505254603,6.026129470051809,35.59104374305055,5431283430.599308,174.33373924861837,175.90376868787223,177.3236777542782,3.7366088519715905,-2.3398404300368547,171.9600067138672
2023-09-26,171.9600067138672,169.96804809570312,26.471016548198833,-0.2929293207329515,6.389665054283246,36.29548725698497,5369033316.380537,173.46060101803533,175.4015943570361,176.95576568415984,3.7064300037044577,-0.8897546338432094,170.42999267578125
2023-09-27,170.42999267578125,168.45574951171875,23.853322095745526,-0.34219305640458453,6.929123996599028,37.39696510942545,5305848865.00552,172.45963071677204,174.92513077127342,176.5275623539324,3.680209247187201,0.1525555085745145,170.69000244140625
2023-09-28,170.69000244140625,168.71273803710938,22.091964973205584,-0.38829901849550374,7.474208617412643,38.82067967456765,5244042423.905506,171.71025218083952,174.4441301907492,176.06877090887593,3.671156605416126,0.3046643509788227,171.2100067138672
2023-09-29,171.2100067138672,169.22674560546875,20.985841328973716,-0.4129985166198835,7.864449557344665,40.263038693426246,5184225051.025496,171.21355086576537,173.98421040259936,175.60636900000824,3.6613143102035446,1.4835474576130547,173.75
2023-10-02,173.75,171.7373046875,21.874244568909592,-0.3836614955692004,7.8810647247499945,41.66193268781943,5242511849.329504,171.31830163011233,173.53285202569282,175.19798163144674,3.6741735071325636,-0.7769985471315133,172.39999389648438
2023-10-03,172.39999389648438,170.4029083251953,21.42092073012478,-0.33948748562894515,7.4880230954911475,43.017508696205496,5185963490.686297,171.13522296912893,173.03990985541756,174.81105223503553,3.658276434682405,0.7308871034539921,173.66000366210938
2023-10-04,173.66000366210938,171.6483612060547,22.39186448675214,-0.26932274329905814,6.913047245057027,44.313027679970006,5241806237.600863,171.2378506165141,172.60937997173642,174.47074731898587,3.648593208776422,0.7197879092521342,174.91000366210938
2023-10-05,174.91000366210938,172.8838653564453,25.568924775406376,-0.17147231779265537,6.385276851196783,45.27866129107437,5296186015.132516,171.56705356450036,172.28432984408835,174.1942050566539,3.643586277152136,1.4750509637279086,177.49000549316406
2023-10-06,177.49000549316406,175.43399047851562,32.55431142037675,-0.03266089039546438,5.80408342272488,45.25422248608009,5351143177.157838,172.34044094730342,172.07766437575896,174.01765609385862,3.660760468796474,0.8451157242754359,178.99000549316406
2023-10-09,178.99000549316406,176.91661071777344,39.75948661823998,0.1336741326172941,5.11432800557959,44.29227937986367,5403587066.778095,173.25567490139744,171.96985794103688,173.94508645648136,3.6728791840814923,-0.33521334898800603,178.38999938964844
2023-10-10,178.38999938964844,176.3235626220703,44.07302529551421,0.28898517763238374,4.524033368318616,42.57175169555436,5454281778.474301,173.86925244553203,172.01072308378653,173.93786416972426,3.669460391419623,0.7904000340615891,179.8000030517578
2023-10-11,179.8000030517578,177.71722412109375,49.005299020152826,0.4385429166304904,4.165715113059819,40.34413025815138,5504347767.831266,174.63884678064437,172.22864469017375,174.00462441838334,3.6648776181568863,0.506109964594792,180.7100067138672
2023-10-12,180.7100067138672,178.61666870117188,53.56436029641812,0.5773123509073186,3.9954123486443396,37.561222982416254,5555749179.316838,175.4344111647499,172.60106058856482,174.14079458470394,3.6751574808565697,-1.0292570654158228,178.85000610351562
2023-10-13,178.85000610351562,176.7782440185547,55.02716140635802,0.6671105443607632,3.97919685947345,35.548964488647925,5607155728.505296,175.70317773551088,173.05002327553936,174.2895929800189,3.677624900201374,-0.07270395799380269,178.72000122070312
2023-10-16,178.72000122070312,176.64971923828125,56.07672239187394,0.7149158220625933,3.9885992909154604,33.68043874443447,5658784367.856062,175.89248603606495,173.50744171613465,174.4422494615471,3.6598025961760645,-0.8784722978036674,177.14999389648438
2023-10-17,177.14999389648438,175.097900390625,54.918056362427635,0.7100423508849303,3.9359733269220176,31.683197264071186,5605971576.375449,175.73356890697698,173.96727630991947,174.56523226587376,3.624226248448653,-0.739471919308532,175.83999633789062
2023-10-18,175.83999633789062,173.8031005859375,52.101413365425564,0.6562901299886881,3.910391464036065,29.67920589280908,5552768463.190959,175.3474752427691,174.37823877254496,174.63973159700663,3.581309175454782,-0.21611257238577375,175.4600067138672
2023-10-19,175.4600067138672,173.427490234375,49.388343675285846,0.5733574220926795,3.9240185626623703,27.711341877676645,5498345392.643367,174.9634782410903,174.71788124020395,174.6705646107289,3.5530945741818725,-1.4704096801757993,172.8800048828125
2023-10-20,172.8800048828125,170.8773956298828,44.12252618207684,0.44752856458709045,3.910472251963285,26.199686512034138,5441958136.205293,174.1462617188488,174.89846331735848,174.6206310019784,3.509841061241832,0.06940140219049429,173.0
2023-10-23,173.0,170.99598693847656,40.534222692149825,0.31233359396037663,3.8858907166026184,25.703766877155246,5385652311.054833,173.51620676277435,174.92451650349616,174.51544774110184,3.4839933889841355,0.25432804293048505,173.44000244140625
2023-10-24,173.44000244140625,171.43087768554688,38.31303044669225,0.19123586677467452,3.8902092709000273,25.636750537813935,5331844330.934466,173.09914094732886,174.84750535367584,174.38056137979012,3.446735230045832,-1.3491538059905106,171.10000610351562
2023-10-25,171.10000610351562,169.11801147460938,34.433638969773625,0.060689185948023194,3.90155497990675,25.981717279766553,5277366546.838173,172.30291505278495,174.6139121808899,174.18269030102775,3.4042472895782874,-2.4605628025831217,166.88999938964844
2023-10-26,166.88999938964844,164.95675659179688,28.66572574775789,-0.11202442391003009,4.027706137534306,27.16086195800648,5219659259.561138,170.83368336058737,174.15383940047366,173.86373725908106,3.405624239863667,0.7969395980206739,168.22000122070312
2023-10-27,168.22000122070312,166.2713623046875,25.777764968341934,-0.26632658890076855,4.259892784077053,28.693098471134093,5161793609.739511,169.9212191494074,173.57564354186331,173.48825934387403,3.38842398354636,1.2305217330656149,170.2899932861328
2023-10-30,170.2899932861328,168.31736755371094,24.830698823966245,-0.36263250842298556,4.55400861905774,30.26124925045349,5105274889.882208,169.6004488302681,172.94643982128366,173.11799167591155,3.3802250249459767,0.2818731870725788,170.77000427246094
2023-10-31,170.77000427246094,168.79180908203125,24.34505112991479,-0.4065627641114321,4.835590920559987,31.913616795648664,5051090713.996366,169.43872088062074,172.31695501864803,172.76758493350292,3.3627401030975137,1.8738846893040506,173.97000122070312
2023-11-01,173.97000122070312,171.95477294921875,28.99824045201403,-0.3720006200881849,5.014441025753998,33.03779172020765,5105825034.705039,169.94193129434035,171.77640062380513,172.4984750631065,3.3794005403302307,2.0693076757343,177.57000732421875
2023-11-02,177.57000732421875,175.51304626464844,38.079662793604605,-0.2502115051752736,5.062660440969121,32.88456786326224,5165079451.271977,171.05615428840196,171.38566822853628,172.3611111798013,3.426717226413791,-0.5180908405124751,176.64999389648438
2023-11-03,176.64999389648438,174.60372924804688,43.07285526345519,-0.10539183801819352,5.093272877764629,32.10571716984032,5228448824.525529,171.76566928033094,171.1476089846845,172.3044024274708,3.4315845336923863,1.4605128276833579,179.22999572753906
2023-11-06,179.22999572753906,177.15383911132812,49.706486818705265,0.07000394911637997,5.093084359854545,30.406603185851885,5291912583.128369,172.84330324653038,171.08031863306013,172.35572631500028,3.4551242318713715,1.4450617117001574,181.82000732421875
2023-11-07,181.82000732421875,179.7138214111328,56.64414088348817,0.27413016726810335,5.111395354642308,28.7698877389208,5356789590.010642,174.21740687945086,171.19214522627232,172.53302922590032,3.498768566207286,0.5884922597530595,182.88999938964844
2023-11-08,182.88999938964844,180.77142333984375,62.02553771758272,0.4808989513489611,5.204117444177271,28.105550161446242,5418559255.51646,175.52821017152945,171.51467473814677,172.81828455405548,3.5345815998697105,-0.26245383233409747,182.41000366210938
2023-11-09,182.41000366210938,180.29698181152344,65.39153133043295,0.6546027864863383,5.3544619309922,28.1315339374398,5478727687.921115,176.48196449952826,172.07950285204083,173.16720645362432,3.558528284554283,2.3220068004728756,186.39999389648438
2023-11-10,186.39999389648438,184.48348999023438,70.16940365683762,0.8382456976576709,5.774514037427475,28.807539872842085,5540089113.844838,178.0822695976695,172.89560789686706,173.63530770543815,3.6150957821505516,-0.8583650874129822,184.8000030517578
2023-11-13,184.8000030517578,182.8999481201172,72.62032903474751,0.9759436976779867,6.344798461844144,29.838915096488783,5597903754.5838175,179.04580530215907,173.84014354405616,174.15059319084014,3.627566109035093,1.4285701175761334,187.44000244140625
2023-11-14,187.44000244140625,185.51280212402344,75.52705387244107,1.096452715845427,7.1567024956636125,31.221385847500027,5656177147.175,180.33920466653194,174.93019192264728,174.73998475995364,3.6594367287378833,0.30407722075938004,188.00999450683594
2023-11-15,188.00999450683594,186.076904296875,77.78088936323503,1.1880632852020399,8.130443706340175,32.880623056173974,5713553961.247947,181.4867445926006,176.08467325247332,175.38253331544382,3.687794348334795,0.9042426174703522,189.7100067138672
2023-11-16,189.7100067138672,187.75949096679688,79.95439029978208,1.2608797393727786,9.228740443435061,34.75598349820389,5770337992.506304,182.74129386743988,177.2531872103771,176.08336765372917,3.725935838159034,-0.010564805900947771,189.69000244140625
2023-11-17,189.69000244140625,187.73965454101562,81.50677831798714,1.2989597837773625,10.331059579314772,36.71066297913619,5825949757.51299,183.74096600215506,178.4507168825595,176.81266273453164,3.738477774569275,0.9278423915525913,191.4499969482422
2023-11-20,191.4499969482422,189.48158264160156,83.1233089888757,1.3197847168842256,11.41981747172071,38.74620629724828,5879740189.518338,184.88908933004436,179.6552954909109,177.58184621981857,3.7539642322815174,-0.4230920532635851,190.63999938964844
2023-11-21,190.63999938964844,188.67990112304688,84.11101112967309,1.3008083487367772,12.385996247629732,40.78519793810443,5930399435.122617,185.64725168864487,180.7982799718303,178.34998007399253,3.740960706561725,0.35145049956628593,191.30999755859375
2023-11-22,191.30999755859375,189.343017578125,85.03081207119828,1.2537021417608663,13.184260011235175,42.84232287948084,5978850371.60604,186.38640486654091,181.88409944133147,179.11535386375903,3.7385742424009165,-0.7004393017075672,189.97000122070312
2023-11-24,189.97000122070312,188.01678466796875,85.43147771879497,1.1622150181986153,13.630662405470137,44.80777555960813,6022420780.792778,186.7124808268265,182.90715107406126,179.83888976500356,3.7056357558237223,-0.09476647534286675,189.7899932861328
2023-11-27,189.7899932861328,187.83860778808594,85.71587199692601,1.0386217313487744,13.72582324722333,46.66994532563311,6065387628.142169,186.9377062190784,183.79269473620215,180.5149675225345,3.6661325621542757,0.3214247447500984,190.39999389648438
2023-11-28,190.39999389648438,188.44236755371094,86.10614123434645,0.9038480945342187,13.540199909330285,48.44545352804904,6107444186.021682,187.23863848600493,184.61197805458676,181.1553171381031,3.630719639440036,-0.5409822167379952,189.3699951171875
2023-11-29,189.3699951171875,187.4229278564453,86.15603168099398,0.7502192242437502,13.03684575391788,50.170755000856026,6149692272.325292,187.27549636009303,185.30560722394287,181.7381913497212,3.6046544560628795,0.3062863812265171,189.9499969482422
2023-11-30,189.9499969482422,187.99697875976562,86.3624934398019,0.5979723176005791,12.341977260174499,51.731361574582564,6193249621.368179,187.41979284002755,185.8989120486856,182.2792962535599,3.575183534292857,0.6791406566416969,191.24000549316406
2023-12-01,191.24000549316406,189.27374267578125,86.90300813378227,0.4676640187756673,11.611875894446325,53.22734046390408,6237236460.602489,187.7905828071783,186.40384094265943,182.80418068723785,3.5531170676142025,-0.946458325070032,189.42999267578125
2023-12-04,189.42999267578125,187.4823455810547,86.29064639595694,0.3292743443557944,10.70820488096279,54.323371593213736,6193369089.215041,187.72893536195357,186.80263787863925,183.27320494197266,3.497055453915235,2.1063181160530853,193.4199981689453
2023-12-05,193.4199981689453,191.4313201904297,87.43586159266901,0.2435132588462796,9.80524821217874,55.532700649985074,6241788666.325,188.4694123276488,187.16067017839973,183.76808183584657,3.5042752960462087,-0.5687073990547908,192.32000732421875
2023-12-06,192.32000732421875,190.34263610839844,87.98283346315863,0.17133291815950003,8.93869229952679,56.81150548670123,6288742268.012967,188.84405708379873,187.4803507179151,184.25150804993726,3.507130021920075,1.0139410684130823,194.27000427246094
2023-12-07,194.27000427246094,192.27259826660156,88.93253034354308,0.1309093801972323,8.151192606062507,58.12493707669201,6335800689.36334,189.5297653203593,187.79468676329694,184.75419921854888,3.5256825878503975,0.7412400044854328,195.7100067138672
2023-12-08,195.7100067138672,193.6977996826172,89.97024913397631,0.12164963607458024,7.3868529821032505,59.47713599831083,6384128706.443639,190.36337219281089,188.15977589989538,185.28840616847862,3.5422034173802373,-1.2927421300739539,193.17999267578125
2023-12-11,193.17999267578125,191.19378662109375,90.16804602304362,0.08953107976813124,6.734838655194798,60.74065707895888,6434979860.107878,190.5294550784675,188.51895078583425,185.78755368371566,3.500904639219069,0.792014350112491,194.7100067138672
2023-12-12,194.7100067138672,192.70806884765625,90.686954852799,0.06177249764702575,6.095026565189211,61.96999420621021,6486200163.039269,190.96517783230524,188.89160472046427,186.2806607454861,3.47058711773349,1.6691402764805296,197.9600067138672
2023-12-13,197.9600067138672,195.9246368408203,91.75389232727312,0.07355443092729841,5.673039850093726,63.276247894361966,6541257245.384382,191.95706963400826,189.3597620478558,186.82127111582156,3.474084730838636,0.07577812569776743,198.11000061035156
2023-12-14,198.11000061035156,196.07310485839844,92.5198216158109,0.09856925229390434,5.433765560348933,64.65323908304461,6598669231.260472,192.7802766788863,189.89581043174172,187.38879545516107,3.479844008367153,-0.272571338787142,197.57000732421875
2023-12-15,197.57000732421875,195.53866577148438,92.98975266857965,0.11301385312946621,5.362938386917368,66.01389491983936,6670306499.961345,193.33195449740595,190.44994760076446,187.95481060204153,3.4676515435271784,-0.8503434538536747,195.88999938964844
2023-12-18,195.88999938964844,193.87591552734375,93.08205155349502,0.09155452810907105,5.317151982183967,67.29260323823267,6738766694.922043,193.44074670339353,191.02112873490847,188.4772807069322,3.4246469634717815,0.5360285953275756,196.94000244140625
2023-12-19,196.94000244140625,194.91514587402344,93.33808356491939,0.060383257618263464,5.371037060356581,68.5020903095618,6801677670.890601,193.73562653751952,191.54775015589553,188.97807554794053,3.387692624822438,-1.07139845994495,194.8300018310547
2023-12-20,194.8300018310547,192.8268280029297,91.1000188652631,-0.00579687028549003,5.375780143827328,69.66506871892618,6740900330.115754,193.55386683060158,192.0187311305758,189.41386519390824,3.351343032924859,-0.07701134572103419,194.67999267578125
2023-12-21,194.67999267578125,192.67832946777344,88.8886965690032,-0.09001285782368074,5.353830800359689,70.4459656709658,6682981957.495877,193.37875935803598,192.40363053434348,189.7914741619204,3.337223776018088,-0.5547553975424946,193.60000610351562
2023-12-22,193.60000610351562,191.60943603515625,84.42863798917921,-0.19232134041504922,5.242802331462997,70.72905196373057,6629217339.399976,193.02489469346006,192.6697827844084,190.09941897444799,3.318084476863312,-0.2840654802347853,193.0500030517578
2023-12-26,193.0500030517578,191.0651397705078,79.66083683467885,-0.3025989094109498,5.046874742088835,70.5833548228032,6580421784.923254,192.63294370886962,192.8801316474486,190.3407070443929,3.2890449814573195,0.051798306053241205,193.14999389648438
2023-12-27,193.14999389648438,191.1641082763672,76.1881024433879,-0.40513486386195474,4.80411256790334,69.50377565553481,6531767801.341877,192.33917662236917,193.017531526455,190.53103748039064,3.2552701455562234,0.22261900039199922,193.5800018310547
2023-12-28,193.5800018310547,191.5896759033203,74.40565695858761,-0.48733878364301564,4.486381024184767,68.49961544666009,6486034634.476775,192.1892764785594,193.0407522109101,190.68896500402576,3.2336177708894915,-0.5424090960026273,192.52999877929688
2023-12-29,192.52999877929688,190.55047607421875,70.52071531318879,-0.5627295746828773,4.103747958885883,67.03494127703827,6440913680.984694,191.86151639769128,192.94887618279057,190.80063656532724,3.2114860100266975,-3.5786675695127945,185.63999938964844
2024-01-02,185.63999938964844,183.73130798339844,55.13919495019991,-0.7114686430635979,3.7663339564886806,63.10239047352378,6388319178.191029,190.23547471483272,192.63922820453328,190.7468116271849,3.1744106145544793,-0.7487574760101201,184.25
2024-01-03,184.25,182.35560607910156,44.91410210668913,-0.8935670420266213,3.579103084087193,59.19818214968317,6334560675.956097,188.6595009876865,192.1611036329626,190.54802013770887,3.1365203435247864,-1.2700093390791922,181.91000366210938
2024-01-04,181.91000366210938,180.0396728515625,36.86137954682234,-1.0944364014321448,3.9238464933744512,56.76330267908436,6277157154.168151,186.9355353604617,191.48109451525684,190.20397396844723,3.095137158067776,-0.4013024744302096,181.17999267578125
2024-01-05,181.17999267578125,179.31716918945312,31.487941945141184,-1.2812644969044162,4.6770542955761325,55.29079545906275,6218758396.737794,185.41186212626,190.66689404482264,189.7475823644294,3.0571790657257534,2.4174823621713637,185.55999755859375
2024-01-08,185.55999755859375,183.65213012695312,30.386086145460297,-1.3718008325226518,5.443619929165075,54.33578226379855,6160210490.793509,185.05991572639863,189.8350096816589,189.3011379227122,3.0438791548115347,-0.22634092583259102,185.13999938964844
2024-01-09,185.13999938964844,183.2364501953125,29.244116142315427,-1.3949241476654037,6.189363254854219,53.657360801622026,6104803806.03808,184.69522262018143,189.00204247433103,188.8624793224712,3.025086635477169,0.5671359753989247,186.19000244140625
2024-01-10,186.19000244140625,184.27565002441406,28.974288184410458,-1.3534841774189865,6.823373024515445,53.09909767722538,6051119878.233738,184.61130810102796,188.19987891354685,188.45760587280995,3.00333946528681,-0.3222572014564551,185.58999633789062
2024-01-11,185.58999633789062,183.6818084716797,28.35022052417662,-1.2771731485840365,7.380567670081642,52.66499185233806,5998347055.990264,184.42540817515834,187.40850206882578,188.07358704446216,2.9932796884208783,0.17781531148914897,185.9199981689453
2024-01-12,185.9199981689453,184.0084228515625,28.05825219221585,-1.1735535369355343,7.811823199855855,52.261893586371265,5948033238.195485,184.34201111043916,186.62377553201375,187.7181988602695,2.9764063002205337,-1.2317010714496535,183.6300048828125
2024-01-16,183.6300048828125,181.7419891357422,26.243403599202782,-1.083437839824744,8.157044897221144,52.20349413481151,5894661583.9596615,183.82200671549975,185.8198245637946,187.34713294172,2.959948886744568,-0.5173440258431028,182.67999267578125
2024-01-17,182.67999267578125,180.8017578125,24.278873374756394,-1.0094043546571845,8.413053730610274,52.42811280969435,5842500780.571003,183.21795693489983,185.11807278580133,186.95387808392758,2.9430096758378324,3.2570446308489265,188.6300048828125
2024-01-18,188.6300048828125,186.6905517578125,30.70211956855358,-0.8641595856685108,8.425114068278148,51.8161852301593,5899830583.28193,183.9124758994824,184.64337027698093,186.66422073302803,2.9686190423895846,1.5533203563038,191.55999755859375
2024-01-19,191.55999755859375,189.5904541015625,39.70791530897415,-0.6517768568551168,8.158631348567694,50.04958864777634,5959475025.450671,185.04807153989842,184.4546238949246,186.51030176225376,3.0203692310857435,1.2163219315895368,193.88999938964844
2024-01-22,193.88999938964844,191.896484375,48.415578127722355,-0.3920223970084593,7.726058577424827,47.033337317525636,6019217359.185664,186.41775410691872,184.5552130929905,186.5014876998409,3.0976576355229817,0.665316065485344,195.17999267578125
2024-01-23,195.17999267578125,193.17320251464844,55.27709644771965,-0.1164860680759705,7.206536401591644,44.05767749606306,6075482346.173658,187.7688437884647,184.82610589919707,186.62218827970983,3.1658698500974602,-0.348402055988406,194.5
2024-01-24,194.5,192.50018310546875,59.35488424232999,0.12892867360449245,6.698558276890322,42.00807936826575,6131220595.764054,188.71511165186553,185.2280948023655,186.82151431515322,3.217126531182308,-0.16965379306976835,194.1699981689453
2024-01-25,194.1699981689453,192.17359924316406,62.07686863239529,0.3260588024290664,6.24998001446536,40.5981013669564,6186775615.436371,189.40680917012526,185.7076449092752,187.0677328727696,3.2630985604997624,-0.9012656450872347,192.4199981689453
2024-01-26,192.4199981689453,190.4416046142578,62.877923920176656,0.45091315615416605,5.831635984920287,39.51036877760513,6240138431.174224,189.61376825895178,186.22648091765453,187.31021243335837,3.287582020895185,-0.35859935367826834,191.72999572753906
2024-01-29,191.72999572753906,189.75868225097656,62.995806529335994,0.5115356293641932,5.402653855341923,38.377971223983025,6292257803.764506,189.64275105735675,186.75655491234633,187.53235896897726,3.2839241673759165,-1.9245779901536086,188.0399932861328
2024-01-30,188.0399932861328,186.10662841796875,58.14378762400128,0.48057194920501456,4.913967095143758,36.8591371250605,6239390425.69228,188.93552652947918,187.26790689374428,187.66599397473934,3.2658896292264012,-1.935755652929927,184.39999389648438
2024-01-31,184.39999389648438,182.50405883789062,50.52196962335583,0.3557768575941851,4.609504969578822,34.60569329574118,6186002963.234499,187.64923299116145,187.7110344993704,187.66439769058906,3.245122691897815,1.3340567092615663,186.86000061035156
2024-02-01,186.86000061035156,184.9387664794922,47.684993877098016,0.22539425306666094,4.492972936187248,32.42444753108886,6130315913.268274,187.1071396888276,188.03050087830493,187.6113254999451,3.228051066055516,-0.5405132462502293,185.85000610351562
2024-02-02,185.85000610351562,183.93914794921875,44.53708727539448,0.09199101793516916,4.484537137524147,31.390941842273765,6065255933.295295,186.47354134090585,188.1730478584057,187.50296510384615,3.2846828692155117,0.9846668120049307,187.67999267578125
2024-02-05,187.67999267578125,185.75033569335938,43.825820351569476,-0.0053178306674133285,4.461405950017155,30.441910129847383,5999274189.316911,186.3289002113966,188.1641624688535,187.39114939980334,3.3285425057471336,0.8631653415572149,189.3000030517578
2024-02-06,189.3000030517578,187.35366821289062,45.16222824600011,-0.05257988706804718,4.413790275511755,29.56066639688003,6060757744.499618,186.5338538116954,188.04066347117657,187.30950220093592,3.3498589611761327,0.05810198551767787,189.41000366210938
2024-02-07,189.41000366210938,187.4625244140625,46.40655599250436,-0.06710273069445379,4.328683786719329,28.506122609988164,6120632388.645783,186.71958793216882,187.84111109920687,187.25331988962478,3.356906042162569,-0.5754486736606834,188.32000732421875
2024-02-08,188.32000732421875,186.38377380371094,46.00007942303129,-0.07633031015125993,4.221707741394412,27.526903379302862,6064540273.328851,186.65242510647727,187.56567269284204,187.19609181503932,3.3438633427511744,0.4093870353022,188.85000610351562
2024-02-09,188.85000610351562,187.1468048095703,46.73969521729692,-0.07098501726397624,4.07676515723867,26.59849385000735,6118445005.5823965,186.75130104709586,187.27942597165645,187.1537307895209,3.3379225995698802,-0.9001738545093008,187.14999389648438
2024-02-12,187.14999389648438,185.462158203125,45.00855126440597,-0.0793881986515067,3.902757503674477,25.76901211514333,6066964839.77956,186.4934724783017,186.96449811375098,187.09084904559526,3.3075847726324215,-1.1274637893880501,185.0399932861328
2024-02-13,185.0399932861328,183.3711395263672,41.04345219278621,-0.11918518894980756,3.6440191977213865,25.5330509353544,6014474807.137291,185.8690058879148,186.65784604959455,186.97448303057806,3.264768009385398,-0.48096882098814797,184.14999389648438
2024-02-14,184.14999389648438,182.4891815185547,37.2209633841826,-0.17958783946971327,3.2756796769497085,25.84126394973824,5961556681.023476,185.19304101404276,186.4122268518827,186.80482188614613,3.2304645328091137,-0.15747167696340547,183.86000061035156
2024-02-15,183.86000061035156,182.20181274414062,34.18640254301195,-0.2443701358074536,3.137690624950816,26.629105837166676,5906135280.132423,184.59479536006234,186.16099241900616,186.59434316937623,3.2036895910215777,-0.8430271461373762,182.30999755859375
2024-02-16,182.30999755859375,180.66580200195312,30.651507672668863,-0.31991374073154144,3.368332468852321,27.686700418417313,5851847659.419581,183.80899668844052,185.8945379537596,186.32907207595377,3.1834613248872485,-0.4113980659307792,181.55999755859375
2024-02-20,181.55999755859375,179.92254638671875,27.610270635040614,-0.39697005697529864,3.8493462993043335,29.068412044633472,5797684442.849308,183.03170662809617,185.56481859542956,186.0150372713959,3.1576707750573765,0.4186100315110908,182.32000732421875
2024-02-21,182.32000732421875,180.67572021484375,25.93063191936734,-0.4504961908985876,4.314535028571398,30.584440228286102,5746079589.593089,182.5605093454457,185.16748414880456,185.6860346117816,3.1252595802192085,1.124370015313203,184.3699951171875
2024-02-22,184.3699951171875,182.70718383789062,26.231504516492375,-0.4534985675998404,4.575057147066832,32.017123473227024,5797821912.198064,182.5898442439347,184.75450977998116,185.39115933865332,3.100896849050995,-1.003390875719834,182.52000427246094
2024-02-23,182.52000427246094,180.87391662597656,24.95441751094682,-0.44741601062694636,4.688244145389915,33.39043328474625,5747404114.114084,182.24665872034308,184.31393314136776,185.09168308929043,3.0718261430287686,-0.7451226628393592,181.16000366210938
2024-02-26,181.16000366210938,179.52618408203125,23.039293735425833,-0.447759868134592,4.730937790048649,34.851628506133295,5698896395.6469,181.7025637926807,183.80905941592624,184.76890982294665,3.0364102559320507,0.8114281945374113,182.6300048828125
2024-02-27,182.6300048828125,180.98291015625,22.546359075074086,-0.4255555724360838,4.637234585849057,36.44783353161174,5649226440.873153,181.5586330653946,183.31557547463555,184.46316917937025,3.029009744866196,-0.662555341518889,181.4199981689453
2024-02-28,181.4199981689453,179.78379821777344,21.33405197227868,-0.4028804297395725,4.598779207399338,38.06361898418848,5599699697.054155,181.20366609587035,182.8490414954311,184.15274031427504,3.022954800781687,-0.3692908802016892,180.75
2024-02-29,180.75,179.119873046875,19.975971626884707,-0.38412398984764096,4.733093591614189,39.718850262774254,5532741781.998957,180.78690748607127,182.40842814263394,183.83218480682706,3.018700467235197,-0.6030429004668325,179.66000366210938
2024-03-01,179.66000366210938,178.03970336914062,18.320189802377133,-0.3763989331565454,4.93183371061311,41.53572628129491,5464462829.954798,180.23746666268514,181.97269527289623,183.48983069786118,3.017415725589939,-2.538127752718755,175.10000610351562
2024-03-04,175.10000610351562,173.5208282470703,15.0382027824799,-0.4257992093967071,5.358461786898647,43.629122928247604,5393537648.31947,178.89413897956217,181.4812095020084,183.0521457723089,3.017783987292914,-2.8440991320593856,170.1199951171875
2024-03-05,170.1199951171875,168.58572387695312,11.602698402037628,-0.5532881704012251,6.109486374364576,45.99441597580634,5317771023.011209,176.83245595904037,180.86128443510282,182.45979436152143,3.0095177557244446,-0.5878118111580344,169.1199951171875
2024-03-06,169.1199951171875,167.59475708007812,9.50673955070199,-0.7081112469254274,7.0395664725608205,48.463257246805526,5243440182.764599,174.98491618324792,180.10372511888306,181.74790120168586,2.996955627440128,-0.0709610515419068,169.0
2024-03-07,169.0,167.475830078125,8.208653097966778,-0.8482736014608696,8.000509349883073,50.93193957213743,5169622490.567311,173.48309896222332,179.1930505907119,180.9607771788799,2.976809969385133,1.0236617340713572,170.72999572753906
2024-03-08,170.72999572753906,169.19021606445312,7.572099503694527,-0.9289158551100356,8.835169232123254,53.33495073506829,5095314936.809482,172.62452238266928,178.2308369569445,180.16684815066938,2.9873186882221474,1.1831566416096617,172.75
2024-03-11,172.75,171.19200134277344,7.366804275700524,-0.9293991530056029,9.399886807268745,55.586473096277196,5023840993.803218,172.33801817469012,177.29438239514545,179.42124529581423,2.9998878539481466,0.2778619833305962,173.22999572753906
2024-03-12,173.22999572753906,171.6676788330078,7.267509469819747,-0.8677686153528938,9.748865624915718,57.715738018221764,4954696759.398207,172.20395030635365,176.35891411924135,178.73388386824655,3.0069122282385354,-1.212257718894405,171.1300048828125
2024-03-13,171.1300048828125,169.5866241455078,6.8777118379386355,-0.7933097133974512,10.040035716172072,59.729171792303205,4888883631.874198,171.6804850741845,175.4065960170728,178.0621316021454,2.9969110480666203,1.0927360365894367,173.0
2024-03-14,173.0,171.43975830078125,6.841366585950743,-0.6825715824474989,10.204529219680365,61.60034054128721,4821650429.854991,171.63233971950388,174.49113924041606,177.44977047046527,3.0093540503568352,-0.21966136548198234,172.6199951171875
2024-03-15,172.6199951171875,171.06317138671875,6.750533757207799,-0.5575357653173945,10.26343020379446,63.37929767340854,4743513328.239625,171.51850605294686,173.6192431794422,176.88488814498731,2.992467177287414,0.63724288623217,173.72000122070312
2024-03-18,173.72000122070312,172.15325927734375,8.214141245510778,-0.41345599060075333,10.227584440836631,64.03541801379579,4821143849.531918,171.64545669782626,172.89437495126862,176.3858946738291,3.0321279022910015,1.3585073029849681,176.0800018310547
2024-03-19,176.0800018310547,174.49197387695312,14.681335332303288,-0.23582046054526717,10.066279461772258,64.1979675723499,4894291306.565752,172.21476013365162,172.43260536872975,175.98864376524077,3.081941775589619,1.4709274779795445,178.6699981689453
2024-03-20,178.6699981689453,177.05862426757812,24.438099724797073,-0.02043409531189333,9.7373120511188,63.43542860433996,4963493892.19282,173.18353296043693,172.25246704644863,175.72149035525945,3.1346046888457724,-4.085743581753221,171.3699951171875
2024-03-21,171.3699951171875,169.824462890625,22.515229641760005,0.1026710068512946,9.32047618507927,62.88667185592009,4886895563.691166,172.51171894647456,172.15532904487375,175.4157978401371,3.187891701521643,0.531015625336928,172.27999877929688
2024-03-22,172.27999877929688,170.72625732421875,21.544849042670908,0.18133342321480006,8.832442033771532,62.56006044300166,4811384880.889843,172.1546266220234,172.10833946880916,175.10521010507864,3.224649393675752,-0.8300416240791142,170.85000610351562
2024-03-25,170.85000610351562,169.3091583251953,20.06094751855659,0.21407368579578323,8.32460440565743,62.44065253369672,4740118674.648785,171.58553296265777,172.03309094760596,174.77000275818142,3.2414601949829245,-0.6672587802010521,169.7100067138672
2024-03-26,169.7100067138672,168.17942810058594,18.425039090933222,0.20867091297913154,7.707941330145609,62.46222037828407,4671628029.655938,170.9043119902434,171.90312711599495,174.4018417326635,3.233927306566936,2.121267411051564,173.30999755859375
2024-03-27,173.30999755859375,171.74696350097656,20.15966008411064,0.23339758475542727,6.899617494349226,62.550906764378766,4738475205.650215,171.07284229239005,171.8423628378155,174.0847941669232,3.2319897064093035,-1.0559268716601622,171.47999572753906
2024-03-28,171.47999572753906,169.93344116210938,19.554178924396098,0.249882641575065,5.910081684157609,62.66110041310003,4671862924.854794,170.84496206633392,171.76362507249848,173.77623872877183,3.2089505107821163,-0.8455512816207378,170.02999877929688
2024-04-01,170.02999877929688,168.49656677246094,18.332074592527373,0.2443372701836175,4.720849040724516,62.863130144019806,4609325000.218456,170.37528300755935,171.6493027679597,173.45233818389443,3.171279304911616,-0.699890089200983,168.83999633789062
2024-04-02,168.83999633789062,167.31727600097656,16.854853065845838,0.21566030431372107,3.595688745295158,63.217749344474896,4549428760.509386,169.76368160624278,171.46112525880136,173.1010375574514,3.1138481420569573,0.47974041761720265,169.64999389648438
2024-04-03,169.64999389648438,168.11996459960938,16.103692571829214,0.19154800038992814,2.9000026283226554,63.650947492823505,4491973428.74213,169.4349382049161,171.18314306592782,172.75188523816232,3.0581354271648227,-0.48924886843330073,168.82000732421875
2024-04-04,168.82000732421875,167.2974395751953,15.157665495653458,0.16482177039376822,2.7094721748384294,64.11956502211515,4435268283.328325,169.00743847897195,170.76553361778133,172.39527126109658,3.027347383847397,0.4501822098767816,169.5800018310547
2024-04-05,169.5800018310547,168.0505828857422,14.740212970851573,0.15255172923851612,2.82473892967604,64.59982883581955,4381483206.997281,168.816067360326,170.39596845916648,172.05439469911843,3.005407872105965,-0.6663450573634933,168.4499969482422
2024-04-08,168.4499969482422,166.9307861328125,13.926393878763129,0.1377880757678378,3.075964179214861,65.13272550240453,4330970045.932446,168.4390111148233,170.02440690844648,171.7100724529951,2.96259575181796,0.7242520458911494,169.6699981689453
2024-04-09,169.6699981689453,168.13978576660156,13.796200013992792,0.14216503880167686,3.286992654676199,65.68929019640002,4282084757.0805774,168.37916604517898,169.70377021669856,171.39284327129832,2.933458461695789,-1.1139275060487508,167.77999877929688
2024-04-10,167.77999877929688,166.26683044433594,12.880735079398143,0.1348438068166491,3.5245443366647202,66.33973051143768,4233034665.999083,167.95669892501036,169.40900891017526,171.0655914287947,2.8834815048849367,4.327073840382889,175.0399932861328
2024-04-11,175.0399932861328,173.46131896972656,26.55737824294734,0.2174860905325562,3.572269295160004,64.98175856637953,4290488798.864279,169.0576229339536,169.2074869743316,170.87435633404792,2.936494262177537,0.8626700953671573,176.5500030517578
2024-04-12,176.5500030517578,174.9577178955078,37.82423534916751,0.3567354801995375,3.525596137976855,61.707112212918986,4356786285.156435,170.23764192626447,169.14675496032467,170.81371686664,3.003906415858431,-2.1863366994798294,172.69000244140625
2024-04-15,172.69000244140625,171.13255310058594,39.344196839454206,0.45946852453438813,3.479948097493048,57.80750342442731,4424530634.19016,170.41662416112877,169.15088907568165,170.77589851373415,3.034960881042041,-1.9167403083436674,169.3800048828125
2024-04-16,169.3800048828125,167.85238647460938,36.58443956121948,0.4887302135842342,3.423563735656473,54.552011403552555,4355592914.96318,169.9037766238249,169.16489857743983,170.69283928612373,3.0923491256619466,-0.8147268447418199,168.0
2024-04-17,168.0,166.48484802246094,33.23688997598596,0.45838474391446304,3.308833607482499,51.859030838194634,4290262499.5815954,169.21999090355212,169.14340384730343,170.5525680115931,3.128661032677055,-0.5714272097310236,167.0399932861328
2024-04-18,167.0399932861328,165.53350830078125,30.044589733224996,0.38780973578935685,2.987945364108284,49.84711402742398,4229373587.276328,168.48269438299795,169.09092943770605,170.35543718982214,3.1407975251056124,-1.221276420015327,165.0
2024-04-19,165.0,163.5118865966797,26.367146716862436,0.27844286748876046,2.8987927141047756,48.671220986990036,4167032577.432114,167.4885328257343,168.95817598424688,170.08239867895662,3.1380874129143126,0.5090932505530388,165.83999633789062
2024-04-22,165.83999633789062,164.3443145751953,24.3379072376145,0.17317431247711035,2.922344478704664,47.97154698858019,4107536489.556743,166.85968917562653,168.80024379032722,169.77547396435375,3.1268156555930724,0.6391643669370284,166.89999389648438
2024-04-23,166.89999389648438,165.39474487304688,23.433025858639876,0.09703162120523112,3.026025191659527,47.595270105287135,4050032059.2564464,166.5667003151106,168.61899721732036,169.46987647394963,3.1042021962575723,1.2702376811808191,169.02000427246094
2024-04-24,169.02000427246094,167.4956512451172,25.32893324950869,0.07346938830138372,3.1165195976032476,47.31591082297251,4105685963.496684,166.75249050111194,168.49857637493054,169.21107780986983,3.0968475016357053,0.5147401451854439,169.88999938964844
2024-04-25,169.88999938964844,168.35781860351562,28.618343019549442,0.09256424983652245,3.040192194825322,46.745551577117425,4160320746.888874,167.07355612159267,168.30016969369444,169.00750431574818,3.091634040825157,-0.347296931580543,169.3000030517578
2024-04-26,169.3000030517578,167.7731170654297,30.064155195034246,0.1256230061126602,2.9178705012376653,45.75141205069825,4212996253.602626,167.2134683103601,167.997752332104,168.83664374380646,3.086197522702319,2.4808054511891164,173.5
2024-04-29,173.5,171.93524169921875,39.039264014734464,0.2167523865379155,2.754608627142633,43.306889956553256,4268770538.9736276,168.15782298813184,167.7718722148043,168.77199414802794,3.156025883399137,-1.8270851090189666,170.3300018310547
2024-04-30,170.3300018310547,168.79383850097656,40.15337086092618,0.28685942941109177,2.663447283312944,40.2609899733789,4326576927.270429,168.2850260907008,167.6099971614919,168.72561623780632,3.2064517786388618,-0.6047148667342905,169.3000030517578
2024-05-01,169.3000030517578,167.7731170654297,39.5272147605968,0.3248095682255303,2.603675223086018,37.475292654952646,4270255196.6329875,168.1826442856466,167.50626249970134,168.6739046233149,3.2540498213062525,2.2031928720760208,173.02999877929688
2024-05-02,173.02999877929688,171.469482421875,45.413191281231654,0.3883601007203863,2.5928312953884176,35.14460639164772,4334155561.1429405,168.8400119128923,167.54199425269078,168.68972436517942,3.3235916713193028,5.981619986929387,183.3800048828125
2024-05-03,183.3800048828125,181.72613525390625,61.31197142108765,0.5862606800774608,3.0426128981913463,35.095913637832844,4417920672.750903,171.4172365810951,167.93486462822688,168.94948743336187,3.5496359871405065,-0.9106683983783226,181.7100067138672
2024-05-06,181.7100067138672,180.0712127685547,68.04349625516883,0.8026416350970766,3.890337402243206,35.84330731440734,4500646702.037273,173.14803181858701,168.56369889252292,169.3493488033833,3.7021864175676233,0.37970885372413665,182.39999389648438
2024-05-07,182.39999389648438,180.7549591064453,72.56265135423719,1.0040692587636855,4.953840816539373,37.074426543721984,4582288685.46637,174.6694172761587,169.3739705886277,169.85602199126666,3.831603804604368,0.1864095910528718,182.74000549316406
2024-05-08,182.74000549316406,181.09190368652344,75.68863016995341,1.1681591282670354,6.060288455133487,38.47757313451883,4656613692.209646,175.95391455823167,170.29411299433968,170.43677366431095,3.9060773551626484,1.0014207064873881,184.57000732421875
2024-05-09,184.57000732421875,182.9053955078125,78.53871876743602,1.3043339228937385,7.286209386341187,40.05374986861404,4725870297.604267,177.34421074814784,171.3211784569952,171.09462481515254,3.956572315869131,-0.6890111928967713,183.0500030517578
2024-05-10,183.0500030517578,181.64515686035156,80.09365241459274,1.3790705525524847,8.448026089094139,41.73609190848157,4791427481.919964,178.2043999705886,172.42027162301807,171.7717462585274,3.9687689797397883,1.7645561094451923,186.27999877929688
2024-05-13,186.27999877929688,184.8503875732422,82.23550374080455,1.438168946189825,9.680729527426937,43.54318604878919,4858282189.372521,179.53359749111934,173.55784907331682,172.5109701854409,3.999059076664052,0.617341988079434,187.42999267578125
2024-05-14,187.42999267578125,185.99154663085938,84.03327101037691,1.4786896479797909,10.931951178884608,45.44069961110809,4922244675.334567,180.82518731906737,174.81186519615346,173.30280038864342,4.013711097262814,1.2217923131915276,189.72000122070312
2024-05-15,189.72000122070312,188.26397705078125,85.814127672333,1.514590808499951,12.189590597740468,47.43429719223547,4987494664.104204,182.31294526541015,176.2248952941298,174.16090942452598,4.0338059721127815,0.06323518398505534,189.83999633789062
2024-05-16,189.83999633789062,188.38302612304688,87.08043143987565,1.524792912508455,13.330181767681827,49.46021670404372,5050263695.119914,183.5269614369375,177.6935902465343,175.05291437808899,4.031622494581638,0.015819055279209238,189.8699951171875
2024-05-17,189.8699951171875,188.41282653808594,88.00831552136853,1.4997624465300152,14.236343390491621,51.46097170571913,5108735499.932482,184.5041344571672,179.00228003414153,175.95303057609644,4.007076896143721,0.6161976892606891,191.0399932861328
2024-05-20,191.0399932861328,189.57382202148438,88.89920570758756,1.4528889886845278,14.920879935278913,53.435210907604734,5164385203.782536,185.51807197003063,180.2392840492859,176.86398689932827,3.9817015192286362,0.6857261522338787,192.35000610351562
2024-05-21,192.35000610351562,190.873779296875,89.7643338107757,1.3951211455364327,15.41263489968922,55.37351976556117,5217366846.862578,186.58921343539953,181.43126366521,177.7901989503827,3.95105798476066,-0.7538429610945752,190.89999389648438
2024-05-22,190.89999389648438,189.4348907470703,90.20130047283583,1.2983365849038222,15.676315070933954,57.254566355661126,5266681861.326613,187.1583488977337,182.55170709916018,178.68240370727327,3.8996537883356357,-2.105800292473381,186.8800048828125
2024-05-23,186.8800048828125,185.44577026367188,87.77278093271839,1.1210320874172224,15.598175272264134,59.02664388662743,5217028669.755385,186.81583317092137,183.4988693414375,179.4570160371445,3.82811717762839,1.6588233028951516,189.97999572753906
2024-05-24,189.97999572753906,188.52198791503906,88.11605578399774,0.94363390477446,15.275439896141052,60.68393685748495,5264016623.012367,187.15706411974492,184.39413575635314,180.1903539497731,3.793634472385211,0.005252943813660593,189.99000549316406
2024-05-28,189.99000549316406,188.53189086914062,88.39869687927312,0.7690968596989265,14.844231132439832,62.28760217006014,5312063005.617953,187.43202946962407,185.18397895420364,180.88003733261607,3.7777955715270726,0.1579037759802615,190.2899932861328
2024-05-29,190.2899932861328,188.82958984375,88.6930888564635,0.6040398745812405,14.150064309980797,63.81116265039975,5361113711.702422,187.7115415444493,185.87261437674184,181.5306567813621,3.76517686745149,0.5255053358605544,191.2899932861328
2024-05-30,191.2899932861328,189.8218994140625,89.14118563147986,0.46129845241800416,13.114266410469362,65.25244787586136,5410332096.569997,188.13361311837193,186.454681162038,182.15950976583923,3.749877629632194,0.5018581742626038,192.25
2024-05-31,192.25,190.7745361328125,89.69173675855797,0.3457472271341979,11.861464397172288,66.62177923704535,5464738464.464057,188.66179772126006,186.96816479047027,182.77877528540313,3.7242014855453465,0.9258794170812434,194.02999877929688
2024-06-03,194.02999877929688,192.54087829589844,90.45707677235093,0.2683109133793664,10.913235313856417,67.97320561120411,5518279658.7793045,189.43761383618775,187.46151272837233,183.41295038547784,3.7121458910066334,0.16491843353005908,194.35000610351562
2024-06-04,194.35000610351562,192.85841369628906,91.0856314369655,0.2123628115266225,10.089739791692201,69.29497320087731,5570606894.231503,190.12177380820802,187.92188291219009,184.0518859495474,3.6898614941680714,0.7821004687887267,195.8699951171875
2024-06-05,195.8699951171875,194.36676025390625,91.80681788549138,0.18285151123173282,9.390488208210284,70.60313084070908,5623300042.593261,190.97077109734767,188.3600386783849,184.71082739219503,3.6783319237455285,-0.7096550327287954,194.47999572753906
2024-06-06,194.47999572753906,192.9874267578125,92.13245675294026,0.142599188547468,8.710694881749108,71.87046203539407,5673690921.282668,191.37410222944064,188.78161401155558,185.34542499574223,3.6476943546080447,1.2392050870582594,196.88999938964844
2024-06-07,196.88999938964844,195.37893676757812,92.7488109618507,0.12277586823599052,8.157677466106257,73.0952029786458,5724624404.234194,192.17506913706816,189.31753760817023,185.99586729491614,3.6292904650914246,-1.9147783636722315,193.1199951171875
2024-06-10,193.1199951171875,191.6378631591797,91.7109164798922,0.05854390806515575,7.469848916344122,74.27534105232536,5664475577.872973,192.06762794149049,189.8085939903448,186.57413021363752,3.5912158017231945,7.264917555518546,207.14999389648438
2024-06-11,207.14999389648438,205.56019592285156,93.63689828299262,0.14878066444438964,7.283700192760299,75.53157794517026,5747069298.961949,194.7661415377627,190.5420051971587,187.35432176831608,3.7333735475240286,2.8578283206744715,213.07000732421875
2024-06-12,213.07000732421875,211.43475341796875,95.13942661875303,0.3713034990541031,7.850408857565645,76.87618537429671,5852771135.833131,198.09986391380392,191.58083743409415,188.37770673455302,3.9947825512313138,0.5491106468634266,214.24000549316406
2024-06-13,214.24000549316406,212.59576416015625,96.01967092575958,0.6364979180939789,9.027028556692962,78.19567810453142,5956905145.330075,200.99904396307437,192.86738051856437,189.57973885155505,4.207835868711011,-0.8168351865786572,212.49000549316406
2024-06-14,212.49000549316406,210.8592071533203,96.48585647785812,0.8539170406052898,10.354352925528337,79.45941624979942,6054236892.927631,202.97107660112357,194.29830840655072,190.85510435151394,4.34276687798276,1.9671508572807195,216.6699981689453
2024-06-17,216.6699981689453,215.0071258544922,96.95472482036028,1.0558198065348456,11.851837635380967,80.67043355251042,6150847951.005676,205.37828645179732,195.89237566811167,192.23826455154094,4.496544526540904,-1.098440269888512,214.2899932861328
2024-06-18,214.2899932861328,212.64540100097656,97.19782712381964,1.1741382628886559,13.240657111662397,81.8195881142651,6244125457.468112,206.8317093616332,197.5633692234542,193.6281164382164,4.598298415495229,-2.1512882277170076,209.67999267578125
2024-06-20,209.67999267578125,208.07078552246094,97.23830878526212,1.1542500802290823,14.308098006615309,82.89410867826497,6335981962.638061,207.07952459379877,199.17424457309932,194.90920292922425,4.684878591213197,-1.0444534580823395,207.49000549316406
2024-06-21,207.49000549316406,205.8975830078125,95.81635415257438,1.015247716395952,15.014094126447123,83.89188434680449,6214135738.502102,206.84313627660154,200.7211479778154,196.04576800992686,4.750554153004882,0.31327202671704857,208.13999938964844
2024-06-24,208.13999938964844,206.5426025390625,95.43420376832496,0.817809548073618,15.36369619268597,84.82067523910465,6100513359.193335,206.78302952909377,202.18194401701794,197.06836434508563,4.818762376869373,0.4468166905733373,209.07000732421875
2024-06-25,209.07000732421875,207.46546936035156,95.47830510284213,0.6047772465867123,15.497369550152177,85.68312392481194,6202521202.640348,206.91951749534533,203.66713297240344,198.00656940701515,4.84122904374367,1.9993223234552993,213.25
2024-06-26,213.25,211.61337280273438,95.78021382859119,0.44295977298286626,15.52445819850313,86.4930870554369,6297370117.39796,207.85828855682317,204.9763476743095,198.94482837366354,4.894394313511096,0.39859264593034016,214.10000610351562
2024-06-27,214.10000610351562,212.45684814453125,96.05791469347133,0.3194995956925304,15.430865284491183,87.25506287397664,6383203789.204048,208.7780004743648,206.04416133036563,199.8813209546827,4.922920490722878,-1.625409054515603,210.6199951171875
2024-06-28,210.6199951171875,209.00355529785156,96.07157060591473,0.17000982133902998,15.11940122066961,87.9713579242517,6468379266.648919,208.82311143906216,206.8265680779644,200.73292004843313,4.925400489351126,2.9104659421955725,216.75
2024-07-01,216.75,215.08653259277344,96.44033425507023,0.08871871877059334,14.750052061877764,88.64748619304056,6548600228.6048155,210.07579566980445,207.53703998483246,201.62271772665895,4.978400470041157,1.6239886872157383,220.27000427246094
2024-07-02,220.27000427246094,218.5795135498047,96.86993447358681,0.08282652913298882,14.40677146784776,89.29123650832346,6624386238.169533,211.7765392458045,208.17686526423316,202.58974834752996,5.022272910268008,0.5810890421224624,221.5500030517578
2024-07-03,221.5500030517578,219.8496551513672,97.21372667357917,0.11881701489520591,14.051027327275332,89.90329795437151,6692489005.821307,213.39116242691708,208.83281057076155,203.61845445032873,5.025552674317742,2.1620526889554403,226.33999633789062
2024-07-05,226.33999633789062,224.60292053222656,97.60685070851589,0.2189614239989668,13.791936694726243,90.4916236957176,6759053699.942726,215.633514047979,209.68820951617963,204.76274584058115,5.0504860579340765,0.6538910730926606,227.82000732421875
2024-07-08,227.82000732421875,226.0715789794922,97.90343321950235,0.3436924184298533,13.505159000517537,91.05353914512482,6824122635.2398615,217.72112703428164,210.77600859194763,205.99687738283833,5.043245135954138,0.377488209061827,228.67999267578125
2024-07-09,228.67999267578125,226.9249725341797,98.12418297355006,0.4607588586899851,13.199115984367399,91.58814457563248,6885793003.47757,219.56189613426125,212.05389525246437,207.2887839305929,5.013368590783872,1.8803429722988207,232.97999572753906
2024-07-10,232.97999572753906,231.1919403076172,98.35926844337821,0.5968011922600445,12.728898618413297,92.09766187682142,6947654838.067737,221.88790496893245,213.55073399982305,208.67917641043474,5.00748402445869,-2.3220766140675475,227.57000732421875
2024-07-11,227.57000732421875,225.823486328125,98.43093056947284,0.6380369253435889,12.407441800225376,92.57904070299796,7010086425.73987,222.67502124077097,215.03240726821784,210.0121140133239,4.984108758818755,1.305085391681704,230.5399932861328
2024-07-12,230.5399932861328,228.7706756591797,98.53747976323668,0.6438040207326399,12.461376744503585,93.03225722142228,7070640995.877577,223.89415212445272,216.54402243322662,211.33421288105043,4.9645882938501105,1.674333167808495,234.39999389648438
2024-07-15,234.39999389648438,232.60105895996094,98.67580118514614,0.6588991866746774,12.87527374690453,93.46139005918789,7131610911.987742,225.63553349155436,218.22526463847583,212.69624341538415,5.000012116652107,0.1791882741659867,234.82000732421875
2024-07-16,234.82000732421875,233.01785278320312,98.78106558312038,0.6606415119400166,13.419128168314494,93.86504290440955,7189033704.8758745,227.11199734988412,219.9288848064838,214.069172361527,5.0073117163885605,-2.529602074722004,228.8800048828125
2024-07-17,228.8800048828125,227.12342834472656,98.78122714056599,0.55833888987486,13.896088378922336,94.24039676711153,7246441119.18638,227.1142835488526,221.46265923678862,215.31156390317705,4.967278650787688,-2.053482753266911,224.17999267578125
2024-07-18,224.17999267578125,222.45948791503906,93.35514730138122,0.33535567927698295,14.120167546018514,93.88262095099972,7187308267.737976,226.1833244220899,222.7418754363059,216.34696966688304,4.983292938029292,0.057993957790958284,224.30999755859375
2024-07-19,224.30999755859375,222.5885009765625,89.27655031650623,0.06118600844521005,14.065834328098326,93.15904844081501,7130171686.579252,225.46435973298443,223.72496000480646,217.21529253032128,4.97428514190065,-0.15602335140352253,223.9600067138672
2024-07-22,223.9600067138672,222.2412109375,85.66284693655801,-0.22608949054243332,13.717542439695302,92.13593022781993,7074822061.652273,224.81972997388755,224.43482029876708,217.9395246678038,4.963532454769453,0.4688083598813675,225.00999450683594
2024-07-23,225.00999450683594,223.28309631347656,83.91883592417453,-0.48447881749408417,13.129375273498354,90.8280037702122,7022550301.71069,224.51240324180537,224.92987100952146,218.565513103423,4.945494420198502,-2.8754163255161336,218.5399932861328
2024-07-24,218.5399932861328,216.86277770996094,75.66070746974981,-0.7881368027539608,12.249514426744224,88.42462570451863,6968377373.757423,222.9824781354365,225.03932832617187,218.98617643980523,4.9710162194993215,-0.4804493904196794,217.49000549316406
2024-07-25,217.49000549316406,215.82086181640625,68.83157627710756,-1.096225007909669,11.2599101355459,85.00344498669565,6914760791.39481,221.55015487163047,224.9268416892578,219.2303648618838,5.007960909934627,0.21609107895370627,217.9600067138672
2024-07-26,217.9600067138672,216.2872314453125,64.24257002786514,-1.364206948781944,10.217336208135423,81.1517753391472,6863547265.504719,220.4975701863669,224.5871834954492,219.35105108326314,5.013577681063616,0.1284621788269158,218.24000549316406
2024-07-29,218.24000549316406,216.56507873535156,60.971547243495536,-1.5729126883357614,8.970354666248241,77.03251774957516,6815314084.792646,219.71107189616384,223.99473733591014,219.3853387797299,4.996841930626496,0.2566017762938966,218.8000030517578
2024-07-30,218.8000030517578,217.12078857421875,58.84613691843378,-1.7128082499216468,7.75995596101913,72.8298561655975,6768398780.222988,219.19301523177484,223.20283912409923,219.36702225135323,4.973169155776645,1.4990834358687533,222.0800018310547
2024-07-31,222.0800018310547,220.3756103515625,59.53959355325508,-1.7501822744561508,6.686714699465815,68.96881719684687,6815938283.878715,219.4295342557324,222.43436419478724,219.37297577557985,4.930109855682894,-1.6750797782328575,218.36000061035156
2024-08-01,218.36000061035156,216.68414306640625,57.13275636634369,-1.7674845401374464,5.832641119926401,65.1238049445697,6765406480.954133,218.88045601786717,221.70407735436498,219.32606913198816,4.934264112747467,0.6869492666935706,219.86000061035156
2024-08-02,219.86000061035156,218.1726531982422,56.4986362241226,-1.7412639221588968,5.369693082454155,61.74021146945426,6703867318.614469,218.73889545394218,221.03153092646073,219.2701478293171,4.979574921951163,-4.816695683214689,209.27000427246094
2024-08-05,209.27000427246094,207.6639404296875,47.59681911383826,-1.8174913261309174,5.556479835709203,58.3767734009745,6630726268.742737,216.52390444909128,220.2019483739811,219.00860084072414,5.192097595617464,-0.9748216388242747,207.22999572753906
2024-08-06,207.22999572753906,205.63958740234375,40.79410784841866,-1.9473595545927065,6.308945593187498,56.14023978433253,6558281328.845351,214.34704103974178,219.18541215377473,218.56464276444012,5.403227304245686,1.2498297072983888,209.82000732421875
2024-08-07,209.82000732421875,208.20973205566406,37.53635803028649,-2.039013886244219,7.234785453674023,54.36160226213262,6487622096.927443,213.11957924292625,218.19912226452368,218.0460652862007,5.586448983451712,1.6633208095457208,213.30999755859375
2024-08-08,213.30999755859375,211.6729278564453,36.79054983647242,-2.0373951291582895,8.014881766387102,52.80264395824188,6421662491.393116,212.8302489656301,217.32713167392365,217.5493208747178,5.719464318486699,1.3735819928162751,216.24000549316406
2024-08-09,216.24000549316406,214.58042907714844,38.38555143872662,-1.9319529657867678,8.528212019328937,51.35503981891477,6482870495.820578,213.18028498793376,216.59540315408034,217.13322221883362,5.805283327942789,0.7129974571817188,217.52999877929688
2024-08-12,217.52999877929688,216.11038208007812,41.0667173791514,-1.7475005345445234,8.686348722336904,49.735766199722946,6539442519.362547,213.76630440636265,216.00092640510024,216.81256337955068,5.84195895032985,1.7193096665186314,221.27000427246094
2024-08-13,221.27000427246094,219.82598876953125,46.27364106050537,-1.479267802451803,8.391830823484414,47.7123148144637,6593531198.196122,214.9782412789964,215.57944900982238,216.63786603664076,5.826890068852848,0.2033732513815334,221.72000122070312
2024-08-14,221.72000122070312,220.27305603027344,50.39755079978256,-1.1789752917343337,7.853023387088892,45.29866186716674,6645194261.262982,216.0372042292518,215.24021600717435,216.58066015022277,5.780026210644246,1.3530583482816771,224.72000122070312
2024-08-15,224.72000122070312,223.25347900390625,55.41992961630633,-0.8471184213633718,7.248371375509781,42.39880614632168,6695807511.716471,217.4804591841827,215.1002163238059,216.66635529631418,5.6996414214897895,0.5918472518204432,226.0500030517578
2024-08-16,226.0500030517578,224.57479858398438,59.736164516239825,-0.5124996792924513,6.632208994224697,39.66332000458489,6745166152.079261,218.89932706414305,215.116259484826,216.87901927420265,5.608468278299489,-0.07078535323440382,225.88999938964844
2024-08-19,225.88999938964844,224.41583251953125,62.75583361052105,-0.2126617617447819,6.069842796660555,37.51145843739433,6792790624.3694935,220.0026281552207,215.46413185543895,217.1765058342996,5.499132885201377,0.27446884258146564,226.50999450683594
2024-08-20,226.50999450683594,225.0317840576172,65.31008247354823,0.04392260689694594,5.564856688278479,35.91595234548729,6836950002.201679,221.0084593357,216.13027368503475,217.54145378681392,5.36406092069556,-0.04856356079798729,226.39999389648438
2024-08-21,226.39999389648438,224.92250061035156,67.195688113272,0.245613001863072,5.3915697283823825,34.8090311455666,6879230604.467428,221.7912675906303,216.99744251980516,217.94619795860595,5.229209614908759,-0.8259748756505925,224.52999877929688
2024-08-22,224.52999877929688,223.064697265625,67.8087712956428,0.36806063943898404,5.455619903579546,34.096621992117655,6921794146.280027,222.04595352562924,217.91901297580506,218.33665086975103,5.117464580516586,1.0288213069664875,226.83999633789062
2024-08-23,226.83999633789062,225.35963439941406,69.41082346713044,0.45962347274648097,5.7151042048393075,33.670962460047456,6963580439.730106,222.70868970038623,218.87185344705034,218.7530355202877,5.023545067395212,0.1498797935076679,227.17999267578125
2024-08-26,227.17999267578125,225.69740295410156,70.82129202940044,0.521833124321718,6.0887535546236915,33.39035768995675,7003129914.49017,223.3064323511293,219.825866241527,219.18669236132024,4.925138878699925,0.3741590076061563,228.02999877929688
2024-08-27,228.02999877929688,226.5418701171875,72.30981313161081,0.564343350671221,6.5314028620004345,33.348770880732076,7041956414.298221,223.95351990434094,220.72339410406147,219.640675936846,4.838249536171531,-0.6753510960857967,226.49000549316406
2024-08-28,226.49000549316406,225.0119171142578,72.79866742955865,0.5632049215035166,6.940533279677857,33.56067392328775,7080628054.144661,224.1651993463243,221.5361936157687,220.0715829282249,4.764299715984706,1.457015114420268,229.7899932861328
2024-08-29,229.7899932861328,228.29037475585938,74.67528804466355,0.5726273050992665,7.414481503435889,34.16731250080547,7121946626.021813,224.99023442823133,222.28717114017354,220.5400259282255,4.729009524957597,-0.3437883950512699,229.0
2024-08-30,229.0,227.5055389404297,75.77283167176572,0.5663222912182779,7.882527056032645,34.86674412092184,7165599643.523536,225.493295330671,222.94656796682634,221.01176587131556,4.665374091846995,-2.7205188425360127,222.77000427246094
2024-09-03,222.77000427246094,221.3162078857422,70.32230981261604,0.46378084146724086,8.097490068715944,34.82552074858827,7120639109.522159,224.65787784168526,223.41209293547277,221.35901463039838,4.653378132807056,-0.8618826339636287,220.85000610351562
2024-09-04,220.85000610351562,219.40872192382812,64.08389750344513,0.29155521893023906,7.948128845951874,33.72372970936915,7075902642.321056,223.60804665811384,223.67205166771416,221.57320815684747,4.639418633505255,0.6927729486472467,222.3800048828125
2024-09-05,222.3800048828125,220.92872619628906,61.104201935159715,0.11681692434091007,7.49359857280187,32.488882471294765,7032790388.560175,223.0721825657489,223.80014316522602,221.7159676243619,4.619342617189245,-0.7014953257472922,220.82000732421875
2024-09-06,220.82000732421875,219.37892150878906,57.15892868816141,-0.06354390767500018,6.811207592159756,30.921666519274872,6988615985.55147,222.33353035435695,223.8289008480988,221.77478312245665,4.616581270833264,0.040758931300821644,220.91000366210938
2024-09-09,220.91000366210938,219.4683380126953,54.23341955504055,-0.22726011277944957,6.0059072359729,28.744979758375376,6939840463.1445055,221.76049188602465,223.73408106666264,221.77342205232029,4.613721646222544,-0.36214086874456486,220.11000061035156
2024-09-10,220.11000061035156,218.67355346679688,51.193308534716046,-0.37427380575527613,5.124901257750655,27.18105154017743,6890501845.218934,221.1431042021791,223.5177482517676,221.71339178087825,4.613544187279971,1.1585103332009794,222.66000366210938
2024-09-11,222.66000366210938,221.2069091796875,51.25413205329608,-0.4620443247109931,4.3186770081827515,25.99386684917847,6938890159.559391,221.15586519768078,223.23798278110164,221.66029401104993,4.621790257222092,0.04941016827186839,222.77000427246094
2024-09-12,222.77000427246094,221.3162078857422,51.417982263655524,-0.5057960395748453,3.573916139357194,24.891481064679436,6985091931.031756,221.1879337352931,222.9402562199985,221.6153073181207,4.61517598732648,-0.12119955221181478,222.5
2024-09-13,222.5,221.0479736328125,51.25602743006849,-0.5223441966502596,3.0281698721928314,23.867837121930332,6940777193.853864,221.159941714797,222.55722694865509,221.5719391654232,4.574759867356838,-2.7775254373006764,216.32000732421875
2024-09-16,216.32000732421875,214.90830993652344,44.51185858959748,-0.5977902025763744,2.858639568255372,23.6840813505393,6893453924.111549,219.90961535914226,221.9988589515022,221.41362261244404,4.526525652299405,0.21725005788388874,216.7899932861328
2024-09-17,216.7899932861328,215.3751983642578,40.363424054146705,-0.6829170228798698,3.02123609268865,23.98429428686835,6846491448.3176985,219.0027319601654,221.43334436335022,221.18401397889372,4.460315496030811,1.798980348964907,220.69000244140625
2024-09-18,220.69000244140625,219.249755859375,40.687730257530795,-0.7070645179571496,3.2588282324512714,24.067086201180388,6896040408.95278,219.05213674000734,220.9777533715396,220.98097805138073,4.421269350398478,3.706564077381258,228.8699951171875
2024-09-19,228.8699951171875,227.3763885498047,50.46364720464181,-0.5870199956184932,3.3148586946623877,22.83616170952694,6949035837.460845,220.71698710196682,220.74223382516138,220.95583605619845,4.419197117198699,-0.29274550427984547,228.1999969482422
2024-09-20,228.1999969482422,226.71075439453125,56.07725177437844,-0.41129892063094287,3.3167814474518176,21.939005960623437,7055168160.267297,221.91574056047972,220.70045484577363,221.04725553279667,4.436149324977253,-0.7581111390202899,226.47000122070312
2024-09-23,226.47000122070312,224.99203491210938,58.666269853343444,-0.2461922782243181,3.313792642510513,21.54135276356045,7150903218.512458,222.53099943080565,220.77750560025174,221.1885644754642,4.424500868308945,0.3974071890294528,227.3699951171875
2024-09-24,227.3699951171875,225.88616943359375,61.34265681570751,-0.0922731590322351,3.308758890866587,21.492829942816517,7236202485.108587,223.2020334313633,220.98339852317017,221.38032342364508,4.414897305113879,-0.4398096797038842,226.3699951171875
2024-09-25,226.3699951171875,224.8927001953125,62.65487599156388,0.025530510350401325,3.278438918296504,21.495847174244084,7312903638.38549,223.54016678415314,221.2218286818174,221.5860227913125,4.382893477426729,0.5080208606426329,227.52000427246094
2024-09-26,227.52000427246094,226.0352020263672,64.56645533864842,0.12473064668354927,3.2668324297569153,21.66695455854709,7381591901.007013,224.03917383259596,221.5069526915477,221.81965622381568,4.340649246294333,0.11866923847481115,227.7899932861328
2024-09-27,227.7899932861328,226.30343627929688,66.25459299334408,0.20384045133390916,3.204077489192553,22.068297281521815,7443347711.104232,224.49202632193615,221.8401611522616,222.0741676617319,4.291340298322289,2.287199088505165,233.0
2024-09-30,233.0,231.4794464111328,70.86723487907734,0.3260305423134402,3.2728271239262123,22.961880602474295,7503660739.182007,225.8895103397755,222.43815065032493,222.4375336310694,4.289071128719924,-2.9141667331894716,226.2100067138672
2024-10-01,226.2100067138672,224.73374938964844,69.182743873209,0.3641382681316091,3.4133513174048216,23.496050162936093,7442753316.719788,225.6583581497501,223.1037132692834,222.74427882332472,4.264379878465787,0.2519800346968193,226.77999877929688
2024-10-02,226.77999877929688,225.30003356933594,68.6380140092864,0.35689528691631045,3.619386586139917,23.618430529709112,7387451258.750011,225.58669323366726,223.7571689186494,223.01498495764307,4.247260820652154,-0.4894663914892683,225.6699981689453
2024-10-03,225.6699981689453,224.197265625,66.45305954549633,0.30763309633036706,3.790040483576863,23.488764228682037,7336400772.374191,225.30880771193384,224.21635097964608,223.23344426757552,4.22372565504378,0.5007285105715686,226.8000030517578
2024-10-04,226.8000030517578,225.31988525390625,66.46222605678773,0.25179072011206083,3.945189497915263,23.326666620699097,7384690181.474848,225.31102322032834,224.55587924563093,223.43130892974247,4.201189095765326,-2.2530833848686815,221.69000244140625
2024-10-07,221.69000244140625,220.2432403564453,58.57662529815001,0.12935327748054304,3.977788282596283,22.58615334229513,7338157574.194323,224.29746664755174,224.73252596730555,223.5138001409624,4.186716387652566,1.840415395437156,225.77000427246094
2024-10-08,225.77000427246094,224.296630859375,58.57539094904684,0.035971033170116185,3.9604257441601924,21.808948661301585,7294560348.369903,224.2972994899164,224.84205257316086,223.58841912657704,4.155154937910037,1.6698318528298728,229.5399932861328
2024-10-09,229.5399932861328,228.04200744628906,62.398568367724856,0.013419660868205119,3.9713366309102556,21.46097878474445,7336156349.029439,225.04624108119094,224.99266000286465,223.72725931273075,4.142635621401806,-0.2178259280837147,229.0399932861328
2024-10-10,229.0399932861328,227.54527282714844,64.73750054940845,0.020516071873654784,3.99394276063647,21.3899958494323,7375069849.557068,225.54604743038246,225.14334736264328,223.90047722869758,4.107440789276448,-0.6505321374342898,227.5500030517578
2024-10-11,227.5500030517578,226.0650177001953,65.22131825192504,0.02050379368961086,3.984071967670226,21.51160676890552,7412552489.979171,225.64984148434505,225.25912887888418,224.06708334828306,4.052189864482501,1.6479814884474475,231.3000030517578
2024-10-14,231.3000030517578,229.79052734375,68.88904137358206,0.06221572377712414,3.8387297315735216,22.1006905156951,7450515022.316854,226.47797865622604,225.31797571052925,224.29669242523002,4.007750135207973,1.102469714902532,233.85000610351562
2024-10-15,233.85000610351562,232.3238983154297,73.18812467721881,0.14951597622990276,3.544656441638474,23.608916661236293,7493835328.186999,227.6471625880668,225.5168561543609,224.61578482169068,4.02747673652127,-0.8851945794639438,231.77999877929688
2024-10-16,231.77999877929688,230.2673797607422,74.86467322008811,0.21930154593225915,3.136495484722052,25.14019069441123,7535308012.883116,228.1712060226019,225.77530743325437,224.95439636463462,3.9816824984288104,0.15964690546950155,232.14999389648438
2024-10-17,232.14999389648438,230.63499450683594,76.36146151630987,0.2719545616500383,3.019044236741252,26.82576078187202,7575084920.640009,228.6639637194487,226.11082303400585,225.30768849366453,3.9419631193364792,1.2276433279887256,235.0
2024-10-18,235.0,233.46636962890625,78.98799781585372,0.3403382470256051,3.17596067450745,28.776568727980013,7616192746.845524,229.62444490134024,226.54216520210701,225.7188081515384,3.935357795576589,0.6297853161462141,236.47999572753906
2024-10-21,236.47999572753906,234.93670654296875,81.44411824567084,0.4207286862367643,3.4983224032570086,30.905527138000426,7656329907.809936,230.68689722966596,227.18110826031847,226.19195949231246,3.922569250483996,-0.2621711559509854,235.86000061035156
2024-10-22,235.86000061035156,234.32077026367188,82.91529445746556,0.48204943271634315,3.8899384272736874,33.07165021309218,7696208956.581465,231.41367183646713,227.89274549497355,226.68926542985102,3.875365265947362,-2.1622971877737873,230.75999450683594
2024-10-23,230.75999450683594,229.25405883789062,78.9111271856163,0.4531590934172347,4.089081342503311,34.28321108427595,7653848317.564241,230.98174923675185,228.4862963105296,227.0980734114606,3.8818307815976216,-0.082339427467093,230.57000732421875
2024-10-24,230.57000732421875,229.06529235839844,75.42992657129794,0.37131136242482543,4.185423292551146,34.95626337065418,7613737906.350463,230.5984578610812,228.9915373535995,227.4314433590435,3.865607634373698,0.3643213176531823,231.41000366210938
2024-10-25,231.41000366210938,229.8998260498047,74.14578978159753,0.2752590140201894,4.236709128147955,35.507429575756234,7573889117.37944,230.4587314988259,229.4724263550476,227.71975651521325,3.850475957323222,0.8599352944553607,233.39999389648438
2024-10-28,233.39999389648438,231.87681579589844,75.0734072043438,0.20172811386099432,4.376493188972924,36.15461168132638,7612985568.556259,230.74234835824043,229.89886332524904,228.00762240502536,3.8153712360636973,0.115679634468413,233.6699981689453
2024-10-29,233.6699981689453,232.14505004882812,75.99101964606254,0.14551171686067588,4.48299288980461,36.822960933295676,7651346169.497714,231.02288869635797,230.23643593607815,228.2947906232475,3.7636682716092094,-1.527791307109605,230.10000610351562
2024-10-30,230.10000610351562,228.59835815429688,71.11773989207022,0.05391401679486951,4.488638233596947,37.089066760149116,7611243508.74455,230.53798258794578,230.47311359261255,228.50842795321876,3.7273608997145753,-1.8209419639871327,225.91000366210938
2024-10-31,225.91000366210938,224.4357147216797,60.58642311605704,-0.10212209757029944,4.357908630509428,35.96711851886561,7566287360.142018,229.31752901469258,230.5384701221369,228.58548519716865,3.7108560779378865,-1.3279696754671555,222.91000366210938
2024-11-01,222.91000366210938,221.4552764892578,50.2596508125506,-0.3125981556293578,4.193450335554445,33.67796042517577,7517267101.259994,227.74507850960563,230.35053348296344,228.5054464650198,3.7181545782340164,-0.4037471027422912,222.00999450683594
2024-11-04,222.00999450683594,220.5611572265625,43.04078838742055,-0.5367922354945436,3.949984699833534,32.66368276538185,7469061994.154374,226.30829425299703,229.91267318529657,228.29619387339858,3.714459635511594,0.6486196596593885,223.4499969482422
2024-11-05,223.4499969482422,221.99176025390625,39.38070431084264,-0.7200104319048013,3.7805934596805804,32.28273416790381,7424875648.469878,225.4449874531789,229.31580474696773,228.02465040480624,3.698793934104683,-0.32670142500383914,222.72000122070312
2024-11-06,222.72000122070312,221.26651000976562,36.17389119347043,-0.864537999001713,3.8470072742702675,32.32656702751687,7378614351.922281,224.60929196449626,228.67855901974218,227.69937817239577,3.704030998041091,2.1372158266901975,227.47999572753906
2024-11-07,227.47999572753906,225.99545288085938,37.978215908229075,-0.9042437543193624,3.9345172268108786,32.367268968586146,7424050929.160358,224.88652414776888,228.10736564841093,227.4314873129075,3.7022923392588902,-0.11881839501586278,226.9600067138672
2024-11-08,226.9600067138672,225.7269287109375,39.1022437201669,-0.8810726121144361,4.008096158553147,32.269723965833485,7468065950.95082,225.05460506040262,227.5669530045686,227.2051175745737,3.680253730745559,-1.2028602253461695,224.22999572753906
2024-11-11,224.22999572753906,223.01174926757812,37.33116315997317,-0.8544985635469964,4.208733253801855,32.54113145576368,7424452813.518451,224.64603390183774,226.95732155892836,226.9613953200274,3.671307096099894,0.0,224.22999572753906
2024-11-12,224.22999572753906,223.01174926757812,35.929130857541026,-0.8200223082920497,4.489194272206249,32.874609439527404,7381482643.572556,224.31917697498582,226.28695038679115,226.7097554776425,3.644070862240819,0.3969128785468401,225.1199951171875
2024-11-13,225.1199951171875,223.89691162109375,35.55754370825678,-0.7650617607372712,4.749887274585359,33.3181174009794,7337393267.615839,224.2347239042074,225.65662451841735,226.4740381849344,3.627351496051328,1.3770582611637439,228.22000122070312
2024-11-14,228.22000122070312,226.9801025390625,39.90890903329445,-0.6579691199940523,4.9078703954514795,33.28704969686766,7381649548.381212,224.78379963117843,225.2032515800659,226.31306308457667,3.6183977328982238,-1.4109298001904858,225.0
2024-11-15,225.0,223.77757263183594,38.87286454178427,-0.5701991631067832,5.013892875694527,33.25820111447818,7336659783.768913,224.58255423130996,224.88699915223634,226.1482527175989,3.5979120254642907,1.3422261395069857,228.02000427246094
2024-11-18,228.02000427246094,226.7811737060547,42.39195533885008,-0.45693657408454935,4.953775219968147,32.606199692515254,7381578335.458752,225.02227812625893,224.75839753956254,226.04101704223316,3.5965811470670017,0.11401307103171554,228.27999877929688
2024-11-19,228.27999877929688,227.03973388671875,45.49286028540574,-0.33490394731036155,4.723479646824067,31.426157708521153,7424755536.810623,225.4257692783509,224.7564757220797,225.98242201710153,3.5942127638709174,0.31541185202828004,229.0
2024-11-20,229.0,227.75584411621094,48.9131653762193,-0.2090181450450097,4.46564307189046,29.94374202899821,7466331217.89212,225.89178424592293,224.88472495022236,225.97378984841785,3.598821686671853,-0.2096044896067739,228.52000427246094
2024-11-21,228.52000427246094,227.27845764160156,50.888250666038694,-0.09888112938524674,4.197146935179767,28.210320042510297,7508013422.757318,226.16911892505868,225.01298442795135,225.99239261762173,3.614405104489269,0.5907517065716572,229.8699951171875
2024-11-22,229.8699951171875,228.62110900878906,54.2560032408034,0.009433862128106263,3.8938030070089518,26.195779246861328,7548992846.649475,226.65951694180475,225.17347561609157,226.05592826754395,3.612347051405351,1.3050866677260853,232.8699951171875
2024-11-25,232.8699951171875,231.6048126220703,60.18593304856938,0.142730679358602,3.5177765639939076,25.13552675382529,7599806945.763202,227.64857607785788,225.47372983369357,226.20760901138337,3.6093560327634497,0.9404383964558116,235.05999755859375
2024-11-26,235.05999755859375,233.7829132080078,66.06286522726954,0.2995490389615231,3.137066728556368,25.06902210207853,7649655465.054183,228.87544350388788,225.92935648658377,226.46168848685997,3.603878958385324,-0.05530899446042348,234.92999267578125
2024-11-27,234.92999267578125,233.6536102294922,69.80199648304959,0.44489730985135933,2.9896897793392148,25.62298672502835,7696233960.486968,229.83107684900875,226.48899178106393,226.78258261658843,3.575570421347474,1.0215883876433907,237.3300018310547
2024-11-29,237.3300018310547,236.04058837890625,73.83635594380713,0.5926919601545844,3.3422994085715616,26.78334775301427,7739193036.833196,231.07297915498827,227.11790973344492,227.19119181072176,3.562838606801558,0.9522562187620265,239.58999633789062
2024-12-02,239.58999633789062,238.28829956054688,77.58384481011174,0.7457591235638139,4.108797974713648,28.527967404047,7783187717.910178,232.51604323610002,227.91125863392392,227.69832051790064,3.5703316345735203,1.2771842943683387,242.64999389648438
2024-12-03,242.64999389648438,241.33168029785156,81.13852501160216,0.9128329205841162,5.09756736740133,30.688339208957625,7826155662.771764,234.27917064845033,228.83694788614307,228.32506814938156,3.5887745025143434,0.1483632339151164,243.00999450683594
2024-12-04,243.00999450683594,241.68972778320312,83.50629482419134,1.0599132051253213,6.0991647132161235,33.10426814769127,7869406798.661033,235.76128207540089,229.87049916584806,229.03327899947863,3.5908970016987496,0.01234265638461185,243.0399932861328
2024-12-05,243.0399932861328,241.7195587158203,85.12334536843895,1.1657997655649255,7.000555845602017,35.63570464209743,7912014487.372448,236.95293740348478,230.97661448160423,229.78753218081255,3.5818932653961792,-0.08229105467324471,242.83999633789062
2024-12-06,242.83999633789062,241.52064514160156,86.23730910071421,1.2199104840979191,7.818992028853501,38.18977571181566,7953474758.34158,237.86647895110815,232.1463504842092,230.55695568274547,3.5656126741656418,1.6101100453194572,246.75
2024-12-09,246.75,245.40939331054688,87.85464930492458,1.2739262591431126,8.662400232873269,40.788635278998996,7995572815.116886,239.37506182299592,233.41790497232827,231.39677531515028,3.584286344642911,0.41337673279178144,247.77000427246094
2024-12-10,247.77000427246094,246.42385864257812,89.1391182547835,1.3158407082224606,9.445738510936566,43.385601793683804,8036634220.53713,240.78482118691238,234.73152948323371,232.29087492198477,3.5869628864071306,-0.5166061348511053,246.49000549316406
2024-12-11,246.49000549316406,245.15081787109375,89.85481126270408,1.3107319813794964,10.065149501549229,45.98546471735915,8078524504.873326,241.6580205237487,236.00978718521978,233.18298402691468,3.6002251963287306,0.5963698705680587,247.9600067138672
2024-12-12,247.9600067138672,246.61282348632812,90.6109653459357,1.2809456716679781,10.560676482981837,48.489812485381805,8118592232.342282,242.6489811162646,237.29157761194537,234.0845075592337,3.6099195183525126,0.0685681701381613,248.1300048828125
2024-12-13,248.1300048828125,246.78192138671875,91.20013911226641,1.2238439729807844,10.973204259329243,50.89509983395456,8157277474.317448,243.47556917035544,238.53183661348208,234.97889437934055,3.6037960187337825,1.1727559960675427,251.0399932861328
2024-12-16,251.0399932861328,249.6760711669922,92.01018833153252,1.1762148869321063,11.276471910776111,53.22823433150658,8198564627.89758,244.7156695696828,239.75179924684036,235.9062063022303,3.613451240122154,0.9719625117285968,253.47999572753906
2024-12-17,253.47999572753906,252.1028289794922,92.85415361030626,1.1494849554852338,11.561596380678429,55.508252130596524,8241865630.761686,246.19310145164468,240.9431923271598,236.8859106021745,3.628344824924093,-2.1421743657520365,248.0500030517578
2024-12-18,248.0500030517578,246.7023468017578,92.90975473550934,1.0468490462582611,11.626756678720275,57.71333692581152,8287861253.052971,246.29495052166732,241.99655917178646,237.7820096421262,3.6675778927019396,0.7014646628176857,249.7899932861328
2024-12-19,249.7899932861328,248.43287658691406,93.1507042829255,0.9204188235981414,11.537874101784654,59.79469335150555,8336834210.885999,246.72253573471667,242.97351900490966,238.633488317611,3.714471396899876,1.881582284261496,254.49000549316406
2024-12-20,254.49000549316406,253.1073455810547,93.82554804913772,0.8378098870407262,11.367251662690299,61.79564545716317,8405511637.152421,247.99949770398428,243.98682088019729,239.52548921155133,3.829242659471113,0.3064932130502296,255.27000427246094
2024-12-23,255.27000427246094,253.8831024169922,94.375496193901,0.7786910942676339,11.113944674239013,63.71300558184826,8468625338.165559,249.17621864658585,244.9669365625563,240.44460630060223,3.891226372935046,1.1478149780842495,258.20001220703125
2024-12-24,258.20001220703125,256.7972106933594,94.99707986941652,0.7577949789858662,10.887785035146855,65.56729001848981,8523763238.9760685,250.70041705594056,245.9584961494591,241.421350182063,3.9233967285941147,0.3175740258363646,259.0199890136719
2024-12-26,259.0199890136719,257.61273193359375,95.484514646355,0.7511791140414132,10.703635198054386,67.36126156022523,8573320979.624476,252.0828800314712,247.00098210023137,242.43673397724476,3.926531914113838,-1.3242268452804407,255.58999633789062
2024-12-27,255.58999633789062,254.20135498046875,95.6251958451949,0.6909622257852845,10.389040769690501,69.06635140700212,8621438232.143204,252.50657502127072,247.986741490732,243.39576645762818,3.9533392338474,-1.3263430604093518,252.1999969482422
2024-12-30,252.1999969482422,250.82977294921875,93.15139830323763,0.5502899380431012,9.910613431405057,70.56658437151876,8575832930.128222,252.17121460686033,248.85630603438244,244.23152342422173,3.9560626823087954,-0.7057812266172192,250.4199981689453
2024-12-31,250.4199981689453,249.05946350097656,88.57212449733923,0.3469947972682519,9.304961598178007,71.59897463919965,8531452548.516237,251.5488643856836,249.53962551598252,244.92841303959906,3.9565707214687866,-2.623584909070442,243.85000610351562
2025-01-02,243.85000610351562,242.52517700195312,76.78406767321482,0.038857868916488236,8.580673758870622,70.77252596329568,8484800103.226649,249.74412690893752,249.89472806171182,245.38705245572655,4.004425665670893,-0.20094840044720952,243.36000061035156
2025-01-03,243.36000061035156,242.03782653808594,68.41043190980884,-0.3021128664514947,7.805866702114945,68.82405725526687,8439429326.994979,248.20286683476724,250.0855196930218,245.65522525373044,4.0154831616562,0.6738917719500304,245.0
2025-01-06,245.0,243.6688995361328,63.988976509368996,-0.6046101931473684,7.022134686894898,66.35875022558697,8394123586.009643,247.29607337504035,250.14287345705415,245.81149650337898,4.0253333261189495,-1.1387753274530121,242.2100067138672
2025-01-07,242.2100067138672,240.89405822753906,58.26288962112634,-0.8896005839154348,6.232328470848255,63.32189772289412,8349707793.221374,246.0156703455401,249.94449072120977,245.83094163120384,4.0351457857501805,0.2023090430096186,242.6999969482422
2025-01-08,242.6999969482422,241.38140869140625,54.46355706681707,-1.1240879398924761,5.608893380810162,59.78918317610475,8306649378.990758,245.08881801471333,249.53575065802252,245.7602631915381,4.037075868281367,-2.4103790008731196,236.85000610351562
2025-01-10,236.85000610351562,235.56320190429688,47.59350282592505,-1.3744976964627202,5.299799921097432,55.76590539537179,8259860467.606266,243.18369479263004,248.78407843169148,245.5148757249754,4.083122898073508,-1.0344173127510459,234.39999389648438
2025-01-13,234.39999389648438,233.12649536132812,41.623657566299215,-1.6254125348848634,5.37108088793437,53.071240301467526,8212503198.4986725,241.17225490636966,247.69301591918133,245.1012927898701,4.129713178064366,-0.4778122103303195,233.27999877929688
2025-01-14,233.27999877929688,232.01258850097656,37.06378738301507,-1.848330242242802,5.85827746916832,51.0733048754412,8166730323.212598,239.34032162529107,246.37639057958336,244.552628869434,4.157469967749288,1.9675864345413352,237.8699951171875
2025-01-15,237.8699951171875,236.57763671875,35.790245314946475,-1.9561533742213384,6.456111677137272,49.46831339250613,8122145622.983738,238.78778464398286,245.0380475832956,244.00359608605768,4.183411355377181,-4.040020505210407,228.25999450683594
2025-01-16,228.25999450683594,227.0198516845703,30.917037944591662,-2.0966654986945468,7.433861377808166,48.542862107327146,8072126042.80065,236.43419805210036,243.52658094993728,243.2827010352046,4.285490448645927,0.7535300675703516,229.97999572753906
2025-01-17,229.97999572753906,228.7305145263672,28.20919289712956,-2.1936476670329386,8.518907398757358,48.057028471379226,8018412718.65418,234.89346134695373,242.0415143937389,242.48372582679977,4.3545278766448225,-3.1915833955022177,222.63999938964844
2025-01-21,222.63999938964844,221.43038940429688,24.217274846107113,-2.326772512656479,9.841812200019353,48.253648872003296,7955827979.337004,232.20084695842237,240.44131240610443,241.50440402981144,4.415605186150976,0.5344942571016364,223.8300018310547
2025-01-22,223.8300018310547,222.61392211914062,21.846488405846845,-2.4207957480521856,11.201064594944173,48.838959595890145,7892934887.883263,230.28346199056602,238.74005126765698,240.43574288321662,4.459753996711312,-0.07594645528145039,223.66000366210938
2025-01-23,223.66000366210938,222.44485473632812,20.11275251596234,-2.4575498063514827,12.474568930264265,49.590409379911705,7830573454.72027,228.71574053971847,237.0100582870748,239.31955218383584,4.496410852139387,-0.39345195198347005,222.77999877929688
2025-01-24,222.77999877929688,221.56964111328125,18.658956464330643,-2.4420418459967683,13.602739626406121,50.47111044210548,7769744728.189876,227.28652065443103,235.22982855104658,238.17354918103538,4.5196929500082925,3.178016234380676,229.86000061035156
2025-01-27,229.86000061035156,228.6111602783203,19.815956307798924,-2.2809075549993048,14.277991977135388,51.3581793621631,7837380389.414191,227.5514485792089,233.66660392970445,237.16192055228998,4.589135440124295,3.654401695445042,238.25999450683594
2025-01-28,238.25999450683594,236.9655303955078,27.68818549849652,-1.9284959168421567,14.32352972281432,51.11177057862877,7906630438.393643,229.4342649424687,232.49280493331435,236.42595335135462,4.709162281963156,0.46166804885041657,239.36000061035156
2025-01-29,239.36000061035156,238.0595245361328,34.074390011041366,-1.4803420695422496,13.907087098646615,50.14104604684133,7971127697.577206,231.15931686120155,231.67470445690537,235.92436892372098,4.814622847637058,-0.7394624185709686,237.58999633789062
2025-01-30,237.58999633789062,236.29916381835938,37.61036129904176,-1.0367840049626267,13.20669346466871,48.58871185328736,8033857164.924055,232.18728625263313,231.01465461777042,235.56845628837928,4.8753273210609365,-0.6692129497790966,236.0
2025-01-31,236.0,234.7178192138672,39.335545081548034,-0.6502995588573524,12.300356490092854,46.09535794839294,8104232698.801535,232.69339284487995,230.64057409704836,235.29464072233174,5.047203111017803,-3.385601282291062,228.00999450683594
2025-02-03,228.00999450683594,226.77120971679688,36.772807144740625,-0.4262522589223039,11.46960364035454,44.09900665458425,8033319611.699551,231.50895621926335,230.30212358427934,234.93409934108715,5.190350866011399,2.1007991156853256,232.8000030517578
2025-02-04,232.8000030517578,231.53521728515625,36.79247255573132,-0.23886766747760912,10.616037491347445,42.43799977214122,8099063541.381138,231.51420843244196,230.2334597316813,234.6083954450257,5.31511291429688,-0.14176982411632233,232.47000122070312
2025-02-05,232.47000122070312,231.20697021484375,36.648855139239174,-0.08799776266113435,9.645465951250038,40.9505461013351,8038544337.635868,231.45276078892232,230.35038961151696,234.3078588111111,5.394720164197345,0.32262258470285854,233.22000122070312
2025-02-06,233.22000122070312,231.95289611816406,37.07941926123004,0.042582097691295395,8.610406445827998,39.56933912130085,8092944760.632084,231.55278785477068,230.63409434302216,234.04547110098343,5.424932552863108,-2.396866313428525,227.6300048828125
2025-02-07,227.6300048828125,226.39329528808594,34.47622143784582,0.08126543991137503,7.4802857669195735,38.429838319411886,8041482982.235111,230.52088934143376,230.95753121172243,233.709796647693,5.46616279787626,0.11873091373264533,227.64999389648438
2025-02-10,227.64999389648438,226.66209411621094,32.631058046728874,0.07673825293444336,6.443721464557654,37.49356924725752,7993690439.517533,229.7491302963892,231.17729938344047,233.3325903285212,5.46713150262563,2.183179578858341,232.6199951171875
2025-02-11,232.6199951171875,231.61053466796875,34.45343733172094,0.11819991897274029,5.495936682669624,36.466692768115564,8042668153.691596,230.12141117070513,231.2460140062641,233.02676374206254,5.491177673898032,1.8270119405793483,236.8699951171875
2025-02-12,236.8699951171875,235.8420867919922,39.83961786785811,0.23530155159727872,4.641576696601642,35.16018161799869,8090898985.030846,231.26554629496255,231.2566369496402,232.85902874710064,5.520309634903071,1.9673273034993777,241.52999877929688
2025-02-13,241.52999877929688,240.48187255859375,47.34640671632099,0.4377547404756834,3.706042870840355,33.040686395988274,8140206470.102245,233.1088115476888,231.34878947914578,232.8828175852519,5.559803082774939,1.271060936966606,244.60000610351562
2025-02-14,244.60000610351562,243.53854370117188,54.296533870116065,0.6975813148088839,3.465643733182296,31.223611648669994,8187831698.159366,235.1947579783854,231.59892599249633,233.10300238459794,5.574858136562883,-0.0531435586585971,244.47000122070312
2025-02-18,244.47000122070312,243.40911865234375,58.898159669333175,0.9498819818834234,3.8384466440689886,30.14478801663772,8235696380.605062,236.83763011317708,232.13179338188772,233.45868121589118,5.554115293681466,0.1636152321393025,244.8699951171875
2025-02-19,244.8699951171875,243.807373046875,62.36096675214261,1.166188845730188,4.65008912265269,29.643514055843568,8280428966.561618,238.23157869991667,232.80353040863517,233.91324288103644,5.500075975413058,0.3920539035783932,245.8300018310547
2025-02-20,245.8300018310547,244.7632293701172,65.31051656293668,1.3403467425628706,5.498552516407404,29.597461613292836,8322678415.326863,239.53790883395678,233.6120452131386,234.44892535274312,5.416931474952969,-0.11390950939301758,245.5500030517578
2025-02-21,245.5500030517578,244.4844207763672,67.39438576628278,1.4556699472605932,6.18658326257632,29.983186912528407,8367117454.33906,240.5272112224389,234.50948754990543,235.02780972128556,5.327353699550477,0.6312423424239322,247.10000610351562
2025-02-24,247.10000610351562,246.0277099609375,69.58256505173027,1.5318243361535715,6.66896777740566,30.665751710703937,8412933965.548817,241.62731097013864,235.62012971277593,235.65633364974775,5.248133762706565,-0.0242810694735085,247.0399932861328
2025-02-25,247.0399932861328,245.9679718017578,71.22377021880396,1.5611413645781416,7.080461465474702,31.6038521781924,8459189834.516623,242.49544313646248,236.89476099678325,236.30767741038724,5.187025560696573,-2.70401718834844,240.36000061035156
2025-02-26,240.36000061035156,239.31695556640625,68.31695043183578,1.460035741842518,7.386654829043445,32.194470981270115,8413298419.342378,241.85974562245127,238.06859444195786,236.83644581153618,5.151101828975294,-1.2730909119658906,237.3000030517578
2025-02-27,237.3000030517578,236.27023315429688,63.41547852590324,1.24838293980813,7.567202316925524,32.23783484338524,8368354567.202982,240.7418431288204,239.01622412534365,237.20838841318232,5.127971447215175,1.9131881867239464,241.83999633789062
2025-02-28,241.83999633789062,240.79052734375,63.44008232545662,1.0476544879164114,7.734180816906025,31.082227058154057,8415676328.914498,240.7515799718063,239.78050096775542,237.54583522828938,5.207389277085275,-1.5754242211627911,238.02999877929688
2025-03-03,238.02999877929688,236.99705505371094,60.084127810767036,0.8133655233178789,7.803337330265301,29.79151766736872,8368382119.545285,240.00067498818726,240.26109266873559,237.7796294911368,5.305136934872492,-0.8822393793806338,235.92999267578125
2025-03-04,235.92999267578125,234.9061737060547,55.77284516257243,0.5513666374189781,7.670309988219697,28.257704097933466,8319787132.049914,238.98177473176077,240.47550713059397,237.8941195140534,5.378962019422496,-0.08053362915595441,235.74000549316406
2025-03-05,235.74000549316406,234.7169952392578,52.38419600752868,0.2950676293607204,7.453555276006574,26.45733548077872,8271465622.0536175,238.12881883326017,240.46523114392832,237.91647183016832,5.461532729442447,-0.17391939743134355,235.3300018310547
2025-03-06,235.3300018310547,234.30877685546875,49.484015822086164,0.06078071485126557,7.170607156342944,25.01191985274161,8223774334.056581,237.3648104377019,240.24792130430282,237.86393264993342,5.511991888582977,1.5892641540643737,239.07000732421875
2025-03-07,239.07000732421875,238.03256225585938,50.00506929667125,-0.09028616706079617,6.853699562445723,23.69734476582216,8271182084.45421,237.4983608013334,239.94503626219227,237.82911628340008,5.565161674255496,-4.847957993043717,227.47999572753906
2025-03-10,227.47999572753906,226.4928436279297,42.26696465412337,-0.33005953999833093,6.392556309503181,23.46190150298176,8218841644.1361065,235.29725736665267,239.31203090184366,237.58798686275748,5.69572838314295,-2.9189402587743385,220.83999633789062
2025-03-11,220.83999633789062,219.88165283203125,34.267845691062995,-0.6683991286332913,6.020690891782476,24.29631865522888,8161741811.881623,232.21413645972842,238.28390023417026,237.0761915862785,5.831210381266565,-1.7478704614326435,216.97999572753906
2025-03-12,216.97999572753906,216.0384063720703,28.230481266664736,-1.0589602619898142,6.233884548677409,25.818987398253462,8103552446.078037,228.97899044219682,236.9958247161448,236.30502957255644,5.946265379253022,-3.3643674417530467,209.67999267578125
2025-03-13,209.67999267578125,208.77008056640625,22.820966596245526,-1.5108430256204348,7.459893745093327,27.92057375182895,8044727293.435168,224.93720846703872,235.41536124996662,235.22237994345952,6.067073846181423,1.8170574441256804,213.49000549316406
2025-03-14,213.49000549316406,212.5635528564453,20.260966403563014,-1.874023516547143,9.152390021934533,30.265819500951586,7985645651.320873,222.46247734492005,233.586450987278,234.00715112455097,6.132573296914037,0.23889196166846371,214.0
2025-03-17,214.0,213.07135009765625,18.55930892166491,-2.1202297427762256,10.93969606769499,32.70368683429818,7928765657.629437,220.5842518954673,231.64480867800603,232.72877976940015,6.168621841788062,-0.6121451944034906,212.69000244140625
2025-03-18,212.69000244140625,211.7670440673828,17.106615034314814,-2.268054557072998,12.674076220646176,35.12351475701535,7874775182.676289,218.82081032985042,229.628712237815,231.4042112513478,6.159563140287798,1.1989164429671684,215.24000549316406
2025-03-19,215.24000549316406,214.3059539794922,16.398796660698828,-2.28638402813891,14.156956826941425,37.442274958524976,7820705722.713769,217.91783905977877,227.60761426046687,230.11979485215073,6.136411410124003,-0.5296283203231389,214.10000610351562
2025-03-20,214.10000610351562,213.17092895507812,15.664896418474356,-2.220338159656488,15.398333171606255,39.687402165071,7767677574.743753,216.96845703883866,225.56797892058052,228.86728648897815,6.106835737178568,1.9476864249121428,218.27000427246094
2025-03-21,218.27000427246094,217.3228302001953,15.967245149740322,-2.034698700632142,16.25650650476866,41.86598924257188,7828925653.119765,217.03933167111,223.52207600755816,227.74081460156214,6.105624691867889,1.1270377348197247,220.72999572753906
2025-03-24,220.72999572753906,219.7721405029297,18.39687259126629,-1.7488370916437876,16.67578616407787,43.79279727047539,7886784015.820575,217.58589343747397,221.7509396146403,226.77367925260134,6.058930332560192,1.3681953611427877,223.75
2025-03-25,223.75,222.779052734375,22.95555650681882,-1.379754801334725,16.626584082351226,45.15158113263647,7939969425.981223,218.6245252968542,220.39197849835287,225.997569352054,5.995115579073057,-0.992188518832271,221.52999877929688
2025-03-26,221.52999877929688,220.56866455078125,24.6525556072305,-1.0161835372438741,16.35532039906195,45.94716096591048,7989410974.109741,219.0133531476396,219.39541476889715,225.33240590401454,5.92706586894954,1.0472641379690062,223.85000610351562
2025-03-27,223.85000610351562,222.87860107421875,28.04591914916248,-0.6482892627370331,15.90986682546339,46.3171472845012,8036383172.6125555,219.78640273295545,218.88033419548884,224.80421512581842,5.855128113795223,-2.6580295499861295,217.89999389648438
2025-03-28,217.89999389648438,216.9544219970703,27.083499963367267,-0.38097374993127087,15.257202516887014,46.51946990958537,7990841693.810304,219.22000658577844,218.5560871195747,224.2723857410527,5.80561544952369,1.9412553869742055,222.1300048828125
2025-03-31,222.1300048828125,221.1660614013672,28.889337908074644,-0.1288592477787791,14.406973216981743,46.33658912756602,8040334736.852105,219.6092175488962,218.4585836849176,223.82827448465682,5.820040098066619,0.4772069978492999,223.19000244140625
2025-04-01,223.19000244140625,222.2214813232422,31.347201885433595,0.10930817275012572,13.395063185308338,46.14244931113689,8087211711.285546,220.13167030376542,218.58966968230908,223.47621694361953,5.815897818144657,0.3136332478159254,223.88999938964844
2025-04-02,223.88999938964844,222.91844177246094,33.96923668354585,0.3282269022179607,12.194939368052621,45.710723982053025,8131894470.832299,220.68902459750453,218.86678823608165,223.21077005351333,5.789307843785494,-9.245623112531343,203.19000244140625
2025-04-03,203.19000244140625,202.30824279785156,26.720371696423232,0.2526839883250531,10.984932391269663,46.23533106221737,8075464463.194897,217.01286823757394,218.87122935595517,222.62049369009054,5.782473711974178,-7.288735286484349,188.3800048828125
2025-04-04,188.3800048828125,187.56253051757812,19.529442023777772,-0.14532425217049116,9.916049809990472,47.63686609054867,8005138277.084975,211.1228006935748,218.27957625820162,221.52547530947,5.908622253314153,-3.673424992218577,181.4600067138672
2025-04-07,181.4600067138672,180.6725616455078,15.026586662347276,-0.7370143125391859,9.973965001717746,49.596958305125874,7916784068.197038,205.03275288396142,217.0242622028504,219.95473984037397,6.165025276138533,-4.981826446171411,172.4199981689453
2025-04-08,172.4199981689453,171.67176818847656,11.812993092617425,-1.4545546074141935,11.75685702680033,51.80409841471198,7821928801.086688,198.36055594486447,214.9978652676514,217.8981508979445,6.569281298063571,15.328858759749743,198.85000610351562
2025-04-09,198.85000610351562,197.98709106445312,11.782614484732946,-1.789008229093291,13.222180761810597,54.054440926759135,7709165407.398408,198.28586296878223,212.92511624976567,216.03031395231,7.18602462753131,-4.239376069051914,190.4199981689453
2025-04-10,190.4199981689453,189.5936737060547,11.069128515483934,-1.9679167336997523,14.950672005355436,56.20317460255761,7594578692.447783,196.54742511623675,210.60121848809382,214.17480072982684,7.709805017303997,4.059440117354951,198.14999389648438
2025-04-11,198.14999389648438,197.2901153564453,11.56190093695176,-1.9150462189305468,16.343325124308986,58.2232773105205,7703735244.408282,196.69596316427848,208.34881414594386,212.51014953310795,8.181330316995638,2.205411534227064,202.52000427246094
2025-04-14,202.52000427246094,201.64117431640625,14.941561305667928,-1.6616688738153966,17.333118988346445,59.24900270677802,7811331065.976682,197.68500539470404,206.15639293052465,211.09823104373615,8.583015803370872,-0.1876462947934865,202.13999938964844
2025-04-15,202.13999938964844,201.26280212402344,17.40093375653908,-1.309565950321697,18.07394248243553,60.20146200330286,7907676503.231401,198.40056474056794,203.9832823742049,209.88892949105346,8.811796102559722,-3.893340381118693,194.27000427246094
2025-04-16,194.27000427246094,193.4269561767578,16.678967846426225,-1.0202029399390415,18.78730422129289,61.094523691306506,7818653673.427626,197.40584302780593,201.65496421723506,208.7000641136013,8.974864406649937,1.394966989520463,196.97999572753906
2025-04-17,196.97999572753906,196.1251983642578,16.489259250680092,-0.7358724641727248,19.388377174179073,61.923795258738465,7737002469.584605,197.14971409509633,199.6686488029873,207.60003077850558,9.030788564766373,-1.9392821790516823,193.16000366210938
2025-04-21,193.16000366210938,192.32177734375,15.761427499125833,-0.513200133567917,19.902974366087403,62.74929470267412,7662333006.510189,196.18412674482707,198.1747814081125,206.51280182291714,9.000321038344266,3.4065138051412314,199.74000549316406
2025-04-22,199.74000549316406,198.8732452392578,17.934252901741313,-0.24373291752362647,20.11013948033746,63.45924292241531,7732663856.969722,196.72195044371324,197.34370116408766,205.58033978680248,8.929397648414177,2.433156707055595,204.60000610351562
2025-04-23,204.60000610351562,203.71214294433594,23.46089202752367,0.09639092502561919,19.882673995898344,63.345138430607875,7799514377.337348,198.1199889438378,197.319644463985,204.86983018271061,8.823434548749368,1.8426155346186412,208.3699951171875
2025-04-24,208.3699951171875,207.4657745361328,30.226417917992386,0.49281711355447655,19.271624644742527,62.56172597543424,7862456993.631449,199.9891460622968,197.48997277333643,204.40500312362357,8.702812886725496,0.43672342475187254,209.27999877929688
2025-04-25,209.27999877929688,208.371826171875,35.715226034751055,0.8903353476479623,18.254235847124477,61.22081492958697,7920455546.66673,201.66568208421245,198.001798470134,204.14411540558444,8.5395966544368,0.4109372565147096,210.13999938964844
2025-04-28,210.13999938964844,209.2281036376953,40.27951398213895,1.2552008407371096,17.04736250780722,59.33588052426795,7974603009.0949545,203.17816639490903,198.65001879319706,204.0521202617106,8.354070262332282,0.5091827412437189,211.2100067138672
2025-04-29,211.2100067138672,210.29345703125,44.2875672230034,1.5719055495664467,15.501777777305087,57.02929991056614,8025286499.037535,204.60122452217723,199.34164070594437,204.10441590556457,8.152192658392417,0.6107623740076784,212.5
2025-04-30,212.5,211.57785034179688,47.97448939160863,1.8364692840419785,13.523405083642023,54.34334010267388,8076290590.991598,205.99654968610116,200.10123920049767,204.28461912275853,7.984480881233046,0.3858872869008989,213.32000732421875
2025-05-01,213.32000732421875,212.39430236816406,51.16603140751616,2.042909046564043,10.914943481144059,51.350895836651645,8128567004.55485,207.27610022251375,201.08826491996848,204.56952208464,7.82668817221289,-3.736168747193236,205.35000610351562
2025-05-02,205.35000610351562,204.45889282226562,49.71963218921426,2.0798242681568198,8.708575750814827,48.69988030864478,8066543753.704248,206.71265874246413,202.04455938470528,204.77363033776612,7.6666609263528,-3.1458530512295413,198.88999938964844
2025-05-05,198.88999938964844,198.02691650390625,45.453389836433395,1.928906057920841,7.622792661387152,46.59781029930425,8003121453.023767,204.97551029475258,202.92369773969781,204.79285700033626,7.5224026646181,-0.19105568146198237,198.50999450683594
2025-05-06,198.50999450683594,197.64857482910156,42.166499058152915,1.6811156811957062,7.474738152807465,44.99397857006725,7942140312.4793825,203.5101232016224,203.60251501548873,204.67069187664922,7.359633483892399,-1.1384844875322098,196.25
2025-05-07,196.25,195.39837646484375,38.81957065042591,1.3717487211785513,7.427031078412608,43.97856976198323,7879648060.043875,201.88777385426667,203.97929350653163,204.40565206499372,7.222010220460647,0.6318471846909812,197.49000549316406
2025-05-08,197.49000549316406,196.63299560546875,36.78277231555145,1.0733427970283311,7.34332542676649,43.311196324432586,7819558478.0954685,200.8368182045071,204.06406072075268,204.06576312589976,7.093318655561574,0.526603727610353,198.52999877929688
2025-05-09,198.52999877929688,197.66847229003906,35.570904928471585,0.8216338515540764,7.086286108760059,42.759474466228056,7764196032.536743,200.2031490216135,203.91780741449278,203.69789511596775,6.939243226557098,6.314626203094997,210.7899932861328
2025-05-12,210.7899932861328,210.15049743652344,42.028684502981925,0.7779185910365594,6.818255561543948,41.39977988342857,7821241148.983723,202.1926187045955,203.8192526454614,203.55453545774182,6.790226637095257,1.015224408951143,212.92999267578125
2025-05-13,212.92999267578125,212.28399658203125,47.75023041843263,0.8669266598730982,6.721763743092778,39.32512073503437,7877259102.141307,204.21089428008267,203.78021962125194,203.61704582177427,6.64538241720059,-0.28178056681582575,212.3300018310547
2025-05-14,212.3300018310547,211.68582153320312,51.56363561898325,0.9990861357366474,6.775431907386401,36.766073254764734,7931938624.667374,205.70587973070678,203.7511526257125,203.81598238452975,6.490849828038137,-0.41444407073805145,211.4499969482422
2025-05-15,211.4499969482422,210.80850219726562,54.03009156853467,1.1188079501690376,6.734717616554905,34.28464879944003,7984688142.688228,206.72640422401855,203.69618302586298,204.093165416862,6.332185098941691,-0.08986253601558358,211.25999450683594
2025-05-16,211.25999450683594,210.6190643310547,55.87601745708111,1.2064646801820307,6.619842501558403,32.25811756122688,8037835337.104911,207.50493624542577,203.77541077615913,204.4180959719633,6.163860128081705,-1.1739075721298287,208.77999877929688
2025-05-19,208.77999877929688,208.14659118652344,56.188316251746876,1.225184437852983,6.154657140889805,30.231355510055476,8089581192.638257,207.6332672336453,204.04118647004844,204.72430275879015,6.025335022480306,-0.9196255872420789,206.86000061035156
2025-05-20,206.86000061035156,206.232421875,55.26861345041718,1.1708525535025234,5.539986220029236,28.301952506144143,8039685188.21158,207.35309816191625,204.42548396607785,204.97466422575454,5.885497335732493,-2.3059123765283074,202.08999633789062
2025-05-21,202.08999633789062,201.4768829345703,51.46329291609123,1.0137913425786986,4.918801133276861,26.50702218853668,7987926024.6702385,206.1778551164471,204.85449209229589,205.08925383439194,5.78796775752745,-0.36123174595192875,201.36000061035156
2025-05-22,201.36000061035156,200.74908447265625,48.163979868934156,0.8039751262278851,4.497634224666977,25.278540094752465,7937170213.837165,205.09210098768895,205.28002037061407,205.0895249918488,5.676403432206995,-3.0244159980638896,195.27000427246094
2025-05-23,195.27000427246094,194.67759704589844,42.53082675048287,0.5066240150362906,4.359013365786488,24.951554852088844,7880878985.170706,203.00920019933085,205.56062548838577,204.8913988211328,5.5730068877142,2.529825273422026,200.2100067138672
2025-05-27,200.2100067138672,199.60260009765625,40.84789642584054,0.2582862758465778,4.432479910039887,24.942511071414575,7824588302.237539,202.32788017899594,205.5741516358258,204.64725418854835,5.46386953937196,0.10488369682313259,200.4199981689453
2025-05-28,200.4199981689453,199.81195068359375,39.60155634948385,0.06446686012383673,4.601641797754788,24.9920724391548,7770487815.8910055,201.8246942799155,205.3355316358091,204.37843895915475,5.34516939905605,-0.23450393879255182,199.9499969482422
2025-05-29,199.9499969482422,199.3433837890625,38.35848616033783,-0.08472626481732826,4.755692234120132,25.19089734915868,7716928066.813779,201.3284321817449,204.89778688091292,204.08796212321096,5.256346918431398,0.45011668557843887,200.85000610351562
2025-05-30,200.85000610351562,200.24066162109375,37.79834554916629,-0.18014794425989278,4.75711485826359,25.626961774591294,7659916287.551997,201.11087806961467,204.33623426547254,203.80443030858274,5.189273947340783,0.4231968185255619,201.6999969482422
2025-06-02,201.6999969482422,201.08807373046875,37.78588807173078,-0.22286123641129574,4.756069459717614,26.03187874106444,7607222204.142572,201.1063172017855,203.69637236110853,203.54746715555444,5.094030251934671,0.7783809821263477,203.27000427246094
2025-06-03,203.27000427246094,202.65330505371094,39.24862927501079,-0.20975479128419883,4.824945261353871,26.357273703550074,7658653790.870112,201.4157147721706,203.07461711496106,203.3444431190417,4.990648754013834,-0.22137495221588033,202.82000732421875
2025-06-04,202.82000732421875,202.20468139648438,40.023124664364786,-0.17154563292557534,4.901691257771692,26.22136510705111,7708519860.252145,201.57350809703337,202.49665810847276,203.1757826407552,4.901698936067421,-1.0797720380636866,200.6300048828125
2025-06-05,200.6300048828125,200.02133178710938,38.97051818629186,-0.14909583480029198,4.948294232733312,25.982561652825694,7657601784.746519,201.26307283504858,202.00517988033292,202.99361980211648,4.831312030842204,1.6398244877140922,203.9199981689453
2025-06-06,203.9199981689453,203.30133056640625,41.15897512851202,-0.09153411178627935,4.8751991191912625,25.508111239806496,7707657785.15102,201.6707243813201,201.663042219696,202.86762976204062,4.762148642184073,-1.2112532119803454,201.4499969482422
2025-06-09,201.4499969482422,200.83883666992188,40.5203271224131,-0.05140696575820569,4.735025069271098,24.811304468324625,7653040464.827419,201.50434683904047,201.51255688366697,202.73779329318347,4.7281679404002475,0.6055990446562909,202.6699981689453
2025-06-10,202.6699981689453,202.05511474609375,41.17116950145625,-0.0065462689624509185,4.773712650277531,24.16426960909146,7707668841.0863,201.61450042045115,201.4412189078125,202.6308130195899,4.689379859630788,-1.9193718960232586,198.77999877929688
2025-06-11,198.77999877929688,198.1769256591797,38.35053454730824,-0.011960768152686096,4.890164668334133,23.844668339649584,7651768160.079196,200.92698546819688,201.35144802664064,202.46854372898105,4.680574663605761,0.21129184846335747,199.1999969482422
2025-06-12,199.1999969482422,198.5956573486328,36.52303822782957,-0.03445607293393449,4.923224388361703,23.899366233776732,7598266695.273513,200.46071984428409,201.26467679289453,202.27732240662894,4.640311052298938,-1.3805203391582088,196.4499969482422
2025-06-13,196.4499969482422,195.85400390625,33.16041814618355,-0.09544150931188788,4.8658854802594975,24.4072400168633,7545176063.4289665,199.53937665667726,201.1075266516008,202.0165656685383,4.610825042708817,1.0027978679112204,198.4199981689453
2025-06-16,198.4199981689453,197.81802368164062,31.975754951553707,-0.14030990192984927,4.5889819199320065,25.125634072700734,7494099417.953329,199.19510606166995,200.91640553758924,201.74785522978894,4.553480861871925,-1.4010735099622806,195.63999938964844
2025-06-17,195.63999938964844,195.04644775390625,29.262396308504947,-0.20338556496866067,4.217834163571002,26.12301190873382,7445466861.572819,198.36537440011722,200.6113715003839,201.42571419839163,4.491261067734653,0.4804748092792632,196.5800018310547
2025-06-18,196.5800018310547,195.9835968017578,27.80369257422659,-0.2515514652226938,3.75296706086614,27.311586589101335,7397481876.4684105,197.88901888044535,200.24292257872509,201.08888607287292,4.416594062550756,2.2484461787976695,201.0
2025-06-20,201.0,200.3901824951172,31.656522675681376,-0.22495036210389419,3.2740811302401807,28.15375720470101,7455232564.551937,198.3892516033797,199.9555404555582,200.8317780281593,4.367175748347572,0.24876699669855729,201.5
2025-06-23,201.5,200.88868713378906,35.36840554335759,-0.1523905726123509,2.80724804414839,28.575966977966424,7512595975.018758,198.88913870946158,199.67738188837237,200.6467647597119,4.315791009075822,-0.5955364503171579,200.3000030517578
2025-06-24,200.3000030517578,199.69232177734375,36.56077905805666,-0.07613131787486793,2.678404138219504,28.41129619300637,7569299503.392215,199.04977532303803,199.43192473677215,200.4946705276477,4.262251123960926,0.6290576414705429,201.55999755859375
2025-06-25,201.55999755859375,200.94850158691406,39.406710774531795,0.012605574011593124,2.5750365742614187,27.77738773069593,7622567466.090981,199.42952057581323,199.21342675230835,200.39322767509205,4.205160808272673,-0.2778418785846948,201.0
2025-06-26,201.0,200.3901824951172,40.8524705745556,0.09250972697830573,2.498321197795633,27.042530117302135,7675341656.249993,199.621652959674,199.08289350145603,200.31974436886176,4.1481056004400925,0.039808811103148045,201.0800018310547
2025-06-27,201.0800018310547,200.46995544433594,42.16475815720924,0.16104403086892427,2.452018563749711,26.101876415670127,7732198728.377203,199.79131345660642,199.0159528626883,200.26941761531364,4.09246309776822,2.034015986757187,205.1699981689453
2025-06-30,205.1699981689453,204.54754638671875,48.997304685544655,0.2683711985276336,2.428256386931191,24.332490848023326,7796066946.078971,200.7425600426289,199.13627120128342,200.31447879886747,4.108807835569749,1.2916154801693835,207.82000732421875
2025-07-01,207.82000732421875,207.18951416015625,56.49908852511045,0.4153546171972964,2.5337902243862143,23.839364475559023,7862919300.240385,202.0319508661344,199.4199556817299,200.4780475671786,4.120109572453571,2.223072103194701,212.44000244140625
2025-07-02,212.44000244140625,211.7954864501953,64.91545260362294,0.6208733110669995,2.9900155434753755,24.451375081035344,7929989543.569516,203.9846579829466,199.98188404001283,200.81201046391843,4.143932110935677,0.5225057886292905,213.5500030517578
2025-07-03,213.5500030517578,212.90213012695312,70.52469053399882,0.84009329757631,3.792006034550658,25.77684381025669,7990636898.232821,205.76815241174793,200.76979739314308,201.28402398275932,4.143001199907455,-1.6857962234552382,209.9499969482422
2025-07-07,209.9499969482422,209.3130340576172,72.41285330287924,0.9859211375307213,4.586304332275649,27.592136054489824,8049200581.963466,206.4771287409218,201.5785851068973,201.77860538829862,4.189266687084688,0.028583844376162126,210.00999450683594
2025-07-08,210.00999450683594,209.37286376953125,73.88455647362399,1.0675711477056757,5.325285530332272,29.387596264449588,8104621308.947981,207.0562757466437,202.3952988106155,202.28124066052197,4.206360035279978,0.538069564025978,211.13999938964844
2025-07-09,211.13999938964844,210.4994354248047,75.55447699629418,1.1092693709094856,6.060049188903656,31.13767891032365,8158707770.535593,207.74490768227594,203.26481204653928,202.801589900689,4.2176813878689305,0.6014951043801897,212.41000366210938
2025-07-10,212.41000366210938,211.7655792236328,77.37390206469885,1.128583540579892,6.8049727094702455,32.96635610014519,8210865659.805683,208.54904199054732,204.17676418801273,203.34896629019934,4.21512461494034,-0.5884883770447158,211.16000366210938
2025-07-11,211.16000366210938,210.5193634033203,78.22903888687111,1.1041133572366642,7.4611798834156104,34.739400710887764,8260545131.221755,208.94310627310193,205.10890951935554,203.88174152666625,4.185437864443681,-1.2028763324753222,208.6199951171875
2025-07-14,208.6199951171875,207.98707580566406,76.7140132316357,1.0136156713332474,7.930420939455939,36.38579927800588,8213033534.088898,208.75190017961438,206.00496819165633,204.34556616028036,4.151735885668063,0.23488257081967223,209.11000061035156
2025-07-15,209.11000061035156,208.47560119628906,76.25438252113283,0.8928428041453393,8.216524279881604,37.96822200564401,8166564996.382611,208.69664038294934,206.80037622568835,204.75995418148693,4.10981820622096,0.5021278072047108,210.16000366210938
2025-07-16,210.16000366210938,209.5224151611328,76.70363401147863,0.7714565383303755,8.38147542309895,39.51872133736948,8213237926.54764,208.86179533858603,207.48336067293351,205.15060572025828,4.0736818772118975,-0.06662170357114583,210.02000427246094
2025-07-17,210.02000427246094,209.38282775878906,76.99932255852325,0.6504011802037943,8.347256767150633,40.98070136112255,8260189890.679663,208.96600182262665,207.9814950569015,205.5139767776267,4.020213816185954,0.5523274731814354,211.17999267578125
2025-07-18,211.17999267578125,210.539306640625,77.9110281800395,0.5478474678861804,8.143701878592887,42.35633787279771,8307546381.985281,209.28066278622634,208.33274609434935,205.8727087784457,3.9529201497338935,0.6155862513610666,212.47999572753906
2025-07-21,212.47999572753906,211.83535766601562,79.34286936272463,0.47354361279682977,7.919436153851334,43.950922948994574,8355707055.029776,209.79160176218423,208.66419339647558,206.2459366816589,3.9057459081802257,0.9036190140318423,214.39999389648438
2025-07-22,214.39999389648438,213.74954223632812,81.35893628124553,0.43767242122981864,7.704893819969419,45.60168923119912,8403516413.465371,210.58318985701302,209.01688480751253,206.659008412645,3.8537629760621117,-0.11660238330303274,214.14999389648438
2025-07-23,214.14999389648438,213.50030517578125,82.6991424156717,0.41348835577871235,7.410416837709159,47.27580149149847,8451161760.213848,211.16661292076668,209.35905533136156,207.08830408008515,3.7992360444645534,-0.182126073009381,213.75999450683594
2025-07-24,213.75999450683594,213.11146545410156,83.54837653439691,0.3845453917134489,7.036062214134904,48.97028511280767,8498482557.61263,211.55558342743367,209.65970947505022,207.5137592560231,3.7353127183870067,0.0561487499385116,213.8800048828125
2025-07-25,213.8800048828125,213.2311248779297,84.26498217870966,0.34982306263163165,6.520688390012586,50.625727259371715,8544392955.531655,211.8906917175329,209.95446801949333,207.93060996664306,3.66075108870501,0.07948869050111718,214.0500030517578
2025-07-28,214.0500030517578,213.40061950683594,84.90316210650718,0.3103874084763696,5.813379807690745,52.2060751535816,8588692873.866876,212.1926772753935,210.29854572907124,208.33652113890503,3.5786375560300536,-1.2987665800312187,211.27000427246094
2025-07-29,211.27000427246094,210.62904357910156,81.22906296626864,0.23012787722154515,4.9946821398033805,53.31106258989606,8542970599.1987,211.8799505361351,210.61687674438983,208.6739906053079,3.523515398590728,-1.0507915039244642,209.0500030517578
2025-07-30,209.0500030517578,208.415771484375,73.62727540198502,0.10370588704624595,4.128367914679528,52.961654474138236,8497290279.464159,211.1871147257831,210.84940868310952,208.91333575963887,3.49894583549801,-0.7079571638254123,207.57000732421875
2025-07-31,207.57000732421875,206.94027709960938,65.53073755698763,-0.055248443488869814,3.4610955898586844,51.52739227610186,8444606343.676526,210.33774720054836,210.9865832209017,209.04899399210646,3.468994829204608,-2.500361671306328,202.3800048828125
2025-08-01,202.3800048828125,201.76602172851562,52.88884761159564,-0.2813356913800411,3.0837903917767506,48.204587513343434,8381572295.04642,208.6234021061418,210.92085715289323,209.0084614315384,3.5697598959845114,0.4792959023176335,203.35000610351562
2025-08-04,203.35000610351562,202.7330780029297,46.281462171484606,-0.5027833089911422,2.9253351942563306,45.526089569341856,8316123196.142335,207.4453372854994,210.68623070522477,208.85959246524897,3.6821889786073942,-0.21146570738387327,202.9199981689453
2025-08-05,202.9199981689453,202.3043670654297,41.41800301551668,-0.6990038984845466,3.039768489817499,43.70873120273085,8254932897.019067,206.41714324148546,210.26962604367202,208.62697825346197,3.7585334928011647,5.090683748699587,213.25
2025-08-06,213.25,212.60304260253906,48.439045423625586,-0.7229624256565659,3.0503467726936915,41.19563212696856,8325581756.317681,207.6543231136962,209.91839706296497,208.53434443062713,3.901410489803975,3.1793593309425328,220.02999877929688
2025-08-07,220.02999877929688,219.36245727539062,58.561970882209266,-0.5655634814381338,3.014360757464213,38.97220207159045,8400145803.756573,209.9959499460351,209.7624337148251,208.67354495590408,4.04339354261661,4.235789890163821,229.35000610351562
2025-08-08,229.35000610351562,228.65419006347656,69.00532217645645,-0.21274736172343944,3.4174290360229738,38.582311876076474,8482567841.707685,213.7275979695234,209.94612434002414,209.15488333815352,4.257354513020178,-0.8337425736971271,227.17999267578125
2025-08-11,227.17999267578125,226.747802734375,73.94084289980626,0.17258089906304508,4.268675977009706,39.016550060796995,8560866692.068576,216.33163892249374,210.3600205047342,209.83838386999545,4.405762949237085,1.0872438382831362,229.64999389648438
2025-08-12,229.64999389648438,229.21310424804688,77.72073089041749,0.555923443695777,5.473537083093728,39.97181553559939,8634631012.357288,218.90793198760437,211.0628186498811,210.70215035738678,4.506355398688244,1.6024473911425474,233.3300018310547
2025-08-13,233.3300018310547,232.88612365722656,80.94987102616196,0.9306569709250438,6.979526817688944,41.3688368653776,8707618168.588259,221.70357032152882,212.11446420945566,211.749904639686,4.581990531502399,-0.23572269806403368,232.77999877929688
2025-08-14,232.77999877929688,232.337158203125,82.97180964151484,1.2355402665963093,8.507097415603583,43.00014329222167,8776391153.573034,223.83028789784805,213.46371827918566,212.90041733093952,4.633719465623905,-0.5112157477567991,231.58999633789062
2025-08-15,231.58999633789062,231.1494140625,84.21378280625846,1.435540017286649,9.907006198062042,44.72555950427745,8842617281.560856,225.29411313077844,215.1307893816493,214.08076931187657,4.67652214491106,-0.30225219373292145,230.88999938964844
2025-08-18,230.88999938964844,230.4507598876953,85.04157696762552,1.5284437136493758,11.14055676530619,46.455562121416435,8903093423.951113,226.3254424821618,217.01879990131556,215.24692866142755,4.684510883266158,-0.1429269406026834,230.55999755859375
2025-08-19,230.55999755859375,230.1213836669922,85.63858251735186,1.5285004701288427,12.220237485310305,48.15550849381416,8959354857.863317,227.0846307191279,219.08554864907984,216.374328857399,4.673809347907169,-1.9734590701623533,226.00999450683594
2025-08-20,226.00999450683594,225.5800323486328,84.20404695907548,1.399222216131121,13.01093434764309,49.74944843488191,8905892930.733553,226.78371104502887,220.9984874422131,217.36569858955423,4.666233744502421,-0.4911248691371939,224.89999389648438
2025-08-21,224.89999389648438,224.47215270996094,81.93328724322603,1.18216749248778,13.559288535133506,50.97704563812462,8856999149.029741,226.3213993780153,222.63103238541112,218.21862247416956,4.633088606954059,1.2716736522523586,227.75999450683594
2025-08-22,227.75999450683594,227.3267059326172,82.15863059067713,0.961115060310898,13.991789765281306,52.11695732685,8904609734.39279,226.52246068893567,223.91051865735233,219.00946420890918,4.594850848615667,-0.2634365777127168,227.16000366210938
2025-08-25,227.16000366210938,226.72784423828125,82.20745707424913,0.7367444565182915,14.304789054282578,53.177096191733206,8948894822.68323,226.56353739880478,224.9337085049834,219.728899750804,4.544662177787189,0.9464738691509877,229.30999755859375
2025-08-26,229.30999755859375,228.87376403808594,82.77837668907071,0.5472420089422458,14.507283702919418,54.03483562169422,8995237913.31558,227.025582726661,225.74547357888906,220.42382193898086,4.511026891942758,0.5145914812595631,230.49000549316406
2025-08-27,230.49000549316406,230.05152893066406,83.52409945593904,0.39741611249400854,14.564881598527341,54.89621553087001,9038564285.82146,227.63077196746164,226.33819374348235,221.1101981321695,4.45931171528269,0.8980837064874514,232.55999755859375
2025-08-28,232.55999755859375,232.11758422851562,84.58965721175468,0.2980528507704161,14.453238603470538,55.8477010978318,9080840323.826166,228.52813441967245,226.80797839566478,221.81666825478882,4.415333235605725,-0.18060015285242814,232.13999938964844
2025-08-29,232.13999938964844,231.69837951660156,85.31245476681309,0.21804400636659516,13.969949309034504,56.84632109959157,9122544834.22993,229.16218343905828,227.19478542649276,222.51624112948116,4.3483017439888245,-1.0424716908628007,229.72000122070312
2025-09-02,229.72000122070312,229.28298950195312,85.34067100040131,0.11494175019586095,13.014538631418187,57.6564494095773,9164723562.552942,229.18634465163726,227.4808756434403,223.15148908397222,4.29181696648518,3.808984120498149,238.47000122070312
2025-09-03,238.47000122070312,238.01634216308594,87.26625514913022,0.11366785645870436,11.6051366420194,58.71087371690156,9211752105.211351,230.95234415392702,227.86764698692022,223.89442766206315,4.252688110720741,0.5493299768011717,239.77999877929688
2025-09-04,239.77999877929688,239.32383728027344,88.77208087753333,0.1701735793874377,10.092208718713664,59.922189117416195,9258884819.33808,232.62664277919632,228.451940160337,224.72606719702821,4.208010964904293,-0.03753428502223377,239.69000244140625
2025-09-05,239.69000244140625,239.2340087890625,89.79757270029266,0.23702796903769485,8.69527599793912,61.24147800464532,9307565070.639462,233.94811598116956,229.2146118206524,225.60435755742265,4.155136383242794,-0.7551389041256629,237.8800048828125
2025-09-08,237.8800048828125,237.42745971679688,90.29998359616708,0.26639923545538746,7.760870607639594,62.577055945274694,9356309171.680567,234.64398472829504,230.02676422458833,226.46527443083906,4.110927567942122,-1.4839416284502027,234.35000610351562
2025-09-09,234.35000610351562,233.9041748046875,89.29309615873014,0.21627863237164746,6.964798885179548,63.871178136133224,9304051110.847683,234.49602274357355,230.8200127590652,227.23010760348043,4.096787742304527,-3.225946602106422,226.7899932861328
2025-09-10,226.7899932861328,226.35855102539062,78.87503634918907,0.024048228891450307,6.1821080561852995,63.69147755907199,9245556502.181376,232.868528399937,231.40430732639282,227.76710006028583,4.120186921522293,1.4286365271970913,230.02999877929688
2025-09-11,230.02999877929688,229.59239196777344,75.07721701947763,-0.18518380753732444,5.658872570402724,62.663848358364774,9188719095.24833,232.2133011135043,231.86256024099708,228.19054777963996,4.132995113658854,1.7562943095258854,234.07000732421875
2025-09-12,234.07000732421875,233.6247100830078,75.62180966096987,-0.3338521383617916,5.372621763479488,61.44387429612495,9245353860.794765,232.495582907405,232.25930508977035,228.6005511251414,4.161895415256244,1.123590368620797,236.6999969482422
2025-09-15,236.6999969482422,236.24969482421875,77.05779316141417,-0.4061047898849557,5.258610258837205,60.5246183410336,9299201573.231915,233.24640529076777,232.6677272749413,229.0430134266296,4.169051471397922,0.6125935389198034,238.14999389648438
2025-09-16,238.14999389648438,237.6969451904297,78.66245183322391,-0.41685949431585456,5.273077206635873,60.00598217375073,9354963963.181635,234.13651327070016,233.1627441368476,229.52810864987444,4.184809433461547,0.3527220020250743,238.99000549316406
2025-09-17,238.99000549316406,238.5353546142578,80.1409355459313,-0.38821444665009874,5.382772497579241,59.71153676253277,9408875475.14141,235.0162815394117,233.56913787539608,230.05079178221132,4.170589647316171,-0.46445731252398037,237.8800048828125
2025-09-18,237.8800048828125,237.42745971679688,80.9212983079697,-0.3608608030951954,5.422147842126888,59.63721069205333,9460854604.70923,235.49851717488872,233.85632531496532,230.56962277199014,4.1654465691002,3.203293872010393,245.5
2025-09-19,245.5,245.032958984375,83.65619850367621,-0.24401002629674817,5.539562868989507,59.93971607126473,9535186168.363487,237.405405536786,234.20205427052696,231.22064970197067,4.189119564836771,4.309567281585802,256.0799865722656
2025-09-22,256.0799865722656,255.5928192138672,87.37421564748618,0.03380894710666116,6.1526082449548065,60.78404098462532,9615754899.286892,241.04288827220222,234.84194462491766,232.15610099437367,4.2980674691605,-0.6443258425658294,254.42999267578125
2025-09-23,254.42999267578125,253.9459686279297,89.24372391533284,0.33043211910020087,6.983999690532552,61.901218166225206,9692264924.025616,243.62350434334772,235.7546927848951,233.2482346466569,4.347719640819822,-0.8332350414175016,252.30999755859375
2025-09-24,252.30999755859375,251.8300018310547,90.23416268174857,0.5625938106980968,7.821527893647225,63.12208141459221,9761933683.816595,245.2648038408891,236.99432032899028,234.39266980801236,4.389636862141197,1.8072966979806315,256.8699951171875
2025-09-25,256.8699951171875,256.3813171386719,91.39062796365488,0.7780418127465225,8.781184070831289,64.4056982147979,9828709111.649378,247.48810650044567,238.52180086768442,235.63985425491077,4.436066367290306,-0.5489100657377954,255.4600067138672
2025-09-26,255.4600067138672,254.97401428222656,92.07151329863319,0.9236071905771039,9.71353029003801,65.7103936819283,9891344713.915604,248.98528805680186,240.1707713826241,236.91084795032896,4.461756013357194,-0.4031962461707783,254.42999267578125
2025-09-29,254.42999267578125,253.9459686279297,92.49508760235595,0.9834048079057212,10.502211487543065,66.97187886332911,9949478735.728584,249.97742417102742,241.84387327065008,238.15528378087166,4.445529028718409,0.07861150085717306,254.6300048828125
2025-09-30,254.6300048828125,254.14559936523438,92.84116333162515,0.9739536178149191,11.077547045160788,68.19517530334247,10003526813.17897,250.8110592098688,243.51132786456694,239.36059572649043,4.410109961984957,0.3220341689919026,255.4499969482422
2025-10-01,255.4499969482422,254.9640350341797,93.1786776564125,0.9191802288467024,11.651865988612371,69.40810594955835,10056508055.139278,251.641654374731,245.17386514809888,240.5302203596562,4.375940168228046,0.657662791005964,257.1300048828125
2025-10-02,257.1300048828125,256.6408386230469,93.5715747173687,0.8475766864894272,12.245295181058134,70.5857114032799,10107419088.707525,252.6414912243942,246.88816255304943,241.68367472772647,4.345614873023896,0.3461279462880995,258.0199890136719
2025-10-03,258.0199890136719,257.5291442871094,93.9391367174879,0.765822575394516,12.825824321391309,71.73179791728326,10157979035.562122,253.61902183693724,248.5095241830645,242.8203744524132,4.336578631059513,-0.5154694760991507,256.69000244140625
2025-10-06,256.69000244140625,256.20166015625,94.1301233125986,0.6508263743027838,13.29307922878583,72.83520887293832,10207359813.0458,254.1355495007998,249.81879030592427,243.89801017130716,4.325343503334565,-0.08179658510275578,256.4800109863281
2025-10-07,256.4800109863281,255.99209594726562,94.26990715341675,0.5102721037266873,13.575363928485615,73.87175548897508,10253255595.032742,254.506858790093,250.90712575059882,244.90837670642964,4.28334966155844,0.6160330239001643,258.05999755859375
2025-10-08,258.05999755859375,257.569091796875,94.50245580150069,0.37529242403172347,13.537088059675996,74.85804067946762,10297271600.622295,255.1193053914494,251.89257590565487,245.88084610500295,4.225392150532616,-1.557791778791151,254.0399932861328
2025-10-09,254.0399932861328,253.55670166015625,92.44082320863467,0.19099802517561937,13.137338862811196,75.78686970040329,10254394396.150652,254.8067846451908,252.62444372012936,246.73093548978272,4.191403834625134,-3.4522045132806656,245.27000427246094
2025-10-10,245.27000427246094,244.80340576171875,80.3553050386566,-0.12271430068449085,12.362835881147852,74.92021254560159,10207692812.573338,252.80610886849638,253.00652580129884,247.3095234306126,4.283135386353683,0.9744359001401026,247.66000366210938
2025-10-13,247.66000366210938,247.18885803222656,74.4677938959648,-0.4448357776928553,11.385342431470127,73.1691647538517,10162702965.711487,251.68265870124245,253.17704925432037,247.7260125040059,4.34909124615859,0.04441421356069508,247.77000427246094
2025-10-14,247.77000427246094,247.29864501953125,70.14797918509996,-0.7385874740775398,10.254907935938636,70.72664255764292,10119615488.222006,250.80585596490022,253.17652892982346,248.01933092885298,4.39524299785816,0.6336535331355142,249.33999633789062
2025-10-15,249.33999633789062,248.86566162109375,68.26074552062154,-0.9662834338133441,8.980050818407397,68.21295289167868,10078366786.230421,250.41781709613895,253.05414520196425,248.2477581828802,4.428880914915802,-0.757998633938417,247.4499969482422
2025-10-16,247.4499969482422,246.97926330566406,64.92686365591335,-1.1575627435552178,7.427732265872265,65.35757352917905,10037412424.637154,249.73010633804398,252.76300671332922,248.3889341976577,4.446456331707259,1.955939420116093,252.2899932861328
2025-10-17,252.2899932861328,251.81002807617188,66.0083167930896,-1.2429160622403517,5.847773506501253,62.58659313575695,10080005313.911768,250.14609068566958,252.41571359820244,248.5562824346112,4.4832772738758315,3.94388237214669,262.239990234375
2025-10-20,262.239990234375,261.7411193847656,71.31782916216436,-1.133123423286734,4.738955369905461,60.84672529611542,10132176225.331459,252.4650964254888,252.24866829067136,248.9285504337424,4.571583155574259,0.20209326791449378,262.7699890136719
2025-10-21,262.7699890136719,262.27008056640625,74.88968468261119,-0.9270372651257848,4.017151009167461,59.80805815466545,10183252134.467213,254.42609325367232,252.2405917370293,249.4521259404024,4.621302365079977,-1.6440064574789193,258.45001220703125
2025-10-22,258.45001220703125,257.9583435058594,76.04694746137277,-0.7493489106513334,3.4704786213649164,59.12297932058072,10233115921.775816,255.13254330410973,252.24191552829535,249.9931180702793,4.698218221607861,0.4372053262009956,259.5799865722656
2025-10-23,259.5799865722656,259.0861511230469,77.3075770428852,-0.5916885376748819,3.2851398797819997,58.59597400215549,10279557931.622698,255.92326486789716,252.35356355056598,250.55789395576673,4.725523816885068,1.2481897255921526,262.82000732421875
2025-10-24,262.82000732421875,262.3200378417969,79.21371985995762,-0.42231413640201776,3.4027020625113207,58.354635618198934,10324362279.500204,257.2026194626771,252.79321460998403,251.19072495642484,4.749014950378795,2.2791155068992097,268.80999755859375
2025-10-27,268.80999755859375,268.2986145019531,82.03301067641522,-0.19353528098725636,3.900746257370531,58.509991660881695,10369183397.802208,259.42181847053234,253.567130586913,251.97463862443507,4.762479596264481,0.07068103233436318,269.0
2025-10-28,269.0,268.4882507324219,83.94871215402884,0.03502088483684673,4.619326054232849,58.940110091976145,10413347252.443811,261.23510492291024,254.61005548271402,252.8565877957184,4.72930392114654,0.26022346664624774,269.70001220703125
2025-10-29,269.70001220703125,269.1869201660156,85.41731560462277,0.23714991073751968,5.450080994693941,59.58576052342458,10458895676.157095,262.82546797153134,255.85082057025326,253.80600495531965,4.6985264823360735,0.6303229091240592,271.3999938964844
2025-10-30,271.3999938964844,270.8836669921875,86.74121443911548,0.4129362999860904,6.369323353375866,60.428913127934926,10509311715.127722,264.4371077756626,257.32152071401515,254.81849093820944,4.689398630359347,-0.3795042898427692,270.3699951171875
2025-10-31,270.3699951171875,269.85565185546875,87.55911040099407,0.528364134247048,7.259890105778344,61.449374449989485,10566877966.304222,265.5208165916238,258.8589933046106,255.8377600480584,4.732198012201632,-0.4882257880291285,269.04998779296875
2025-11-03,269.04998779296875,268.53814697265625,88.00291814664855,0.5680572593184188,8.044203667104803,62.437822546369894,10622969887.245422,266.1242826678303,260.22491192884473,256.81742886898905,4.762103382874674,0.3679658451690937,270.0400085449219
2025-11-04,270.0400085449219,269.5262756347656,88.5009978292402,0.5618154928066899,8.755712164116721,63.40293432552163,10677698383.998383,266.80468126121735,261.46277072959924,257.768595763487,4.771574397293404,0.03703646251622672,270.1400146484375
2025-11-05,270.1400146484375,269.6260986328125,88.91213773771193,0.5184191430874776,9.401062463894165,64.3423602873252,10730217801.400751,267.3689647355364,262.68641287274187,258.68291661796786,4.778587795632409,-0.13697625428008564,269.7699890136719
2025-11-06,269.7699890136719,269.25677490234375,89.19062524682997,0.4409122205399676,9.93881502221655,65.28697595914942,10782474135.322645,267.74652676889787,263.86873906284194,259.5461175847231,4.79424619800445,-0.48188791892468386,268.4700012207031
2025-11-07,268.4700012207031,267.9592590332031,89.22347230451693,0.32370365290128955,10.231870995695655,66.19773764017962,10833924682.460161,267.78907322175894,264.92738443875015,260.33116097872653,4.816246344527188,0.4548721603090611,269.42999267578125
2025-11-10,269.42999267578125,269.1781311035156,89.448929493733,0.20203141451727546,10.314218667295247,67.10324881896935,10883347600.170174,268.0668847981103,265.7918910715079,261.0678965805726,4.853357498897262,2.160110352909128,275.25
2025-11-11,275.25,274.99267578125,90.51449337608437,0.15414749745761736,10.273747818697768,68.03836685671347,10932127594.338184,269.45204299473824,266.6135848786907,261.8663867152551,4.898878047432793,-0.6466791551621554,273.4700012207031
2025-11-12,273.4700012207031,273.21435546875,91.04364994410902,0.11429432981788246,10.053547136945703,68.97535656662983,10980831189.672592,270.2045054895406,267.35148863049164,262.66049326518703,4.920280751085816,-0.19014401037990014,272.95001220703125
2025-11-13,272.95001220703125,272.6948547363281,91.3861882256931,0.06506860501335865,9.538443088559635,69.91845959749132,11029714625.940119,270.7025753388981,267.97803538681524,263.42640584363573,4.93174754691456,-0.19784761402760198,272.4100036621094
2025-11-14,272.4100036621094,272.15533447265625,91.58829466332097,-0.000842783125216684,8.81960156998318,70.8368413688738,11078307634.95414,270.99312716564975,268.52526644421783,264.1470459695418,4.960669135310884,-1.817114312581336,267.4599914550781
2025-11-17,267.4599914550781,267.2099609375,85.93378191023545,-0.14058422193783926,8.120897401787893,71.01654754868404,11030429567.742922,270.2364939200198,268.9364875694368,264.72699339339687,4.979286745444383,-0.007469218596389826,267.44000244140625
2025-11-18,267.44000244140625,267.19000244140625,81.56664276575711,-0.3095524368719422,7.445526576113556,70.57652344021187,10982991653.973948,269.62719562429714,269.21873900574474,265.1936793201493,4.9989840756209105,0.4187757744410714,268.55999755859375
2025-11-19,268.55999755859375,268.3089294433594,79.67965800865099,-0.4652180429994388,6.6367699912833515,69.72565902366955,10936956422.958769,269.3635423881096,269.41819677100204,265.5908091361455,5.038059340601434,-0.8601393980195771,266.25
2025-11-20,266.25,266.0010986328125,74.91882072488656,-0.6294161847637607,5.6711864091596205,69.07208255756501,10890963518.146626,268.6910536370502,269.5126494578173,265.886070517184,5.130971250407615,1.968065895668869,271.489990234375
2025-11-21,271.489990234375,271.2361755371094,76.08366724623791,-0.7135188420489431,4.673002961782691,68.18587848626007,10939564001.99634,269.200078017062,269.6537499373476,266.2016902790771,5.236120124751114,1.6317525903571717,275.9200134277344
2025-11-24,275.9200134277344,275.6620788574219,78.77854471299104,-0.6913909346457006,3.911792773373659,67.57378259068584,10991561549.07611,270.492478185134,269.89630927605,266.6103367463206,5.326571945388634,0.3805424506761135,276.9700012207031
2025-11-25,276.9700012207031,276.7110900878906,80.99758122263789,-0.605370431679777,3.385379083025483,67.32858752943682,11042542426.739927,271.73620056568535,270.12472503314467,267.0985142529268,5.390956625539706,0.20940152983219829,277.54998779296875
2025-11-26,277.54998779296875,277.29052734375,82.7341787630176,-0.4909114878137677,3.1113390151068265,67.29127974494439,11090013408.870981,272.8470659212983,270.3889810763204,267.6459953642003,5.403200063236859,0.46838874009274,278.8500061035156
2025-11-28,278.8500061035156,278.5893249511719,84.32870349584356,-0.36111044107246304,3.141960449713377,67.3779911337146,11132017314.575825,273.995517727273,270.7182753151579,268.25071177973103,5.378106755560292,1.524118957389331,283.1000061035156
2025-12-01,283.1000061035156,282.8353576660156,86.40948400589166,-0.18813852767265793,3.4885832101414205,67.7174510742129,11174937979.1397,275.76348571502155,271.19531117009507,268.9662140592825,5.386635898768225,1.0914820528252767,286.19000244140625
2025-12-02,286.19000244140625,285.9224548339844,88.32758695517946,0.020090129339227047,4.090610610215932,68.32618250143906,11220008410.7908,277.7952795388141,271.9511897319745,269.8070774382855,5.384162592507031,-0.7128107299873898,284.1499938964844
2025-12-03,284.1499938964844,283.8843688964844,89.30217040802027,0.18750950678286493,4.732879423669548,69.10996734761633,11264772496.11168,279.01309741034817,272.88977991057965,270.68384124514864,5.381408775451738,-1.2141483369261685,280.70001220703125
2025-12-04,280.70001220703125,280.4375915527344,89.52256769953335,0.2606099320332227,5.236948301313341,69.90658847451942,11309381584.368383,279.2979962388254,273.88322529565124,271.50423695883217,5.390200309539033,-0.6840070477014848,278.7799987792969
2025-12-05,278.7799987792969,278.5193786621094,88.44992211023867,0.24204754886664226,5.569857159295113,70.64630809235801,11264241153.76302,279.1422727234822,274.9283472042944,272.23166893641786,5.363871542660014,-0.31924534677664207,277.8900146484375
2025-12-08,277.8900146484375,277.6302185058594,86.28769925193,0.15709284606522722,5.730697353829381,71.13528333359963,11220486449.278728,278.83986187995765,275.892325590584,272.8610206453264,5.317972287101173,-0.25550193698475887,277.17999267578125
2025-12-09,277.17999267578125,276.9208679199219,83.49792159320828,0.02942615434364093,5.764128268142972,71.58933177189544,11179044025.691296,278.4560630879505,276.6886840808656,273.3938818303382,5.252333026749767,0.5772445948890148,278.7799987792969
2025-12-10,278.7799987792969,278.5193786621094,83.51685733597805,-0.09308488109595459,5.828179699862425,71.90202307501106,11218805624.561241,278.4687262027823,277.36193664457534,273.8772003419996,5.17582478380078,-0.26902907054526803,278.0299987792969
2025-12-11,278.0299987792969,277.77008056640625,82.39337288674785,-0.21545537774411017,5.866948801712359,71.43607472520073,11180346745.465284,278.3289970755071,277.9101297599962,274.30118098328603,5.127621146117192,0.08992558753764257,278.2799987792969
2025-12-12,278.2799987792969,278.0198669433594,81.86859043198483,-0.32586026347036423,5.878869073982566,71.00340840037684,11141673062.188519,278.26717104907755,278.33729509217665,274.67889432288524,5.052846625986056,-1.498503592968503,274.1099853515625
2025-12-15,274.1099853515625,273.8537292480469,74.5664337753974,-0.47462054454036107,5.81425753291907,69.71093241497991,11100652295.567106,277.38448268887146,278.4993947895617,274.93656940536016,5.029544852925892,0.1824120627094583,274.6099853515625
2025-12-16,274.6099853515625,274.353271484375,69.9516109674543,-0.6208990828633913,5.625563640441209,67.61358675417,11060305962.269976,276.77824044797217,278.39769088047746,275.11196664751367,4.9933842015405165,-1.0086976563313366,271.8399963378906
2025-12-17,271.8399963378906,271.58587646484375,62.7837062833201,-0.7841227399115294,5.307509941839741,64.97328172917669,11018001155.632273,275.7397676513465,278.0703579045773,275.17175721930727,4.959759214970397,0.12875132341483297,272.19000244140625
2025-12-18,272.19000244140625,271.935546875,58.087347038775285,-0.9299060296420452,4.902761620489879,61.17839263402881,10973831170.32211,274.9789234960772,277.63845063030243,275.15339210280916,4.95935541724418,0.5437456457254575,273.6700134277344
2025-12-19,273.6700134277344,273.4141845703125,56.22440191541392,-1.0264126901553974,4.321655500602461,57.195042774174865,10909568782.073978,274.6659757109243,277.19082092904665,275.10697149405826,4.955350550215949,-0.9866019825797601,270.9700012207031
2025-12-22,270.9700012207031,270.7166748046875,51.71615427307088,-1.115070708330189,3.7548857223927032,53.23219977760395,10850844511.475473,273.87611552967695,276.69444629401863,274.9897471164981,4.929727571380285,0.5129726100470355,272.3599853515625
2025-12-23,272.3599853515625,272.1053771972656,49.78849288867552,-1.1638141232391908,3.364091086443261,49.66387358674135,10797936694.99667,273.52196786319473,276.20103677154304,274.84995861618347,4.882268713817022,0.5323815835382772,273.80999755859375
2025-12-24,273.80999755859375,273.55401611328125,49.82494536148952,-1.1593221343276916,3.140598040950137,46.35042783808323,10843845068.179712,273.52837751321204,275.707001902586,274.7240937492338,4.8234094446976385,-0.14973530252399003,273.3999938964844
2025-12-26,273.3999938964844,273.1444091796875,49.36256727046774,-1.1243662147682785,3.0710293070173678,43.27365678575782,10802814009.633278,273.4515838465071,275.21926057968597,274.6029023299265,4.7466368493650615,0.13168132449112857,273.760009765625
2025-12-29,273.760009765625,273.50408935546875,49.431674444976274,-1.064014934499999,3.1221877771493274,40.41665509431281,10840381896.470425,273.46208494829943,274.7387519696082,274.49425305548584,4.650510669956316,-0.2483993295382736,273.0799865722656
2025-12-30,273.0799865722656,272.82470703125,48.56520450050432,-0.9972902924138491,3.276794340575921,37.763724952256716,10805899667.000708,273.33460936488956,274.33376463721,274.3838107992386,4.538380895581427,-0.4467601499789753,271.8599853515625
2025-12-31,271.8599853515625,271.6058349609375,46.199754134369826,-0.9417258151192285,3.4158295683825792,35.35220100498237,10772855163.424932,272.9888544840992,273.95482604082275,274.25095781684433,4.417821802905787,-0.3126523879828924,271.010009765625
2026-01-02,271.010009765625,270.75665283203125,43.26921567243563,-0.9003482211746257,3.4666076347979513,33.22204945832888,10738851940.564314,272.5424141536856,273.63509069105663,274.088239372734,4.391437541703665,-1.3837113287258118,267.260009765625
2026-01-05,267.260009765625,267.0101623535156,37.004325638241085,-0.9100999951847835,3.539932876439145,31.544524482414648,10702519922.275818,271.43596379365164,273.2807947208141,273.83564169853565,4.385817198746141,-1.8334308830022295,262.3599853515625
2026-01-06,262.3599853515625,262.1147155761719,29.30527679555845,-0.9976741403107925,3.784600138872963,31.254356361947984,10662983887.645021,269.5717141501557,272.7713685647372,273.4295533605947,4.3965588793639085,-0.773747740562758,260.3299865722656
2026-01-07,260.3299865722656,260.08660888671875,23.864206422788182,-1.1292525521855286,4.2200201827881605,31.95031534818297,10621693099.940384,267.6746930974683,272.15122632151633,272.88147143077316,4.397016074077442,-0.4955108337700187,259.0400085449219
2026-01-08,259.0400085449219,258.7978515625,20.102465831827775,-1.271177039162667,4.802723040834885,33.44921872403577,10578576609.776674,265.8993247904747,271.3889620142444,272.21650508407805,4.38582706904467,0.1273895414872772,259.3699951171875
2026-01-09,259.3699951171875,259.1275329589844,17.797658949523836,-1.3823811889865976,5.383203356600976,35.31518223406301,10536084017.645706,264.54496642417666,270.49062090534085,271.4858823545636,4.371860424810761,0.33928502238405045,260.25
2026-01-12,260.25,260.0067138671875,16.437496942314848,-1.4368423432794415,5.888596850413497,37.33653304827614,10493037183.940931,263.63731591277883,269.509194111968,270.7383998362984,4.363315768739702,0.30738623692765366,261.04998779296875
2026-01-13,261.04998779296875,260.8059387207031,15.634690586714925,-1.4278225295801155,6.261368326198763,39.35689683142257,10449453556.977112,263.0710404743637,268.4700896645744,270.00817513516176,4.343492126250011,-0.41753602144793955,259.9599914550781
2026-01-14,259.9599914550781,259.71697998046875,14.717684037339435,-1.3829038975966368,6.617607144613571,41.40924476332951,10406582775.406055,262.40022837558473,267.3766515656439,269.2836087771068,4.339716331013249,-0.673187624656213,258.2099914550781
2026-01-15,258.2099914550781,257.9685974121094,13.584009232551898,-1.328440978979645,6.963118794754945,43.43550433433087,10364408430.149212,261.51390218288964,266.229156335523,268.5436367205147,4.331915803422225,-1.0379073276537754,255.52999877929688
2026-01-16,255.52999877929688,255.29112243652344,12.16680894184942,-1.2906845230616473,7.386996268111316,45.48414617978878,10316240393.943737,260.26934623361643,265.0018495435161,267.7556090550958,4.320950917458621,-3.4555634923675638,246.6999969482422
2026-01-20,246.6999969482422,246.46937561035156,9.739977405812004,-1.3591486030203135,8.071800385327643,47.814316064070006,10261652464.979357,257.50935210896347,263.60918837504727,266.7797750602261,4.413506205024642,0.3850831106810837,247.64999389648438
2026-01-21,247.64999389648438,247.41848754882812,8.41778234011601,-1.4401615854758556,8.831834622136512,50.19179669360824,10207053781.807852,255.4911791969364,262.2011348797253,265.70467069229375,4.510354399756368,0.28266120532465244,248.35000610351562
2026-01-22,248.35000610351562,248.1178436279297,7.605367085756797,-1.4868254526137372,9.602121882630627,52.49456764116169,10155433175.270649,254.01651208313507,260.835316778292,264.59151272951675,4.558579511610782,-0.12482895057522869,248.0399932861328
2026-01-23,248.0399932861328,247.80812072753906,6.993347584161163,-1.4912561831037183,10.307101772870096,54.75700010918289,10105798890.040886,252.77483381201588,259.52286768044604,263.4661147373738,4.5968529014843105,2.9712962519965025,255.41000366210938
2026-01-26,255.41000366210938,255.17123413085938,10.003816444923233,-1.3557573205694688,10.690123814420035,56.87447474061674,10156700158.224697,253.2541138757846,258.3937824256069,262.4935432267463,4.656186585466813,1.1197578028024013,258.2699890136719
2026-01-27,258.2699890136719,258.0285339355469,15.848083819066762,-1.106214396238967,10.756168986670396,57.80612623711926,10207350832.771746,254.20899788773707,257.4509506231027,261.7045389087454,4.687174953089331,-0.7085445328186779,256.44000244140625
2026-01-28,256.44000244140625,256.2002868652344,18.233049488198546,-0.8312736141992092,10.58475605596745,58.39829996087392,10256128972.409384,254.60725568323656,256.60457214398997,261.0286071729827,4.705377967489448,0.7175077196164281,258.2799987792969
2026-01-29,258.2799987792969,258.0385437011719,22.318529837141245,-0.5345526814500126,10.169404039926038,58.587039687072696,10308602084.119495,255.29351328682364,255.8939006351139,260.48240775525323,4.726537524856468,0.46461394466286166,259.4800109863281
2026-01-30,259.4800109863281,259.2374267578125,26.843082136699717,-0.23197370833522868,9.532665959653443,58.09102340045237,10369069253.487583,256.08229598102145,255.35074001492708,260.0633494910407,4.813591248841208,4.058122413384724,270.010009765625
2026-02-02,270.010009765625,269.7575988769531,39.91201375716846,0.18315090399767353,8.623550687153019,55.91113509455487,10432225668.982054,258.81735656020777,255.2055410475862,259.94468349762803,4.970636979950666,-0.19629122599374993,269.4800109863281
2026-02-03,269.4800109863281,269.22808837890625,47.588157534630916,0.6049705266206757,7.670506942512863,52.65016235196009,10495629741.37763,260.89950292394747,255.5445561290846,260.03561868108704,5.077290702364823,2.6012954335186356,276.489990234375
2026-02-04,276.489990234375,276.23150634765625,56.41820260467842,1.070307931513537,7.013041184821357,49.53963054700358,10564462139.294092,263.96590360868925,256.39202857025987,260.40993153133485,5.179129367011688,-0.20976508564164442,275.9100036621094
2026-02-05,275.9100036621094,275.6520690917969,61.71292816212629,1.4895544632731896,6.832680801071501,47.53672921949001,10630123537.627262,266.3031367053108,257.62069103247745,260.9711891669516,5.270364655701652,0.8009793893585249,278.1199951171875
2026-02-06,278.1199951171875,277.8599853515625,66.09924290110848,1.8528889971028626,7.1956881127847625,46.33647282949594,10692743336.293797,268.6145064345611,259.204658294732,261.69912414481917,5.319705817737433,-1.166051394653178,274.6199951171875
2026-02-09,274.6199951171875,274.6199951171875,68.14174818789634,2.0870543035769944,7.828604878183247,45.556204916680386,10751763855.227024,269.8156041710864,260.86080732426217,262.4721222425589,5.373220597853484,-0.3422920610733904,273.67999267578125
2026-02-10,273.67999267578125,273.67999267578125,69.41856548514664,2.195898687266779,8.553091620774671,44.95693120200158,10805855650.373608,270.5884818720254,262.498755722691,263.24510887393666,5.3709283213386625,0.6650129249217152,275.5
2026-02-11,275.5,275.5,71.00890930161019,2.2288487179366276,9.33937194959533,44.72264718417753,10859515346.490873,271.57078549762036,264.1951087041294,264.0380304571446,5.374354803747815,-4.998181130189428,261.7300109863281
2026-02-12,261.7300109863281,261.7300109863281,63.844878437506566,2.019130975880045,9.806704902273957,43.57156851898371,10800372149.597061,269.6026305953619,265.6260204349832,264.56799237507005,5.522123815554243,-2.2733396848946263,255.77999877929688
2026-02-13,255.77999877929688,255.77999877929688,55.39143982227271,1.6128829516239416,10.003998261118461,41.43644005723628,10741799452.08201,266.8381042321489,266.70160126009597,264.7841935043156,5.649864941789473,3.1667863563111576,263.8800048828125
2026-02-17,263.8800048828125,263.8800048828125,53.75121887140953,1.2397434762339885,10.137419537119765,38.721941442589504,10683247474.06997,266.24648436228165,267.4445140403033,264.9234593003124,5.817617640092781,0.17811172199722058,264.3500061035156
2026-02-18,264.3500061035156,264.3500061035156,52.67431146471232,0.9176407951532544,10.136101936250329,36.149869959103704,10629565231.660337,265.86718871052847,267.94128261896145,265.01333829176156,5.9215536085051586,-1.4261469431454121,260.5799865722656
2026-02-19,260.5799865722656,260.5799865722656,49.68560437623358,0.5990430384702851,9.920544307476352,33.60309466287967,10580450377.732632,264.80974828287594,268.0256670863801,264.9939487671058,5.97745560768084,1.5350373037534393,264.5799865722656
2026-02-20,264.5799865722656,264.5799865722656,49.554021366837794,0.36252898770073927,9.503940769216152,31.566767425393074,10532744394.590467,264.7637959407539,267.8717330099244,264.9720294503104,6.027733388928629,0.6047343656806037,266.17999267578125
2026-02-23,266.17999267578125,266.17999267578125,50.42550286561273,0.2100438385875898,8.841840737734755,29.572739721850123,10578370821.104198,265.0470352877594,267.51498589524425,264.9791728634008,6.065400517913274,2.2390946489790453,272.1400146484375
2026-02-24,272.1400146484375,272.1400146484375,54.65110069864944,0.19019696924688845,8.134637232576688,27.74665869110604,10624274882.315184,266.46563115989505,267.1799885941251,265.12074032020973,6.109304994808238,0.7679856784716499,274.2300109863281
2026-02-25,274.2300109863281,274.2300109863281,58.79182213558724,0.26266155419959114,7.454773717197066,26.46509365224609,10667740991.283972,268.0185071251817,266.9229911194407,265.39671811115943,6.110215601267774,-0.4667610137537803,272.95001220703125
2026-02-26,272.95001220703125,272.95001220703125,61.21418700433189,0.35243030861768887,6.678158906250452,25.67803856432679,10708982898.459002,269.0048081415516,266.66639338383385,265.74034573310155,6.099460365456656,-3.2130496937285313,264.17999267578125
2026-02-27,264.17999267578125,264.17999267578125,57.6439597562558,0.32301077785297494,5.711628790230768,24.64412926135308,10661516072.718977,268.0398450483975,266.5101148291374,265.9593456678916,6.14604965520696,0.2044093269336189,264.7200012207031
2026-03-02,264.7200012207031,264.7200012207031,55.255905949454174,0.23890110732236558,4.553970853128636,23.185018788979736,10615177032.126957,267.37587628285866,266.5638920342084,266.0942533455075,6.183286512122308,-0.36642536122324376,263.75
2026-03-03,263.75,263.75,52.688547327687225,0.12047132540788186,3.671583286144016,21.61622926314983,10570392019.653341,266.6507010262869,266.60431370060894,266.1472483627246,6.200186836740268,-0.4663548763329417,262.5199890136719
2026-03-04,262.5199890136719,262.5199890136719,49.84707065915776,-0.019979418463442977,3.0462711038824453,20.34821503309485,10526603389.674448,265.8245586237639,266.6000506919325,266.1165160066331,6.191738415485179,-0.8494516844711031,260.2900085449219
2026-03-05,260.2900085449219,260.2900085449219,46.2482111287124,-0.1847422106116997,2.963270075374976,19.69268982662615,10481640765.691334,264.7176486079955,266.59084072444443,265.98329054009616,6.158580433168666,-1.0872553678353492,257.4599914550781
2026-03-06,257.4599914550781,257.4599914550781,41.969098608192404,-0.3776780545228441,3.2337925624203034,19.693000817353493,10437446666.504843,263.26611717741207,266.44107284811025,265.7245121246024,6.108826124352342,0.9399570838394267,259.8800048828125
2026-03-09,259.8800048828125,259.8800048828125,40.1046800591768,-0.5278828113997844,3.5187963539658447,20.17742922315556,10394447687.15565,262.58889471849216,266.1952587911835,265.42588189544904,6.091311139179514,0.36554627966916,260.8299865722656
2026-03-10,260.8299865722656,260.8299865722656,39.132213502705625,-0.621458544037631,3.675436988584794,20.772107763473706,10353930343.676294,262.23711308924686,265.7724069841187,265.1221896281917,6.070281259338517,-0.007663617950748325,260.80999755859375
2026-03-11,260.80999755859375,260.80999755859375,38.32030107936441,-0.6689836311879342,3.6788012388429783,21.324309265197698,10316272688.89281,261.95168998311624,265.1657252699121,264.8202372810416,6.004798146178135,-1.9362766377938656,255.75999450683594
2026-03-12,255.75999450683594,255.75999450683594,34.93376784761151,-0.7444418455195372,3.560793730644931,22.17473082654672,10277987765.066025,260.7133508878602,264.33657954454304,264.42910524359576,5.93851385333145,-2.2051921765652405,250.1199951171875
2026-03-13,250.1199951171875,250.1199951171875,30.0420185445212,-0.8879363603601675,3.944765997051747,23.50805626311914,10239973826.004595,258.5946797337257,263.3920630130758,263.8734456712272,5.901723642166385,1.079486750256109,252.82000732421875
2026-03-16,252.82000732421875,252.82000732421875,27.760011982921668,-1.0030252811626121,4.599652362256158,25.10541357036608,10203147834.755451,257.4397452518243,262.3984499099724,263.26071229795076,5.847369069081902,0.5577044389181385,254.22999572753906
2026-03-17,254.22999572753906,254.22999572753906,26.552685559149204,-1.059253399737433,5.209444207094765,26.737313210604828,10167214721.756136,256.7977953469673,261.41315934204044,262.6451963978571,5.765600573904137,-1.6874457610149385,249.94000244140625
2026-03-18,249.94000244140625,249.94000244140625,24.137273783332496,-1.1197888053677192,5.891329997760821,28.53042991398509,10131316651.356684,255.4262367658551,260.37332715624956,261.9576764329045,5.7073497184506845,-0.39209238936004365,248.9600067138672
2026-03-19,248.9600067138672,248.9600067138672,22.096229756597843,-1.1723006185772307,6.641510379238342,30.478760852736748,10095625375.037123,254.1329907554575,259.3148613709958,261.21246827314764,5.647258355268779,-0.3896213024359163,247.99000549316406
2026-03-20,247.99000549316406,247.99000549316406,20.336845316454518,-1.2102329877744342,7.405814621297554,32.548900084490164,10049406133.981474,252.90439370299882,258.2786890235545,260.4212230759906,5.567658179661841,1.411347200480817,251.49000549316406
2026-03-23,251.49000549316406,251.49000549316406,19.943105625041156,-1.1739267972531833,8.027243520523063,34.496614040888815,10004321521.136955,252.62151606103188,257.2819511578084,259.6783938364707,5.4907030369903564,0.059642090424327776,251.63999938964844
2026-03-24,251.63999938964844,251.63999938964844,19.658663873115664,-1.084791959545301,8.437221965384552,36.358512608938874,9959223370.86134,252.4252127267552,256.3007611215593,258.9876146831645,5.430526298753061,0.389443542328749,252.6199951171875
2026-03-25,252.6199951171875,252.6199951171875,19.902812628973827,-0.9497315528008827,8.550201009404145,38.08741842212821,10000997231.081833,252.46416920484168,255.3520090437318,258.36633416141945,5.356815973172945,0.10688159198788405,252.88999938964844
2026-03-26,252.88999938964844,252.88999938964844,20.471807058861767,-0.7878523623955389,8.362658168962552,39.32669029720608,10042775659.258226,252.54933524180305,254.53560747912607,257.8123342643131,5.314533727804376,-1.6173025219509918,248.8000030517578
2026-03-27,248.8000030517578,248.8000030517578,19.17987776745647,-0.6691437994759086,8.180342652960748,40.62720007258696,9999772916.717112,251.799468803794,253.8560863861329,257.23968041093036,5.313202123261166,-0.8721857485242457,246.6300048828125
2026-03-30,246.6300048828125,246.6300048828125,17.536623341324397,-0.6003174323386054,7.993940270594581,42.082779596109674,9957481482.68422,250.76557601959775,253.1886694629102,256.62309904032725,5.312881481130358,2.9031294901536553,253.7899932861328
2026-03-31,253.7899932861328,253.7899932861328,21.76008198478806,-0.46041313517702553,7.63976600811092,43.54317895177708,10001234249.910534,251.37045947290477,252.64593587550397,256.1228476529537,5.356459120445943,0.7250134541771258,255.6300048828125
2026-04-01,255.6300048828125,255.6300048828125,27.39972512402584,-0.2664786097305334,7.137680874346536,44.58805240019453,10044248343.691586,252.22236855488632,252.3255490544071,255.75137345313775,5.353024391427245,0.11344258521832629,255.9199981689453
2026-04-02,255.9199981689453,255.9199981689453,31.983095342167555,-0.05541002423601027,6.5707788072925055,45.314221338534836,10084917498.716427,252.9618944776981,252.20843942663117,255.48570878881014,5.352286972654797,1.1487914987700076,258.8599853515625
2026-04-06,258.8599853515625,258.8599853515625,38.63768313473327,0.18354524416668117,6.019029009396452,44.566074185180454,10123318802.7363,254.141512652471,252.3321513215784,255.3576901091588,5.356706679200642,-2.0706117804507373,253.5
2026-04-07,253.5,253.5,38.199914007707456,0.34356613452917006,5.437885103140187,44.336371908632614,10080168159.520401,254.01321012197678,252.47132072767292,255.22964439609385,5.4334657266288175,2.130175107094434,258.8999938964844
2026-04-08,258.8999938964844,258.8999938964844,43.45556483758552,0.5155014623096585,4.75829758203222,43.53133610906888,10122895234.093119,254.99056687687832,252.72785614268523,255.20687510854953,5.458865811776525,0.6141353323192211,260.489990234375
2026-04-09,260.489990234375,260.489990234375,48.738854761633725,0.6925359079327573,3.9926701416970394,42.09987959947468,10162701213.751293,256.0904515483777,253.0904843770388,255.291025245676,5.471893331903285,-0.0038309525974056235,260.4800109863281
2026-04-10,260.4800109863281,260.4800109863281,52.54986803633666,0.8477417297381464,3.4042088224493563,40.093891296099294,10200797897.477833,256.96836343596783,253.53238719645526,255.4507717399895,5.4486869196521805,-0.9367330844954225,258.0400085449219
