Date,Adj Close,adj_close_smooth,target_ret_1d_pct,volume,rsi_14,macd_hist_12_26_9,adx_14,atr_14,obv,sma_10,ema_20,bb_bandwidth_20_2,target_close_1d
2016-06-03,22.31198501586914,22.406723326438527,0.7251041340219366,142215825.76703843,53.536538401221605,0.27271677945892886,53.55244082561243,2.34526831628172,-2360426223.8502326,22.16548246861951,22.216817380176735,10.363584381088152,22.473770141601562
2016-06-06,22.473770141601562,22.426837370987435,0.4055427571611592,127502078.0369269,54.08757281658487,0.2452768581293444,50.740462765264105,2.3575164100089485,-2232924145.813306,22.264804154883024,22.23681928406347,10.686747728842203,22.564910888671875
2016-06-07,22.564910888671875,22.468259426292768,-0.09087518781942805,116142854.62584881,55.26420108791348,0.2213473585441253,48.173461773062805,2.3683965452538254,-2116781291.187457,22.352102524812153,22.25886120237102,10.906567602792776,22.544404983520508
2016-06-08,22.544404983520508,22.49110309346109,0.7176371840344364,106317718.23809417,55.93489246679728,0.1991824224774913,45.789817994590166,2.3745406036427683,-2010463572.949363,22.420320281925388,22.280979477712933,11.031249146771605,22.706192016601562
2016-06-09,22.706192016601562,22.55562977040323,-0.8229014974399762,106344082.7666659,57.856887636511395,0.1814915384868354,43.66155146056619,2.3802175389979907,-1904119490.182697,22.468277904470575,22.307136648445343,11.037192302926687,22.51934242248535
2016-06-10,22.51934242248535,22.544743566027865,-1.5076371131079735,112496337.93666613,57.40199769761939,0.1623059591965788,41.685303964686774,2.3785737626131147,-2016615828.1193633,22.491047764177992,22.329765878691298,10.644180029242326,22.179832458496094
2016-06-13,22.179832458496094,22.435270233768332,0.12327344087259551,124372036.55566628,52.897914997500614,0.13652774532246412,39.33201834046501,2.3749785472818106,-2140987864.6750295,22.486410875567906,22.33981391250816,9.755168761613989,22.20717430114746
2016-06-14,22.20717430114746,22.36684145398207,-0.3283273017889332,125378705.5889664,50.24404824038795,0.11027692548247489,36.663892096126794,2.3740385823190806,-2266366570.263996,22.466759318524975,22.3423879640771,8.846238502359306,22.134262084960938
2016-06-15,22.134262084960938,22.297067643275728,0.42204349813284026,123099333.91227648,47.62059282520718,0.0847688165814258,34.125491221705325,2.3738837772088948,-2389465904.1762724,22.44398013441768,22.338071743048403,7.81357914682446,22.227678298950195
2016-06-16,22.227678298950195,22.27625083997807,-2.2757569373860087,123761693.73859353,46.83487837586586,0.06399451828731827,32.28148241644648,2.372269313983635,-2513227597.914866,22.426872672461514,22.332184037994082,6.783554545425221,21.721830368041992
2016-06-17,21.721830368041992,22.109924698397244,-0.24120834227876475,159843025.61701548,41.01230137954126,0.037844381332142685,31.159901887336613,2.361846043641556,-2673070623.5318813,22.397192809657383,22.311016481842003,5.653559226383395,21.669435501098633
2016-06-20,21.669435501098633,21.97777793920766,0.8517189250089707,153184397.9319108,37.06918521958311,0.0117905995765058,30.57629952022175,2.3563314217482585,-2826255021.4637923,22.352286866479407,22.27927947778159,4.645029894472291,21.8539981842041
2016-06-21,21.8539981842041,21.94064401270659,-0.37536910480722163,149884758.55233756,36.02113553767407,-0.006800382461853924,30.430367422346308,2.354069760996545,-2976139780.01613,22.29952532512079,22.24702848110778,3.931170982983373,21.77196502685547
2016-06-22,21.77196502685547,21.89004031695125,0.5756046108641666,139982250.98663628,34.586087903803424,-0.020583365976053994,30.378625527290367,2.3529089365553193,-3116122031.002766,22.239419047469802,22.213029608330967,3.7687398144158912,21.89728546142578
2016-06-23,21.89728546142578,21.89221386029361,-2.809567958981518,136675815.6906454,34.70641133518861,-0.027215228633999416,30.420871040484528,2.3510321063571884,-2979446215.312121,22.173077456458838,22.182475727565503,4.028545932496179,21.282066345214844
2016-06-24,21.282066345214844,21.70916960576998,-1.456085231564419,186046750.98345178,29.744399739896807,-0.04077539222643953,31.201374432484503,2.337312524180068,-3165492966.2955728,22.089520060433053,22.13739895406117,4.690064264514974,20.97218132019043
2016-06-27,20.97218132019043,21.488073120096114,1.684012760535869,184820245.68841624,25.080088239265766,-0.06030270356666542,32.56355827651294,2.3207474077694656,-3350313211.983989,21.994800349065834,22.07555839844545,5.577878958893106,21.325355529785156
2016-06-28,21.325355529785156,21.439257843002824,0.8654791126222916,177908051.98189136,24.178575935012613,-0.07141442727382452,34.09489680476881,2.312595914693305,-3528221263.96588,21.90204198796791,22.014958345546155,6.244097436416059,21.50992202758789
2016-06-29,21.50992202758789,21.460457098378342,1.2711979381051952,168372836.38732395,25.43213226467986,-0.07203799695076779,35.51685400957783,2.3072877867322505,-3359848427.578556,21.81838093347817,21.962148702958746,6.702111878947588,21.783355712890625
2016-06-30,21.783355712890625,21.557326682732025,0.3033513029614854,160864665.47112674,31.04242366270156,-0.06106181353547602,36.217616286309344,2.306522275267132,-3198983762.1074295,21.746488517753566,21.923594224841917,6.94344121066655,21.849435806274414
2016-07-01,21.849435806274414,21.64495941979474,-0.938561972142915,143837065.8297887,35.75174832646837,-0.043840821069012825,36.076937101387884,2.3066165996080485,-3055146696.277641,21.699991989893313,21.897057576742185,7.030359105255073,21.644365310668945
2016-07-05,21.644365310668945,21.644781187057,0.5684497396474253,133932186.08085209,35.74640127019795,-0.029112425003684217,35.9463064296751,2.3001196527636574,-3189078882.358493,21.666692314678247,21.873031253915023,7.030426627697058,21.76740264892578
2016-07-06,21.76740264892578,21.68156762561763,0.42918274422496516,130891450.25659646,37.81367189412383,-0.014293074860767474,35.69878076334621,2.295264836288262,-3058187432.1018963,21.64078467596935,21.854796622648603,6.883684592302603,21.860824584960938
2016-07-07,21.860824584960938,21.735344713420623,0.7713302635427022,121791535.17961752,40.81166230182722,0.0009233090637957853,34.89418795571741,2.2934449023246684,-2936395896.922279,21.62531511561629,21.84342025034118,6.593716915456448,22.029443740844727
2016-07-08,22.029443740844727,21.82357442164785,0.3103004708404189,119948594.62573226,45.45758455968005,0.01778745942140647,33.5540111882811,2.2937240243939003,-2816447302.2965465,21.618451171751715,21.841530171418007,6.073789308037872,22.097801208496094
2016-07-11,22.097801208496094,21.905842457702324,0.4536920449260684,112517896.23801258,49.44252760604824,0.0343793500197169,31.550993823882468,2.2958197240867104,-2703929406.0585337,21.63811845694495,21.84765515106413,5.441542469702485,22.198057174682617
2016-07-12,22.198057174682617,21.99350687279641,-0.5645386841149902,107763527.3666088,53.35349133887758,0.050196845963942305,29.411008682278162,2.297854321125846,-2596165878.691925,21.688661832214976,21.861545791229112,4.930779165185506,22.07274055480957
2016-07-13,22.07274055480957,22.017276977400357,1.982030979895133,106505109.15662615,54.383898894642705,0.06050779267448561,27.750912401271393,2.29749655305331,-2489660769.535299,21.74646374565473,21.87637733276923,4.4872170393033635,22.510229110717773
2016-07-14,22.510229110717773,22.16516261739558,-0.010134010425322248,121256376.4096383,60.26481195458439,0.07460967815351877,26.945192945276023,2.3053481971935796,-2368404393.1256604,21.816934297556454,21.903880693209835,4.281211404143582,22.50794792175293
2016-07-15,22.50794792175293,22.267998208702785,1.063001037146516,121043863.4867468,63.76327774559156,0.08730336706024455,26.752364837608496,2.310653697063928,-2247360529.6389136,21.888001450153528,21.938558551828212,4.266536799584794,22.747207641601562
2016-07-18,22.747207641601562,22.41176103857242,0.040055045711562265,128523384.44072276,68.0043971789043,0.10086190020730951,27.16221451394885,2.3186857940054613,-2118837145.198191,21.9646816120313,21.98362545532766,4.753547646720181,22.756319046020508
2016-07-19,22.756319046020508,22.515128440806844,0.09010243599270051,118502249.10850593,70.66308704459486,0.11144391376398617,27.876017807894623,2.3224946548258787,-2000334896.089685,22.051716337406287,22.034244787278062,5.4543811824268635,22.776823043823242
2016-07-20,22.776823043823242,22.593636821711762,-0.5302130406984351,114482774.37595415,72.53011703653387,0.11776512798128455,28.87057449209456,2.325745830150688,-1885852121.7137308,22.1429232570157,22.087520219128894,6.18052264955535,22.656057357788086
2016-07-21,22.656057357788086,22.61236298253466,-0.774412228552257,119380342.0631679,72.97196090439094,0.1170008150519109,30.130853376313937,2.3310183325266585,-1766471779.650563,22.2306250839271,22.13750524421516,6.8026629670821155,22.480606079101562
2016-07-22,22.480606079101562,22.57283591150473,-1.337924874210017,117542679.44421752,70.39799447395043,0.1078512438321877,31.02678255878611,2.3309724249129973,-1884014459.0947804,22.305551232912784,22.178965307766546,7.254304379485038,22.179832458496094
2016-07-25,22.179832458496094,22.454934875602138,-0.6883189922793909,130739355.61095226,63.23325993501049,0.08867813266474886,30.878507928048048,2.328765883116791,-2014753814.7057328,22.36046047470277,22.20524812375089,7.41261583397498,22.027164459228516
2016-07-26,22.027164459228516,22.32660375069005,6.496332275713934,159005308.92766657,56.49359795525628,0.06335980769970503,29.881848549007536,2.3269866730256044,-2173759123.6333995,22.393770162492135,22.216805802507,7.184688026000719,23.45812225341797
2016-07-27,23.45812225341797,22.666059301508426,1.3501710571720338,222117476.24936658,66.62642932412896,0.06522565320214005,30.377589015359312,2.362973368315108,-1951641647.384033,22.45864839490294,22.259591850030947,7.110630508260513,23.77484703063965
2016-07-28,23.77484703063965,22.99869562024779,-0.12458215558979191,203325993.3745566,73.21073371270379,0.08344834948653582,31.54373158287601,2.392609083438874,-1748315654.0094764,22.542001695188162,22.329982685289696,7.39202250624423,23.745227813720703
2016-07-29,23.745227813720703,23.222655278289665,1.7656521174057582,175608635.36218962,76.56337513878874,0.10384225283984094,33.04147029603501,2.4112303978877705,-1572707018.647287,22.63746740214685,22.414999122718264,7.956985021342109,24.164485931396484
2016-08-01,24.164485931396484,23.50520447422171,-1.4803992375179043,168727524.7535327,79.96927530101071,0.12803031454051642,34.87426921466543,2.431499441633723,-1403979493.8937542,22.746811745711778,22.51882820381383,8.866781639367895,23.80675506591797
2016-08-02,23.80675506591797,23.59566965173059,1.2537819682675089,158689187.32747287,80.9250851472185,0.1407783427278469,36.83225966905985,2.4429924890116457,-1245290306.5662813,22.85486586680415,22.621384532186855,9.554766520955816,24.105239868164062
2016-08-03,24.105239868164062,23.74854071666063,0.6177595851524442,147325551.129231,82.44914379863269,0.1493494424606821,38.794418408439704,2.4549683597260747,-1097964755.4370503,22.97035625629904,22.728732740231976,10.203648850583056,24.254152297973633
2016-08-04,24.254152297973633,23.900224191054534,1.5207262632173313,136018325.79046172,83.8297021056719,0.1544370263044753,40.73009200448109,2.461462499378522,-961946429.6465886,23.09914237715103,22.840303354596028,10.820429275631053,24.62299156188965
2016-08-05,24.62299156188965,24.117054402305065,0.8280775944051966,143876908.0533232,85.57632296830182,0.16088002965319714,42.75106158833439,2.469902666955132,-818069521.5932653,23.25356422623106,22.961898692473078,11.552070082673424,24.826889038085938
2016-08-08,24.826889038085938,24.330004793039326,0.40600194830537895,134358475.63732624,87.05516099004522,0.16722055159502613,44.825082225725055,2.4753803428328007,-683711045.955939,23.441071217974777,23.092194511574625,12.352488295449907,24.92768669128418
2016-08-09,24.92768669128418,24.50930936251278,-0.7443940897464363,125629172.94612837,88.15627092833051,0.17063613236659025,46.916681522283184,2.4774993584982745,-558081873.0098107,23.65934177915705,23.227157830711594,13.144060292309296,24.74212646484375
2016-08-10,24.74212646484375,24.57915449321207,-0.06482423681776206,116750621.06228985,88.56433187458462,0.16466500636296755,48.96429802686606,2.475015597216988,-441331251.94752085,23.850651298327413,23.355919417616402,13.665027614797134,24.72608757019043
2016-08-11,24.72608757019043,24.62323441630558,0.23163334912370548,114706834.74360289,88.82599045638145,0.15110391048033395,50.93939825729718,2.473730252689149,-326624417.203918,24.013105177933195,23.47661608415823,14.06034383745025,24.783361434936523
2016-08-12,24.783361434936523,24.67127252189486,1.2017129330943233,102687264.32052201,89.11820623223845,0.13340466915718152,52.79320286410614,2.4709701241918816,-223937152.88339597,24.157966902293715,23.590392887752195,14.315704887928803,25.081186294555664
2016-08-15,25.081186294555664,24.7942466536931,-0.09134003535424817,102922925.0243654,89.84997568979185,0.11851772782031678,54.60277283489801,2.4719760835919455,-121014227.85903057,24.286871120240857,23.705045627365614,14.59153358624586,25.058277130126953
2016-08-16,25.058277130126953,24.873455796623254,-0.14629593460191437,112599327.51705576,90.30233864729252,0.1031107744739942,56.38619150128217,2.4727229242252537,-8414900.34197481,24.414649734730123,23.816322786342532,14.791814078226981,25.021617889404297
2016-08-17,25.021617889404297,24.917904424457564,-0.1281926776269371,109246729.26193903,90.55667738239971,0.08573220044893959,58.05904261258264,2.4691690984717605,100831828.91996422,24.531586105509817,23.92123532330587,14.859639008986775,24.98954200744629
2016-08-18,24.98954200744629,24.93939569935418,0.2567144443739622,102854350.48335733,90.68390110157776,0.0663683806876394,59.64003825960351,2.4649136681031516,203686179.40332156,24.635503256339778,24.01820297816761,14.713492862306769,25.053693771362305
2016-08-19,25.053693771362305,24.973685120956617,-0.7772536873967062,102439765.33835012,90.89467715709482,0.04744081164797431,61.13438224626183,2.4614628869664585,306125944.7416717,24.721166328204934,24.10920127748085,14.284215780469015,24.858963012695312
2016-08-22,24.858963012695312,24.939268488478227,0.31334457022864637,102692075.73684508,88.72484895632702,0.025286103486826583,62.17561475223106,2.4540736569462114,203433869.0048266,24.782092697748826,24.188255297575836,13.336024116552167,24.936857223510742
2016-08-23,24.936857223510742,24.93854510898798,-0.7533523352859173,97393693.01579155,88.67693301081333,0.004362666002551641,63.14247350777392,2.4496341557344334,106040175.98903506,24.825016272396347,24.25971147009128,11.714608020993337,24.748994827270508
2016-08-24,24.748994827270508,24.881680024472736,-0.42579915951485026,96585705.11105408,84.79994425363058,-0.01828496956359349,63.586873199050686,2.442484378962953,9454470.877980977,24.855268825522415,24.31894657050856,10.231458579767692,24.643613815307617
2016-08-25,24.643613815307617,24.8102601617232,-0.5856497242218928,97713433.57773785,80.06531167907498,-0.04171324940436283,63.01192722231915,2.433091026356941,-88258962.69975688,24.873971400064175,24.365738341100432,8.941740172298392,24.49928855895996
2016-08-26,24.49928855895996,24.716968680894226,-0.11223320964791617,101718963.5044165,74.23480937246765,-0.06570339544684556,61.61613488060766,2.4250737984929476,-189977926.2041734,24.87854101596411,24.399188849652223,7.690323766098702,24.471792221069336
2016-08-29,24.471792221069336,24.643415742946758,-0.7676145788704125,101167634.45309155,69.91209433914045,-0.08737868621950862,59.74274762004579,2.418483420086323,-291145560.65726495,24.863457924889474,24.42244855377551,6.680014393249276,24.28394317626953
2016-08-30,24.28394317626953,24.535573972943588,0.09429160730078934,100654024.11716408,64.02538151345037,-0.10845589545227174,57.19571725193211,2.408515196097253,-391799584.774429,24.829669742521506,24.43322240322009,5.588379265356519,24.306840896606445
2016-08-31,24.306840896606445,24.466954050042443,0.5938031754302298,106052696.88201486,60.532703805623655,-0.12530309704939824,54.37305058884798,2.4009653123187706,-497852281.6564439,24.784574705079997,24.436434941012696,4.590705216952126,24.451175689697266
2016-09-01,24.451175689697266,24.46222054193889,0.9369584891966598,106278687.8174104,60.28838462270257,-0.1342531808165161,51.42747656954362,2.3958906283059194,-604130969.4738543,24.73685718933847,24.438890712529478,3.712569105648832,24.680273056030273
2016-09-02,24.680273056030273,24.527636296166307,-0.02785254627065692,106558081.47218727,62.538655336394115,-0.13300157374379573,49.0001528180218,2.3958692340260686,-497572888.001667,24.692252306859434,24.447342672875845,3.1199749581174125,24.673398971557617
2016-09-06,24.673398971557617,24.571365098783698,0.6128030475031299,106847137.03053108,64.00692583179817,-0.12650222890025453,47.06489935853032,2.3958308664488035,-390725750.971136,24.655461967889984,24.45915433248612,2.8405062885680947,24.82459831237793
2016-09-07,24.82459831237793,24.647335062861966,-2.620912301341527,125630155.92137174,66.4659760535776,-0.11470853031226291,45.640384295496986,2.398393871010393,-265095595.04976422,24.626340963277382,24.47707630680763,2.7466601786575398,24.173967361450195
2016-09-08,24.173967361450195,24.505324752438433,-2.2649618068187882,151543509.14496022,58.42986419637316,-0.11386422646737854,43.46272949435851,2.391370687776389,-416639104.19472444,24.588705436073955,24.479766634962942,2.810227184932846,23.626436233520508
2016-09-09,23.626436233520508,24.241658196763055,2.239886358801768,161948856.40147215,47.05445165444486,-0.12743134868145845,40.7009472489401,2.383905524158912,-578587960.5961967,24.531845239577937,24.457089640848668,3.272753766358222,24.155641555786133
2016-09-12,24.155641555786133,24.215853204469976,2.3805100125050105,167715559.4810305,46.10833414093141,-0.13384985148107947,39.103033616059456,2.3880458509681888,-746303520.0772271,24.48173369193551,24.434114742145937,3.7009471954064668,24.730669021606445
2016-09-13,24.730669021606445,24.370297949610915,3.5386491416430577,192012331.63672134,52.29128973269764,-0.12364308156730491,36.77431066648907,2.4047473381540936,-554291188.4405057,24.454421912601926,24.428036952380697,3.83328295832978,25.60580062866211
2016-09-14,25.60580062866211,24.740948753326272,3.399883231156875,267475072.14570493,63.20243025815463,-0.08947139539184235,35.426965363984216,2.4396479477191537,-286816116.2948008,24.474959390640194,24.457838076280275,3.7647286810051375,26.476367950439453
2016-09-15,26.476367950439453,25.261574512460225,-0.5624712831892142,295212870.5019934,72.6605957510422,-0.032295325542204184,35.49456531649803,2.4813416067118457,8396754.2071926,24.554421436881974,24.53438440353551,4.245947148569111,26.32744598388672
2016-09-16,26.32744598388672,25.58133595388817,-1.1659862912590135,302513289.35139537,76.63317525285791,0.0235570983441932,36.2637938575736,2.5100451226900207,310910043.55858797,24.666332978076905,24.634094074997666,5.259015831616879,26.020471572875977
2016-09-19,26.020471572875977,25.713076639584514,-0.008840202779303308,268186902.54597676,78.04840865397668,0.06359927345997507,37.385744148370925,2.533149028855489,579096946.1045647,24.784877012418722,24.73685431924403,6.294714642161032,26.018171310424805
2016-09-20,26.018171310424805,25.8046050408366,-0.017593998687048806,229147991.7821837,79.00003735334411,0.08892160429659873,38.47702958847954,2.547660426825487,808244937.8867483,24.90820100662401,24.83854486415761,7.299072740659711,26.013593673706055
2016-09-21,26.013593673706055,25.867301630697433,0.9423170901150968,203607434.24752858,79.65079850719151,0.10164773431439267,39.512163305788896,2.555628572549388,1011852372.1342769,25.03019766340756,24.936521699066162,8.215218141464662,26.258724212646484
2016-09-22,26.258724212646484,25.984728405282144,-1.6663889521232211,179814003.97327,80.84789071857874,0.10907276170509766,40.59985976434525,2.5643602607862683,1191666376.1075468,25.17813802869193,25.03635090918197,9.14590428368741,25.821151733398438
2016-09-23,25.821151733398438,25.935655403717032,0.15085996755730413,188847242.78128898,78.76262881116988,0.10191170283635043,41.25051362734785,2.567344767185579,1002819133.3262578,25.347537749387328,25.121998956280546,9.829950344086647,25.860105514526367
2016-09-26,25.860105514526367,25.91299043695983,0.1860210502278914,168036349.94690228,77.7649903458643,0.08743678392069121,41.598874760281674,2.568406196634304,834782783.3793555,25.517251472636314,25.19733147825,10.33158988303365,25.90821075439453
2016-09-27,25.90821075439453,25.91155653219024,0.7604596328273372,147154324.9628316,77.69793824590867,0.07029210904808625,41.9223529551488,2.566235162171688,687628458.4165239,25.671377330894245,25.265352911958594,10.684470693468759,26.10523223876953
2016-09-28,26.10523223876953,25.969659244164024,-1.5533154180786268,138577347.4739821,78.50664891363245,0.056012112907515565,42.359531302631765,2.5688001454319713,826205805.890506,25.794248379978022,25.332429705501966,10.913108516833066,25.699735641479492
2016-09-29,25.699735641479492,25.888682163358663,0.7755344471819692,140068543.23178744,74.45446364432883,0.035272812497579964,42.43895605778455,2.5656667069526833,686137262.6587186,25.856959145067865,25.38540613005975,10.894942939997392,25.899045944213867
2016-09-30,25.899045944213867,25.89179129761522,-0.4688199977626484,141702900.2622512,74.50886804338883,0.016857925636565074,42.279584236033564,2.5652820791885746,827840162.9209697,25.88800467944057,25.433633288874557,10.757468287242135,25.777626037597656
2016-10-03,25.777626037597656,25.85754171960995,0.42660323050855986,125234190.18357584,72.67278950199017,-0.0015572934072676237,42.13159611583622,2.56070720127484,702605972.7373939,25.902451187443116,25.47400552037317,10.545767715167786,25.88759422302246
2016-10-04,25.88759422302246,25.866557470633705,0.04423632838475022,123348093.12850308,72.8623669286648,-0.016242722835250745,42.15834246298272,2.5628585195761113,825954065.8658969,25.908646430422827,25.511391420397985,10.276417207360172,25.899045944213867
2016-10-05,25.899045944213867,25.876304012707752,0.7430390809510801,112087385.18995215,73.07978874565072,-0.027736900084439797,42.18317835676162,2.563497194463268,938041451.0558491,25.90954666862386,25.546145000617965,9.986025912240812,26.09148597717285
2016-10-06,26.09148597717285,25.940858602047282,0.1492822848983888,112996329.6329665,74.53503180626954,-0.03306737898737849,42.346787470819514,2.5665363891212527,1051037780.6888156,25.905159688300373,25.58373677218266,9.44504963975946,26.130435943603516
2016-10-07,26.130435943603516,25.99773180451415,1.7446802795412664,108327510.74307655,75.77738027422522,-0.034669979584813326,42.649872236220624,2.5681256590065353,1159365291.4318922,25.911367328380084,25.623164870499945,8.28686107040935,26.586328506469727
2016-10-10,26.586328506469727,26.17431081510082,0.21542600262445255,119312457.52015358,79.17450641302118,-0.026133642393774248,43.48917467984518,2.579635935804611,1278677748.9520457,25.93749936619418,25.675654960461934,6.728193152166553,26.64360237121582
2016-10-11,26.64360237121582,26.31509828193532,0.894227979383655,160367920.2641075,81.41278657998063,-0.01391447317134642,44.86967012992814,2.5979719621821578,1439045669.2161531,25.97785354116869,25.736554324411777,4.971063906125066,26.88185691833496
2016-10-12,26.88185691833496,26.48512587285521,-0.30678661982348476,157361704.18487525,83.69234509878015,0.001870225086009314,46.39699663050483,2.6153209473097507,1596407373.4010284,26.02940020403781,25.80784685283496,3.733507455964757,26.799386978149414
2016-10-13,26.799386978149414,26.57940420444347,0.5556632219968938,152384072.92941266,84.80512855490717,0.014223864513312368,47.91222268413776,2.6236582750292614,1748791446.330441,26.09847240814629,25.8813285053691,3.6207473761230413,26.948301315307617
2016-10-14,26.948301315307617,26.690073337702714,-0.0680106430392513,149451491.05058885,86.0117776168404,0.024792988150725004,49.468731615374814,2.6316372728124646,1898242937.3810298,26.178300612155038,25.958351822734205,4.057577116519211,26.929973602294922
2016-10-17,26.929973602294922,26.762043417080374,-0.06806401161777442,132965923.73541218,86.74874958159882,0.031163369491349235,50.97926874007918,2.6342534891505305,2031208861.116442,26.26875078190208,26.0348938793386,4.559898124148137,26.911643981933594
2016-10-18,26.911643981933594,26.80692358653634,-0.297935029652463,122540346.61478852,87.2015763690731,0.03276827220005912,52.46917867474554,2.6357027300489744,2153749207.7312303,26.362787393492344,26.10842051811934,5.029278874537877,26.831464767456055
2016-10-19,26.831464767456055,26.81428594081225,-0.05126030617566002,109819762.63035196,87.2783769805792,0.028833148735967207,52.19946596842376,2.6343444613917133,2263568970.3615823,26.456585586302793,26.175645796471045,5.404767285500721,26.817710876464844
2016-10-20,26.817710876464844,26.81531342150803,-0.39295304676945086,105824793.84124637,87.28984004822722,0.02116193645858927,51.94901845541067,2.6308728028610666,2369393764.2028284,26.544031068248866,26.236566522665044,5.7367369308918175,26.712329864501953
2016-10-21,26.712329864501953,26.784418354406206,0.9005027792308384,101908595.68887246,84.81508848116378,0.009465698959416458,51.71646005046995,2.6238787370204624,2267485168.513956,26.62269972323807,26.288742887592775,5.920481268698506,26.9528751373291
2016-10-24,26.9528751373291,26.834955389283074,0.5100109552929055,99582456.98221071,85.53739214662184,0.0010350219911396397,51.578057728729284,2.6214495413187833,2367067625.4961667,26.688764180656296,26.340763125848994,6.059430982194693,27.0903377532959
2016-10-25,27.0903377532959,26.91157009848692,-2.2494956924662968,127462519.8875475,86.57961281700406,-0.0032450576542145115,51.64194404202522,2.620206467125692,2494530145.383714,26.748411362311458,26.395125694671655,6.186117575299679,26.480941772460938
2016-10-26,26.480941772460938,26.782381600679123,-0.9602669040683853,168584803.92128325,76.5608072232141,-0.017825738195352214,49.733783484041616,2.6025653621138747,2325945341.462431,26.77813693509385,26.43200720952951,6.165367999696615,26.226654052734375
2016-10-27,26.226654052734375,26.615663336295697,-0.6638754588984108,159483762.74489826,65.95398337984476,-0.040452726018125496,47.228722180512975,2.5885592085279017,2166461578.7175326,26.781762848279072,26.44949826922153,5.9230550639375155,26.052541732788086
2016-10-28,26.052541732788086,26.446726855243412,-0.15829815210225417,157072673.92142877,57.292338949012375,-0.06698620073146466,44.158767998696845,2.57918277676536,2009388904.796104,26.757428200033143,26.449234325033135,5.603595279936184,26.011301040649414
2016-10-31,26.011301040649414,26.316099110865213,-1.805518392674621,141654151.74500012,51.64452624001001,-0.09197980797789385,41.27017182678038,2.571497588898564,1867734753.0511038,26.712833769411628,26.43655478082667,5.219413903462399,25.541662216186523
2016-11-01,25.541662216186523,26.083768042461603,0.08968585085100678,151748866.2215001,43.44196088747173,-0.12097887789022732,39.77878927710968,2.563495799596974,1715985886.8296037,26.64051821500415,26.40295604383952,4.964031002863535,25.5645694732666
2016-11-02,25.5645694732666,25.9280084717031,-1.0718785973227174,140222246.35505006,38.97286317945049,-0.14580596561038994,38.88773545090391,2.557916242324086,1575763640.4745536,26.551890468093237,26.35772294173129,4.8917559004180085,25.29054832458496
2016-11-03,25.29054832458496,25.736770427567656,-0.9014119730177517,130474692.44853504,34.30638138426739,-0.16864849075171612,38.73411699406476,2.548771974143726,1445288948.0260186,26.444036168699203,26.29858460704904,5.198032416893104,25.062576293945312
2016-11-04,25.062576293945312,25.534512187480953,1.44250292693886,128336684.71397452,30.189237697676056,-0.1893685867385147,39.231507287200586,2.5368963362823056,1316952263.3120441,26.319045552006674,26.225815805185416,5.885882777207137,25.424104690551758
2016-11-07,25.424104690551758,25.501389938402195,0.5887219173816183,128907679.29978216,29.563524099481832,-0.1964467304514678,39.872945014362884,2.529777769611597,1188044584.0122619,26.18568900691859,26.156822865491776,6.650127364144734,25.573781967163086
2016-11-08,25.573781967163086,25.52310754703046,-0.16205963785723698,119340415.5098475,30.579510708525522,-0.19065582133945164,40.55621398023309,2.5246389408116165,1307384999.5221093,26.046842751772942,26.096469025638317,7.308825772161642,25.532337188720703
2016-11-09,25.532337188720703,25.525876439537534,-2.786789895159958,154549970.85689324,30.7167244333029,-0.17787712786906168,41.50314570285123,2.515546823857301,1461934970.3790026,25.921192235658786,26.0421268745811,7.858219997855827,24.820804595947266
2016-11-10,24.820804595947266,25.314354886460453,0.593740994755354,176746379.59982526,26.42052408934739,-0.17465860442660106,42.85440551850912,2.5037358422347387,1285188590.7791772,25.79106139067526,25.97281525666485,8.539411074591138,24.968175888061523
2016-11-11,24.968175888061523,25.210501186940775,-2.5085338506544597,164695145.71987766,24.601169284895946,-0.1703317374919982,44.312244015193016,2.4937649952185765,1120493445.0592995,25.667438823844996,25.900213916691126,9.145501088063993,24.341840744018555
2016-11-14,24.341840744018555,24.94990305406411,1.3243787187645406,176697202.00391436,20.74149960928851,-0.17515184691217703,46.025061449584584,2.476367341223107,943796243.0553851,25.530819218164886,25.80970812025046,9.87132360894412,24.66421890258789
2016-11-15,24.66421890258789,24.864197808621242,2.688824214760732,162405441.40274006,19.6496329204589,-0.1738919638214566,47.66309126012999,2.4672401230771714,781390801.6526451,25.40886219478085,25.719659519142915,10.44417543489673,25.327396392822266
2016-11-16,25.327396392822266,25.003157383881547,-0.03640375484322833,184292408.98191804,26.41347582144161,-0.15415338540784013,48.68750579768791,2.4704368987159206,965683210.6345632,25.316377085998695,25.651421220546595,10.62495150405281,25.31817626953125
2016-11-17,25.31817626953125,25.097663049576454,0.10007521461476987,162163086.2873426,30.686890897108558,-0.12635304556320243,49.23498713563079,2.468007652745224,1127846296.9219058,25.252466348199576,25.598682347120867,10.533526741544204,25.34351348876953
2016-11-18,25.34351348876953,25.171418181334374,1.5173511548621565,147628840.40113983,33.91252447657746,-0.09599335603780576,49.368307995452895,2.4631889922915295,1275475137.3230455,25.216156947584917,25.557990521807866,10.249066486325974,25.728063583374023
2016-11-21,25.728063583374023,25.33841180194627,0.0626292033125031,138457708.28079787,40.64742991112614,-0.059451969994867904,48.579140923663886,2.4641453698155136,1413932845.6038435,25.199859133939324,25.53707826277343,9.629372515447201,25.744176864624023
2016-11-22,25.744176864624023,25.460141320749596,-0.5098032852787648,128078995.7965585,45.04394527073934,-0.023704722338956846,47.08594621281944,2.4628982421142487,1542011841.400402,25.19356251131124,25.529750934961637,8.632621622112213,25.612932205200195
2016-11-23,25.612932205200195,25.505978586084776,0.5034570738932098,122566977.05759095,46.646595249347506,0.004881606508321729,45.54909623879584,2.455025296836698,1664578818.457993,25.19157272596596,25.52748690173527,7.583730562431029,25.74188232421875
2016-11-25,25.74188232421875,25.576749707524968,-0.1968115375040047,99567963.94031365,49.11401686841206,0.029061161859469414,43.86320109382703,2.447755236362189,1764146782.3983066,25.21781220807241,25.532178597524766,6.579423195307535,25.691219329833984
2016-11-28,25.691219329833984,25.61109059421767,-0.09859982458273464,102330374.75821956,50.31475626865189,0.04681997597004045,41.86805008246591,2.441483898723647,1866477157.156526,25.2578711488001,25.539694025781234,5.673142221331773,25.6658878326416
2016-11-29,25.6658878326416,25.62752976574485,-0.8433659819399364,105865822.33075368,50.911901416452736,0.05837428964458302,40.13584243890402,2.4347245963928783,1972342979.48728,25.32563381996818,25.548059334349198,4.827323267320911,25.449430465698242
2016-11-30,25.449430465698242,25.574099975730867,-0.931938656796294,117500835.63152757,48.856652562650225,0.06084212571863104,38.36278181129583,2.429246481478437,1854842143.8557522,25.39662403667914,25.550539395433166,4.257351724586048,25.212257385253906
2016-12-01,25.212257385253906,25.465547198587775,0.3744831858176756,126754864.94206929,44.891571578673634,0.05382887384925675,37.13419876645301,2.4226069281377978,1728087278.913683,25.442863018149765,25.54244490049551,3.827212052283822,25.306673049926758
2016-12-02,25.306673049926758,25.417884953989468,-0.7188582139639133,120562005.4594485,43.23253010635383,0.045003910631650657,36.32417248359947,2.415883392132403,1607525273.4542344,25.474885208591065,25.530582048447314,3.61036262788109,25.124753952026367
2016-12-05,25.124753952026367,25.329945653400536,0.7698476087535377,125582803.82161395,40.27505070611387,0.03283306035961947,35.96107782012893,2.4069047348595762,1481942469.6326203,25.49073795579768,25.51147382034762,3.5595126745650276,25.31817626953125
2016-12-06,25.31817626953125,25.32641483823975,0.9822799671177052,119342562.67512976,40.15627130959717,0.024515008145517797,35.627451659619254,2.4023187818972804,1362599906.9574907,25.48953825942703,25.493849155384968,3.5208422941205804,25.566871643066406
2016-12-07,25.566871643066406,25.398551879687744,0.9817370470182718,119538233.87259082,43.8028637773634,0.023820932327442285,35.0336881842126,2.4009880315915675,1482138140.8300815,25.483379315320846,25.484773224366183,3.46875883137969,25.81787109375
2016-12-08,25.81787109375,25.52434764390642,1.6321808510638247,116158723.71081357,49.573453357504334,0.03131188342212833,33.62720011286927,2.4031153382136248,1598296864.540895,25.48521622110301,25.48854221670335,3.4677439595956736,26.23926544189453
2016-12-09,26.23926544189453,25.738822983302853,-0.5704324190887955,122594226.5975695,57.57267425921928,0.04912831998094404,31.59002419224089,2.414226933341468,1720891091.1384645,25.501423548680798,25.512378480189017,3.7256503526367055,26.089588165283203
2016-12-12,26.089588165283203,25.844052537896957,1.6681412480851199,117465238.61829863,60.85380175111242,0.06539881959921524,30.58545937810961,2.423517490705223,1838356329.756763,25.524719743048728,25.54396648568501,4.029008437587323,26.524799346923828
2016-12-13,26.524799346923828,26.048276580605016,0.0,134706227.03280902,66.3007311476132,0.08601596924078622,30.408826646064938,2.4395612219826908,1973062556.789572,25.56679442453474,25.591996018534534,4.282905360558394,26.524799346923828
2016-12-14,26.524799346923828,26.191233410500658,0.5469044486250185,135132518.9229663,69.49995986149648,0.10417075167247221,30.75637454677341,2.4518247616306312,2108195075.7125382,25.62850776801172,25.64906624634083,4.452460928583843,26.669864654541016
2016-12-15,26.669864654541016,26.334822783712763,0.12952443342446607,150422163.2460764,72.34032371858147,0.11963340756863558,31.50164004563723,2.464207706630627,2258617238.958615,25.715435326524215,25.714376392757206,4.87145476566901,26.704408645629883
2016-12-16,26.704408645629883,26.4456985422879,0.5777169463375698,158516834.27225348,74.32836791329491,0.13023773753822954,32.42424197100644,2.4720622131412315,2417134073.2308683,25.818216685354063,25.784026121283937,5.367944039600546,26.858684539794922
2016-12-19,26.858684539794922,26.569594341540004,0.26579203655017203,144297063.99057743,76.37203400705214,0.1377751368692108,33.58696872551604,2.480778966399911,2561431137.2214456,25.94218155416801,25.858842142260706,5.9204432615515366,26.930072784423828
2016-12-20,26.930072784423828,26.677737874405153,0.09404272817685744,126717944.79340419,78.01705339028325,0.14167583031771913,34.8864572553656,2.487206352313878,2688149082.0148497,26.07731385778455,25.936832211988747,6.571958679807666,26.955398559570312
2016-12-21,26.955398559570312,26.7610360799547,-0.6577867356071021,117242401.35538293,79.21728938985208,0.1411841475561995,36.22688952842749,2.4899424655450706,2805391483.3702326,26.213562277811246,26.015327818461696,7.221656105448333,26.77808952331543
2016-12-22,26.77808952331543,26.766152112962914,0.19777154786402296,113372760.94876805,79.29207185349067,0.13265399246885487,37.433733403623016,2.4849100714798227,2918764244.3190007,26.337742724716893,26.08683489412848,7.719427783724669,26.8310489654541
2016-12-23,26.8310489654541,26.785621168710268,0.635101648181946,96460332.66413763,79.59300694230484,0.12014627458181468,38.49697383522551,2.478789006036798,3015224576.9831386,26.44242254325763,26.153385967898174,8.135081620289352,27.001453399658203
2016-12-27,27.001453399658203,26.850370837994646,-0.42639662324220895,89478512.86489634,80.60262363276163,0.10841703793908083,39.69298808504438,2.4778138018870153,3104703089.848035,26.543054373267402,26.219765479335933,8.516461147166746,26.886320114135742
2016-12-28,26.886320114135742,26.861155620836975,-0.02568781956807653,87722039.00542744,80.77324835399834,0.09409958688415565,40.98155109459692,2.4777313183158287,3192425128.853462,26.624342277290598,26.280850254716984,8.797371269209682,26.879413604736328
2016-12-29,26.879413604736328,26.86663301600678,-0.7795889943015277,79452827.3037992,80.86530768164286,0.07835726054534875,42.17807388918142,2.4758230337117646,3271877956.1572614,26.69188223784121,26.336639089125534,8.933455082780668,26.669864654541016
2016-12-30,26.669864654541016,26.80760250756705,0.2849380197944784,92320539.11265942,76.60811050169195,0.0582517529897042,42.8182317270589,2.473398990117961,3179557417.044602,26.73916021022664,26.381492748024723,8.809885292312135,26.74585723876953
2017-01-03,26.74585723876953,26.789078926927793,-0.1119483984775349,99162657.37886159,75.26901710901238,0.03891774187752867,42.65573162193244,2.470521293491375,3080394759.6657405,26.77349824869063,26.420310479348824,8.496694170571281,26.71591567993164
2017-01-04,26.71591567993164,26.767129952828945,0.5085731722100695,94755580.16520311,73.62674289485105,0.020773508585957334,42.50483866717216,2.466746262151166,2985639179.5005374,26.793251809819523,26.45334090539455,7.901433501174437,26.85178565979004
2017-01-05,26.85178565979004,26.792526664917276,1.1148048784247244,92961226.11564218,74.32480041525486,0.00730029972977192,42.374602848162496,2.4649854534337114,3078600405.6161795,26.804730688870738,26.485644311063382,7.107361369927208,27.15113067626953
2017-01-06,27.15113067626953,26.90010786832295,0.9159669131294068,103175138.28094952,77.09096389991987,0.002689269746700085,42.64037932640909,2.4686244235310144,3181775543.897129,26.81863786770756,26.525117030802388,6.243330385680157,27.399826049804688
2017-01-09,27.399826049804688,27.050023322767473,0.10083255600261687,112496876.79666466,80.27940703604143,0.006570143214475133,43.427232107104494,2.4760842893048336,3294272420.693794,26.84702498868802,26.575108106227635,5.43480797799594,27.427453994750977
2017-01-10,27.427453994750977,27.163252524362523,0.5373200133380829,108102333.75766525,82.2848628647499,0.01321392981324454,44.46508770987134,2.480270822934494,3402374754.451459,26.884788124253244,26.631121860335718,4.868967517300272,27.574827194213867
2017-01-11,27.574827194213867,27.286724925317927,-0.4175511482172434,108777953.63036567,84.17476544824032,0.021864758398405792,45.71887980543683,2.4845943967639545,3511152708.081825,26.928423532985573,26.69356024747688,4.386653680853749,27.459688186645508
2017-01-12,27.459688186645508,27.3386139037162,-0.17610876317177837,108648007.54125597,84.90364683150987,0.026701950285670906,46.96629161549859,2.482381416295139,3619800715.6230807,26.97616936127349,26.754993929023485,4.123988040857767,27.41132926940918
2017-01-13,27.41132926940918,27.36042851342409,0.8064819710716264,107387885.27887917,85.21201720671328,0.02691511988475187,48.23772925630324,2.4801486450697987,3727188600.90196,27.02554891101522,26.812654365633065,3.942327600592605,27.632396697998047
2017-01-17,27.632396697998047,27.442018968796276,-0.008338318147427248,116499279.6952154,86.3362281220742,0.027972277013597724,49.596185078800055,2.4823085198761152,3843687880.597175,27.088990557138143,26.87259385164861,3.9405087307329754,27.63009262084961
2017-01-18,27.63009262084961,27.498441064412276,-0.17502954205975696,110005095.78665078,87.0683563128657,0.027833070852493147,51.01382149668788,2.483933040974346,3953692976.383826,27.15992677088659,26.932198348102293,4.02501476224304,27.58173179626465
2017-01-19,27.58173179626465,27.523428283967988,0.18369006742449123,107720327.05065554,87.39058548279007,0.02488176722456087,52.37581175968092,2.483027695887811,4061413303.434481,27.235556604000497,26.98850596104188,4.160973155538032,27.632396697998047
2017-01-20,27.632396697998047,27.556118808177004,0.06669274001689374,114521708.93545887,87.81825591892404,0.02075750392285508,53.72785020996425,2.4834622161153073,4175935012.36994,27.31191581832647,27.042564327435702,4.336360528620917,27.65082550048828
2017-01-23,27.65082550048828,27.584530815870387,-0.09165347082940034,106625436.2548212,88.19307010054533,0.015793897440050775,55.0966766370634,2.4856012358817887,4282560448.624761,27.380358113081215,27.0941801834771,4.520082117465559,27.6254825592041
2017-01-24,27.6254825592041,27.596816338870504,1.5920852869938162,102491005.37837483,88.35984917522269,0.00949925530015261,56.36772974794118,2.4846038747762913,4385051454.003136,27.435037414691518,27.14205029351457,4.633918959846965,28.065303802490234
2017-01-25,28.065303802490234,27.73736257795642,0.049210625145512665,110596823.76486237,90.08527235011223,0.010863969875052337,57.812634639138835,2.492846586869501,4495648277.767998,27.49244842005091,27.19874670155665,4.836262480847102,28.07911491394043
2017-01-26,28.07911491394043,27.839888278751623,0.008219247126484142,109022896.63540366,91.1194072074284,0.014506737143590354,59.34627636690921,2.499315425894198,4604671174.403401,27.54776475539428,27.259807804146647,5.110436039364305,28.081422805786133
2017-01-27,28.081422805786133,27.91234863686197,-0.2623897853886392,100991507.64478256,91.77255823990481,0.017434620107291354,60.87975860101551,2.503714512946586,4705662682.048184,27.605138228708856,27.321954550119536,5.364669377567019,28.007740020751953
2017-01-30,28.007740020751953,27.940966052028962,-0.23022826969157917,107147055.35134779,92.0221176219438,0.016923251755855406,62.30644467191364,2.502767390843962,4812809737.399532,27.66319198256934,27.380908026491863,5.536279530518786,27.94325828552246
2017-01-31,27.94325828552246,27.94165372207701,6.09806683337526,134044138.74594344,92.02837497032161,0.01246205148495666,63.6067201947635,2.498658742244747,4946853876.145475,27.713155457897415,27.43431237845235,5.528990893310752,29.64725685119629
2017-02-01,29.64725685119629,28.453334660812793,-0.17087307585239575,228212897.1221604,95.1049332122975,0.03834102967593411,65.42021059231257,2.5427149280593384,5175066773.267635,27.808644817537463,27.531362119629534,6.056251006501708,29.59659767150879
2017-02-02,29.59659767150879,28.796313564021588,0.42792032372458433,200201507.9855123,96.1715225235879,0.07102646838928911,67.27154104656042,2.574727050299319,5375268281.253148,27.935933345542825,27.65183368576211,6.850883291035722,29.723247528076172
2017-02-03,29.723247528076172,29.07439375323796,0.9374120466322688,169549815.5898586,96.78346927800533,0.10196107198712889,69.07209220564579,2.5982386987955235,5544818096.843007,28.087760840048922,27.787315596950286,7.770442019860106,30.001876831054688
2017-02-06,30.001876831054688,29.352638676582977,0.9517010705405227,150899950.91290098,97.25607749051281,0.12995476605585343,70.81559305372818,2.6200251368850913,5695718047.755908,28.26457162612018,27.93639398548673,8.852269690614635,30.287405014038086
2017-02-07,30.287405014038086,29.633068577819508,0.3877495281127574,151450525.6390307,97.63348053132798,0.1544809262916803,72.49950300746453,2.6427705455690154,5847168573.394938,28.46819685001508,28.097982041899378,10.083775687472968,30.404844284057617
2017-02-08,30.404844284057617,29.86460128969094,0.7226005817113856,133620287.94732147,97.89135574061747,0.17207540397939536,74.10278176001583,2.6602298771900377,5980788861.34226,28.68092072118853,28.266231494070006,11.305555747961627,30.624549865722656
2017-02-09,30.624549865722656,30.09258586250045,-0.22657454956015455,127554081.56312503,98.10977494120083,0.18378427714229995,75.61909149532954,2.6725946943682644,6108342942.905385,28.906190479563413,28.440170005349096,12.512806981498509,30.55516242980957
2017-02-10,30.55516242980957,30.231358832693186,0.885559378278189,113366457.09418751,98.22996108908893,0.18507821132518987,77.05022283771312,2.6793001694682683,6221709399.999573,29.138091499146537,28.6107594174771,13.524231495084772,30.825746536254883
2017-02-13,30.825746536254883,30.409675143761696,1.2979432875607655,106998999.96593125,98.37310452011317,0.18187816631146536,78.40288442508806,2.6883845689642034,6328708399.965504,29.384962408319808,28.7820847247423,14.393447390243843,31.225847244262695
2017-02-14,31.225847244262695,30.654526773911993,0.36289033693461814,114770739.97615187,98.54687935843063,0.17986072534155695,79.68536309988276,2.699825885334852,6443479139.941655,29.65624971350331,28.96041253894894,15.250786572990053,31.339162826538086
2017-02-15,31.339162826538086,30.85991758969982,-0.1180530623470788,123087237.9833063,98.67475454155452,0.17576203930467904,80.90189623124421,2.7103019110868662,6566566377.924961,29.896908006392014,29.141317781877593,16.012546480494372,31.302165985107422
2017-02-16,31.302165985107422,30.9925921083221,0.27335350230175415,113262586.58831441,98.75120281671643,0.1655325476278987,82.04526851126411,2.7155156221791645,6679828964.513275,30.11653586082206,29.317629622491356,16.56290725841098,31.387731552124023
2017-02-17,31.387731552124023,31.111133941462676,0.7220738722905296,105921650.61182009,98.81687347353545,0.15071743547584993,83.11583388280788,2.7176149383279533,6785750615.125095,30.320209879644533,29.48843955763148,16.898936053304176,31.6143741607666
2017-02-21,31.6143741607666,31.262106007253852,0.29993899862788,103553795.42827405,98.89646643067933,0.13553088407033054,84.12228272646564,2.7207399261721235,6889304410.5533695,30.511156612711623,29.65736017188123,17.049663947866634,31.709197998046875
2017-02-22,31.709197998046875,31.39623360449176,-0.42301984414564453,97491936.79979183,98.96320004527338,0.11952374892477713,85.06757624809498,2.721590125964223,6986796347.353162,30.68747311537885,29.822967165463186,16.968182851851257,31.575061798095703
2017-02-23,31.575061798095703,31.44988206257294,0.09520716695341491,93190195.75985427,98.98952150427466,0.0984329988151812,85.95491094165517,2.7208401302835235,7079986543.113016,30.84600119266705,29.977911441378403,16.708508267577187,31.60512351989746
2017-02-24,31.60512351989746,31.496454499770294,0.1975656641654,91365057.03189799,99.01294821590284,0.07458562546648906,86.78035473076486,2.7175476113871,7171351600.144914,30.986388056394034,30.12253458979668,16.23562299094722,31.667564392089844
2017-02-27,31.667564392089844,31.547787467466158,0.043847698152443826,88264419.92232859,99.0393836425473,0.05039438300043653,87.55310380952555,2.7162073915130036,7259616020.067243,31.11803091987133,30.258272959098534,15.51593930757386,31.68144989013672
2017-02-28,31.68144989013672,31.587886194267327,2.0439363658628196,89964573.94563001,99.06054965800243,0.026423952936422523,88.27509539321157,2.7148268663108848,7349580594.012873,31.235852024921893,30.38490279101937,14.455803016658969,32.32899856567383
2017-03-01,32.32899856567383,31.810219905689273,-0.5937212126275182,106672721.76194102,99.16977965482897,0.015418078811961666,88.96527379342528,2.7276699903082253,7456253315.774814,31.35142133809962,30.52064727813079,13.076441278408005,32.137054443359375
2017-03-02,32.137054443359375,31.9082702669903,0.5900503006931235,106124105.23335871,99.21322537501312,0.005148469316654247,89.6188569091529,2.7363036881674008,7562377421.008172,31.456256605828667,30.652801848498363,12.042579969142379,32.32667922973633
2017-03-03,32.32667922973633,32.03379295581411,-0.3147891051061169,99616593.66335109,99.26616828687702,-0.0023798285143108444,90.23182554320486,2.743718641623798,7661994014.671523,31.560376690577865,30.784324811099864,11.173709709037718,32.224918365478516
2017-03-06,32.224918365478516,32.091130578713425,0.12920877000235365,95831615.56434576,99.28968153974859,-0.01214126699385365,90.8049427416228,2.7457977155866375,7757825630.235868,31.658376354302938,30.908782503253537,10.343944282427625,32.26655578613281
2017-03-07,32.26655578613281,32.14375814093924,-0.3726790758249332,88017690.89504203,99.31148804043549,-0.02306359669890934,91.34098323130429,2.7476694604657608,7845843321.130911,31.74654156767148,31.026399230652174,9.576689075951935,32.146305084228516
2017-03-08,32.146305084228516,32.14452222392602,-0.23026094460387725,84061023.62652943,99.31181837035604,-0.03739822344281407,91.8405645869707,2.7475098557016384,7929904344.757441,31.82137042961491,31.132887134773494,8.861143340180938,32.07228469848633
2017-03-09,32.07228469848633,32.12285096629411,0.33166590485202985,85429796.53857058,97.87749348839326,-0.05446669995185405,91.48753690663682,2.743199327925024,7844474548.21887,31.888667319987025,31.227169404442126,8.143024942079261,32.17865753173828
2017-03-10,32.17865753173828,32.13959293592736,0.04317497530064163,83336217.5769994,97.90269435310597,-0.06977835973685953,91.16120649988974,2.740922830431151,7927810765.79587,31.952981163602733,31.314066883631195,7.47507448448848,32.19255065917969
2017-03-13,32.19255065917969,32.155480252903054,-0.1508813041794621,79241392.30389957,97.92783745898234,-0.08308172126660995,90.86262972413334,2.7381127743481875,8007052158.09977,32.013750442146424,31.394201490228518,6.7464549624593175,32.143978118896484
2017-03-14,32.143978118896484,32.152029612701085,1.0576464237010752,73839894.6127297,97.65400743221358,-0.09547367936463691,90.59972461457164,2.7358969887641162,7933212263.48704,32.0701647839898,31.466375597130664,6.010110489137015,32.48394775390625
2017-03-15,32.48394775390625,32.25160505506263,0.16377248378012244,82518086.22891079,97.84157157100508,-0.09985229279913832,90.42001495381673,2.741048690113171,8015730349.71595,32.11430329892714,31.541159355028945,5.463778119315658,32.537147521972656
2017-03-16,32.537147521972656,32.33726779513564,-0.49758377418013255,80841060.36023754,97.9904227509395,-0.09963905547538465,90.30791552209078,2.7450402522206816,8096571410.076187,32.157203051741675,31.61697920646768,5.070917974603145,32.375247955322266
2017-03-17,32.375247955322266,32.34866184319163,1.050091216224569,109250742.25216627,98.01007992264317,-0.10107147016514284,90.23981741996934,2.7469450295721347,8205822152.328354,32.18868994047942,31.686663267108052,4.687681240805981,32.71521759033203
2017-03-20,32.71521759033203,32.45862856733375,-1.145194469559463,102325919.57651639,98.1937207125492,-0.096939217881167,90.22250359519686,2.753600428031413,8308148071.90487,32.225439739341454,31.76018377189145,4.390379893395395,32.3405647277832
2017-03-21,32.3405647277832,32.423209415468584,1.1298336790366958,119064023.70356147,95.14796834296237,-0.09859300250905023,90.28579985677081,2.7628803529851442,8189084048.201308,32.253384866794384,31.82332907127975,4.108321406912458,32.70595932006836
2017-03-22,32.70595932006836,32.508034386848514,-0.3535475060799542,114377056.59249303,95.50737130239845,-0.09588825642683951,90.35305891596514,2.7752670851717243,8303461104.793801,32.28973608308664,31.88853910133392,3.9383536310283462,32.590328216552734
2017-03-23,32.590328216552734,32.53272253575978,-0.19869234103354616,104479499.61474511,95.60931027703424,-0.094212697780097,90.42099628118262,2.7814707622185066,8407940604.408546,32.3307232400332,31.949889904612572,3.7314600830360867,32.52557373046875
2017-03-24,32.52557373046875,32.53057789417247,0.17065851127511245,100010369.73032157,95.40678935616678,-0.09476772564004221,90.49459214649931,2.786857489324339,8307930234.678225,32.36982173585771,32.0051935226659,3.453546501134871,32.58108139038086
2017-03-27,32.58108139038086,32.54572894303499,2.0726185130784947,98297378.8112251,95.4796370279056,-0.0953719810562823,89.29060673861548,2.7901996280584735,8406227613.4894495,32.40884660487091,32.05667308651057,3.1212004062449146,33.25636291503906
2017-03-28,33.25636291503906,32.75891913463621,0.22262099051657547,108857925.16785757,96.35551675741895,-0.08311964781307835,88.45613278772743,2.8060588175876724,8515085538.657307,32.469535557064425,32.12355366252254,2.9151286719050917,33.33039855957031
2017-03-29,33.33039855957031,32.93036296211644,-0.1318589908810064,111228547.61750029,96.87920799641884,-0.06592605036661947,87.87984173343142,2.817654711653029,8626314086.274807,32.537411347769805,32.200392643436246,3.116238729982424,33.28644943237305
2017-03-30,33.28644943237305,33.03718890319342,-0.18755780960074686,103308743.3322502,97.15365958401877,-0.050510184781801915,87.46529742215608,2.824698044126439,8729622829.607058,32.60740345857558,32.28008752531788,3.423578572223728,33.22401809692383
2017-03-31,33.22401809692383,33.09323766131254,0.02776286107650794,95910160.33257513,97.28840077277276,-0.040142050498277015,87.14305266338484,2.8283409300544933,8825532989.939632,32.68186104038767,32.35753039541261,3.765057733850392,33.23324203491211
2017-04-03,33.23324203491211,33.13523897339241,0.7446715094706624,91119952.23280258,97.3881795991841,-0.034286234471109456,86.87694210793603,2.830229657743126,8916652942.172436,32.749522080993536,32.43159787902974,4.066075897924328,33.48072052001953
2017-04-04,33.48072052001953,33.23888343738055,-0.5180835318687849,87653646.5629618,97.62083121782932,-0.027553556452425187,86.70592993100651,2.834865076914099,9004306588.735397,32.83108948318473,32.50848221792029,4.404212921279462,33.3072624206543
2017-04-05,33.3072624206543,33.25939713236267,-0.2499284470730001,94619032.59407327,97.66516165888306,-0.025866627772717643,86.63334672447321,2.8389370154080846,9098925621.32947,32.906225757736145,32.57999792405766,4.6415668238499945,33.22401809692383
2017-04-06,33.22401809692383,33.24878342173102,-0.22274586637062166,91612122.81585127,96.66161200454357,-0.0293582316451787,86.5659480326923,2.8412366675445933,9007313498.513618,32.977831846333274,32.643691780978926,4.741132318824086,33.1500129699707
2017-04-07,33.1500129699707,33.21915228620292,-0.11865257350424097,84135125.97109589,93.76490062554937,-0.03705933803214723,86.50336353318146,2.842297371529258,8923178372.542522,33.04668928553632,32.698497543381215,4.73007688031944,33.110679626464844
2017-04-10,33.110679626464844,33.186610488281495,-1.0756280756877512,81614668.17976712,90.55535708516743,-0.04709646026769565,86.19787835694935,2.8425087765307864,8841563704.362755,33.110777440060964,32.744984490514575,4.618977997288616,32.75453186035156
2017-04-11,32.75453186035156,33.05698689990251,0.1200269635577289,93585547.72583698,78.96109028742487,-0.0641597801545003,83.46397897385145,2.840167185272136,8747978156.636917,33.1405842165876,32.77469900569438,4.345367894610295,32.793846130371094
2017-04-12,32.793846130371094,32.978044669043086,-0.5289116417792394,89929883.40808588,72.84415493860564,-0.08135189823161337,80.15897080435133,2.8374194244218147,8658048273.22883,33.14535238728026,32.79406525934664,4.073659822378122,32.62039566040039
2017-04-13,32.62039566040039,32.870749966450276,0.5530074523686146,84338398.38566011,65.42555827832938,-0.09934747635855679,76.60564847884478,2.834856286995753,8573709874.84317,33.12870849360595,32.80136856478508,3.819276850948075,32.80078887939453
2017-04-17,32.80078887939453,32.849761640333554,-0.444180575051778,78935398.86996207,64.05139031915942,-0.11116898542360681,72.86590425896046,2.833506303525392,8494774475.973208,33.10436089150805,32.80597742912303,3.5326506187399014,32.655094146728516
2017-04-18,32.655094146728516,32.79136139225204,-0.3682915754368077,72891779.20897344,60.258812329264444,-0.12063516942672264,69.23000228905147,2.8299653100970836,8421882696.764235,33.069973133394015,32.804585425611506,3.3328961797917005,32.534828186035156
2017-04-19,32.534828186035156,32.71440143038697,1.2510772311729257,71818325.4462814,55.58770805402262,-0.12903833392535036,65.33788928196029,2.827983818865278,8350064371.317953,33.01752493269466,32.79599647368536,3.098663826115738,32.941864013671875
2017-04-20,32.941864013671875,32.78264020537244,-0.11939072055021649,78256347.81239697,58.648549307776825,-0.1267743619842288,61.96425846505846,2.8345641539360877,8428320719.13035,32.96984923999563,32.79472444813175,2.9045029687932695,32.90253448486328
2017-04-21,32.90253448486328,32.81860848921969,0.9629803452719132,75564523.46867788,60.205358527119046,-0.11971359966954392,58.895604887751006,2.836560728903629,8503885242.599028,32.9268317467445,32.796999118711554,2.7006423730796487,33.21937942504883
2017-04-24,33.21937942504883,32.93883976996843,0.6196185438171797,73456326.42807451,64.95492604160651,-0.10436611978812399,56.63665626875187,2.843181445988823,8577341569.027102,32.89880049512105,32.81050775216459,2.4321971166614524,33.42521286010742
2017-04-25,33.42521286010742,33.08475169701013,-0.5881044516234946,74065228.49965215,69.68384236070398,-0.08275247578233613,55.2292029868122,2.850965717874559,8651406797.526754,32.88861461599391,32.83662622310226,2.133498887248107,33.2286376953125
2017-04-26,33.2286376953125,33.127917496500835,0.0765381563430978,75895099.9497565,70.93341728996829,-0.06471275262799225,54.24691476056441,2.8533217006266502,8727301897.476511,32.895707675653746,32.86436824914021,2.047437877338916,33.25407028198242
2017-04-27,33.25407028198242,33.16576333214531,-0.09733456994696077,70222129.96482955,72.02225667444918,-0.05005078013295067,53.422228353932724,2.853953979120971,8797524027.441341,32.91447954196397,32.89307254275975,2.0668773155005944,33.221702575683594
2017-04-28,33.221702575683594,33.1825451052068,2.0396331556217895,74187970.97538069,72.51394142779424,-0.03950470455159932,52.76337290916821,2.8536573137530525,8871711998.416721,32.94565905583962,32.920641358230895,2.105402770024553,33.8993034362793
2017-05-01,33.8993034362793,33.39757260452855,0.6344905907264442,92255059.68276648,77.87845510692893,-0.01934961780169936,52.97386244958618,2.8689924672844174,8963967058.099487,33.000440152259124,32.96606338168782,2.307123753747636,34.1143913269043
2017-05-02,34.1143913269043,33.61261822124127,-0.3050582233939503,119001181.77793653,81.7208000209625,0.005816905941596173,53.73668023489368,2.8844075280992816,9082968239.877424,33.08256583515805,33.02764003307386,2.7343329777704244,34.01032257080078
2017-05-03,34.01032257080078,33.73192952610912,-0.3603794785814851,138137227.24455556,83.43946397290406,0.026682432509934573,54.675979241329046,2.8917209430208173,9221105467.12198,33.18431864473026,33.09471522288674,3.212856751100217,33.88775634765625
2017-05-04,33.88775634765625,33.77867757257326,1.6583268343728585,124742339.07118888,84.07140675939175,0.039066739700511666,55.65128532210925,2.893966584153898,9345847806.193169,33.283922381450346,33.159854494285455,3.6569923221755607,34.44972610473633
2017-05-05,34.44972610473633,33.97999213222218,2.71889864772612,120112877.3498322,86.46644131265978,0.055261009820324,56.85064122183216,2.905353593749142,9465960683.543001,33.400060745750594,33.23796284075562,4.281996815832894,35.38637924194336
2017-05-08,35.38637924194336,34.40190826513853,0.6404582330916009,142581894.14488256,89.89555837026383,0.08694668651438925,58.50384704569299,2.935681997241231,9608542577.687883,33.5463675952676,33.34881478593495,5.371949326155121,35.613014221191406
2017-05-09,35.613014221191406,34.76524005195439,-0.47407071620904073,146763805.9014178,91.8181382142289,0.12274417600988391,60.33497224893155,2.9639227448293433,9755306383.589302,33.71441643076202,33.48371243031775,6.706730620364859,35.444183349609375
2017-05-10,35.444183349609375,34.96892304125089,0.8648245489416118,133701504.13099244,92.6611543165107,0.14877413446365811,62.15576516492476,2.980309165997277,9889007887.720295,33.89851698523703,33.625161059930434,7.932506881099284,35.75071334838867
2017-05-11,35.75071334838867,35.20346013339223,1.39661016225745,126297172.89169471,93.49259798129958,0.16894741067077962,63.92590782542997,2.9929533965160346,10015305060.61199,34.102286665361724,33.77547525740299,9.096146520371887,36.2500114440918
2017-05-12,36.2500114440918,35.517425526602096,-0.2562739122249469,127440421.0241863,94.4062178745073,0.18907617872668347,65.68983111488389,3.008914992010333,10142745481.636177,34.33577470750125,33.941375283041,10.260242967494932,36.15711212158203
2017-05-15,36.15711212158203,35.709331505096074,-0.14775747306762232,120419934.7169304,94.87944173005029,0.19990137710135814,67.40518377244963,3.0172237156106045,10263165416.353107,34.566950597558005,34.10975206609386,11.27504023024591,36.10368728637695
2017-05-16,36.10368728637695,35.827638239480336,-3.357541683990417,108352154.30185127,95.15174459965213,0.1991752559612019,69.03398379812468,3.0192100335034056,10371517570.654959,34.78845259938191,34.27336027308305,12.040362920270827,34.8914909362793
2017-05-17,34.8914909362793,35.54679404852003,1.5241190847522956,136767748.01129588,83.76410947941159,0.16532021574192934,69.00908636081526,3.0102069510874623,10234749822.643663,34.969939051623,34.394639680267524,12.19089490433138,35.42327880859375
2017-05-18,35.42327880859375,35.509739476542144,0.3408787421925519,136019263.60790712,82.36351408286984,0.1276566337427203,68.5523558586615,3.013639973169368,10098730559.035757,35.14304524201989,34.500839660865104,12.143665189567614,35.544029235839844
2017-05-19,35.544029235839844,35.52002640433145,0.6076314917896619,127566444.52553497,82.45124036373502,0.09231058737026654,68.12824896380444,3.017116012168071,10226297003.561293,35.29704866923082,34.59790506500476,11.925556684841307,35.760005950927734
2017-05-22,35.760005950927734,35.592020268310335,-0.12339092821190834,116856191.16787447,83.08536519945565,0.06399762359578387,67.76354733443287,3.021172334869137,10343153194.729168,35.416059869548,34.692582703414814,11.652919046665986,35.71588134765625
2017-05-23,35.71588134765625,35.62917859211411,-0.2991016270513347,105702013.81751212,83.41840787025146,0.03920808576490509,67.4794541946691,3.022605091517492,10448855208.54668,35.502453723563974,34.781782311862365,11.331758852814126,35.60905456542969
2017-05-24,35.60905456542969,35.62314138410878,0.34563510343128545,97005009.67225848,83.13200969771647,0.015080470505381749,67.21565342203131,3.0193366641188346,10351850198.874422,35.56787555784976,34.86191174731441,10.849697508142553,35.73213195800781
2017-05-25,35.73213195800781,35.65583855627848,-0.16894481499021285,90986226.77058093,83.46315585327633,-0.004929888839637742,66.9706955617248,3.0163359783739305,10442836425.645002,35.61311340013839,34.93752382435861,10.210981019701233,35.6717643737793
2017-05-26,35.6717643737793,35.66061630152873,0.0390433721496386,90003478.73940665,83.51408505960153,-0.023081172226782076,66.74323469144018,3.010346963430656,10532839904.384409,35.62743247763105,35.006389774565285,9.348207931790153,35.685691833496094
2017-05-30,35.685691833496094,35.668138961118935,-0.5921672212845008,87154715.11758465,83.59972934578208,-0.03888792187019052,66.54248984054472,3.0048552501118566,10619994619.501993,35.62331322323333,35.06941350661801,8.480214209731807,35.47437286376953
2017-05-31,35.47437286376953,35.61000913191411,0.2749318934115452,90349740.58230925,80.13537785574893,-0.056497702267022554,65.9271378438188,2.9981131891395307,10529644878.919683,35.60155031247672,35.12089880426526,7.598395467412873,35.571903228759766
2017-06-01,35.571903228759766,35.59857736096781,1.481915045006632,82929738.40761647,79.43819675617942,-0.07120552294774074,64.95272027118455,2.990731158182975,10446715140.512068,35.60672864372149,35.16639200014169,6.603479709530385,36.09904861450195
2017-06-02,36.09904861450195,35.74871873702805,-0.9777929101613014,91375656.88533153,81.69115815257814,-0.07284993066728429,64.32248730284644,2.9923585134208808,10538090797.3974,35.63062656977008,35.22185168936897,5.377531103055949,35.74607467651367
2017-06-05,35.74607467651367,35.747925518873735,0.33778985144952145,94360999.81973207,81.64026329718781,-0.07568649511723824,63.73758084196591,2.9831539823784707,10443729797.577667,35.65341648122431,35.271953958845614,4.003478389773332,35.8668212890625
2017-06-06,35.8668212890625,35.78359424993037,0.5956645372522829,98002579.87381244,82.17795828083787,-0.07662216166517011,63.450191230925086,2.981955410002825,10541732377.451479,35.67257387938631,35.32068160561559,2.9442332891770095,36.080467224121094
2017-06-07,36.080467224121094,35.87265614218758,-0.24457940441167114,93885325.9116687,83.47900996063761,-0.07273526883091075,63.377865702741055,2.984309671519072,10635617703.363148,35.69692163439366,35.37325060909863,2.259117742649001,35.99222183227539
2017-06-08,35.99222183227539,35.90852584921392,-3.8776404602155035,91220688.1381681,83.98606572949284,-0.06925826915384026,63.369573028219236,2.9819875434880547,10726838391.501316,35.72546008090418,35.42422920339533,1.7052499506170602,34.59657287597656
2017-06-09,34.59657287597656,35.51493995724271,-2.3895932688842936,141713721.69671768,61.63329280333484,-0.09346945207181967,59.30609004708005,2.9766915438662105,10585124669.804598,35.71137022100059,35.43286832280936,1.322251233240478,33.76985549926758
2017-06-12,33.76985549926758,34.99141461985017,0.804602959707168,185968365.18770236,44.62146836164922,-0.14184525727185143,56.8961587154631,2.950732744068367,10399156304.616896,35.644450052832745,35.39082511300372,2.0896281938699297,34.041568756103516
2017-06-13,34.041568756103516,34.70646086072617,-0.9755380923784363,171176335.63139164,38.40745207353775,-0.18728266511387065,55.27645955603479,2.9369004740652955,10227979968.985504,35.54828224279347,35.32564756516776,3.079763349260335,33.70948028564453
2017-06-14,33.70948028564453,34.40736668820168,-0.5993501221830955,157660874.94197416,33.183814044260096,-0.228971991488721,54.32277030789738,2.925692300773968,10070319094.04353,35.42801799842222,35.23819224355195,4.161765432590922,33.507442474365234
2017-06-15,33.507442474365234,34.13738942405074,-1.399967553813708,148961092.4593819,29.308908293063205,-0.26374662308057356,53.9516020972894,2.907367552680311,9921358001.584148,35.28189920473051,35.13335387978993,5.3695009144790475,33.03834915161133
2017-06-16,33.03834915161133,33.80767734231891,2.8607386957678838,164706084.72156733,25.40697254531752,-0.2955753188940736,53.918535767793394,2.889246251554173,9756651916.862581,35.0877950652596,35.00709897145936,6.719777811182299,33.983489990234375
2017-06-19,33.983489990234375,33.860421136693546,-0.9088217096170803,154343939.30509713,27.079417348494,-0.2988079299380334,53.95401240256269,2.8936975337534445,9910995856.167679,34.89904462704158,34.89789155862452,7.665366171325401,33.67464065551758
2017-06-20,33.67464065551758,33.804686992340756,0.5930713936566079,137920877.51356798,26.40568764807878,-0.29018937514449383,53.986954991991325,2.893168965511022,9773074978.65411,34.70115390128262,34.79377683802607,8.448201196662849,33.87435531616211
2017-06-21,33.87435531616211,33.82558748948716,-0.16452778667108703,122063574.25949758,27.137784787678562,-0.2690424940097962,54.01754453931791,2.8917473720825777,9895138552.913607,34.496447036012576,34.701568328641414,9.024826637412646,33.81862258911133
2017-06-22,33.81862258911133,33.82349801937441,0.4463445263124921,108372061.9816483,27.108751367254637,-0.24200561882730137,54.045949118978314,2.888871119543,9786766490.93196,34.28794425302863,34.6179425849017,9.464797302079896,33.96957015991211
2017-06-23,33.96957015991211,33.86731966153572,-0.3144554150352197,118387723.3871538,28.82850820947707,-0.20921280747056853,53.87650495917765,2.888769566968125,9905154214.319113,34.123182223457924,34.54645468743827,9.73373870011998,33.86275100708008
2017-06-26,33.86275100708008,33.865949065199025,-1.4333242047886663,113702286.37100765,28.805616699768226,-0.17693856496571025,53.09834084675475,2.8932391285361128,9791451927.948105,34.010635667992815,34.48164462817739,9.89029388292401,33.37738800048828
2017-06-27,33.37738800048828,33.7193807457858,1.461104529284607,109305880.45970535,26.39214515872354,-0.1555441211914575,52.59809580996499,2.8915160031248295,9682146047.4884,33.91192765649878,34.40904806794962,10.028284303915402,33.86506652832031
2017-06-28,33.86506652832031,33.76308648054615,-1.474330004627411,103012996.32179374,28.32074224007917,-0.1295930944421086,52.355899931077026,2.895937317656955,9785159043.810194,33.84749963573322,34.347527916768335,10.051815824026239,33.36578369140625
2017-06-29,33.36578369140625,33.64389564380418,0.23666230689727286,109908377.42525561,26.297183970111494,-0.11224679522484379,52.40779226014144,2.888557544418391,9675250666.38494,33.79815025770857,34.28051531934318,10.038111840603698,33.44474792480469
2017-06-30,33.44474792480469,33.584151328104326,-0.36109013680317714,104564784.19767892,25.32056992429835,-0.09715352294528734,52.45597799427268,2.8834534155842273,9570685882.18726,33.77579765628711,34.214194939225195,9.804311876275154,33.32398223876953
2017-07-03,33.32398223876953,33.506100601303885,0.41117568153237194,90328708.93837523,24.063285077406732,-0.0852104584336329,52.58487791723819,2.8800671480395335,9480357173.248884,33.74036560274814,34.14675738323269,9.439369087667199,33.461002349853516
2017-07-05,33.461002349853516,33.49257112586877,-0.9438983829747838,89113616.25686267,23.84228280965737,-0.07155615089811573,52.82388392498792,2.877725694165285,9391243556.992022,33.709154016100946,34.08445393015041,8.827803039266934,33.145164489746094
2017-07-06,33.145164489746094,33.388349135031966,1.0159163410945027,91334091.37980387,22.154318359302522,-0.06316974426768329,53.177298998534894,2.8662667196323355,9299909465.612217,33.66543018065542,34.01815823537722,7.862416982311903,33.48189163208008
2017-07-07,33.48189163208008,33.4164118841464,0.6103398659941028,86975903.96586269,23.720276338371843,-0.049938705474273315,53.52134891659113,2.862591288842095,9386885369.57808,33.624721567132625,33.960849059069524,6.325130915167239,33.68624496459961
2017-07-10,33.68624496459961,33.49736180828236,0.32398532066790775,86191852.77610388,28.20670124311707,-0.030875781646913625,53.15068723102717,2.8632668941742603,9473077222.354183,33.587725781807286,33.91670741613741,4.831195978422968,33.79538345336914
2017-07-11,33.79538345336914,33.5867683018084,0.14435747828513978,84072456.94327271,32.900736474107546,-0.00854680457538931,52.39595430652954,2.861841530506704,9557149679.297457,33.559807705468224,33.88528464334417,3.7693630413727357,33.84416961669922
2017-07-12,33.84416961669922,33.66398869627564,1.3928805148214929,88712119.86029088,36.74743552964111,0.013900541044119363,51.21948377705632,2.8585101838028524,9645861799.157747,33.55426850051721,33.86420883886145,2.8296324246782008,34.31557846069336
2017-07-13,34.31557846069336,33.859465625600954,0.8594401966378618,92337763.90220362,45.296758006770226,0.04276052446745959,48.664464981576714,2.8653409850051124,9738199563.059952,33.56390641502269,33.86375710426521,2.196616913048746,34.61050033569336
2017-07-14,34.61050033569336,34.084776038628675,0.34889481738820116,88794954.73154253,53.155958324834785,0.07593338036149255,45.22751229956,2.8730291703308355,9826994517.791494,33.607994454505146,33.88480652658554,2.1270818370825,34.73125457763672
2017-07-17,34.73125457763672,34.27871960033109,0.34767079022779424,90708668.31207976,58.66148589141348,0.10789565853793448,43.152334773770285,2.883200825823203,9917703186.103575,33.67745128172782,33.922322057418455,2.58722262413605,34.85200500488281
2017-07-18,34.85200500488281,34.4507052216966,0.6263733761926682,84938627.81845582,62.833084891781894,0.1357764341312077,41.67895334167265,2.888056240834168,10002641813.922031,33.771911743767085,33.97264426354018,3.1804027925039953,35.070308685302734
2017-07-19,35.070308685302734,34.636586260778444,-0.4502869482048699,84564639.47291908,66.7397069596946,0.1602147577880817,40.89474447459332,2.8936752240881383,10087206453.39495,33.88631325725806,34.03587683470573,3.9064379900503323,34.912391662597656
2017-07-20,34.912391662597656,34.719327881324205,-0.04653589995010643,79887687.63104334,68.3352011643137,0.1742670433744982,40.59223349017586,2.896706508858222,10167094141.025993,34.01941113188728,34.10096741057416,4.568174105868415,34.89614486694336
2017-07-21,34.89614486694336,34.77237297700995,1.211097950712814,87424501.34173034,69.35028406378568,0.17878056479609017,40.34132753088432,2.894410467649398,10254518642.367723,34.155007241173635,34.16491079785376,5.14952193418032,35.31877136230469
2017-07-24,35.31877136230469,34.93629249259837,0.4273970460341614,86988990.93921123,72.30488025494108,0.1837470367691407,40.51954774822727,2.8997632967727793,10341507633.306934,34.29890030960524,34.23837572116277,5.799754188428609,35.469722747802734
2017-07-25,35.469722747802734,35.09632156915968,0.47141508952026623,83516973.65744786,74.85348456678136,0.18806998331027083,41.16917836023083,2.9084168733900175,10425024606.964382,34.44985563634036,34.32008484954343,6.492154078229708,35.636932373046875
2017-07-26,35.636932373046875,35.25850481032583,-1.8897436182884864,77399081.5602135,77.14859618193333,0.19147178879476867,42.079789871375915,2.9162779527859204,10502423688.524595,34.60930724774538,34.40945817914175,7.169772852777919,34.96348571777344
2017-07-27,34.96348571777344,35.16999908256011,-0.7040447907297298,93150917.09214945,73.22112951889711,0.17768312536619862,41.45723646792533,2.920193891124505,10409272771.432446,34.740360593441295,34.48189064613398,7.611894372120642,34.71732711791992
2017-07-28,34.71732711791992,35.03419749316805,-0.5150787188003325,85862081.96450461,67.53965001904936,0.15041934639771545,40.66074340717108,2.915749665108589,10323410689.467941,34.83530273889524,34.53449129823246,7.784336560132333,34.53850555419922
2017-07-31,34.53850555419922,34.8854899114774,0.8875242957249396,83918537.37515323,61.877627226334646,0.1149723720150719,39.370809774916566,2.911777139799711,10239492152.092789,34.895979770009866,34.56791973758912,7.747464225820437,34.84504318237305
2017-08-01,34.84504318237305,34.87335589274609,4.725084321181239,101185296.16260725,61.42513082373519,0.0847082786871432,37.89835621933686,2.911438947159873,10138306855.930182,34.938244837114816,34.59700889522312,7.573201229651084,36.49150085449219
2017-08-02,36.49150085449219,35.35879938126992,-0.9990771509345353,154753867.31382507,70.66694898159373,0.09084037535589401,38.158610231314995,2.9579552191682734,10293060723.244007,35.01046614916396,34.66956037008472,7.592479956889957,36.126922607421875
2017-08-03,36.126922607421875,35.5892363491155,0.5270707133848695,140844467.11967754,73.86754804067,0.10298248016450065,38.85433248506016,2.9850417732195837,10433905190.363686,35.09745699594309,34.75714855856384,7.539771881597276,36.31733703613281
2017-08-04,36.31733703613281,35.80766655522069,1.5474080214512576,123263006.98377427,76.48654888581977,0.11725407105621571,39.80260220842357,3.0077487639274985,10557168197.34746,35.20098635376417,34.85719789157878,7.500688969730206,36.87931442260742
2017-08-07,36.87931442260742,36.129160915436714,0.7997049140275658,112528464.88864198,79.70975523903013,0.1384223099853043,41.027636280067874,3.0311850309342723,10669696662.236101,35.320273196048,34.9783372271843,7.632166124055113,37.17424011230469
2017-08-08,37.17424011230469,36.4426846744971,0.6122008774957832,122217005.42204939,82.26321191554479,0.16197940264102817,42.61230311328464,3.0581400545791455,10791913667.65815,35.45490950658174,35.117798888833136,7.923218229833892,37.40182113647461
2017-08-09,37.40182113647461,36.730425613090354,-3.1852089153905694,116909703.79543456,84.22529878583588,0.18378429761702753,44.30722270484242,3.0774848392604146,10908823371.453585,35.6021015868582,35.27138238638144,8.302103782533665,36.21049499511719
2017-08-10,36.21049499511719,36.574446427698405,1.3906967747970844,130801952.65680419,79.1160447439227,0.17461183711593858,45.237043626003036,3.0797881069660606,10778021418.79678,35.742546321372025,35.39548372364972,8.361348263200737,36.714073181152344
2017-08-11,36.714073181152344,36.61633445373458,1.5049706089975246,123069886.85976292,79.47611108258675,0.1587336533514862,46.100448767080756,3.088832775166975,10901091305.656542,35.90076001742868,35.51175522175304,8.419980829585,37.26660919189453
2017-08-14,37.26660919189453,36.811416875182566,1.09475497424667,112696160.80183405,81.10962650620178,0.148899535108026,47.005240857981676,3.100060289257873,11013787466.458376,36.09335271379919,35.635532522079664,8.605163352598936,37.67458724975586
2017-08-15,37.67458724975586,37.070367987554555,-0.40224107186522806,114245912.56128383,83.03933132377043,0.14710581925461697,48.09395333101951,3.1112866681864166,11128033379.019659,36.31305392328004,35.77218351879156,8.951133839478436,37.52304458618164
2017-08-16,37.52304458618164,37.20617096714268,-1.9198610554366113,113178058.79289867,83.96447607974333,0.14225139134352183,49.290377060969426,3.1151900582492567,11241211437.812557,36.49779108186732,35.90875375196785,9.327001548513124,36.80265426635742
2017-08-17,36.80265426635742,37.0851159569071,-0.22803610640786953,112753361.15502906,79.78660659167865,0.11901674900435699,50.14001577645392,3.107854412519443,11128458076.657528,36.64737904264648,36.02078824767635,9.435922953570238,36.71873092651367
2017-08-18,36.71873092651367,36.97520044778907,-0.18408212687112124,111841072.80852033,76.08476459358701,0.08591937638227409,50.32037283486986,3.102325342533417,11016617003.849007,36.76413243190331,36.111684647687085,9.329015848350402,36.65113830566406
2017-08-21,36.65113830566406,36.87798180515156,1.6347213473612676,109930950.96596423,72.86458821895205,0.048989711173472505,49.52227687159576,3.0912623808646083,10906686052.883043,36.8390145208748,36.18466532935037,9.143538183286772,37.250282287597656
2017-08-22,37.250282287597656,36.98967194988539,0.1251518442820565,102877185.67617495,74.21480163475348,0.024814366588438275,48.82767003110467,3.089591441068554,11009563238.559217,36.89371324841363,36.26133262654419,9.012387414516425,37.29690170288086
2017-08-23,37.29690170288086,37.08184087578403,-0.4437894484481619,95292949.97332247,75.30674159523522,0.008598139047320319,48.28982835518161,3.0837401854120383,11104856188.53254,36.928854774682996,36.339476269328934,8.928176803994505,37.13138198852539
2017-08-24,37.13138198852539,37.09670320960644,0.370442323009712,90487744.98132572,75.48700675472277,-0.00673250968276462,47.90990771644767,3.0757445724852626,11195343933.513865,36.981080452873805,36.411593120783934,8.66526841072169,37.2689323425293
2017-08-25,37.2689323425293,37.1483719494833,1.0071416822426738,93917541.48692799,76.13915270077112,-0.01834019323214431,47.61385953527675,3.069108984696525,11289261475.000793,37.034284202448674,36.48176253304102,8.150253787268475,37.644283294677734
2017-08-28,37.644283294677734,37.29714535304163,0.8918322984796667,96901479.0408496,77.95755639053391,-0.020767106587467055,47.61232919061372,3.0682663956218637,11386162954.041643,37.08285705023457,36.559418039707744,7.30807263623866,37.98000717163086
2017-08-29,37.98000717163086,37.5020038986184,0.270062034518892,103251315.32859471,80.19565119492955,-0.013685913062690291,47.95157035131605,3.069164050344704,11489414269.370237,37.126020641340965,36.64918812150876,6.203701024270786,38.082576751708984
2017-08-30,38.082576751708984,37.67617575454557,0.3979117147656863,104999440.73001629,81.8801897804379,-0.0029435900932948122,48.57999730477608,3.068104567888191,11594413710.100254,37.17302112008125,36.74699646751226,5.580294194398691,38.23411178588867
2017-08-31,38.23411178588867,37.843556563948496,0.0304703964733255,105641728.51101139,83.34622826692245,0.009103647876424148,49.43339574878426,3.066972756045416,11700055438.611265,37.24886518078539,36.851430762410956,5.129968271385838,38.24576187133789
2017-09-01,38.24576187133789,37.964218156165316,-1.2008202358352538,93858529.95770797,84.33045719080265,0.018334984815261635,50.44208201637555,3.0648209940994153,11793913968.568974,37.347766951623015,36.957410514197086,4.821452397514112,37.7864990234375
2017-09-05,37.7864990234375,37.91090241634697,-0.10489117969161299,101063170.97039557,82.02374101787574,0.014172831577712874,50.76153212332596,3.058106287432287,11692850797.598577,37.451059012742554,37.04821926678279,4.633850365374917,37.746864318847656
2017-09-06,37.746864318847656,37.86169098709718,-0.4014708673391709,96726259.67927688,79.85257100899486,0.0020637098850067037,50.61736758862706,3.0516609294362507,11596124537.9193,37.53826091646374,37.12569276395559,4.574546083247969,37.59532165527344
2017-09-07,37.59532165527344,37.781780187550055,-1.6309149878218854,94022581.77549382,76.31979863986784,-0.01635550321385093,50.10531458019696,3.042360220846122,11502101956.143806,37.60825484764034,37.1881772804884,4.586392896753305,36.982173919677734
2017-09-08,36.982173919677734,37.54189830718836,1.8092650022099699,100149607.24284567,66.77018150796971,-0.04793589692810585,48.626512207192384,3.028810830219714,11401952348.90096,37.65277435739853,37.22186499731696,4.286385524746233,37.65127944946289
2017-09-11,37.65127944946289,37.57471264987072,-0.39627937305731775,108001685.06999196,67.37162541781484,-0.0685978757629272,47.11835157392152,3.0307504980205913,11509954033.970953,37.69540842743728,37.255469535655415,3.9536212838046483,37.5020751953125
2017-09-12,37.5020751953125,37.55292141350325,-0.7522268461706227,161657979.54899436,66.51070783423526,-0.08466172065493094,46.06660425654993,3.0386106763265186,11348296054.421959,37.720986033483435,37.283798285926636,3.72741856586337,37.219974517822266
2017-09-13,37.219974517822266,37.45303734479895,-0.8581229893267373,167049465.68429604,62.564229783402844,-0.10179219191270128,44.359159268979866,3.031919416657395,11181246588.737663,37.71608937810149,37.29991629153352,3.6365553705991673,36.90058135986328
2017-09-14,36.90058135986328,37.287300549318246,1.0108685112143023,145447465.97900724,56.56652583955743,-0.12266375848554456,42.35825075517685,3.018958052293353,11035799122.758656,37.67720185757875,37.29871479227493,3.613617905260161,37.273597717285156
2017-09-15,37.273597717285156,37.283189699708316,-0.7568378014645272,160750746.18530506,56.42204671777681,-0.1341918833207279,40.17963048934178,3.0174537560214207,10875048376.57335,37.62116517115473,37.29723621203049,3.5348559688569257,36.99149703979492
2017-09-18,36.99149703979492,37.1956819017343,0.03781543325482861,146448802.32971352,53.30113221774466,-0.14427574450191105,37.93081079833574,3.012917717588096,10728599574.243637,37.544311545711636,37.28756437295466,3.405072194216882,37.00548553466797
2017-09-19,37.00548553466797,37.1386229916144,-1.6757954990358481,127486881.63079946,51.30824997891014,-0.15065374604449738,35.842621085258706,3.008642570693554,10601112692.612837,37.46708360323838,37.273379479493684,3.2040802675427655,36.38534927368164
2017-09-20,36.38534927368164,36.91264087623457,-1.717158193667756,152782497.1415596,44.25144745658006,-0.1648115551429612,34.227040380079586,2.9962395220981186,10448330195.471277,37.37217859215212,37.23902342204043,3.2730373031400646,35.760555267333984
2017-09-21,35.760555267333984,36.56701519356439,-0.9779276893544853,151961787.9990917,36.07839031732706,-0.19036315523307507,33.773138916128936,2.97892922552165,10296368407.472185,37.25070209275355,37.17502263837605,3.7895491239746346,35.41084289550781
2017-09-22,35.41084289550781,36.220163504147415,-0.8821856477721046,162347731.5993642,30.075131352656133,-0.22136107043272318,34.28044334018201,2.9532778879310806,10134020675.872822,37.11852861244945,37.08408367321142,4.680949684908035,35.098453521728516
2017-09-25,35.098453521728516,35.88365050942174,1.7203412424223075,166908172.11955494,25.62086291064062,-0.25298335049560206,35.42042615642498,2.9278912258041694,9967112503.753267,36.94942239840456,36.969756705231454,5.844615934661423,35.702266693115234
2017-09-26,35.702266693115234,35.82923536452979,0.7118072343224036,160827720.48368844,24.97668434067995,-0.26475985221112897,36.59499560723647,2.921111069593898,9806284783.269579,36.777053793507214,36.861135625164636,6.820907361619189,35.956398010253906
2017-09-27,35.956398010253906,35.86738415824702,-0.6160249885579394,143184444.33858192,26.374299692223165,-0.25696940528109236,37.685667240132865,2.9179173082529357,9949469227.60816,36.61848847485202,36.76649262831534,7.525967833427027,35.73489761352539
2017-09-28,35.73489761352539,35.82763819483053,0.5480220361713473,126635711.03700733,25.83431035655996,-0.24170853828568567,38.70278092476866,2.9093203143023967,9822833516.571152,36.47252223940325,36.677077920364404,8.053973229327019,35.93073272705078
2017-09-29,35.93073272705078,35.858566554496605,-0.20114606329784124,120204757.72590512,27.085340120939634,-0.21750418374229546,39.745809514419555,2.9013383387961604,9943038274.297056,36.33005992488207,36.599124456948424,8.32233541829619,35.85845947265625
2017-10-02,35.85845947265625,35.8585344299445,0.4356239521365879,106581890.40813358,27.08482908013309,-0.19044314647108213,40.71433606195253,2.8914449441002557,9836456383.888922,36.196345177703094,36.52859207342424,8.363296471159906,36.01466751098633
2017-10-03,36.01466751098633,35.90537435425704,-0.6473552829887486,94083683.2856935,29.182914296170303,-0.15958485698882863,41.31732490881283,2.8854984089989775,9930540067.174616,36.073020313967355,36.46923800493213,8.260716183364451,35.781524658203125
2017-10-04,35.781524658203125,35.868219445440864,1.2444786262387098,90055138.29998544,28.482794243884076,-0.13296079376451617,41.96479679938167,2.8723081804532025,9840484928.87463,35.96857817088799,36.41199814212344,8.07327608517893,36.2268180847168
2017-10-05,36.2268180847168,35.975799037223645,-0.05790467220890827,88579156.80998981,33.460420497651235,-0.10084667667025404,42.040433605574236,2.868152412720489,9929064085.68462,35.90945655525391,36.37045537022822,7.747544340917165,36.205841064453125
2017-10-06,36.205841064453125,36.044811645392485,0.34769254370179414,82894529.76699287,36.513085846939155,-0.0692063800738788,41.722646668641474,2.8606839681768057,10011958615.451612,35.89192136937843,36.33944168214863,7.46756980885585,36.33172607421875
2017-10-09,36.33172607421875,36.13088597404036,0.03852314706707105,77541650.836895,40.19813879459911,-0.03827512713596615,40.57232454162777,2.8583146342074435,10089500266.288507,35.91664491584029,36.319579233757366,7.022000462202293,36.34572219848633
2017-10-10,36.34572219848633,36.19533684137415,0.41695822535559035,73019555.5858265,42.87205575374054,-0.010702478444907959,38.45263190334071,2.8634165519467967,10162519821.874334,35.95325506352472,36.307746624958966,6.45678702313326,36.49726867675781
2017-10-11,36.49726867675781,36.28591639198925,-0.3513337806792527,71400408.91007856,46.4930629266485,0.015011523004083177,36.2011903747018,2.8675012309370542,10233920230.784412,35.99510828689894,36.305667555152326,5.853753924571727,36.369041442871094
2017-10-12,36.369041442871094,36.3108539072538,0.6345759344051904,69330406.23705499,47.480052963845765,0.0339892542816409,33.76556784048745,2.8696790338150513,10303250637.021467,36.04342985814127,36.3061614934477,5.312104306937902,36.599830627441406
2017-10-13,36.599830627441406,36.39754692331008,1.8409022071773862,68204324.36593848,50.872718355570214,0.05161360128879394,31.41061352479802,2.8728363032172792,10371454961.387405,36.09732789502262,36.31486486772031,4.664268466540929,37.273597717285156
2017-10-16,37.273597717285156,36.660362161502604,0.3690186827413733,76688827.05615693,59.42897564652518,0.07858784678711675,30.274947763407088,2.8861885226717554,10448143788.443562,36.17751066817843,36.34776937189005,4.126474782910079,37.4111442565918
2017-10-17,37.4111442565918,36.88559679002936,-0.4424444436060493,76478938.93930985,65.0473482101944,0.10743096868699323,30.03766482583681,2.8961041625887356,10524622727.382872,36.27553291175566,36.39899103076046,3.803580757029745,37.24562072753906
2017-10-18,37.24562072753906,36.99360397128227,-2.366056120436111,73184297.25751689,67.38015418690057,0.12820742326919865,30.26745401918091,2.8997690412337644,10597807024.640388,36.3880713643398,36.45562083461969,3.9029247134782956,36.3643684387207
2017-10-19,36.3643684387207,36.804833311513796,0.17309889400705103,102330048.08026183,59.86038455182504,0.12360683183518661,29.366953918227942,2.8833928699742657,10495476976.560127,36.47097479176881,36.48887916575246,4.084144979288552,36.42731475830078
2017-10-20,36.42731475830078,36.69157774554989,-0.05119799539270442,100399953.65618327,55.834295981724686,0.10787904209510976,28.160915322807107,2.8768141877549853,10395077022.903944,36.535651401784556,36.508183792399834,4.2565999889574,36.40866470336914
2017-10-23,36.40866470336914,36.60670383289567,0.5954855001088166,96661127.55932829,52.95962543570062,0.08756678940445368,26.62628647551385,2.875074579975934,10298415895.344616,36.583233187670096,36.517566653399435,4.266115413631358,36.62547302246094
2017-10-24,36.62547302246094,36.61233458976525,-0.4391766484591164,88971429.2915298,53.13202669899871,0.07102210015022911,25.156722404419522,2.8754708404672207,10387387324.636147,36.6249329625092,36.52659217114856,4.206760393037823,36.464622497558594
2017-10-25,36.464622497558594,36.56802096210325,0.6393358623334677,87728520.50407085,51.531375801310034,0.05435693894348678,23.421850894977144,2.8732974862153706,10299658804.132076,36.653143419520596,36.5305377702871,4.111854068893467,36.69775390625
2017-10-26,36.69775390625,36.60694084534727,3.5829995875301,81810564.35284959,52.87419616694033,0.04367776129739835,21.811077568969424,2.8744472446800198,10381469368.484926,36.68275211332995,36.53781425362616,3.9597930870888867,38.01263427734375
2017-10-27,38.01263427734375,37.02864887494621,2.250836545980328,110612435.04699472,64.38719445955748,0.0616393971024331,22.038241093258208,2.9036474528595173,10492081803.531921,36.74586230849356,36.58456040803759,4.043899735796964,38.86823654174805
2017-10-30,38.86823654174805,37.58052517498676,1.3915689108186857,131069664.5328963,73.50840269846873,0.10477750755318378,23.742474513397756,2.9462251617658644,10623151468.064817,36.83787860984197,36.679414195366085,4.641665306006594,39.409114837646484
2017-10-31,39.409114837646484,38.12910207378468,-1.2719072937081854,135004925.1730274,79.20881099422144,0.16098500431699275,26.13656069956611,2.986715746210858,10758156393.237844,36.9622291382175,36.817479707596426,5.784395146231426,38.907867431640625
2017-11-01,38.907867431640625,38.36273168114146,0.7310580242255948,134868807.62111917,81.07638167097318,0.20197153161266324,28.796558254433744,3.014945412382122,10893025200.858963,37.099141909203425,36.96464656221976,6.787448797159316,39.19230651855469
2017-11-02,39.19230651855469,38.61160413236543,2.611361386206079,144080245.33478343,82.84421731379352,0.2317816973473893,31.43313838165405,3.037627277307242,11037105446.193747,37.279818991288586,37.1214996641384,7.794728765613631,40.21575927734375
2017-11-03,40.21575927734375,39.09285067585893,1.0145015518405742,172134491.73434842,85.63819111874933,0.26732533235854905,34.30455845499054,3.0809790215981496,11209239937.928095,37.51994628431949,37.30924737954035,9.067177812775462,40.623748779296875
2017-11-06,40.623748779296875,39.55212010689031,0.32136469046897265,162525704.2140439,87.69737114095206,0.3025875222744758,37.23270850010043,3.118816864123292,11371765642.14214,37.814487911718956,37.52285430595463,10.500714753002978,40.75429916381836
2017-11-07,40.75429916381836,39.91277382396872,0.8180562634231503,143001792.9498307,89.02778575939905,0.32884172294319336,40.11715994095658,3.1449100551199165,11514767435.09197,38.144531835139304,37.75046568862264,11.900043801579221,41.08769226074219
2017-11-08,41.08769226074219,40.26524935500076,-0.20425420661538407,129392655.06488149,90.14900937320884,0.3468021923512803,42.93193638979182,3.165316175432424,11644160090.156853,38.514254674429054,37.98996889494436,13.258436854783874,41.00376892089844
2017-11-09,41.00376892089844,40.486805224770066,-0.3310015581140857,125953978.54541704,90.78634592980738,0.3494773749200052,45.629937775889374,3.1736942912720743,11770114068.70227,38.902241112371335,38.227762831118234,14.390881524943175,40.868045806884766
2017-11-10,40.868045806884766,40.60117739940447,-0.4007537164274044,118342384.98179193,91.10623284833369,0.33479505567994927,48.17152895254898,3.1720158810364025,11888456453.684063,39.25949396481716,38.45380231381216,15.259040121483883,40.70426559448242
2017-11-13,40.70426559448242,40.63210385792785,-1.5117457402403445,103218189.48725435,91.19525048873643,0.3039146857010181,50.531577902304335,3.162030735356334,11991674643.171318,39.56465183311127,38.66125960372794,15.941268973656145,40.08892059326172
2017-11-14,40.08892059326172,40.46914887852801,-1.3189939737769385,101991732.64107804,86.29414786443033,0.25143474787883624,52.24599865131104,3.144905446422418,11889682910.53024,39.798656513585605,38.83343953466128,16.3340621922017,39.560150146484375
2017-11-15,39.560150146484375,40.19644925891492,1.194682278194903,106383932.84875463,78.67414415475011,0.1805909872399385,52.67967114165569,3.119763489859028,11783298977.681484,39.98202827136295,38.9632499845902,16.408219807638233,40.03276824951172
2017-11-16,40.03276824951172,40.14734495609396,-0.5552035142719625,102833752.99412824,77.34964446586493,0.11580861259085973,52.86019751226201,3.1095837568703986,11680465224.687355,40.135602353735806,39.07602093425722,16.174825680319444,39.81050491333008
2017-11-17,39.81050491333008,40.04629294326479,-0.09995127483151123,98263027.09588976,74.56750097934827,0.05464226363138669,52.67412209636718,3.0966486698784323,11582202197.591465,40.230946580476385,39.168427792257944,15.632068550595568,39.770713806152344
2017-11-20,39.770713806152344,39.96361920213105,1.859068025852384,88298998.96712282,72.2770094856223,-2.8718020471663053e-06,52.22585013961448,3.08251613061451,11493903198.624342,40.27209649000046,39.24416030748395,14.782074869161931,40.51007843017578
2017-11-21,40.51007843017578,40.12755697054447,1.0511443410474053,91966859.27698597,73.98357448217878,-0.03195787168277309,52.01858921763052,3.0855821793849683,11585870057.901327,40.29357480465803,39.328293323013526,13.737558564676174,40.93589782714844
2017-11-22,40.93589782714844,40.37005922752566,0.00575896226855388,95083481.49389017,76.30697810537356,-0.04292935970974754,52.09723048744305,3.0908823837380357,11680953539.395218,40.30405579191052,39.42750912344325,12.401770353087105,40.938255310058594
2017-11-24,40.938255310058594,40.540518052285535,-0.5029949538368439,83390477.04572311,77.8072712615289,-0.0446734443363499,52.39432552058272,3.0910750834771052,11764344016.44094,40.30942707466207,39.53350997380918,10.715177928835054,40.732337951660156
2017-11-27,40.732337951660156,40.598064022097915,-0.5858825155664937,83233493.93200618,78.30668636768044,-0.047646558279600626,52.78333111460041,3.0856432682552426,11847577510.372948,40.30911573693142,39.6348960736462,9.053897288423347,40.49369430541992
2017-11-28,40.49369430541992,40.56675310709451,-2.074293801357474,89978005.75240433,77.28756449926722,-0.05679619110135703,52.90029956712921,3.0799593932049216,11757599504.620543,40.30258066184809,39.72364436254604,7.604714844507665,39.65373611450195
2017-11-29,39.65373611450195,40.29284800931674,1.3983853181566586,112984284.02668303,68.84648335754702,-0.08468985141774532,51.37495918672321,3.068900856785316,11644615220.593859,40.28495057492696,39.777854233667064,6.383424536436724,40.208248138427734
2017-11-30,40.208248138427734,40.267468048050034,-0.4655063194764608,128921638.81867811,68.10425385075519,-0.10681635435526238,49.32499233779713,3.0684062983152485,11515693581.77518,40.29205245384047,39.82448412075116,5.089863683817553,40.02107620239258
2017-12-01,40.02107620239258,40.19355049435279,-0.7307970377317896,137956307.17307466,65.87669309622646,-0.1270223066077525,47.012313876182034,3.0603886589988476,11377737274.602106,40.29667300766634,39.85963329918941,3.70023175844175,39.72860336303711
2017-12-04,39.72860336303711,40.05406635495808,-0.09422335823263683,135620295.02115226,61.770863542019356,-0.1488600622852827,44.864826733253736,3.0567529202554464,11242116979.580954,40.297450348835675,39.87815073307215,2.708201719229661,39.69116973876953
2017-12-05,39.69116973876953,39.94519737010152,-0.3713477680786226,127754446.51480657,58.695893601410425,-0.16828275966525652,42.53767786592093,3.0564177926041505,11114362533.066147,40.29560816563273,39.884536127074945,2.3002401733954065,39.54377746582031
2017-12-06,39.54377746582031,39.824771398817155,0.183404391441222,123700112.56036459,55.41005340264031,-0.18552756482585275,39.65720513438529,3.0519659247526696,10990662420.505783,40.26532960846,39.878844248193246,2.377095049282614,39.616302490234375
2017-12-07,39.616302490234375,39.76223072624232,0.02953247975767681,117398038.79225521,53.72789977321536,-0.196386348772278,36.982480455102205,3.0493777225016054,10873264381.713528,40.20454675833167,39.867738198483636,2.629625735405135,39.62800216674805
2017-12-08,39.62800216674805,39.721962158394035,1.948366051891548,110204867.15457864,52.62021040153203,-0.2008043050360121,34.49880753862505,3.0495022436226424,10763059514.558949,40.12269116894251,39.85385476609415,2.813850852674517,40.40010070800781
2017-12-11,40.40010070800781,39.925403723278166,-0.5617599836232778,119471967.00820504,57.39878427425229,-0.18494299377074125,32.62316458740098,3.0612616560022046,10882531481.567154,40.05542513906054,39.86066895249263,2.7389150023717814,40.17314910888672
2017-12-12,40.17314910888672,39.99972733896073,0.3319865351837148,106921416.90574352,59.02470400195144,-0.16502099002114617,31.048779536442126,3.061108220121821,10989452898.472897,39.99872256224716,39.873912608346735,2.5642618299395763,40.3065185546875
2017-12-13,40.3065185546875,40.09176470367876,-0.029036224488254714,103427071.83402047,61.0092480724229,-0.1420916009496907,29.99463020223762,3.0642386509251005,11092879970.306917,39.97861423168336,39.894660426949784,2.4616254620774702,40.29481506347656
2017-12-14,40.29481506347656,40.1526798116181,1.016137015049834,96970750.28381433,62.31033540072418,-0.1201415317049851,29.192927975028958,3.0643822312706,11189850720.59073,39.96713540804017,39.9192337016801,2.4578812519373647,40.70426559448242
2017-12-15,40.70426559448242,40.31815554647739,1.4083004924192455,116082685.19867003,65.66237453022052,-0.09300929826544924,28.822900515332794,3.0684034637985147,11305933405.7894,39.97959591325263,39.95722625832746,2.4912560942754776,41.277503967285156
2017-12-18,41.277503967285156,40.60596007271972,-1.0656568690420642,116563199.63906902,70.5656785350009,-0.05603257652629673,29.328828263810077,3.0823171973440795,11422496605.428469,40.034785285028796,40.01901043112672,2.67647092888886,40.83762741088867
2017-12-19,40.83762741088867,40.6754602741704,-0.10884288671287878,114517919.74734831,71.61960456387428,-0.028627863528445874,29.99029460635014,3.0803828102083295,11537014525.175817,40.107811575435676,40.08152946379755,2.847208293492411,40.79317855834961
2017-12-20,40.79317855834961,40.71077575942416,0.37853174494446584,108333263.82314381,72.1649995393193,-0.010775640542656117,30.743953139817812,3.0777752297373637,11645347788.99896,40.196412011496385,40.14145768242866,3.0437669678729953,40.947593688964844
2017-12-21,40.947593688964844,40.78182113828636,0.0,100973164.67620066,73.2775612769839,0.0024581819407713534,31.647790870224867,3.078952744146127,11746320953.675161,40.29837105270079,40.20244467822463,3.258274120987765,40.947593688964844
2017-12-22,40.947593688964844,40.83155290348991,-2.536983311046237,90300495.27334045,74.05918761164754,0.01073775389507764,32.523321828566104,3.076042123707367,11836621448.948502,40.409330127210374,40.262359747297516,3.4403336158371554,39.90876007080078
2017-12-26,39.90876007080078,40.55471505368317,0.017606842083828234,103032946.6913383,63.010465348811174,-0.005387314662625209,31.67718612288044,3.0493758881186785,11733588502.257164,40.472261260250875,40.290203109810435,3.4210988809163414,39.91578674316406
2017-12-27,39.91578674316406,40.36303656052743,0.28135406229774507,97920902.6839368,56.70277939502388,-0.030516486384048636,29.96540267431965,3.026404200755418,11635667599.573227,40.50859218240755,40.29713962892634,3.360828295358818,40.02809143066406
2017-12-28,40.02809143066406,40.26255302156842,-1.0813843427372016,88320871.87875576,53.66964061501829,-0.054082540650282285,28.018643230030882,3.011907830725572,11547346727.694471,40.525671014196504,40.29384566632082,3.3598508113996366,39.59523391723633
2017-12-29,39.59523391723633,40.06235729026879,1.7904548446850743,93024490.31512903,48.14409080544616,-0.08167362579193116,26.424972503019898,2.99407447212938,11454322237.379343,40.51663876206157,40.27179915431587,3.385370584125196,40.304168701171875
2018-01-02,40.304168701171875,40.134900713539714,-0.01740571384438727,95784223.22059032,50.14702112653885,-0.09274942564290045,25.326858567763068,2.9928904827612923,11550106460.599934,40.4983132787678,40.25876120757529,3.392132612260789,40.29715347290039
2018-01-03,40.29715347290039,40.18357654134792,0.46449823200431783,102470436.25441322,51.50066176589879,-0.09420493237888686,23.56372351091291,2.9994160663650273,11652576896.854347,40.456074925630624,40.25160076317268,3.368237827682845,40.48433303833008
2018-01-04,40.48433303833008,40.27380349044256,1.1385200313774213,98650825.37808925,53.99428951627898,-0.0866879181121536,22.01038576423923,3.0051776406912483,11751227722.232437,40.415909247257844,40.25371530862695,3.296701550450262,40.945255279541016
2018-01-05,40.945255279541016,40.475239027172094,-0.37141475893397446,97447577.76466247,59.055722827559705,-0.06664650425680546,21.221205233764145,3.0164866947234823,11848675299.997099,40.392355574032635,40.27481280563125,3.1669349688706947,40.79317855834961
2018-01-08,40.79317855834961,40.57062088652535,-0.011483410726342846,92894664.43526372,61.2307446276808,-0.0464218404734395,20.962827796562156,3.022568112237079,11941569964.432364,40.37123554885654,40.302985003811635,2.971769610749058,40.78849411010742
2018-01-09,40.78849411010742,40.63598285359997,-0.0229320495874763,90927065.10468459,62.69326414649423,-0.028952524109204125,20.908104934263065,3.025433591886525,12032497029.537048,40.35167854386754,40.33469908474385,2.684936788683249,40.77914047241211
2018-01-10,40.77914047241211,40.67893013924361,0.5680351752809898,92400825.5732792,63.66322864180721,-0.015490440503017844,20.857290847842478,3.0221762906789262,12124897855.110327,40.36410005242359,40.36748299469621,2.5452469972563576,41.010780334472656
2018-01-11,41.010780334472656,40.77848519781232,1.0326275518034667,87081817.90129544,65.87793516143685,-0.0015978357549578104,21.080474785813827,3.021584429398272,12211979673.011621,40.405644916152085,40.40662606165965,2.4690641292017426,41.434268951416016
2018-01-12,41.434268951416016,40.975220323893424,-0.5082148402489661,91458992.5309068,69.79572809281363,0.018041784676091188,21.907224107367856,3.0277919064669243,12303438665.542528,40.47691164638458,40.460777896158106,2.5594520610849845,41.22369384765625
2018-01-16,41.22369384765625,41.04976238102227,1.6516288648803945,99500374.77163476,71.14747132820054,0.03241478477111581,23.416834952153366,3.0400861734800313,12402939040.314163,40.57565215545993,40.516871656621355,2.6856970442219197,41.90455627441406
2018-01-17,41.90455627441406,41.30620054903981,0.08930336818440132,110914422.34014432,75.25093509908609,0.054267617858780426,25.22250709529567,3.0598357322999163,12513853462.654308,40.69278213900993,40.59204583685168,3.083899969487786,41.941978454589844
2018-01-18,41.941978454589844,41.49693392070482,-0.44624577460804504,115072175.63810103,77.78198486384605,0.07534629025409173,27.263788850083717,3.0739717209435184,12628925638.29241,40.82411787694562,40.678225654361505,3.6376284690704783,41.75481414794922
2018-01-19,41.75481414794922,41.574297988878136,-0.8181330986735125,119460642.94667071,78.73207394632993,0.08742806135365638,29.327896710140013,3.0805683338953664,12748386281.23908,40.954167326789175,40.76356587669642,4.149674583250635,41.413204193115234
2018-01-22,41.413204193115234,41.52596985014927,0.02260454671942913,116152770.06266949,76.53047143592188,0.08501675337346976,31.244568294478,3.0764907868779168,12632233511.17641,41.0592404090869,40.83617577893002,4.520266680828398,41.42256546020508
2018-01-23,41.42256546020508,41.49494853316601,-1.5928551885280307,120533859.04386863,75.07918998676665,0.07455857950637601,33.164734171698456,3.081775501967112,12511699652.132542,41.151673173750964,40.89891604123821,4.807079780438941,40.76276397705078
2018-01-24,40.76276397705078,41.27529316633144,-1.7850749140394417,145699821.33070803,65.59396932830433,0.04739690228817828,33.451935380102675,3.0813675625058154,12365999830.801834,41.215604205024114,40.93476148172328,4.927656685805044,40.035118103027344
2018-01-25,40.035118103027344,40.903240647340205,0.2337406333665193,151824674.9314956,53.30896705157455,0.0013559954216311176,31.98680896709302,3.0788174239453436,12214175155.870338,41.23803525583377,40.93175949749632,4.903954278500316,40.12869644165039
2018-01-26,40.12869644165039,40.67087738563326,-2.0698423128025945,153248872.45204693,47.34502302103165,-0.045192954947647856,29.837004468732903,3.0747183583030506,12060926283.418291,41.22727447461586,40.9069135820808,4.81330566042145,39.298095703125
2018-01-29,39.298095703125,40.259042880880784,-0.5894332618892273,168042690.71643284,39.014072929409814,-0.10097059581285328,29.03611093842042,3.0578379538264295,11892883592.701859,41.1556567303146,40.845211610537945,4.815271522219474,39.06645965576172
2018-01-30,39.06645965576172,39.90126791334506,0.27546035860817053,172887723.501503,33.4992978001292,-0.15592855920477844,29.27770184952402,3.035863514966885,11719995869.200356,41.040807283546876,40.755312210805286,4.9478567066275545,39.174072265625
2018-01-31,39.174072265625,39.68310921902904,0.20905133462547631,159996086.45105207,30.653920864543267,-0.1982264002661656,29.845012831160325,3.021744646271531,11559999782.749304,40.8784981505458,40.65319764015993,5.326062768166069,39.25596618652344
2018-02-01,39.25596618652344,39.55496630927736,-4.338988657349008,168674220.51573646,29.090888987473292,-0.22417540405490438,30.569613405768614,3.011692707349558,11391325562.233568,40.68430138940305,40.54860418007588,5.819338807987914,37.55265426635742
2018-02-02,37.55265426635742,38.954272696401375,-2.498445023939466,221984514.3610155,23.135568967618937,-0.268163124530378,32.0403760156498,2.992994844244557,11169341047.872553,40.42229886015538,40.39676308639259,6.934997041594357,36.61442184448242
2018-02-05,36.61442184448242,38.25231744082569,4.179188479234397,242675360.05271083,18.396227661988423,-0.3270023376302984,34.09437642337307,2.9899344927284743,10926665687.819841,40.09493361922303,40.19253016776717,8.704462796985748,38.14460754394531
2018-02-06,38.14460754394531,38.22000447176158,-2.1406927229488226,251765312.03689757,18.211287779754198,-0.34858541901618395,36.455089598642196,3.0163519206994107,10674900375.782944,39.76743921308259,40.0046705776714,10.099993761757661,37.32804870605469
2018-02-07,37.32804870605469,37.952417742049505,-2.751702447461113,238166038.42582828,16.712894351875985,-0.35990578310496246,38.69389715574568,3.026859799083584,10436734337.357115,39.43515167065439,39.80921792665979,11.475576666128495,36.3008918762207
2018-02-08,36.3008918762207,37.45695998230086,1.2231636598378337,231984826.89807978,14.357373529274277,-0.37792214132974694,40.98300807771642,3.0314418806374768,10204749510.459036,39.09052360415045,39.58519336053037,13.05207519539173,36.744911193847656
2018-02-09,36.744911193847656,37.243345345764894,4.027871183035514,247196498.82865584,13.475532557843875,-0.3803430409948696,43.40949536551572,3.037423792730806,9957553011.63038,38.74777040016362,39.36216021626699,14.475437253886954,38.22494888305664
2018-02-12,38.22494888305664,37.53782640695242,1.001792236489396,246020949.18005908,20.706004139597127,-0.3395697426578038,45.29160808404309,3.0668155683236193,10203573960.81044,38.47564875277078,39.18841413918941,15.288243507064907,38.60788345336914
2018-02-13,38.60788345336914,37.858843520877436,1.843762736733412,211273704.42604133,27.790033195629253,-0.27139314447309393,46.57789907406219,3.0836859842150854,10414847665.23648,38.27140631352402,39.06178836601684,15.644688362098114,39.31972122192383
2018-02-14,39.31972122192383,38.29710683119135,3.357801445927988,196665473.09822893,36.173653960437974,-0.1815136805488572,46.84470756486088,3.0987966592005876,10611513138.33471,38.13280607474025,38.98896155317632,15.485912843978095,40.63999938964844
2018-02-15,40.63999938964844,38.99997459872848,-0.32372362517895104,199042471.16876024,46.834416304372326,-0.06544276616100153,45.50309364555296,3.126918195155769,10810555609.50347,38.07730690368536,38.990010414657476,14.852375106265306,40.50843811035156
2018-02-16,40.50843811035156,39.4525136522154,-0.3363956303411131,187541049.81813216,52.35258238264317,0.04513357641905369,43.10492038217363,3.143870427374861,10998096659.321602,38.12713099926676,39.03405834204395,13.988989007484284,40.372169494628906
2018-02-20,40.372169494628906,39.72841040493945,-0.45384615529981964,171995334.87269253,55.39240471209452,0.13509366572443393,40.25135073601214,3.1530184516526116,11170091994.194294,38.27474029567814,39.10018710993876,13.054318000545964,40.188941955566406
2018-02-21,40.188941955566406,39.866569870127535,0.8359048493207011,165362654.41088474,56.876102918858535,0.19831805264509572,37.545806186334964,3.15906775671205,11335454648.605179,38.43939683551473,39.17317594424245,12.039220757652346,40.52488327026367
2018-02-22,40.52488327026367,40.06406389016837,1.7391116083384173,152944138.0876193,58.976619872762186,0.24480527814868924,35.28464080115865,3.1659888662460154,11488398786.692799,38.65056145032662,39.258022415283016,11.184601323822811,41.22965621948242
2018-02-23,41.22965621948242,40.41374158896259,1.977228759855909,147635776.6613335,62.46293890118314,0.2875190840526727,33.55806833915156,3.1752367232490517,11636034563.354132,38.9462396109928,39.3680909080144,10.811008014148875,42.04486083984375
2018-02-26,42.04486083984375,40.90307736422693,-0.3240575411946889,149139683.66293344,66.72463284365611,0.33388599339010394,32.5972829050956,3.190732263972753,11785174247.017065,39.312212812839,39.514280094320355,11.00488775831268,41.90861129760742
2018-02-27,41.90861129760742,41.20473754424108,-0.1513914275787398,151111498.56405342,69.05691605767748,0.3673739554205092,32.206105855418166,3.1983273474731937,11936285745.581118,39.67890392656787,39.67527604193185,11.723659781425113,41.84516525268555
2018-02-28,41.84516525268555,41.39686585677441,-1.7516451814077572,151116568.9948374,70.47626068542428,0.3832067610269559,32.177497954136655,3.2042940117673995,12087402314.575954,40.03270616015756,39.83923697667876,12.683568782404409,41.112186431884766
2018-03-01,41.112186431884766,41.31146202930751,0.6914896134129211,164343998.29638618,68.96198596528897,0.36855881625944087,31.731839438039945,3.2059339242094467,11923058316.279568,40.33414167996918,39.97944888645293,13.50134315962229,41.3964729309082
2018-03-02,41.3964729309082,41.33696529978772,0.3461625897993148,161185598.80747032,69.17498047307346,0.34181180893483276,30.993088664153827,3.2017901617291757,12084243915.087038,40.5678407500751,40.108736163913385,14.247705677893356,41.539772033691406
2018-03-05,41.539772033691406,41.39780731995882,-0.08484396112844461,146911599.1652292,69.7090282577103,0.3103596441120466,30.30710580268815,3.1955982507024343,12231155514.252268,40.762370116849446,40.23150484544152,14.887998510633505,41.5045280456543
2018-03-06,41.5045280456543,41.42982353766746,-0.9282857251311394,131384319.41566044,70.00353679646321,0.2750601843966416,29.721360364633565,3.1878691452980417,12362539833.667929,40.93251143012225,40.34563043517733,15.170669134186113,41.11924743652344
2018-03-07,41.11924743652344,41.33665070732425,1.091262736145393,130013223.5909623,67.93352517471467,0.23058358040349114,29.09901848018321,3.167204605390756,12232526610.076967,41.079519513841916,40.44001331823894,15.211894273961867,41.56796646118164
2018-03-08,41.56796646118164,41.40604543348147,1.718065122463086,119538176.5136736,68.67645128320362,0.1925355922896993,28.52112958747931,3.153634370252078,12352064786.590641,41.213717668173224,40.53201637683347,14.954348485665813,42.28213119506836
2018-03-09,42.28213119506836,41.66887116195753,0.9667803349456605,122298963.55957152,71.38088701261924,0.1724169615914703,28.35450398764327,3.1507794138812155,12474363750.150213,41.339230625472716,40.640288261131,14.193227560544754,42.6909065246582
2018-03-12,42.6909065246582,41.97548177076773,-0.9630096598522098,124257794.49170005,74.18142785803921,0.1669920322792312,28.72622958575305,3.1524506044929232,12598621544.641912,41.446471066126804,40.767449547763064,12.993640204413635,42.279788970947266
2018-03-13,42.279788970947266,42.06677393082159,-0.850127754199459,125012656.14419003,74.96690101421741,0.15693948509319772,29.51442079765582,3.1542149399087234,12723634200.786102,41.53267470478486,40.89119472710197,11.68849450773771,41.92035675048828
2018-03-14,41.92035675048828,42.022848776721595,0.11769769691432064,122750939.30093302,73.80347061813443,0.13552645788115047,30.24631263727982,3.148847411298834,12600883261.485168,41.59527299677958,40.99897130325622,10.221163526878946,41.969696044921875
2018-03-15,41.969696044921875,42.00690295718167,-0.3526779968631488,113218217.51065311,73.35838980547868,0.10959209170277551,30.92592648835925,3.1451613150917757,12487665043.974516,41.66481708956699,41.09496479410626,8.768041731340261,41.821678161621094
2018-03-16,41.821678161621094,41.951335518513496,-1.5278882219973533,126538392.25745717,71.73489548181631,0.07940501846814185,31.508205234954374,3.1355898115418284,12361126651.717058,41.726254111439566,41.176523910716476,7.724000834609055,41.18268966674805
2018-03-19,41.18268966674805,41.72074176298386,-0.03424481476352881,128713034.58022001,65.2785964177309,0.03678413635222855,30.956493520577354,3.1167304556346385,12232413617.136839,41.75854755574207,41.22835418236099,6.7953679295122535,41.16858673095703
2018-03-20,41.16858673095703,41.55509525337581,-2.265463119404587,113678404.206154,61.029355241512675,-0.0073348162006905415,30.05730108988922,3.1023414594497525,12118735212.930685,41.77107472731291,41.259472379600496,5.883684926089686,40.23592758178711
2018-03-21,40.23592758178711,41.1593449518992,-1.4129555642336644,124040762.9443078,52.274411249200206,-0.0647479107879756,28.164969748507037,3.082307988230988,11994694449.986378,41.75334415177039,41.24993643410514,4.899474389132578,39.66741180419922
2018-03-22,39.66741180419922,40.7117650075892,-2.315682900366911,136617494.06101546,44.49937307876277,-0.13064389989944825,26.968873930178038,3.0661097162015167,11858076955.925362,41.683916109181176,41.19868201253219,4.203038382219163,38.74884033203125
2018-03-23,38.74884033203125,40.122887604921814,4.7471513449400815,144866805.8427108,36.75378488355874,-0.20712193614185276,26.930163718053876,3.050148225564552,11713210150.082651,41.529317753477606,41.09622540228358,4.567074348883054,40.58830642700195
2018-03-26,40.58830642700195,40.262513251545855,-2.564092924602024,146456204.08989754,39.44516077510468,-0.2392600540050694,27.341038638748557,3.071402105970877,11859666354.172548,41.35802090155541,41.01682424507047,5.087805749774448,39.547584533691406
2018-03-27,39.547584533691406,40.04803463618952,-1.1049311277281038,151626462.86292827,36.85102405515896,-0.26397482147811846,27.965124617233812,3.087955484116737,11708039891.30962,41.1561469720922,40.924558568034186,5.834842315839741,39.11061096191406
2018-03-28,39.11061096191406,39.76680753390688,0.7808741811355047,156140724.00404978,33.71961636585597,-0.2863992682748886,28.87680715188675,3.0959179167038404,11551899167.30557,40.930542847810734,40.814296564783966,6.725840228502494,39.416015625
2018-03-29,39.416015625,39.66156996123481,-0.65560970095635,155376706.80283484,32.603144272280986,-0.29432865738578806,29.785672405522423,3.116757164772217,11396522460.502735,40.69600954821605,40.704513078731665,7.54069369826885,39.15760040283203
2018-04-02,39.15760040283203,39.51037909371398,1.0259397774753376,153867854.76198438,31.01435109478448,-0.2950189508504575,30.907128732920643,3.123921843600505,11242654605.740751,40.4519139057361,40.590786032539505,8.332115008128447,39.55933380126953
2018-04-03,39.55933380126953,39.52506550598064,1.9122311706901263,144041098.33338904,31.364242401160787,-0.27987742474292837,32.098045621091686,3.126564122415338,11386695704.07414,40.23234628003578,40.4892888395339,8.949705966654276,40.315799713134766
2018-04-04,40.315799713134766,39.76228576812687,0.6934256323836374,142355368.83337232,36.928748188784,-0.24076707697556157,32.855764203822666,3.1350659044240676,11529051072.907513,40.05306533151088,40.420050451780845,9.28040384713673,40.595359802246094
2018-04-05,40.595359802246094,40.01220797836264,-2.557858939674851,131968598.18336062,42.24161538264822,-0.1873243996782006,32.76519835698896,3.142877062322441,11661019671.090874,39.93835163415722,40.3812083114553,9.434152606367032,39.55698776245117
2018-04-06,39.55698776245117,39.8756419135892,0.9917810929939819,134384378.72835243,40.24658650447826,-0.15193787795387018,32.56891037155911,3.134706359256017,11526635292.362522,39.85473932475722,40.33305913070615,9.58092420210027,39.94930648803711
2018-04-09,39.94930648803711,39.89774128592357,1.881819486537606,128890305.1098467,40.73437701780052,-0.11925166999654407,32.14864223196052,3.1418412228935297,11655525597.472368,39.8322246928574,40.2916002883459,9.549692754538814,40.701080322265625
2018-04-10,40.701080322265625,40.13874299682619,-0.46753638206094017,124313533.57689269,45.91925091559325,-0.07572979689742304,31.357093832640878,3.155240004737971,11779839131.049261,39.81984766738543,40.27704245105831,9.169373669296274,40.51078796386719
2018-04-11,40.51078796386719,40.250356486938486,0.9858413546196321,113937393.50382487,48.180307455958285,-0.03578247776414645,30.36222609462333,3.1558851961204164,11893776524.553085,39.840079852460335,40.274500930665944,8.57649973967265,40.910160064697266
2018-04-12,40.910160064697266,40.44829756026612,0.3387896687100822,107223335.45267741,52.01211958384291,0.005421055903870292,28.984514193627927,3.1580901456621286,12000999860.005762,39.90822885509626,40.29105299062787,7.865379278828581,41.04875946044922
2018-04-13,41.04875946044922,40.62843613032105,0.6238542784354095,105205494.81687419,55.25484980754855,0.044103533332921246,27.198845610971443,3.157203695880954,12106205354.822636,40.00491547200488,40.323184718217696,7.031394399392838,41.30484390258789
2018-04-16,41.30484390258789,40.8313584620011,1.3763900886023528,99537926.37181193,58.64497225211546,0.08053154773196425,25.389294348301963,3.153231877537935,12205743281.194448,40.13701340883359,40.371582217625644,6.146632798456373,41.87335968017578
2018-04-17,41.87335968017578,41.1439588274535,-0.2243995317418035,101603028.46026835,63.262630534612754,0.12045273987109716,24.538704887707116,3.1565842991198103,12307346309.654716,40.29890274098087,40.44514189475211,5.592524245138536,41.779396057128906
2018-04-18,41.779396057128906,41.33458999635612,-2.83401955658662,96027519.92218783,65.7725357056086,0.15241232794426132,24.235245088267206,3.1518003271142954,12403373829.576904,40.4561331638038,40.52985123776202,5.358545463017408,40.595359802246094
2018-04-19,40.595359802246094,41.11282093812311,-4.097199447839328,108989823.94553149,60.58670520586091,0.15104056483438574,23.42524987210334,3.12546867666433,12294384005.631372,40.56619445977985,40.58537216160593,5.320884960774488,38.93208694458008
2018-04-20,38.93208694458008,40.4586007400602,-0.2896388558167762,154882196.76187205,48.45057232123152,0.10090699316864134,22.576416794747324,3.088728214434682,12139501808.869501,40.62449034242695,40.57329869288729,5.242232127034074,38.8193244934082
2018-04-23,38.8193244934082,39.966817866064595,-1.3919366981147152,152236137.73331043,41.6901934770415,0.0329749323317675,22.83747340755397,3.05861515076873,11987265671.13619,40.631398000441045,40.51553861414227,5.271253342707533,38.27898406982422
2018-04-24,38.27898406982422,39.46046772719248,0.4357420709891313,146995696.4133173,36.10429311205131,-0.04355657117561772,23.937300609015796,3.0327108196770056,11840269974.722874,40.563570473477675,40.415055672528005,5.533911308416652,38.44578170776367
2018-04-25,38.44578170776367,39.156061921363836,0.3483017178141923,136955507.4893221,33.2224055597304,-0.10847924108146863,25.347975945886063,3.016800961311708,11703314467.233551,40.45414101692021,40.29515150575047,5.976281576316659,38.579689025878906
2018-04-26,38.579689025878906,38.98315005271836,-1.1569957345843207,129424455.24252546,31.67572269757962,-0.15408348333954228,26.83499082277987,3.005814901863037,11573890011.991026,40.307626266165435,40.17019898641408,6.453789710276507,38.133323669433594
2018-04-27,38.133323669433594,38.72820213773293,1.8112380609782264,133384078.66976781,29.495329615437146,-0.19007282107134646,28.544175191606776,2.987895317436152,11440505933.321259,40.11760286690662,40.03286595320635,7.073002495159321,38.82400894165039
2018-04-30,38.82400894165039,38.756944178908164,2.3236103314759227,144281735.06883746,30.079665538591385,-0.19961145770657232,30.26068091459748,2.9911142941266604,11584787668.390097,39.910161438597335,39.91134959374938,7.547214300623312,39.72612762451172
2018-05-01,39.72612762451172,39.04769921258923,4.4175197038284875,165280494.5481862,35.86995851706653,-0.17489526427447555,31.351774721486915,3.003596829002994,11750068162.938282,39.70053547711091,39.82909717649603,7.777576063273494,41.48103713989258
2018-05-02,41.48103713989258,39.77770059078023,0.18122117839747265,195543626.18373036,47.60242563464788,-0.10157417345176906,30.40820588319134,3.0483056669544384,11945611789.122013,39.544846536553315,39.82420226357071,7.7751455264725085,41.556209564208984
2018-05-03,41.556209564208984,40.31125328280885,3.923346231600977,177762378.32861125,54.19797298073113,-0.013937475439544267,28.516161222002648,3.0740590657618703,12123374167.450624,39.46468977102189,39.87058807492673,7.801742727697494,43.18660354614258
2018-05-04,43.18660354614258,41.17385836180897,0.7235245239666899,191875224.83002788,62.431453017336224,0.09910902823302462,27.5359092732319,3.1214894472016113,12315249392.280653,39.53621553319676,39.9947090546298,8.17532754833383,43.49906921386719
2018-05-07,43.49906921386719,41.871421617426435,0.48063583156041645,185254337.3810195,67.51673137366757,0.21139734817721875,27.61195907152279,3.1653779068994172,12500503729.661673,39.72667590833294,40.173443584419964,9.015244516589833,43.7081413269043
2018-05-08,43.7081413269043,42.42243753026979,0.7041212962981547,163761396.16671365,70.87088430865184,0.30748998759749807,28.1466521139189,3.191560116797473,12664265125.828386,40.02287288864068,40.387633484024704,10.213767767722024,44.015899658203125
2018-05-09,44.015899658203125,42.90047616864979,1.4304107360884943,142486417.31669956,73.43380967644433,0.383036082235292,29.010927955218627,3.207513489597338,12806751543.145086,40.39731431336928,40.62695183494138,11.626997432400806,44.6455078125
2018-05-10,44.6455078125,43.42398566180485,-0.3803546137104319,133327652.12168969,75.93131939696768,0.44377257655311764,30.214326623973736,3.2257921597350303,12940079195.266775,40.841397874277924,40.89333600892837,13.256222223339991,44.4756965637207
2018-05-11,44.4756965637207,43.739498932379604,-0.23332973383650701,124783996.48518278,77.31547630591974,0.4777575124296805,31.572342105103985,3.230038282840532,13064863191.751959,41.34252755374259,41.16439914449516,14.844065716079971,44.37192153930664
2018-05-14,44.37192153930664,43.929225714457715,-0.9088335432601236,112283357.53962794,78.12995261922454,0.48407723739606257,32.97010550804987,3.2258717953218863,13177146549.291586,41.85975570729755,41.42771596068207,16.288527744043492,43.96865463256836
2018-05-15,43.96865463256836,43.94105438989091,0.93329766940633,107032590.27773955,78.18254768313781,0.4602693021960971,34.26437277121337,3.2053716176438987,13284179139.569326,42.34909122502772,41.66708152536863,17.485040459655384,44.37901306152344
2018-05-16,44.37901306152344,44.072441991380664,-0.6323873796899582,97942533.19441769,78.79262534660066,0.4254069090844448,35.52131642697651,3.190781689901518,13382121672.763744,42.778565365087765,41.89616347451263,18.583044568587688,44.098365783691406
2018-05-17,44.098365783691406,44.08021912907388,-0.36365533166518027,89312573.23609237,78.83036037152563,0.37658522074877465,36.7546990657763,3.1739633689568794,13471434245.999836,43.155461949714265,42.104168774947034,19.51175152827049,43.9379997253418
2018-05-18,43.9379997253418,44.037553307954255,0.7085206800471866,84476041.26526466,78.01028344713534,0.31749596449881945,37.89998294466182,3.156177965421439,13386958204.734571,43.44183144432879,42.28830063523344,20.140981329306477,44.24930953979492
2018-05-21,44.24930953979492,44.101080177506454,-0.2504980520601774,81214188.88568527,78.37107637571661,0.2611220839562989,39.043936756346554,3.1494029540666597,13468172393.620256,43.664797300336794,42.46094630592611,20.45599643721692,44.138465881347656
2018-05-22,44.138465881347656,44.112295888658814,0.641148963833782,75138772.21997967,78.43833912910343,0.2054718343035039,40.138664235810175,3.1411696694040865,13543311165.840237,43.83378313617569,42.61821769475779,20.31580965972764,44.42145919799805
2018-05-23,44.42145919799805,44.20504488146058,-0.11151740529414811,76667220.55398577,79.01940400560575,0.15792737220300102,41.01840661913251,3.1325044154287336,13619978386.394222,43.96424000745677,42.76934409349139,19.769306364755234,44.37192153930664
2018-05-24,44.37192153930664,44.25510787881439,0.22857962283331368,81547854.38779004,79.3429991601088,0.11487175103799463,41.85980408215606,3.1195013318671667,13701526240.782013,44.04735222915773,42.910845406379295,18.802059779859917,44.47334671020508
2018-05-25,44.47334671020508,44.32057952823159,-0.3606062947975497,78036698.07145303,79.78217628568866,0.07760822343604956,42.725392463829394,3.1093580904724476,13779562938.853466,44.10546028874293,43.04510579893665,17.23235883783243,44.31297302246094
2018-05-29,44.31297302246094,44.31829757650039,-0.21287182409666094,81642608.65001711,79.71855978978597,0.04142772217961521,43.529153103954634,3.0942963092656477,13697920330.20345,44.1443674749472,43.16636215870463,15.144244271813369,44.21864318847656
2018-05-30,44.21864318847656,44.28840126009324,-0.33600042513353134,79578426.05501197,78.83168848236274,0.005965976115904548,44.275502269785214,3.075778951515658,13618341904.148438,44.179102161967435,43.27322302550355,12.686555771192598,44.070068359375
2018-05-31,44.070068359375,44.22290138987776,1.8033959841782465,88684258.23850837,76.81538086719785,-0.02947203808520682,44.7782972507688,3.0586657430901476,13529657645.90993,44.19414810181714,43.36366858401538,10.37287240823714,44.86482620239258
2018-06-01,44.86482620239258,44.41547883363221,0.8357930779110179,90209980.76695585,78.55232497511867,-0.04650039435336217,45.43155277123656,3.056890683133077,13619867626.676886,44.22767407227297,43.46384098874079,8.02669691908832,45.239803314208984
2018-06-04,45.239803314208984,44.662776177805235,0.7715098551412058,94666426.5368691,80.56582107522568,-0.0474991990960375,46.45225292768997,3.065021522519067,13714534053.213755,44.29019635925807,43.57802529246122,6.2412920486224515,45.58883285522461
2018-06-05,45.58883285522461,44.94059318103104,0.34659491270863096,92145698.57580836,82.54798760422322,-0.03634267886740761,47.68723755188071,3.07416747755475,13806679751.789562,44.37414765961053,43.70779366280121,5.008024797383708,45.74684143066406
2018-06-06,45.74684143066406,45.182467655920945,-0.2680895844486386,89622309.00306585,84.07123981100274,-0.020363215533781287,49.024597854873534,3.0770480652918937,13896302060.792627,44.481164836336745,43.84823880500309,4.294888390504124,45.62419891357422
2018-06-07,45.62419891357422,45.31498703321692,-0.9097240744441293,88352256.30214609,84.85138128787939,-0.00913086973838284,50.40022149286596,3.0730513703447073,13984654317.094774,44.592159051512375,43.98792911245203,4.021943559854139,45.209144592285156
2018-06-08,45.209144592285156,45.283234300937394,-0.24516285378168856,93834739.41150226,83.79241411938081,-0.01192539454055852,51.29682859921405,3.0555124411164876,13890819577.683271,44.69497169372468,44.111291511355404,4.067607649256735,45.09830856323242
2018-06-11,45.09830856323242,45.227756579625904,0.5490578740038554,87654517.58805157,81.86989784891873,-0.024852089467484295,52.01460233150078,3.0382802072275905,13803165060.09522,44.785689398864115,44.21762151785735,4.171003827222014,45.345924377441406
2018-06-12,45.345924377441406,45.26320691897055,-0.8217352468150141,81651482.31163609,82.15170277223237,-0.03759233428192854,52.701446221207405,3.0274202133882615,13884816542.406857,44.88018033311113,44.317201079868134,4.3137783089697415,44.97330093383789
2018-06-13,44.97330093383789,45.17623512343075,0.05244505674169009,83122117.61814526,78.91107601648375,-0.057274865206497494,53.380501548056785,3.0170752880328426,13801694424.788712,44.96896371944488,44.39901384592172,4.325649464021502,44.99688720703125
2018-06-14,44.99688720703125,45.122430748510894,-1.0272503523328536,84117602.33270168,76.89034688951224,-0.0780296874734201,53.85179233851457,3.008253778177191,13717576822.456009,45.058916655308195,44.46791069378736,4.317781191454101,44.5346565246582
2018-06-15,44.5346565246582,44.94609848135509,-0.05294448332788804,132945361.63289118,70.51706337074943,-0.10601019749450624,53.34606869803547,2.992552509563566,13584631460.823118,45.11197862008048,44.513452387841426,4.20352977492415,44.511077880859375
2018-06-18,44.511077880859375,44.81559230120637,-1.615949247843218,115243633.14302382,66.1470207073049,-0.13388671154570542,51.8821939434236,2.9775850693422954,13469387827.680094,45.12726023242059,44.542227617685704,4.000355930565241,43.79180145263672
2018-06-19,43.79180145263672,44.508455046635476,0.4361764420469427,120964743.20011666,57.16797163439655,-0.17120373763652807,48.823105711197336,2.9484384655033695,13348423084.479977,45.08404641898103,44.539011182347586,3.826100461979504,43.982810974121094
2018-06-20,43.982810974121094,44.35076182488116,-0.5576491587473531,109429760.24008165,53.1767396169777,-0.20255429661465607,45.568218605111376,2.9307737298420773,13238993324.239895,45.00087583587705,44.52108267211269,3.6974977552939965,43.73754119873047
2018-06-21,43.73754119873047,44.16679563703595,-0.29115085263363705,107455112.16805716,48.8885769302967,-0.22973675859321818,42.550163976408115,2.9230184407032884,13131538212.071838,44.88605669625896,44.487341049724435,3.72049575518339,43.610198974609375
2018-06-22,43.610198974609375,43.999816638307976,-1.4871478265859328,107859058.51764001,45.31654856053607,-0.2512740892800187,40.1170254007323,2.9153404777920904,13023679153.5542,44.75771492999601,44.44091015339906,3.8840523426099884,42.96165084838867
2018-06-25,42.96165084838867,43.68836690133218,1.2405991437328234,113497060.962348,39.51690589990562,-0.27679121910214965,38.874576641084175,2.904016803824845,12910182092.59185,44.60377596216665,44.36923936748793,4.322329237669258,43.494632720947266
2018-06-26,43.494632720947266,43.6302466472167,-0.14637966429503768,108930982.67364359,38.526021941794994,-0.2866674008607267,38.021534930582284,2.9130885309449366,12801251109.918207,44.44047993499127,44.298859108414476,4.753202776393917,43.430965423583984
2018-06-27,43.430965423583984,43.57046228012688,0.7276309605296127,106594047.8715505,37.48480801039581,-0.28567524043012704,37.108577878651246,2.927819691635825,12694657062.046658,44.27990265066088,44.22948798191089,5.1712613200812845,43.74698257446289
2018-06-28,43.74698257446289,43.62341836842768,-0.21026317645896908,95454073.51008534,39.05600157581515,-0.2700770802194912,36.2690635967632,2.941546015297338,12790111135.556744,44.13000141265255,44.17176706634107,5.485252876303099,43.654998779296875
2018-06-29,43.654998779296875,43.63289249168844,1.1182380545925907,94103091.45705974,39.34968874489132,-0.24830120077521445,35.67128300944154,2.9528032404042786,12884214227.013803,43.99868081368588,44.12044567827891,5.797795315917844,44.143165588378906
2018-07-02,44.143165588378906,43.785974420695574,-1.7416119405461505,87149724.0199418,44.041989824683895,-0.21406413084954865,34.969269789251065,2.964774695507468,12971363951.033745,43.895719025634804,44.08859127279479,5.989061893732182,43.37436294555664
2018-07-03,43.37436294555664,43.66249097815389,0.8046820808790933,77750566.81395927,41.26841365399873,-0.1909732523732928,33.97500003521513,2.969975261749702,12893613384.219786,43.81112261878665,44.0480102923528,6.149352321090473,43.723388671875
2018-07-05,43.723388671875,43.68076028627022,1.3861929828969721,74350436.76977149,41.85186814483186,-0.16659745670670195,33.051749549324626,2.978887687840462,12967963820.989557,43.74412246492555,44.013034101297315,6.138352168198298,44.3294792175293
2018-07-06,44.3294792175293,43.87537596564794,1.3885471856402543,73027545.73884004,47.800806372781246,-0.1310603965864671,31.65859070914228,2.993364089282953,13040991366.728397,43.714980497786755,43.99992380266404,5.896264730486254,44.94501495361328
2018-07-09,44.94501495361328,44.19626766203754,-0.12071736824424972,74827202.01718803,55.82569093887537,-0.08203322999351362,29.511336738611977,3.0102127829805663,13115818568.745584,43.73462560015971,44.018623217842475,5.541486080360181,44.8907585144043
2018-07-10,44.8907585144043,44.404614917747566,-1.297586991940669,71505961.41203162,60.113317073359475,-0.0341161640516763,28.31074549706618,3.0182666901318083,13187324530.157616,43.80625040180125,44.05538433211915,5.175398455384492,44.30826187133789
2018-07-11,44.30826187133789,44.37570900382466,1.676595513874335,72651972.98842213,59.254009789633166,-0.004469964848046022,27.326361555047598,3.013558326000575,13114672557.169193,43.88079663746204,44.085891443710146,4.712007325435978,45.05113220214844
2018-07-12,45.05113220214844,44.57833596332179,0.15706335472898125,72505701.09189549,63.22274658894804,0.026956381332038273,26.910061640796567,3.02186961899075,13187178258.26109,43.981584005781535,44.1327909217684,4.3173432471793225,45.121891021728516
2018-07-13,45.121891021728516,44.7414024808438,-0.2195218927139364,65770670.76432684,66.08562857502075,0.05526497412123784,26.941313279754446,3.0248504722200806,13252948929.025415,44.09338241702314,44.190753927394624,4.014421744708311,45.0228385925293
2018-07-16,45.0228385925293,44.82583331434945,0.2828391725221424,64091189.535028785,67.49646204152344,0.07499113057259713,27.40725260557329,3.027125676394271,13317040118.560444,44.212676499289245,44.25123767853318,3.918049782410062,45.15018081665039
2018-07-17,45.15018081665039,44.92313756503973,-0.5484524177353012,63505232.67452015,69.09224862795374,0.08895453593406596,27.976113246054904,3.0268374414726367,13380545351.234964,44.32639281372366,44.31522814391476,4.002542665889828,44.90255355834961
2018-07-18,44.90255355834961,44.916962363032695,0.7773044367333615,64125742.8721641,68.86118970961245,0.09176741346763159,28.58781936656873,3.021785428162498,13316419608.3628,44.45183995221154,44.372536164783135,4.241509017728337,45.251583099365234
2018-07-19,45.251583099365234,45.01734858393245,-0.22929532740801895,69232180.01051487,70.58342743591443,0.09403524505698538,29.37068393539734,3.0230693718629222,13385651788.373316,44.58549878197777,44.43394687136879,4.570949204016488,45.147823333740234
2018-07-20,45.147823333740234,45.05649100887479,0.08877731241578868,73273966.0073604,71.25111065258706,0.09171980760228221,30.222587632517655,3.020322057362137,13458925754.380676,44.70361028630046,44.4932367892265,4.893261806361945,45.187904357910156
2018-07-23,45.187904357910156,45.0959150135854,0.7254423489697404,70479056.20515227,71.94188247467135,0.08646196672936021,30.932991691137417,3.014718937665864,13529404810.585829,44.79357502145524,44.55063471535592,5.164299215709778,45.515716552734375
2018-07-24,45.515716552734375,45.22185547533009,0.9430111722816381,71772819.34360659,74.08412504193835,0.08495972296250379,31.952708011847832,3.0156278588622434,13601177629.929436,44.875299077213484,44.614560502020126,5.33695672724873,45.9449348449707
2018-07-25,45.9449348449707,45.43877928622227,-0.3131136517369515,70292853.5405246,77.29911441716892,0.09150286919901457,33.34460385683487,3.0201005958030818,13671470483.469961,44.981606105453245,44.693057529087,5.526693653199862,45.80107498168945
2018-07-26,45.80107498168945,45.54746799486242,-1.663143984700921,72096197.47836721,78.7233406883747,0.09562984256995388,35.072094329184225,3.023542865622334,13743566680.948328,45.07851930860732,44.77442995439894,5.626594105782248,45.039337158203125
2018-07-27,45.039337158203125,45.39502874386463,-0.5602368534992408,79296138.23485705,71.90910519738745,0.08114352673747321,35.82075780950803,3.0251992573557005,13664270542.71347,45.1438819349094,44.83353460101472,5.532252182008231,44.787010192871094
2018-07-30,44.787010192871094,45.21262317856657,0.20007416968368386,80742696.76439993,64.69308939180175,0.053652835762127205,35.507025605665746,3.025964401014568,13583527845.94907,45.18256092133111,44.869638275067274,5.245954700028984,44.876617431640625
2018-07-31,44.876617431640625,45.111821454488776,5.890997859936342,103767487.73507994,61.04727596756109,0.0245378426706378,34.68123601099347,3.03121942839697,13479760358.21399,45.20142931027601,44.89270333977408,4.945156409231961,47.52029800415039
2018-08-01,47.52029800415039,45.834364419387256,2.9230978069561653,154160081.41455597,72.85576925414296,0.04841903238903317,35.49233639025565,3.088895805481347,13633920439.628546,45.293169515911465,44.982385347356285,4.809581734986874,48.90936279296875
2018-08-02,48.90936279296875,46.75686393146171,0.28929992724604503,182796856.99018916,80.84137858836985,0.1169157142959864,37.464013886196824,3.1582241808234364,13816717296.618734,45.467121050664396,45.151383307747274,5.432729574041305,49.05085754394531
2018-08-03,49.05085754394531,47.44506201520679,0.5192719336202911,168094679.8931324,84.50393244773903,0.194566768762435,39.81877135520428,3.205803647642197,13984811976.511868,45.70597815129759,45.36982889893389,6.671233444840729,49.305564880371094
2018-08-06,49.305564880371094,48.00321287475608,-0.9374817700487648,148176755.92519265,86.7211270046489,0.2651422429551189,42.2993826607579,3.2379268469689455,14132988732.43706,45.99670793741466,45.620627372821716,8.232419577694237,48.84333419799805
2018-08-07,48.84333419799805,48.255249271728665,0.06756489209180927,134428609.14763486,87.58495439383434,0.3074433748644514,44.78351212886291,3.255196389516902,14267417341.584694,46.30004731705452,45.87154374414619,9.594784794853862,48.87633514404297
2018-08-08,48.87633514404297,48.44157503342296,0.7865125042945786,121130626.4033444,88.19628855297942,0.3249109766894802,47.1523328084488,3.2632923522187913,14388547967.988039,46.60032689177459,46.116308628839214,10.656516648862493,49.2607536315918
2018-08-09,49.2607536315918,48.6873286128736,-0.29786862665487357,112982558.48234107,88.96790249448752,0.32894972906794895,49.457012990693784,3.2750984179442146,14501530526.47038,46.91431295357571,46.361167674937725,11.641208799677461,49.11402130126953
2018-08-10,49.11402130126953,48.81533641939238,0.6456726109763888,108621230.93763874,89.35813246178452,0.3160958175748235,51.647350878273066,3.277182706587374,14610151757.40802,47.25634372112848,46.594898031552454,12.453705219311159,49.43113708496094
2018-08-13,49.43113708496094,49.00007661906294,0.4213511326835784,107103941.65634711,89.91269110952344,0.29622781739867377,53.77145930733846,3.285958106259791,14717255699.064367,47.63508906517812,46.823962658934406,13.136660079417036,49.6394157409668
2018-08-14,49.6394157409668,49.191878355634095,0.2335876366696299,99870359.15944298,90.46806627648093,0.2727805233924133,55.79370230802409,3.2900100631560276,14817126058.22381,48.04309475529265,47.04947843957247,13.712219461162526,49.755367279052734
2018-08-15,49.755367279052734,49.36092503265968,1.4649847417069095,104478371.41161008,90.94144511898767,0.24624504652164803,57.71183838888961,3.287406168763614,14921604429.63542,48.395750816619895,47.269616210342676,14.120453939380326,50.484275817871094
2018-08-16,50.484275817871094,49.697930268223104,1.9970152975446132,107335339.98812705,91.81422064000826,0.22932247055759736,59.6055240834329,3.294493479019233,15028939769.623547,48.68985745029603,47.5008842158551,14.518809004247007,51.492454528808594
2018-08-17,51.492454528808594,50.23628754639875,-0.9743497729144623,117647137.99168894,92.97812054093993,0.2316393287111731,61.52683610859668,3.3142873008318894,15146586907.615236,48.968980003415226,47.76139881876402,14.99032465238117,50.99073791503906
2018-08-20,50.99073791503906,50.462622656990845,-0.19494399456090328,118698236.59418225,93.40281838945364,0.22545315922661024,63.42667701412823,3.3269016351380767,15265285144.20942,49.2149209816387,48.018658231928484,15.291799165903726,50.891334533691406
2018-08-21,50.891334533691406,50.591236220001015,0.004632385713132514,114480525.61592758,93.63828034221983,0.20751153175032155,65.22993670257237,3.33466940372655,15379765669.825346,49.448519676465935,48.263665659363966,15.409890030218337,50.89369201660156
2018-08-22,50.89369201660156,50.68197295898118,0.20462503549083522,102958087.9311493,93.80623727929103,0.18025216952678513,66.91768029791871,3.3368040864912696,15482723757.756495,49.672559469021756,48.493980640279894,15.390806942393464,50.997833251953125
2018-08-23,50.997833251953125,50.776731046872754,0.31091851639970525,94730501.55180451,93.98484013477275,0.14842741442720087,68.50676780671517,3.338877444427908,15577454259.308298,49.88149971242168,48.71138544090778,15.184571401112738,51.156394958496094
2018-08-24,51.156394958496094,50.89063022035975,0.823468931664828,88483031.08626315,94.20128849697628,0.11629270903389188,69.99537485200968,3.3378312937525814,15665937290.394562,50.08902909251841,48.918932562760354,14.608500167662191,51.57765197753906
2018-08-27,51.57765197753906,51.09673674751354,0.8075500422608961,86568241.7603842,94.58126839901298,0.09126769044834715,71.42054804282982,3.3412393341216693,15752505532.154945,50.29869510536347,49.126342485117796,13.591785088333328,51.99416732788086
2018-08-28,51.99416732788086,51.36596592162373,1.4929391937275716,87929929.23226893,95.03861659518884,0.07583106097717929,72.80276944557338,3.348085424858844,15840435461.387215,50.516103861962435,49.33963995526122,12.081370448870075,52.770408630371094
2018-08-29,52.770408630371094,51.78729873424794,0.9193732349842554,94256710.46258825,95.65646322256697,0.07674752621075487,74.1659791989309,3.3638978542783926,15934692171.849802,50.75874123212126,49.57275031516471,10.96721123455931,53.25556564331055
2018-08-30,53.25556564331055,52.22777880696672,1.1553993957434727,124532257.32381177,96.1905651096964,0.0889127620423229,75.53126668859683,3.3941193364452307,16059224429.173615,51.01172608599563,49.825610171526804,10.542974065353462,53.870880126953125
2018-08-31,53.870880126953125,52.72070920296264,0.3207139988250951,139180700.1266682,96.6822316816637,0.1106353945235552,76.85894535341545,3.425930738415271,16198405129.300283,51.26016825165202,50.10133388880641,10.64683267320386,54.04365158081055
2018-09-04,54.04365158081055,53.11759191631701,-0.6524780904424543,130294610.08866775,97.01615562644581,0.13082798261299322,78.13012949302382,3.4465693062010163,16328699739.38895,51.525665177584635,50.388596558093134,11.066269091478476,53.6910285949707
2018-09-05,53.6910285949707,53.289622919913114,-1.6617665312163687,131205827.06206742,97.15005166162142,0.13435534542688954,79.3383359732782,3.458426060730853,16459905566.451017,51.79550384757584,50.66488478302837,11.398766996039013,52.79880905151367
2018-09-06,52.79880905151367,53.14237875939328,-0.8067833205246733,132992078.94344719,93.29128374395432,0.10657073961133912,79.92082342449274,3.4594482412504752,16326913487.50757,52.04154442761705,50.90083659030122,11.41309629954581,52.37283706665039
2018-09-07,52.37283706665039,52.91151625157041,-1.342115086612683,138238215.26041302,87.42780683347586,0.05503768957144928,79.92939256095242,3.461917833299646,16188675272.247158,52.25502294808682,51.092329891374476,11.178248080642057,51.6699333190918
2018-09-10,51.6699333190918,52.539041371826826,2.528305171450085,144186550.68228912,78.82024424479836,-0.017841790358198883,78.5526630007318,3.4555462101157968,16044488721.564869,52.41986406323352,51.230111937131845,10.633272730904338,52.9763069152832
2018-09-11,52.9763069152832,52.67022103486373,-1.2418936532564206,143829385.47760236,79.58264664690547,-0.06809761488748478,76.43094646636547,3.471751538626263,16188318107.04247,52.57721249196854,51.36726518453488,10.045840414149373,52.318397521972656
2018-09-12,52.318397521972656,52.5646739809964,2.415531251508396,159815009.83432165,77.17547581718917,-0.11649101493621306,74.46931585900197,3.4780408924314354,16028503097.208149,52.6970832979058,51.48130411753122,9.338695022533281,53.5821647644043
2018-09-13,53.5821647644043,52.86992121601877,-1.1351291587366141,161918186.88402516,79.14056134614012,-0.13469878299151006,72.90396460108352,3.5097946105078295,16190421284.092175,52.80534554608289,51.613553365006226,8.63134232881084,52.97393798828125
2018-09-14,52.97393798828125,52.90112624769751,-2.6626076561914958,151741890.81881762,79.33642004375648,-0.15021402784945237,71.51576134524363,3.5222496638909258,16342163174.910992,52.87268029015598,51.73617935383397,7.959540078645209,51.56344985961914
2018-09-17,51.56344985961914,52.499823331273994,0.1652505661553727,150853443.57317233,70.20681689413378,-0.19048759523277115,69.34600692610285,3.5140878396946884,16191309731.33782,52.85059170298711,51.8089073516854,7.392507403129045,51.648658752441406
2018-09-18,51.648658752441406,52.24447395762421,0.05953002595537882,143483450.50122064,65.07533416587182,-0.2344194186884896,66.7245933697828,3.5170318788221007,16047826280.8366,52.76327990711783,51.85038988558433,6.829106250301567,51.679405212402344
2018-09-19,51.679405212402344,52.07495333405764,0.7601801845159573,132986975.35085444,61.8436343047826,-0.27232950780668874,63.5250633776404,3.5133592502842053,15914839305.485744,52.641812948532284,51.871776880677025,6.254396211030227,52.072261810302734
2018-09-20,52.072261810302734,52.07414587693117,-1.0771308246604105,125021442.74559811,61.827884302818916,-0.2930904068150999,60.55407124207961,3.51905565385181,15789817862.740147,52.534989660286065,51.891050118415514,5.6463586792384595,51.511375427246094
2018-09-21,51.511375427246094,51.905314742025645,1.4380380404991344,203011049.9219187,58.47459821884069,-0.3120690713246259,57.581949768313955,3.51737294520861,15586806812.818228,52.434369509331596,51.89240865399743,5.038258832703031,52.25212860107422
2018-09-24,52.25212860107422,52.009358899740214,0.6340681150877492,175339814.94534308,59.91735279188,-0.31081024059631424,54.52900744197889,3.5224131186102645,15762146627.76357,52.38140126212293,51.9035467726396,4.394898279734134,52.58344268798828
2018-09-25,52.58344268798828,52.18158403621463,-0.7965941873275373,152203150.46174014,62.25511455119717,-0.2918733797152383,51.83113069162846,3.524199090850702,15914349778.225311,52.33253756225802,51.9300265120277,3.7815960679480787,52.16456604003906
2018-09-26,52.16456604003906,52.17647863736196,2.055163767526258,135323845.3232181,62.13941575458046,-0.2735005555696579,49.57441709976394,3.521714077546151,15779025932.902094,52.29371802789457,51.95349814301192,3.3114774199241666,53.23663330078125
2018-09-27,53.23663330078125,52.49452503638774,0.35120507343828766,130944131.72625268,66.33659345688491,-0.23519823663534956,48.04807433536212,3.5398928294574716,15909970064.628347,52.25617840993147,52.005024513809616,3.0700152518377233,53.42360305786133
2018-09-28,53.42360305786133,52.77324844282981,0.6733250613348618,119176172.20837687,69.52505124142168,-0.18838580448006148,46.9124542457666,3.544926295790557,16029146236.836723,52.243390629444704,52.078188697525825,3.0457448186801255,53.78331756591797
2018-10-01,53.78331756591797,53.07626917975625,0.8888519122029814,111744280.5458638,72.56717409661334,-0.13671341505015422,46.47456373898261,3.5564795529481588,16140890517.382587,52.301035214292924,52.17324398154777,3.1547858159055435,54.26137161254883
2018-10-02,54.26137161254883,53.43179990959402,1.2168337646025762,107966836.38210467,75.63976484714283,-0.08104098799015114,46.49330914489882,3.56742208898204,16248857353.764692,52.419767809489905,52.2931064508855,3.3470525411796133,54.9216423034668
2018-10-03,54.9216423034668,53.878752627755844,-1.7580630474477332,109962545.46747325,78.84728511274798,-0.019760808937088425,47.057673667657596,3.5860784503393113,16358819899.232166,52.60014773885973,52.44412037249221,3.8104192650907724,53.956085205078125
2018-10-04,53.956085205078125,53.901952400952524,-1.6228981585750923,115424181.82723127,79.00183762262736,0.014823908075599412,47.825724863341804,3.5892003874802407,16474244081.059397,52.78292839126187,52.582961518059854,4.285416104913521,53.0804328918457
2018-10-05,53.0804328918457,53.655496548220476,-0.23181211662443024,121093527.27906188,72.90755538638854,0.013620859876949165,47.220205911888,3.5817414035426087,16353150553.780334,52.95794657188135,52.685107711408484,4.575630186903988,52.9573860168457
2018-10-08,52.9573860168457,53.44606338880804,1.3853451488176294,120362149.0953433,68.1000085078314,-0.007618543356405327,45.77780986485413,3.566989345430672,16232788404.684992,53.101617020788126,52.757579680684636,4.725296994416018,53.6910285949707
2018-10-09,53.6910285949707,53.51955295065683,-4.632626255428063,116522704.36674032,68.87557184267051,-0.02223010982966489,44.26055455091759,3.5636817727830317,16349311109.051733,53.23541391223235,52.83014856353913,4.890044790423094,51.2037239074707
2018-10-10,51.2037239074707,52.82480423770099,-0.8827699899625618,131954613.05671822,55.209913842756954,-0.08089801920157891,41.59983887693344,3.5472345182361766,16217356495.995014,53.30024647226625,52.82963958012598,4.874198124794913,50.751712799072266
2018-10-11,50.751712799072266,52.202876806112364,3.5718943192393215,156117509.13970274,46.34516547120695,-0.15927245503296672,39.342865675107866,3.539201836515573,16061238986.855312,53.27108164923872,52.769947887362775,4.972211895038464,52.564510345458984
2018-10-12,52.564510345458984,52.31136686791635,-2.1385726636385383,157687736.39779192,47.91620422297209,-0.19891349025400396,37.427117169406046,3.5646038773639375,16218926723.253105,53.224893491747366,52.72627350455836,5.02340065514567,51.44038009643555
2018-10-15,51.44038009643555,52.0500708364721,2.203720385053165,147330615.47845435,44.53401841658506,-0.23534465229616064,35.72256604131404,3.56672348037839,16071596107.77465,53.12227365741896,52.6618732504549,5.139672274616476,52.57398223876953
2018-10-16,52.57398223876953,52.20724425716133,-0.43211579432059777,138152230.83491802,46.95926319690828,-0.2406120054193458,34.263278338238294,3.58396688940515,16209748338.60957,52.99981809217569,52.61857525109361,5.149956545061565,52.3468017578125
2018-10-17,52.3468017578125,52.24911150735668,-2.3373608115198508,124169041.58444262,47.61632295824843,-0.23288053049435176,32.90822547109653,3.5845047635419176,16333917380.194012,52.83685398013577,52.58338822788057,5.0950690544820505,51.123268127441406
2018-10-18,51.123268127441406,51.911358493382096,1.5229608157438346,126015889.10910982,42.98965087119671,-0.24110263523041586,32.33168795910044,3.5635049857008863,16207901491.084902,52.637794589378736,52.51938539602357,5.161810289849715,51.90185546875
2018-10-19,51.90185546875,51.90850758599247,0.6110279763864801,127905562.37637687,42.951713963865245,-0.23697092658357827,31.796331697961215,3.5633171053949306,16079995928.708525,52.463095693155935,52.461206556972996,5.160363343106267,52.218990325927734
2018-10-22,52.218990325927734,52.00165240797305,0.9426911375973068,124084413.6634638,44.66970649051805,-0.21864635017521797,30.96780294679363,3.571227002734123,16204080342.371988,52.318654595072424,52.41743949516348,5.163430960828016,52.71125411987305
2018-10-23,52.71125411987305,52.21453292154304,-3.430164223477905,133380449.56442465,48.4878334160912,-0.18424697241824053,30.591295821179564,3.576845921818987,16337460791.936413,52.188152592161046,52.398115059580576,5.153837211164095,50.90317153930664
2018-10-24,50.90317153930664,51.82112450687211,2.189754601351135,142476914.69509727,42.632867741292955,-0.1798474997002732,30.52464665757345,3.5755567668711357,16194983877.241316,52.08778461907816,52.343163578370245,5.293553600804747,52.017826080322266
2018-10-25,52.017826080322266,51.88013497890715,-1.5923323287250768,135560800.28656808,43.730445203428886,-0.1651997886478856,30.462758148510627,3.593281807180576,16330544677.527884,52.05551043635764,52.299065616516614,5.458560896762422,51.18952941894531
2018-10-26,51.18952941894531,51.6729533109186,-1.8770211970643436,151602640.20059764,40.780388783430475,-0.1615077743345492,30.887538805693545,3.5927257845856135,16178942037.327286,51.991669080657864,52.239435873126325,5.699413783211658,50.22869110107422
2018-10-29,50.22869110107422,51.23967464796528,0.4994322993206568,161244448.14041835,35.40175606742078,-0.17893699310865577,32.231341726081396,3.5953696286164734,16017697589.186867,51.91062946180718,52.14422051834909,6.075008791125947,50.479549407958984
2018-10-30,50.479549407958984,51.01163707596339,2.6066297884116407,156863113.69829285,32.93935174749996,-0.1951850826007151,33.74087343961359,3.5964653580777024,15860834475.488573,51.79106874368739,52.03635542859807,6.354544139045666,51.79536437988281
2018-10-31,51.79536437988281,51.246755267139214,1.535243739727754,155834859.588805,37.747274036569856,-0.17983872636636916,34.86492473693357,3.619387963749441,16016669335.077377,51.69083311966564,51.961155413221036,6.081936662193108,52.59054946899414
2018-11-01,52.59054946899414,51.64989352769569,-6.633057448276358,179072241.7121635,45.02517315502154,-0.13436152785191607,35.22109376230019,3.6380429676279773,16195741576.789541,51.664686623097005,51.93151142412338,5.442389348972846,49.10218811035156
2018-11-02,49.10218811035156,50.88558190249245,-2.8388317944188834,234945009.19851446,36.348789597794806,-0.14658057825421406,36.35238228340147,3.5898238495240036,15960796567.591026,51.562394054747,51.831899088729955,5.166118643099165,47.70825958251953
2018-11-05,47.70825958251953,49.93238520650057,1.0813873882834946,243857946.4389601,28.875530094195405,-0.2060420940620571,38.22468169814774,3.5243133060607756,15716938621.152065,51.35546733459975,51.65099300470811,5.639223264303957,48.22417068481445
2018-11-06,48.22417068481445,49.41992084999473,3.032841291546995,208960042.50727206,25.8038850520341,-0.26340108114800476,40.229474265526186,3.480604897451009,15507978578.644793,51.07600612744493,51.43850994235446,6.210482920633883,49.68673324584961
2018-11-07,49.68673324584961,49.49996456875119,-0.3489115114004293,186381309.75509045,27.10815734104486,-0.2780225655787156,42.16177658937954,3.4695563705842956,15694359888.399883,50.84389013363284,51.253886573439864,6.825222971382946,49.513370513916016
2018-11-08,49.513370513916016,49.503986352300636,-1.928159293872178,160902036.8285633,27.177424799659715,-0.2693084015720893,43.956057318671945,3.4489543101822817,15855261925.228447,50.60627527097218,51.087229409521846,7.46724416669544,48.55867385864258
2018-11-09,48.55867385864258,49.22039260420322,-5.037399744606274,153870385.7799943,25.348227452822574,-0.26416585907298273,45.77871437698966,3.4042809809769152,15701391539.448452,50.36101920030064,50.90943542806293,8.081282060092484,46.112579345703125
2018-11-12,46.112579345703125,48.28804862665319,-0.9991201290256879,169071870.045996,20.470251642509275,-0.3023311569331901,47.87340046228879,3.3323764602704142,15532319669.402456,50.06585659816943,50.65977954221439,9.323822629602054,45.651859283447266
2018-11-13,45.651859283447266,47.49719182369141,-2.82474975059247,174609789.03219718,17.409759990697076,-0.35592182733498523,50.09194158733134,3.2824251438748693,15357709880.370258,49.71441207294223,50.358580711878865,10.84129796790744,44.362308502197266
2018-11-14,44.362308502197266,46.55672682724317,2.467867190435058,195188052.32253802,14.612017893581607,-0.4251079384660815,52.41079188203108,3.243222099029821,15162521828.04772,49.24540922895263,49.99649938953261,12.729573144048345,45.45711135864258
2018-11-15,45.45711135864258,46.226842186662985,1.1075912851873815,192406196.62577662,13.775770213053482,-0.4605074005755718,54.692783568919864,3.226032327822297,14970115631.421944,48.70310409484936,49.63748441783074,14.466363457636621,45.96059036254883
2018-11-16,45.96059036254883,46.14696663942874,-3.9631921302046735,178998297.6380436,13.573214784475502,-0.455869761548376,56.85605575131774,3.2161309040812114,14791117333.7839,48.229242568542986,49.30505415322103,15.78530834893617,44.13908386230469
2018-11-19,44.13908386230469,45.544601806291524,-4.777813038964651,175609168.3466305,12.125276372947221,-0.45868578207393806,58.958830018562566,3.177515220873016,14615508165.43727,47.790464228522076,48.946915834465834,17.112681388364173,42.03020095825195
2018-11-20,42.03020095825195,44.49028155187965,-0.11301542526228614,204316657.84264135,10.095326315261705,-0.493823293012118,61.07723042175915,3.1106486244019336,14411191507.594627,47.29750029871057,48.522474474219536,18.706857176330924,41.98270034790039
2018-11-21,41.98270034790039,43.73800719068587,-2.539890689329971,180370700.48984894,8.94466812613677,-0.5269759351383907,63.12763382056556,3.065613582812759,14230820807.104778,46.721304560904045,48.066810923406806,20.52467098669275,40.916385650634766
2018-11-23,40.916385650634766,42.891520728670535,1.3523792919717836,154608290.34289426,7.859165573138433,-0.5619578950895876,65.11736398435978,3.017091254247633,14076212516.761885,46.06005799854103,47.57392614295573,22.389471048598534,41.469730377197266
2018-11-26,41.469730377197266,42.46498362322855,-0.21758725774284615,162224003.24002597,7.373579241664961,-0.56817162129453,67.02910498669301,2.981352219226976,13913988513.521858,45.38451710044357,47.087360188695996,24.03012418707245,41.37949752807617
2018-11-27,41.37949752807617,42.13933779468283,3.8452670675435563,163221682.2680182,7.017110294690009,-0.5482946184799329,68.84115696086779,2.941866527999785,13750766831.25384,44.76964601724653,46.61611996069474,25.50441712734298,42.97064971923828
2018-11-28,42.97064971923828,42.38873137204946,-0.7682366315835853,169530177.58761272,10.58236813926187,-0.4751590916774975,70.25363061764494,2.9376537058190513,13920297008.841452,44.258799972082336,46.2135115236809,26.340808462221222,42.640533447265625
2018-11-29,42.640533447265625,42.46427199461431,-0.540223797544459,168795124.3113289,11.686937089093211,-0.3824879447327816,71.12916014907266,2.93045174292762,14089092133.15278,43.84955448881944,45.85644109234123,26.4811898574849,42.410179138183594
2018-11-30,42.410179138183594,42.44804413768509,3.4942515336529256,165594387.0179302,11.653633096495337,-0.28741490678340353,71.94215185682697,2.915302937067556,13923497746.13485,43.471674683921655,45.53183185856446,25.780185043210626,43.89209747314453
2018-12-03,43.89209747314453,42.881260138322915,-4.398911876795253,164879070.91255113,18.343455588205348,-0.16648276211695867,71.97911877507491,2.9249458961535235,14088376817.047401,43.14510403381107,45.2793964566367,24.803103685037083,41.96132278442383
2018-12-04,41.96132278442383,42.60527893215318,-1.11492740530853,165028509.63878578,17.437573536825386,-0.08056195422232859,72.05161505523999,2.905080744090418,13923348307.408615,42.85117174639724,45.02471859716207,24.114849413804,41.49348449707031
2018-12-06,41.49348449707031,42.271740601628316,-3.565702343639965,167238036.74715003,16.384463724985498,-0.024579228883933713,72.29695276998304,2.8670668845274707,13756110270.661465,42.629317651372105,44.76253021663504,23.47333370072913,40.01395034790039
2018-12-07,40.01395034790039,41.59440352550994,0.6588164051443579,167804545.723005,14.472907117653234,-0.012180232396767465,72.68453079929631,2.8265425184906956,13588305724.93846,42.41495728485451,44.46080386509932,22.606500630248824,40.27756881713867
2018-12-10,40.27756881713867,41.19935311299856,-0.5719644688939929,191894382.0061035,13.484741133007299,-0.009706012068927627,73.23925825034536,2.793387528097111,13396411342.932356,42.24574052328732,44.15018950775639,21.287448509416365,40.04719543457031
2018-12-11,40.04719543457031,40.853705809470085,0.27873530262336743,191064107.40427244,12.669653683383357,-0.01040723891547568,73.81184597866289,2.7691912552619398,13205347235.528084,42.084612741911464,43.83623867934817,19.630255581472795,40.15882110595703
2018-12-12,40.15882110595703,40.64524039841616,1.0940219393327455,176498115.1829907,12.191037079159306,-0.004283666963817101,74.34750430519688,2.756969667613451,13028849120.345093,41.9352030022848,43.53233408116417,18.22376955565456,40.598167419433594
2018-12-13,40.598167419433594,40.631118504721385,-3.1997828343277357,161827000.62809348,12.157531891890661,0.018208861495285777,74.84490132269272,2.753883729730881,12867022119.717,41.75944171555199,43.256027835788665,16.88091797387003,39.29911422729492
2018-12-14,39.29911422729492,40.23151722149345,-0.9306226823129093,162123340.43966544,11.218012124250837,0.02514014349641558,75.38743327381923,2.7286910695771938,12704898779.277334,41.53616623823991,42.967979205855784,16.094902423020354,38.933387756347656
2018-12-17,38.933387756347656,39.842078381949705,1.299274927656402,166631818.30776578,10.37641380570125,0.022545832375477026,75.99159505091265,2.7135950453845856,12538266960.969568,41.27556966266636,42.67027436548378,15.311662482649426,39.439239501953125
2018-12-18,39.439239501953125,39.72122671795073,-3.1191845056854017,157252072.81543604,10.122620612674364,0.03120628166499806,76.59011592375195,2.7088294202256473,12381014888.154133,40.95956632062915,42.38941268476634,14.004231290802643,38.20905685424805
2018-12-19,38.20905685424805,39.267575758839925,-2.5234730476150102,168933210.97080523,9.211803399331243,0.02515740271388589,77.25960983527563,2.699612413476947,12212081677.183327,40.62579600329782,42.09209488229716,13.024525051657376,37.2448616027832
2018-12-20,37.2448616027832,38.66076151202291,-3.889561517637552,195980847.67956364,8.154813318759,0.0003742320048552017,78.00309582848932,2.6854534494802107,12016100829.503763,40.264698094337284,41.765301227985326,13.151722838740508,35.796199798583984
2018-12-21,35.796199798583984,37.80139299799123,-2.587438573390477,252080113.37569454,6.940274853897132,-0.050970331344930564,78.8269726245549,2.667886248523702,11764020716.128069,39.88539704158541,41.38778615846208,14.322701941888873,34.8699951171875
2018-12-24,34.8699951171875,36.92197363375011,7.042181565174777,221059119.36298618,5.961749188256021,-0.11743492089115293,79.69335172315894,2.644112168955509,11542961596.765083,39.45765909366057,40.962470679918084,16.455134895405436,37.32560348510742
2018-12-26,37.32560348510742,37.0430625891573,-0.6489632827144209,225040383.55409032,7.887531372169116,-0.12577450479272745,80.55685845325384,2.667088838216364,11768001980.319174,39.07659477162929,40.58919371889325,18.03011669988765,37.0833740234375
2018-12-27,37.0833740234375,37.055156019441355,0.05121804093000115,221268788.4878632,8.089970837771043,-0.10391446069804466,81.37359490912124,2.6648767177671653,11989270768.807037,38.71758633373181,40.25261869989783,19.288030855005545,37.10236740112305
2018-12-28,37.10236740112305,37.069319433945864,0.9665784955485535,205637831.94150424,8.344033383737237,-0.063902870840026,82.1319930467124,2.6609049179089843,12194908600.74854,38.36140642665426,39.94944734123574,20.04027274365505,37.46099090576172
2018-12-31,37.46099090576172,37.18682087549062,0.1140712985330028,185950682.35905296,10.553070890132467,-0.007871278369703916,82.69852337409174,2.659967415863078,12380859283.107594,38.056936792053975,39.68634005878382,20.308726462050387,37.50372314453125
2019-01-02,37.50372314453125,37.28189155620281,-9.96074201617353,174613117.65133706,12.392867878299244,0.05385053419548891,83.22458724951541,2.6506053939101126,12555472400.75893,37.80091810947928,39.45734496329992,20.184263430504565,33.76807403564453
2019-01-03,33.76807403564453,36.22774630003532,4.2689202040013585,231803822.35593593,9.949249742512237,0.04244029449918596,83.82932335806602,2.564713046070708,12323668578.402994,37.45157006768775,39.1497641382271,20.042488416105872,35.2096061706543
2019-01-04,35.2096061706543,35.922304261221015,-0.22256802745226345,232591195.64915514,9.372571811972247,0.03347420507636745,84.4431422298174,2.526126884572757,12091077382.75384,37.11704291792586,38.842387007083666,19.816500716835552,35.13124084472656
2019-01-07,35.13124084472656,35.684985236272674,1.9063257238982168,228547196.9544086,8.93903872685749,0.0307812360298394,85.03172547813392,2.4897266096534447,11862530185.79943,36.819465290350834,38.541682076530236,19.497792440572194,35.80095672607422
2019-01-08,35.80095672607422,35.719776683213134,1.698176857851763,209213397.868086,9.599215571571122,0.049456605144940546,85.56470163170442,2.4732243104560636,12071743583.667517,36.61130365887303,38.27292918192861,19.214574000192375,36.40892028808594
2019-01-09,36.40892028808594,35.92651976467498,0.31958073756492844,200568298.5076602,13.607400726786539,0.09140707093525346,85.46495581238463,2.4701760729412077,12272311882.175177,36.51175827196551,38.04946161838064,18.66120199175435,36.52527618408203
2019-01-10,36.52527618408203,36.10614669049709,-0.981766668247186,183334648.95536214,17.048711152066115,0.14380797876240115,85.07485654228965,2.4599105173597358,12455646531.130539,36.418066682099486,37.86438400620125,17.885918279043107,36.166683197021484
2019-01-11,36.166683197021484,36.124307642454404,-1.5037002370771768,160762094.26875347,17.406925352825144,0.18937993031177403,84.55711254812172,2.4412338891378957,12616408625.399292,36.32498184440078,37.698662447749165,16.88826162428044,35.62284469604492
2019-01-14,35.62284469604492,35.97386875853156,2.0466433184145094,151460505.9881274,16.761224184829462,0.21709138454609245,84.09503329950893,2.4121565946927546,12464948119.411165,36.215436776859356,37.53439638210939,15.513872049007368,36.3519172668457
2019-01-15,36.3519172668457,36.0872833110258,1.2216881228135579,140475434.1916892,19.194785301675793,0.248499259580653,83.47509226380298,2.3999527509464365,12605423553.602854,36.10548302041288,37.39657608962524,14.013564090365463,36.796024322509766
2019-01-16,36.796024322509766,36.29990561447099,0.5937575064610678,135016443.93418244,23.698534239695963,0.2863423536723462,82.13999779370798,2.3966944925737077,12740439997.537037,36.00728442623971,37.29213128246769,12.385290665569716,37.014503479003906
2019-01-17,37.014503479003906,36.51428497383086,0.6159558822771638,130296950.7539277,28.052729872349737,0.3256946199316533,79.98645644072303,2.3993398124980883,12870736948.290964,36.03593829361925,37.21805068164514,10.274475754486307,37.242496490478516
2019-01-18,37.242496490478516,36.732748428825154,-2.244620628487626,131709065.52774937,32.29295972147714,0.36344820876636885,77.34090906086868,2.402262654646103,13002446013.818714,36.116982710379666,37.17183141947181,8.14712775141631,36.40654373168945
2019-01-22,36.40654373168945,36.63488701968444,0.4044319234029148,128669145.86942455,31.40021947724109,0.3772051862289896,74.68576898349029,2.394256926044316,12873776867.94929,36.211972888720844,37.1206938575873,6.3604193776507785,36.55378341674805
2019-01-23,36.55378341674805,36.61055593880352,-0.792623525219005,117825122.10859717,31.169501339738147,0.37903319593338436,72.32338900686729,2.3887146136605475,12755951745.840693,36.30105081427988,37.07210929389361,5.50134907759119,36.2640495300293
2019-01-24,36.2640495300293,36.50660401617125,3.313703406009605,113007385.47601801,30.15021711096,0.3673434230242574,70.20035864496646,2.37820141564273,12642944360.364674,36.35905923942951,37.018251648396244,5.381004786571869,37.46573257446289
2019-01-25,37.46573257446289,36.79434258365874,-0.9254570903567183,119347769.8332126,36.35439320360592,0.3719532851203029,67.56661705931367,2.390444628538958,12762292130.197886,36.427878828745676,36.9969269755641,5.244672789732182,37.11900329589844
2019-01-28,37.11900329589844,36.89174079733065,-1.036490943344881,114973958.88324882,38.35051085705183,0.37354295258673265,65.09530072094297,2.381823929523545,12877266089.081135,36.504622144233295,36.986909244303774,5.140571007609668,36.73426818847656
2019-01-29,36.73426818847656,36.84449901467442,6.833485848110232,130386411.21827418,37.7323639679521,0.3630743209656495,62.33294927574268,2.376899203633837,12746879677.86286,36.59168516984759,36.973346365291455,4.995504021890542,39.24449920654297
2019-01-30,39.24449920654297,37.56449907223498,0.7201116672223451,164602247.8527919,50.75914366960616,0.39373262605868575,57.881626028125346,2.4256909407057563,12911481925.715652,36.7394067459685,37.0296466230956,5.414263372918521,39.527103424072266
2019-01-31,39.527103424072266,38.15328037778617,0.0480804818239422,164109093.49695432,58.419821588154434,0.4392898688085325,55.063917926636464,2.4698300666471735,13075591019.212606,36.92474422230002,37.13665936163756,6.526483010799397,39.54610824584961
2019-02-01,39.54610824584961,38.5711287382052,2.84045906272683,154078085.44786802,62.838425624321694,0.47988751939853624,53.15680564636068,2.503836186534066,13229669104.660475,37.13042859873745,37.273275492739245,8.1750665072233,40.66939926147461
2019-02-04,40.66939926147461,39.20060989518602,1.7109643635228489,145649259.81350762,68.30309949373292,0.5276605477134453,52.035647296537284,2.5444770890993387,13375318364.473982,37.37721474537354,37.45683115011513,10.05252536791944,41.365238189697266
2019-02-05,41.365238189697266,39.84999838353939,0.034471790815060466,145276401.86945534,72.75427789445004,0.5774944169487527,51.61109598954746,2.5828106209208315,13520594766.343437,37.69872588175904,37.68475183901268,12.02611784143735,41.37949752807617
2019-02-06,41.37949752807617,40.30884812690043,-1.8939584251949304,135581001.30861872,75.3846369773942,0.6125316434124671,51.60658237340447,2.6065371241855857,13656175767.652056,38.06855510056872,37.93466577119246,13.89205909164617,40.595787048339844
2019-02-07,40.595787048339844,40.39492980333225,0.11750674829837937,132996740.9160331,75.85556940017527,0.6112726408430548,51.76317621612328,2.6112229075524573,13789172508.568089,38.45738767928483,38.168976631396255,15.324614226291304,40.643489837646484
2019-02-08,40.643489837646484,40.46949781362652,-0.5750838124212398,121681718.64122316,76.27893259170901,0.5852018748144758,51.89579557525653,2.6026541873045312,13910854227.209312,38.824903202281604,38.388073886846755,16.43545474231305,40.40975570678711
2019-02-11,40.40975570678711,40.4515751815747,0.8617057681006957,110369283.04885621,75.93429076233257,0.5377099186021577,52.01894212302312,2.5875778974330035,13800484944.160456,39.18088664070601,38.58459781967799,17.140531135151836,40.75796890258789
2019-02-12,40.75796890258789,40.543493297878655,-0.4154633220948889,103998698.13419935,76.52021505543495,0.48506541248148966,52.13329248880639,2.5724783032117933,13904483642.294655,39.55078606902644,38.77115929379234,17.478562040434667,40.5886344909668
2019-02-13,40.5886344909668,40.557035655805095,0.36431161570693593,99787328.69393954,76.61056759794025,0.4258437799082459,52.321326759167995,2.558153961098401,14004270970.988594,39.85003972738345,38.94124275684117,17.570774914144742,40.73650360107422
2019-02-14,40.73650360107422,40.61087603938583,-0.22246819174011057,96053970.08575767,76.98967954508574,0.36720536947319493,52.49593001021805,2.541733356752778,14100324941.074352,40.095799293543415,39.10025545041685,17.542684924000717,40.645877838134766
2019-02-15,40.645877838134766,40.62137657901051,0.29922835817266513,96789939.06003037,77.06774926580141,0.3084036508393335,52.67058940456,2.523490584197413,14197114880.134382,40.30082407762394,39.245124129330534,17.39286460737014,40.76750183105469
2019-02-19,40.76750183105469,40.665214154623754,0.6435602429728293,90520317.34202126,77.41229873668077,0.25400663449775807,52.832773127877516,2.505003471779698,14287635197.476404,40.447284503567715,39.380370798406084,17.16640266792961,41.02986526489258
2019-02-20,41.02986526489258,40.774609487704396,-0.5638388383199966,94701502.13941488,78.28894189104562,0.20882679212958388,53.13747738452889,2.4942189171700475,14382336699.61582,40.53974561398421,39.51315543548211,16.676768773796695,40.79852294921875
2019-02-21,40.79852294921875,40.7817835261587,1.1165593027378629,86990691.49759041,78.34828805332629,0.16479301511863476,53.44627360430075,2.4779606980430806,14469327391.11341,40.58703915391004,39.633977158403695,15.887651114773897,41.25406265258789
2019-02-22,41.25406265258789,40.92346726408745,0.7284198398354702,83589324.04831329,79.53789359307937,0.1319943911895236,53.809710058750824,2.466825348883513,14552916715.161724,40.639892899985554,39.75678573989739,14.72857847164981,41.5545654296875
2019-02-25,41.5545654296875,41.112796713767466,0.057411541794571974,84760606.8338193,81.03721809223094,0.11069689771219482,54.446563029425064,2.4648718885974823,14637677321.995543,40.704222789999655,39.88592964217073,13.559529769189535,41.57842254638672
2019-02-26,41.57842254638672,41.25248446355324,0.30973801265266054,79816664.7836735,82.0804871570135,0.09430422185189369,55.18444709994356,2.459435641797015,14717493986.779217,40.78431371819751,40.01607772039764,12.1194300652947,41.70720672607422
2019-02-27,41.70720672607422,41.38890114230953,-0.9835553676686981,89274145.34857145,83.06062145481269,0.08142143129937351,55.94732167081459,2.449733691629918,14806768132.127789,40.868854502640595,40.14682280819877,10.058614612904117,41.296993255615234
2019-02-28,41.296993255615234,41.361328776301235,1.051104130435565,96350381.74400002,82.08337114053232,0.06076293238819919,56.704142305260746,2.4342251489746594,14710417750.38379,40.94928381469021,40.26249004325614,8.300218143280956,41.7310676574707
2019-03-01,41.7310676574707,41.472250440652076,0.5029640618639863,98508707.22080001,82.95233663108951,0.0450135972240262,57.46166837447634,2.4253505977386958,14808926457.60459,41.03542125481684,40.37770531919861,6.834761582794128,41.94095993041992
2019-03-04,41.94095993041992,41.61286328758243,-0.18198982024856258,101879535.05456,84.01100675753997,0.03495906377882996,58.40388378531727,2.425605319680832,14910805992.65915,41.13456992567403,40.49533941142565,5.498246837544158,41.86463165283203
2019-03-05,41.86463165283203,41.68839379715731,-0.5754033737291775,95000554.538192,84.56546820433284,0.024767915478311364,59.30816116804993,2.4179159192982045,15005806547.197342,41.23688788992739,40.60896363863818,4.695061526156023,41.623741149902344
2019-03-06,41.623741149902344,41.668998002980814,-1.157457686052421,91472868.17673439,83.76218613292771,0.008910950437465148,60.14784730915882,2.404131104788656,14914333679.020607,41.326326741455034,40.709919292385095,4.440864127517037,41.141963958740234
2019-03-07,41.141963958740234,41.51088778970864,0.23770715928121966,93786687.72371407,77.314923144151,-0.018538730484330856,60.18306162790541,2.3862165829787476,14820546991.296892,41.39923716781003,40.78620200641591,4.36513381453813,41.23976135253906
2019-03-08,41.23976135253906,41.42954985855776,3.464198063484192,94449961.40659985,74.15284162977379,-0.04687386229200041,58.7134052001823,2.3689861714309295,14726097029.890293,41.44984542725705,40.84747323042942,4.237607367778958,42.66838836669922
2019-03-11,42.66838836669922,41.8012014110002,1.1235409595233392,104528172.98461989,78.4831260400654,-0.04526303753930083,57.990847668309506,2.382884645110424,14830625202.874912,41.51868589698032,40.93830448572188,4.315106716369966,43.14778518676758
2019-03-12,43.14778518676758,42.20517654373041,0.4422181618439325,112130841.08923392,82.01100640511679,-0.022801130460931796,58.02761166610574,2.4051235072255244,14942756043.964146,41.61395510499804,41.05895896743698,4.6262322027868485,43.338592529296875
2019-03-13,43.338592529296875,42.54520133940035,1.1116674025204887,115730588.76246373,84.33859412586787,0.007523148057960616,58.481160626062,2.4254093119349043,15058486632.72661,41.72958512470712,41.20050586000492,5.180826848616373,43.82037353515625
2019-03-14,43.82037353515625,42.92775299812712,1.300772822176377,109306812.13372461,86.46109093479535,0.04388257816145613,59.19423963232304,2.4441879353812968,15167793444.860334,41.88622754688971,41.365005587445125,5.930975162269427,44.390377044677734
2019-03-15,44.390377044677734,43.3665402120923,1.0208761595133176,123366248.49360722,88.40254666843454,0.08560750743737167,60.19142361197646,2.468564161776297,15291159693.353941,42.07565652403373,41.55562793264962,6.911028267543761,44.84354782104492
2019-03-18,44.84354782104492,43.80964249477809,-0.7924653269836046,117820133.94552505,89.96714562685233,0.12858839868663807,61.35090194622628,2.48952067981072,15408979827.299465,42.295334444753294,41.770295986185666,8.025487262766624,44.48817825317383
2019-03-19,44.48817825317383,44.01320322229681,0.8738492523221675,120449773.76186752,90.59488477563806,0.15452331181755308,62.588979974050964,2.5013088352281385,15529429601.061333,42.52781538726724,41.983906199148635,8.96672623304664,44.87693786621094
2019-03-20,44.87693786621094,44.272323615471045,3.6830236088750468,121557081.63330726,91.33785662107324,0.17160808327776966,63.856338905171214,2.5171785852113686,15650986682.69464,42.78814794851627,42.201850714988865,9.86166989472002,46.52976608276367
2019-03-21,46.52976608276367,44.94955635565883,-2.070834357108786,146330997.14331508,92.91350930105222,0.2085419691085193,65.28179763749642,2.563673579979212,15797317679.837954,43.13201480511129,42.46353696648124,11.071792756436485,45.56621170043945
2019-03-22,45.56621170043945,45.134552959093014,-1.209117624922884,153320938.00032055,93.27345553536117,0.22409209033433175,66.765807701416,2.6009466325984962,15950638617.838274,43.50251511516481,42.71791944196808,12.080926387918392,45.015262603759766
2019-03-25,45.015262603759766,45.09876585249304,-1.0331697496059666,159939016.60022438,92.29680187670108,0.210823467341698,68.03820593696086,2.6214849867763204,15790699601.23805,43.8322715593141,42.94466671916093,12.772896106220681,44.55017852783203
2019-03-26,44.55017852783203,44.934189655094734,0.8994258025945223,171717911.62015706,87.74652761512125,0.17148784870020162,68.63209216803578,2.6473332090669137,15618981689.617893,44.10517287045054,43.134145094011764,13.1223749274493,44.95087432861328
2019-03-27,44.95087432861328,44.93919505715029,0.13264195447197924,156020618.1341099,87.76628211366763,0.12830742632383396,69.18355795403393,2.669330701194586,15775002307.752003,44.34457224222553,43.30605461431067,13.318980702259408,45.010498046875
2019-03-28,45.010498046875,44.9605859540677,0.6517712339243698,134150912.69387694,87.85638311170194,0.08573398996997339,69.6956333267465,2.678696093074156,15909153220.445879,44.54785553781959,43.46362902762086,13.302860143401281,45.303863525390625
2019-03-29,45.303863525390625,45.063569225464576,0.6791097710568517,122182438.88571385,88.30303255165242,0.05078440019796027,70.17113188712246,2.681158018891902,16031335659.331593,44.71755843915682,43.61600428455836,13.202926938817349,45.61152648925781
2019-04-01,45.61152648925781,45.227956404602544,1.4536429014213592,118962107.21999969,88.99862016326753,0.026248311032934124,70.65463291359657,2.681364912630497,16150297766.551592,44.859389830139264,43.769523534086375,13.070820966796827,46.27455520629883
2019-04-02,46.27455520629883,45.54193604511143,0.6855474631627834,110592315.05399978,90.19764262134919,0.01901224084242914,71.24546490105288,2.6884017566301224,16260890081.60559,45.01226311242072,43.938324725612574,12.940698342528849,46.59178924560547
2019-04-03,46.59178924560547,45.85689200525964,0.17400868758001842,105340780.53779984,91.23017592041525,0.023017787840371007,71.95473216333706,2.6964480560242583,16366230862.14339,45.170719951399576,44.121045418912296,12.727844666125318,46.6728630065918
2019-04-04,46.6728630065918,46.10168330565928,0.6694477021720768,96675706.37645988,91.94073441185633,0.029329178451005244,72.70959294850749,2.697483753723314,16462906568.51985,45.28593264639962,44.309677598602484,12.226996189076543,46.985313415527344
2019-04-05,46.985313415527344,46.3667723386197,1.5735998242417448,89904914.46352191,92.63651575443879,0.0379834803840291,73.49517967739038,2.6961138450612103,16552811482.983372,45.409154584352294,44.50559138336603,11.423072252564069,47.724674224853516
2019-04-08,47.724674224853516,46.77414290448984,-0.2998384507643337,93991480.12446533,93.5570587005083,0.05664610393594183,74.36027316748199,2.703282083101476,16646802963.107838,45.57669228955197,44.72164390918734,10.834858388024148,47.58157730102539
2019-04-09,47.58157730102539,47.01637322345051,0.5614025242068443,108715876.08712572,94.03461309630529,0.06993545133081103,75.29938295892448,2.71403883535459,16755518839.194963,45.784910646387544,44.94018955816479,10.391649000624465,47.84870147705078
2019-04-10,47.84870147705078,47.266071699530585,-0.8324238136049322,102135473.260988,94.48814566365029,0.0794774870783761,76.2148283794901,2.7186604079672074,16857654312.455952,46.01759831062557,45.16170214305677,10.051658057943566,47.45039749145508
2019-04-11,47.45039749145508,47.32136943710793,-0.040220801992985056,96575791.2826916,94.58630681766041,0.07358322495617631,77.09972055925522,2.714863818343595,16954230103.738644,46.2536766589296,45.367384742490216,9.715276642945403,47.431312561035156
2019-04-12,47.431312561035156,47.354352374286094,0.18103828634032926,100915893.89788412,94.64753653895943,0.05673098785618613,77.71776649246654,2.709604718037106,17055145997.636528,46.48275497381175,45.556619755042206,9.448103246829572,47.517181396484375
2019-04-15,47.517181396484375,47.40320108094557,0.01004307523941872,91685045.72851887,94.7423797574244,0.034777141393290245,78.29166628759134,2.702363108126602,17146831043.365047,46.70027944144606,45.73248464322348,9.28840751151493,47.52195358276367
2019-04-16,47.52195358276367,47.438826831491,1.9472779457029965,95015212.00996321,94.81454614757634,0.009853439617033777,78.86574408696552,2.7002907961423297,17241846255.37501,46.88996852008402,45.89499342305848,9.056073405414626,48.44733810424805
2019-04-17,48.44733810424805,47.74138021331811,0.3593886353885356,101198808.40697426,95.39290289491265,0.0013870715523423005,79.47789892638713,2.712288582819634,17343045063.781986,47.078417340889864,46.070839784035584,8.977097578151579,48.62145233154297
2019-04-18,48.62145233154297,48.00540184878557,0.32866456161084745,99874125.88488197,95.82999029504302,0.0012174949783501088,80.11502798062381,2.717470111025312,17442919189.66687,47.26878919520249,46.25508379020225,9.293543517470988,48.781253814697266
2019-04-22,48.781253814697266,48.23815743855908,1.4423376564675738,93239288.11941738,96.17455309352218,0.004258975149060706,80.76803506156197,2.7186112079543587,17536158477.78629,47.45592770519643,46.44394794718861,9.66574787814896,49.48484420776367
2019-04-23,49.48484420776367,48.61216346932046,-0.15422264072546543,93255101.68359217,96.65311225576643,0.018158210153669474,81.46561163613792,2.7287308133299897,17629413579.469883,47.63972976167949,46.65044466358212,10.069508497797562,49.40852737426758
2019-04-24,49.40852737426758,48.85107264080459,-0.9075250755685382,86327291.17851451,96.9183164550569,0.029471302490024165,82.179870351959,2.7333033549125303,17715740870.6484,47.8231997034149,46.860028280460455,10.289977909088181,48.96013259887695
2019-04-25,48.96013259887695,48.88379062822629,-0.4774202244634762,82680943.82496014,96.95391398429264,0.025344588983091887,82.87515896397178,2.7319505333168004,17798421814.47336,47.984971596284474,47.05276755167625,10.259090654385208,48.72638702392578
2019-04-26,48.72638702392578,48.83656954693614,0.15176935067049424,80255580.6774721,95.24388702616284,0.006597543375502557,82.98791485338295,2.7215979893039957,17718166233.795887,48.13649160726729,47.22265345598671,9.94126678328935,48.80033874511719
2019-04-29,48.80033874511719,48.825700306390445,-1.92561923519603,82824546.47423047,94.82928820997118,-0.018025639625218748,83.09524877000705,2.715822734808801,17635341687.321655,48.28362640047772,47.37532458459659,9.423872107789691,47.86063003540039
2019-04-30,47.86063003540039,48.53617922509343,4.90856444055523,113819062.53196132,84.30247435177844,-0.06278290917979668,81.7210290795619,2.6977938978339626,17521522624.789696,48.396924214892515,47.48588216940581,8.632724344369171,50.20989990234375
2019-05-01,50.20989990234375,49.03829542826852,-0.6508018705653429,157466103.7723729,86.99815357926201,-0.0671500470606603,81.01859627947252,2.7561267707234762,17678988728.56207,48.55687107457027,47.63373105120226,8.092149912082471,49.88313293457031
2019-05-02,49.88313293457031,49.29174668015905,1.2431553120529237,148621832.64066103,88.10824290862455,-0.061688668035250416,80.55683791339064,2.7982532481242433,17827610561.20273,48.71190772125436,47.7916373015791,7.706148904563024,50.503257751464844
2019-05-03,50.503257751464844,49.65520000155078,-1.5443013383209747,129106162.84846272,89.49355485177331,-0.043192583492570824,80.21939513021408,2.831605734901416,17956716724.05119,48.87688753653088,47.96911946348117,7.50663479331435,49.72333526611328
2019-05-06,49.72333526611328,49.67564058091953,-2.6956945758674133,129306033.9939239,89.56716423223612,-0.03928802059177894,78.98817305736924,2.829180614123144,18086022758.045113,49.02063585076693,48.13164528418958,7.273714074272356,48.3829460144043
2019-05-07,48.3829460144043,49.28783221096495,0.019703075674559756,137030663.79574674,78.35131156086575,-0.0706977732663654,76.61883860177824,2.8126575069458366,17948992094.249367,49.08820272493138,48.241758324834855,6.927297523899428,48.392478942871094
2019-05-08,48.392478942871094,49.019226230536795,-1.0743825496827286,127528864.65702271,71.65813677503657,-0.11482695110724261,73.84215084062141,2.804904535061784,17821463229.592342,49.10501808390459,48.31580288728266,6.5102407470545876,47.87255859375
2019-05-09,47.87255859375,48.67522593950075,-1.3853774619299708,131160525.25991589,64.10533813549476,-0.16916486872316572,69.91589270429736,2.783206846715987,17690302704.332428,49.084161615032045,48.35003365416057,6.0991775243609,47.20934295654297
2019-05-10,47.20934295654297,48.235461044613416,-5.811939029283808,141262807.68194112,55.98195581801714,-0.23277885556321465,64.93610469165273,2.7488905511214963,17549039896.650486,49.02405076479977,48.33912197706084,5.6835222533129,44.4655647277832
2019-05-13,44.4655647277832,47.10449214956435,1.5830299301301087,167800685.3773588,41.4386513412413,-0.342452626991937,61.9806889813437,2.671122789504083,17381239211.27313,48.851929949117164,48.22153818396593,5.881997038892535,45.16946792602539
2019-05-14,45.16946792602539,46.52398488250266,1.1978983025368484,161296119.76415116,36.23524318687813,-0.4393368048215407,59.89832159271737,2.6267518527336198,17219943091.508976,48.650710514858076,48.05986644096943,6.641805468785562,45.71055221557617
2019-05-15,45.71055221557617,46.27995508242471,-0.43994920363419343,144760923.8349058,34.28619974827445,-0.5006513411463948,58.329116850570415,2.6009381771451254,17075182167.67407,48.3748764802737,47.890351073488986,7.558372185598689,45.50944900512695
2019-05-16,45.50944900512695,46.04880325923538,-0.5681796750032997,140970326.68443406,32.502793946460706,-0.5344943778853695,56.93726719323854,2.5800023575652,16934211840.989635,48.05058213818133,47.714965567369596,8.660982693936083,45.25087356567383
2019-05-17,45.25087356567383,45.80942435116691,-3.1269881881549444,138134148.67910385,30.720682243494217,-0.5486515155191993,55.82980302163905,2.558584370083155,16796077692.310532,47.66600457314294,47.53348545154077,9.836161833659778,43.83588409423828
2019-05-20,43.83588409423828,45.217362274088316,1.9171088702301553,143028664.0753727,26.805875954767135,-0.570984700554228,55.30978972171977,2.5077636122938665,16653049028.235159,47.22017674245983,47.312902291783395,11.313853024385555,44.676265716552734
2019-05-21,44.676265716552734,45.05503330682764,-2.0471899050643283,134157824.85276088,25.83384103162954,-0.5685457784760053,54.90933732291971,2.488794811733712,16518891203.382399,46.79689685204609,47.097867150359036,12.594288167168878,43.76165771484375
2019-05-22,43.76165771484375,44.66702062923247,-1.7069600594707635,129608797.39693262,23.62828247586167,-0.563814808221262,54.7152912362908,2.460660258873476,16389282405.985466,46.36167629191566,46.86635795787079,13.845908800848763,43.01466369628906
2019-05-23,43.01466369628906,44.17131354934944,-0.38406227152875116,134561798.1778528,21.144615865560212,-0.5634829890164346,54.891860389297875,2.4190730926818076,16254720607.807613,45.91128505290053,46.60968706182114,15.165018461028374,42.84946060180664
2019-05-24,42.84946060180664,43.7747576650866,-0.4134792177395208,122650898.72449696,19.388810874644545,-0.5583139775929333,55.24428853409743,2.3942113573381074,16132069709.083117,45.46521471494785,46.33969378594166,16.465419084989428,42.67228698730469
2019-05-28,42.67228698730469,43.44401646175202,-0.4769054674456652,119393469.10714787,18.043087137422532,-0.5449114262469681,55.72896827755163,2.3759903820503006,16012676239.97597,45.09916714616661,46.063914993161696,17.67141886553727,42.468780517578125
2019-05-29,42.468780517578125,43.151445678499854,0.5186682111529173,117752868.3750035,16.924069638763346,-0.5233729250747379,56.36372161430824,2.3596301228958816,15894923371.600965,44.761913225766335,45.786536963193896,18.8486075168247,42.68905258178711
2019-05-30,42.68905258178711,43.012727749486025,-1.8115522748887725,107889087.86250244,16.404579324527955,-0.4868526495002121,57.05074135188398,2.348547846404311,15787034283.738462,44.435190492472465,45.52236465712648,19.586562071682742,41.91571807861328
2019-05-31,41.91571807861328,42.6836248482242,-1.011034447359349,107974681.50375171,15.21160400245708,-0.4538968296545174,57.82211228868909,2.329770815508353,15679059602.23471,44.098672651371345,45.25200848485007,20.042789258608202,41.49193572998047
2019-06-03,41.49193572998047,42.326118112751075,3.658389708355214,124057597.0526262,14.018938409352764,-0.42568088379205127,58.792249466246034,2.322590973599867,15555002005.182085,43.75034202752976,44.97335225893588,20.06512591307815,43.00987243652344
2019-06-04,43.00987243652344,42.53124440988278,1.6143640940222248,124001917.93683833,17.99196856894283,-0.36503878705436554,59.71699466433879,2.342416371091851,15679003923.118923,43.48173024110921,44.74077055902606,19.41857419266426,43.70420837402344
2019-06-05,43.70420837402344,42.883133599124974,1.4681504322848982,122529422.55578682,24.442095092143916,-0.2770535039192612,59.51528347306912,2.374486005868978,15801533345.67471,43.26454027033895,44.56385275332119,18.364406304909057,44.34585189819336
2019-06-06,44.34585189819336,43.321949088845486,2.6617120569214725,112802155.78905077,31.660546785017825,-0.17036348080810537,58.55952228627201,2.4015199668730394,15914335501.46376,43.13003311630025,44.44557621384732,16.827897265324612,45.52621078491211
2019-06-07,45.52621078491211,43.98322759766547,1.2779419666958391,115782789.05233553,40.83382899238773,-0.04295719336087056,56.18861205016894,2.4455054917507497,16030118290.516096,43.111224521131845,44.401543012306185,14.890619266890406,46.108009338378906
2019-06-10,46.108009338378906,44.6206621198795,1.1579690406288146,112513032.33663486,48.06997968232381,0.08933103972631162,52.729022261489725,2.4927557079777047,16142631322.852732,43.19581496661114,44.42241149874174,12.824582640270895,46.64192581176758
2019-06-11,46.64192581176758,45.22704122744592,-0.3182654378243499,111078602.63564439,53.85200876665005,0.21555892646619057,49.205245266270964,2.532023383246155,16253709925.488377,43.37411744318053,44.49904290147547,11.673733086715243,46.49348068237305
2019-06-12,46.49348068237305,45.60697306392406,-0.02059404887779781,99658861.84495106,57.07678900164535,0.3164285929041655,46.42989561146444,2.55365918167412,16353368787.333328,43.61967018172295,44.60456005980391,11.074570730217873,46.48390579223633
2019-06-13,46.48390579223633,45.87005288241774,-0.7262497807841273,95770723.29146574,59.2027009082514,0.38793803596306486,44.250503705661664,2.5709444175984264,16449139510.624794,43.90540269501613,44.72508318576713,10.788495610792722,46.14631652832031
2019-06-14,46.14631652832031,45.95293197618851,0.5966282493647279,89553306.30402601,59.876902323239804,0.4249122381152839,42.22678265027338,2.5680937254057516,16538692816.92882,44.232333407812554,44.84202116580726,10.722661188006626,46.42163848876953
2019-06-17,46.42163848876953,46.09354392996281,2.3518808291850046,80290234.4128182,61.052870670706994,0.4410180868615733,40.474013839141264,2.5667891631535285,16618983051.341639,44.60907598953373,44.96121381001255,10.910756073723626,47.51342010498047
2019-06-18,47.51342010498047,46.519506782468106,-0.2922597648337355,88064364.08897273,64.45187732541439,0.46040501907182096,39.40501578961675,2.5891712834669436,16707047415.43061,45.00790222679226,45.109622664532125,11.675647596718955,47.37455749511719
2019-06-19,47.37455749511719,46.77602199626283,0.803545805299577,86994094.8622809,66.3560636819933,0.4689690671995207,38.73683231980553,2.600878443790429,16794041510.292892,45.39719106650605,45.26832736279219,12.593586669766617,47.75523376464844
2019-06-20,47.75523376464844,47.06978552677851,-0.3409366495754962,86712666.40359664,68.44096691128897,0.47160882489155015,38.390268370154004,2.612282331150986,16880754176.69649,45.771974710299354,45.439894806981364,13.656093092973679,47.5924186706543
2019-06-21,47.5924186706543,47.226575469941245,-0.10063267534552445,118059586.48251764,69.52641161505741,0.46058074539269833,38.27333277138225,2.6163731171513365,16998813763.179007,46.09630949752693,45.6100548701204,14.628745738815962,47.544525146484375
2019-06-24,47.544525146484375,47.32196037290418,-1.515728472039024,104506190.53776234,70.1979582192094,0.43659555758614016,38.25671905385193,2.6154151807884585,17103319953.716768,46.3664393228294,45.77309348943314,15.379609046555242,46.82387924194336
2019-06-25,46.82387924194336,47.17253603361593,2.1629056884057807,98438693.37643364,67.6817279441541,0.38912820498029155,38.00957169311608,2.6074009142833625,17004881260.340334,46.5609888034464,45.90637373173626,15.728235320970708,47.83663558959961
2019-06-26,47.83663558959961,47.37176590041103,-0.030023715146476615,100188085.36350355,69.26368775526622,0.35079439848380767,37.926175111434596,2.6196820957064273,17105069345.703838,46.73746808709509,46.04593489065766,15.852743798794387,47.82227325439453
2019-06-27,47.82227325439453,47.50691810660607,-0.9111843170588663,95211299.75445248,70.32487789638256,0.31530602522769396,38.002326869960285,2.626297381040319,17200280645.45829,46.90115460951392,46.185076149319414,15.739861218030425,47.38652420043945
2019-06-28,47.38652420043945,47.47079993475609,1.8340709572855385,103980629.82811673,69.63297728286594,0.2718127519499281,37.989195971657665,2.618306517176602,17096300015.630173,47.052941405370674,46.30752603364672,15.124909990114167,48.2556266784668
2019-07-01,48.2556266784668,47.7062479578693,0.585458109112591,105490040.8796817,71.59491321451726,0.24229335556437182,38.37284608850721,2.637062541143935,17201790056.509853,47.21421180816133,46.44073764547744,13.964735525886855,48.538143157958984
2019-07-02,48.538143157958984,47.9558165178962,0.828694914163286,94165268.6157772,73.54590325529378,0.22342887414232632,38.875510800197155,2.646892785317538,17295955325.12563,47.357842781704136,46.585030871422084,12.650042528983363,48.94037628173828
2019-07-03,48.94037628173828,48.25118444704883,-0.0880475868522912,79550088.03104404,75.6753360101262,0.2146451634303712,39.552233807852176,2.651674544039131,17375505413.156673,47.50535902678274,46.743712164338916,11.328240230779523,48.89728546142578
2019-07-05,48.89728546142578,48.44501475136191,-2.061400531902857,76403661.62173082,76.98461517350688,0.20567122737986865,40.374083930675155,2.647881607893586,17451909074.778404,47.64288194924108,46.90574098215063,10.038888267830012,47.88931655883789
2019-07-08,47.88931655883789,48.2783052936047,0.6099141963646915,83888883.13521157,73.32880803336279,0.17357091867002783,40.503758941239596,2.6198054437875906,17368020191.643192,47.74805493160743,47.036461392765304,8.860475968264309,48.181400299072266
2019-07-09,48.181400299072266,48.24923379524497,0.9888709560574416,83415818.19464809,72.68063655550554,0.13704632862335653,40.28334758627516,2.598735436206197,17284604373.448544,47.840782273841505,47.1519635263348,7.923476089580309,48.65785217285156
2019-07-10,48.65785217285156,48.371819308526945,-0.7282348038048947,79867592.73625365,73.73490377748206,0.10902940399158234,40.22017501212698,2.5883048569198546,17364471966.184795,47.96071060133261,47.26814026749595,7.330825920738919,48.30350875854492
2019-07-11,48.30350875854492,48.35132614353233,0.7682779235496984,80137474.91537756,73.22615784970168,0.07843416565016614,40.33175452017546,2.578339469333176,17284334491.269417,48.05866662564474,47.37130082711847,6.825207866876242,48.67461395263672
2019-07-12,48.67461395263672,48.448312486263646,0.9395084138743126,77210472.44076428,74.13568372702191,0.055145243576283365,40.51373372653045,2.5743937910901615,17361544963.710182,48.15280606361049,47.473873366084675,6.3868030888571194,49.13191604614258
2019-07-15,49.13191604614258,48.65339355422732,-0.345995776123198,74384210.70853499,75.99282559007464,0.044429288440738346,40.93926438481644,2.5765110509944167,17435929174.418716,48.271065425557616,47.58620862209826,5.917714685258527,48.96192169189453
2019-07-16,48.96192169189453,48.74595199552748,-0.5623419078066849,72309107.49597448,76.80240991875831,0.03487337898301868,41.53115805805222,2.574010263977559,17508238281.914692,48.37503582932344,47.69666037194866,5.393764702207554,48.686588287353516
2019-07-17,48.686588287353516,48.728142883075286,1.1359881694571472,67545375.24718213,76.26946457773236,0.01942261731988726,42.11330623737527,2.5667397623151853,17440692906.66751,48.45226846584135,47.79489680157977,5.047614031689477,49.239662170410156
2019-07-18,49.239662170410156,48.881598669275746,-1.4927855708628313,69530482.67302749,77.70508404143217,0.011972488606543319,42.76311542997085,2.5666569327568087,17510223389.340538,48.51530988806404,47.898392217550814,4.8459303766817925,48.50461959838867
2019-07-19,48.50461959838867,48.76850494800962,2.285415205979935,73786497.87111923,74.145052178621,-0.0071103048955610815,43.51037472084242,2.5627176841902863,17436436891.469418,48.54765890772881,47.981260096642124,4.672226875704029,49.61315155029297
2019-07-22,49.61315155029297,49.021898928694625,0.7818056419486963,78384028.50978346,76.71872691038098,-0.009079280977356774,44.380272605185965,2.5760177793928856,17514820919.979202,48.6220182712378,48.080368556837605,4.642362399253629,50.00102996826172
2019-07-23,50.00102996826172,49.31563824056475,-0.08142685049059573,76895059.95684841,79.29206710931881,0.0023770074300415445,45.46846820193437,2.585484232399749,17591715979.93605,48.728658715769775,48.19801328862115,4.755087137778107,49.9603157043457
2019-07-24,49.9603157043457,49.509041479699036,-0.7907124161732115,71816461.96979389,80.79709248693993,0.015238802520337824,46.67982731576812,2.5852299469997733,17663532441.905846,48.84238093288698,48.322873116342855,4.73966502669681,49.56527328491211
2019-07-25,49.56527328491211,49.52591102126295,0.34778087280622483,66963043.37885572,80.92730221205734,0.017006604941065984,47.945846637269135,2.580017284102908,17730495485.284702,48.959839420660046,48.43744815490667,4.718970272011495,49.73765182495117
2019-07-26,49.73765182495117,49.58943326236941,0.9338549811261698,68016810.365199,81.43770760661593,0.014666741361673563,49.25737404563263,2.5827835181385836,17798512295.649902,49.073951498270624,48.54716102228407,4.689149164140954,50.20212936401367
2019-07-29,50.20212936401367,49.77324209286269,-0.4292188249300666,73619847.2556393,82.86651618955712,0.01751791248029888,50.63719380846455,2.5918579524972523,17872132142.90554,49.185936352134156,48.663930648053466,4.59623632285809,49.98665237426758
2019-07-30,49.98665237426758,49.83726517728415,2.040408278546657,92256733.07894751,83.34733461430017,0.0157888871402162,51.99196746349043,2.592313769095025,17964388875.98449,49.29506767030983,48.77567679369448,4.570563640018161,51.00658416748047
2019-07-31,51.00658416748047,50.188060874343044,-2.163895634380797,147717393.15526325,85.71311917178555,0.02954489387621917,53.90839717956526,2.6518286063678826,18112106269.13975,49.4410594694366,48.910189563280056,4.84710421690582,49.902854919433594
2019-08-01,49.902854919433594,50.10249908787021,-2.115835714133918,168223655.20868427,82.62966362670248,0.024370852140951915,55.870005877490755,2.7087079703304373,17943882613.93107,49.563149511296054,49.02374285133626,5.066644172039928,48.84699249267578
2019-08-02,48.84699249267578,49.72584710931187,-5.2347663160781766,166791078.64607897,70.59084515316013,-0.01102918754354143,55.89836889107261,2.7241638843171256,17777091535.28499,49.658883727426286,49.09060992352441,5.0719317492038005,46.28996658325195
2019-08-05,46.28996658325195,48.695082951493895,1.8930356136734883,179625355.05225527,49.385304282580506,-0.10523734199731449,53.199944945427795,2.6933104162040773,17597466180.232735,49.6262021297062,49.05294068809293,4.8959231535187655,47.16625213623047
2019-08-06,47.16625213623047,48.236433706914866,1.0355255229753224,168727508.53657869,43.170917145945744,-0.19461584197000392,49.56001494767072,2.684703336893424,17428738671.696156,49.51828167634121,48.975178118456924,4.903616523078847,47.65467071533203
2019-08-07,47.65467071533203,48.06190480944001,2.205607479627991,158146535.97560507,41.05389090652603,-0.257706373754529,46.556135045266785,2.679945390695597,17270592135.72055,49.373568009315306,48.88819970807436,5.090072365813212,48.705745697021484
2019-08-08,48.705745697021484,48.25505707571445,-0.8240732103641957,143113975.18292356,44.30879875616953,-0.2769608885783261,43.7515048415881,2.688593088284079,17413706110.903473,49.24648261476046,48.82790040975437,5.14067130226315,48.30437469482422
2019-08-09,48.30437469482422,48.26985236144738,-0.2537373145162891,129723422.62804648,44.56132390561207,-0.27848155966749727,41.14720536674361,2.679121088318094,17543429533.53152,49.11452452466826,48.77475297658228,5.226118653738393,48.18180847167969
2019-08-12,48.18180847167969,48.243439194517066,4.234859672230207,117784675.83963253,44.17621078478248,-0.2708023963471645,38.72892728295945,2.6628715379072854,17425644857.691887,48.961544234833696,48.724151664004644,5.391311383909628,50.22224044799805
2019-08-13,50.22224044799805,48.83707957056136,-2.9764932616477724,139111473.08774275,53.833308415969015,-0.21757192748636378,36.750738593845774,2.6992447552365126,17564756330.77963,48.86152567416141,48.73490670272433,5.374813880608649,48.727378845214844
2019-08-14,48.727378845214844,48.8041693529574,-0.4981763153506624,141234911.16141993,53.28299770495815,-0.17807031664227335,35.01060497012274,2.694784105224446,17423521419.61821,48.723136522022855,48.74150314560367,5.359624813794268,48.4846305847168
2019-08-15,48.4846305847168,48.708307722485216,2.3594733419591174,131537317.81299394,51.62746990452132,-0.15285598157636582,33.29391400993325,2.68894547336602,17291984101.805218,48.583717385484356,48.73834167673525,5.390856674726387,49.62861251831055
2019-08-16,49.62861251831055,48.984399161232815,1.8644191171254043,125220602.46909575,55.87936368752481,-0.11383284565754945,31.905517114777748,2.698359466746141,17417204704.274315,48.50957259067645,48.76177572287788,5.3626851182302,50.553897857666016
2019-08-19,50.553897857666016,49.45524877016277,0.004746309744163568,116950741.72836702,62.01196085037604,-0.055511818640890276,31.43970800503928,2.7228112827323923,17534155446.00268,48.58558917254333,48.82782077500025,5.398672636447936,50.556297302246094
2019-08-20,50.556297302246094,49.78556332978776,1.083857804592614,114126679.20985691,65.62201167745168,0.003005372178908061,31.554256832148155,2.7400076570980376,17648282125.21254,48.74050213483062,48.91903435164667,5.519644932779729,51.10425567626953
2019-08-21,51.10425567626953,50.18117103373229,-0.08464041149318646,105731155.44689983,69.37567003051097,0.06273795291499765,32.030003262267236,2.7536751614666417,17754013280.65944,48.95242875725985,49.03923784517864,5.790901500565266,51.06100082397461
2019-08-22,51.06100082397461,50.44511997080498,-4.622058394504136,100716248.81282988,71.60348532712564,0.11155588851087028,32.77872816069189,2.757246248719421,17854729529.472267,49.171435046768906,49.173131380952576,6.190960479629345,48.700931549072266
2019-08-23,48.700931549072266,49.921863444285165,1.8999413863785897,126682974.16898091,61.97786710576116,0.10048174706658342,32.09032686591261,2.742301463081844,17728046555.303288,49.33663615505268,49.24443919650806,6.283618801138265,49.626220703125
2019-08-26,49.626220703125,49.833170621937114,-1.1284000511637249,119930401.91828664,60.4934320591623,0.07995275898279197,31.25124281390049,2.740178800950221,17608116153.385002,49.495609297794694,49.30050885607273,6.30134968899202,49.06623840332031
2019-08-27,49.06623840332031,49.60309095635207,0.6710479054485852,114999241.34280065,56.69959253691825,0.04536861313363849,30.074105719771286,2.7338940975403285,17493116912.042202,49.572210436373766,49.32932619895648,6.241509733896948,49.3954963684082
2019-08-28,49.3954963684082,49.54081257996891,1.6931849625751116,99626028.93996045,55.68164241999647,0.014393206779816536,28.670813543344188,2.721877636130652,17393490883.10224,49.645874759074914,49.3494677590529,6.013841048533427,50.23185348510742
2019-08-29,50.23185348510742,49.748124851510454,-0.12918459241163527,94926820.25797231,58.36151352080105,0.004475310722195092,27.456685043852996,2.7186232467825584,17488417703.360214,49.74985647197744,49.38743510119171,5.868049327608859,50.166961669921875
2019-08-30,50.166961669921875,49.87377589703388,-1.4563794847649247,91820854.18058062,59.94254102255619,0.0030541378590123736,26.552639722393327,2.7092655188170958,17580238557.540794,49.83879414555754,49.4337532722243,5.919428682757225,49.43634033203125
2019-09-03,49.43634033203125,49.742545227533085,1.6966628187637722,88302197.92640643,57.487429086960944,-0.009367505213217997,25.407694254198613,2.6789423901355263,17491936359.614388,49.86752379129457,49.463162029872755,5.9239073267271865,50.275108337402344
2019-09-04,50.275108337402344,49.90231416049386,1.9551694556577237,84837258.5484845,59.65402555667286,-0.009440601602118126,24.476868183417295,2.6646905609864633,17576773618.162872,49.87919887436517,49.50498604231286,5.726658564328623,51.25807189941406
2019-09-05,51.25807189941406,50.30904148216992,-0.009384538032164436,88082520.98393914,64.60007745574485,0.014011788141156112,24.351957299226928,2.6672704736135793,17664856139.146812,49.891985919208935,49.581562750870674,5.476121959841617,51.25326156616211
2019-09-06,51.25326156616211,50.59230750736757,0.4267127924151515,84892524.68875739,67.58089444951007,0.04306913659148265,24.739219326054197,2.6620829275899625,17749748663.83557,49.9067046728652,49.67782415625133,5.383186088370545,51.47196578979492
2019-09-09,51.47196578979492,50.856204992095776,1.1812881385677487,92196047.28213017,70.1063374728223,0.0727821120739282,25.629171224072117,2.662882225173172,17841944711.117702,50.00013882764627,49.79005090252223,5.305211669604302,52.07999801635742
2019-09-10,52.07999801635742,51.223342899374266,3.1795371075642898,102670713.09749112,73.2306407414179,0.10777109602833346,26.817339312697634,2.664690733170603,17944615424.215195,50.13915605538998,49.92655490222243,5.272074829695384,53.73590087890625
2019-09-11,53.73590087890625,51.977110293233864,-0.22363895643956466,125017019.16824378,78.25542840171963,0.1686609579931741,28.671784226308066,2.6912122547033355,18069632443.38344,50.37655798907816,50.12184589184257,6.1566505587466285,53.615726470947266
2019-09-12,53.615726470947266,52.46869514654789,-1.9454087682846288,126183953.41777064,80.7881876150298,0.22547675166036807,30.93958678573084,2.7122630953130415,18195816396.80121,50.66934624573606,50.345355344671646,7.135990870139396,52.57268142700195
2019-09-13,52.57268142700195,52.499891030684104,0.5257294628720155,136044727.39243942,80.93991063192222,0.2468657648720991,33.09380700695636,2.7017213293223405,18331861124.19365,50.94452286365342,50.55054921952998,7.678325392043587,52.84907150268555
2019-09-16,52.84907150268555,52.604645172284535,0.36380652699312677,120621029.17470759,81.46913213190746,0.24906037014082005,35.0941543552372,2.689685577093645,18452482153.36836,51.217609791178496,50.7461774055066,8.162756389784336,53.04133987426758
2019-09-17,53.04133987426758,52.73565358287944,0.9379142777764526,106417160.4222953,82.1371320263282,0.24021707468292186,36.99148957421268,2.67471043995804,18558899313.790653,51.51692062671313,50.93565132716116,8.724172065047268,53.538822174072266
2019-09-18,53.538822174072266,52.97660416023729,-0.8124970920665442,104900012.2956067,83.32753480204765,0.23138776598375244,38.899617703692634,2.664900555355324,18663799326.08626,51.82434962668747,51.130027787454125,9.36270465287194,53.10382080078125
2019-09-19,53.10382080078125,53.014769152400476,-1.4618074990833896,99902728.60692468,83.514928707273,0.2095613890390935,40.82077886565881,2.652872899591018,18763702054.693188,52.094922393710526,51.30952696506806,9.94730300078359,52.327545166015625
2019-09-20,52.327545166015625,52.80860195648501,0.454708751368349,136427630.02484727,78.38925175357545,0.16466253402487485,42.28523168901744,2.642554330971565,18627274424.66834,52.31655183862227,51.45229601186967,10.334668001439306,52.56548309326172
2019-09-23,52.56548309326172,52.73566629751802,-0.4754956666046861,118497941.01739308,76.59818961982639,0.11578319512856083,43.46415611150452,2.635630823957895,18508776483.650948,52.50449796916449,51.57452175335999,10.42763934911788,52.31553649902344
2019-09-24,52.31553649902344,52.60962735796964,1.5389518779216127,120377518.71217515,73.47400038102222,0.06331848113396454,44.6382497327041,2.64016027560054,18388398964.938774,52.64312641502403,51.67310323951329,10.318013554700283,53.12064743041992
2019-09-25,53.12064743041992,52.76293337970472,-0.5157534233295014,110548343.0985226,74.81931988823735,0.029039637691291698,45.518274362172335,2.65208948828346,18498947308.037296,52.72170872367112,51.776896586198184,10.017336870919651,52.846675872802734
2019-09-26,52.846675872802734,52.78805612763412,-0.4866228522751648,99984040.16896582,75.04269968719052,-0.00029024507513164544,46.33544008953571,2.648320555634105,18598931348.20626,52.753644821779744,51.87319749490637,9.521874667266705,52.58951187133789
2019-09-27,52.58951187133789,52.72849285074525,2.3535210475825963,100411228.11827607,73.38061214165718,-0.0303844969817052,46.85541200132636,2.64040657619838,18498520120.087986,52.77650500378586,51.95465419546245,8.968555158471862,53.82721710205078
2019-09-30,53.82721710205078,53.0581101261369,0.2768084038518248,101460739.68279324,76.48456128686556,-0.034474404179105966,47.65695577207565,2.6548713897843177,18599980859.77078,52.821851499171096,52.05974523647907,8.427072410851022,53.97621536254883
2019-10-01,53.97621536254883,53.33354169706048,-2.5067597599102376,112789477.77795526,78.71773644179163,-0.0254303231380153,48.8741924363603,2.6765502003296207,18712770337.548733,52.8816403105892,52.181059185105866,7.64706939418356,52.62316131591797
2019-10-02,52.62316131591797,53.120427582717724,0.8494766813634591,120487394.44456868,72.94541042240199,-0.039748101840937466,49.24573869296772,2.6744036035030363,18592282943.104164,52.89602265283724,52.27052284202128,6.609704172448962,53.07018280029297
2019-10-03,53.07018280029297,53.1053541479903,2.803171068492527,118668976.11119807,72.54023610058307,-0.05522899254012448,48.329197873681224,2.6717748175453093,18473613966.992966,52.905081152396214,52.350030585446895,5.632170601181345,54.557830810546875
2019-10-04,54.557830810546875,53.54109714675727,0.021996911202948333,124611923.27783865,76.58855756177469,-0.0417314357920433,47.97462735850378,2.694292044289631,18598225890.270805,52.97833067142345,52.46346549604788,4.786801544330041,54.56983184814453
2019-10-07,54.56983184814453,53.84971755717345,-1.1714658926426091,123920146.29448704,78.95504940788433,-0.018795866041647402,48.16335971991394,2.7138648555472002,18722146036.565292,53.08973579738899,52.59548950186936,4.054382532969233,53.930564880371094
2019-10-08,53.930564880371094,53.87397175413274,1.1720115487989569,120290102.40614092,79.13356332121583,-0.009251800882422279,48.5070655924655,2.7208293832779775,18842436138.97143,53.2161702370053,52.71724971637063,3.4046239862238394,54.56263732910156
2019-10-09,54.56263732910156,54.08057142662338,1.3478528123782585,106634191.68429863,80.64001945079606,0.0030563619509409445,48.92131122996104,2.7317014132576434,18949070330.65573,53.347934041697165,52.84708987925185,3.478965664810416,55.29806137084961
2019-10-10,55.29806137084961,54.445818409891245,2.659813307827541,108548014.17900904,82.97951309235556,0.02656932810061341,49.58056421032215,2.745532415629977,19057618344.83474,53.513710269922875,52.99934973931274,4.029612247071666,56.76888656616211
2019-10-11,56.76888656616211,55.142738856772496,-0.14394935283604804,126022289.92530632,86.3652011400775,0.07697872808188866,50.795164892417546,2.7838026970491194,19183640634.760048,53.7551348705256,53.20348203621367,5.041920520705902,56.68716812133789
2019-10-14,56.68716812133789,55.606067636142114,-0.23316642890630623,117143882.94771442,88.06496781008762,0.12652102307334734,52.25750447287775,2.808245779060674,19300784517.707764,54.00993062152612,53.43229971239733,6.176206506755473,56.55499267578125
2019-10-15,56.55499267578125,55.89074514803385,-0.4037286436282428,108208718.06340009,88.9744407247353,0.161233270954923,53.79449714366692,2.822357023233667,19408993235.771164,54.265650966623454,53.66643737293414,7.232994349767976,56.326663970947266
2019-10-16,56.326663970947266,56.02152079490787,0.3883054081361692,97917062.64438006,89.37498819674066,0.17464151849929932,55.25171293530441,2.8193718678234574,19506910298.415543,54.55576028784247,53.89073103216973,8.145842117000933,56.54538345336914
2019-10-17,56.54538345336914,56.178679592446244,0.48025933693867096,88817503.85106604,89.85210617870402,0.17527961655958357,56.66179718146287,2.815105716135758,19595727802.26661,54.86309283228807,54.10863089505321,8.931385091932926,56.81694793701172
2019-10-18,56.81694793701172,56.37016009581588,1.734276553686387,91402332.69574621,90.41675632068305,0.16967101555024855,58.06553653952514,2.813072245144299,19687130134.962357,55.145999127193924,54.32401462845918,9.553023862653243,57.802310943603516
2019-10-21,57.802310943603516,56.79980535015217,-0.22868129801962844,90155792.88702235,91.55254965783568,0.17525352016048013,59.548728636345544,2.824982228809887,19777285927.84938,55.4410079064918,54.55980422100137,10.193871270642264,57.670127868652344
2019-10-22,57.670127868652344,57.06090210570221,1.3419012906440875,87797135.02091563,92.16060807153237,0.17640193919389047,61.07222109153771,2.8310674195778143,19865083062.870296,55.75970094164875,54.79800401954431,10.680320169183014,58.44400405883789
2019-10-23,58.44400405883789,57.475832691642914,0.16450244423491522,84206634.51464093,93.02042728991147,0.18412621723664668,62.605932590696014,2.8416400668282713,19949289697.384937,56.099227068150704,55.05303532164894,11.225958578856714,58.54014587402344
2019-10-24,58.54014587402344,57.79512664635706,1.2316085001721655,79727204.16024864,93.60195693582429,0.18904422961787848,64.14238560542464,2.8466770726254955,20029016901.545185,56.434157891797284,55.31418687638305,11.688282128833286,59.261131286621094
2019-10-25,59.261131286621094,58.234928038436266,1.001696175398048,77852202.91217405,94.30572859488136,0.19920515179948728,65.67989635655776,2.8562870403630307,20106869104.45736,56.743376809963664,55.592352701340495,12.080575056878173,59.8547477722168
2019-10-28,59.8547477722168,58.72087395857042,-2.3127723332808436,83468382.03852183,94.9647797304337,0.21461038308347424,67.2211805982408,2.866713840957054,20190337486.49588,57.0548574422065,55.890307106790964,12.613757201822818,58.47044372558594
2019-10-29,58.47044372558594,58.64574488867507,-0.012350208864020384,101279747.42696527,93.16938910607311,0.1961994424693667,68.73009758224022,2.8674063696323016,20089057739.068916,57.330357416270616,56.152729752684685,12.901663840843952,58.46322250366211
2019-10-30,58.46322250366211,58.59098817317117,2.2609807277057303,108252423.19887568,91.80704611175109,0.1584112502145576,69.88723906007212,2.8675811704366674,19980805315.87004,57.58730415409694,56.384944840350066,12.752720579770877,59.785064697265625
2019-10-31,59.785064697265625,58.949211130399505,2.838071715848134,117525296.23921297,92.57224046865548,0.13645303814653986,69.83032249331005,2.888302559562453,20098330612.109253,57.86435730789227,56.62916067749763,12.463859654274996,61.481807708740234
2019-11-01,61.481807708740234,59.70899010390172,0.6567005563722583,127605267.36744907,93.87819802910761,0.15088319951772045,70.11140646591174,2.929824267753869,20225935879.476704,58.198240308700846,56.92247776572659,12.52809528986038,61.88555908203125
2019-11-04,61.88555908203125,60.36196079734057,-0.14367936540186088,120305287.15721434,94.73496648986686,0.18020428725461546,70.61544436909904,2.9579034398508206,20346241166.63392,58.55445585341969,57.25004757826125,12.800545157824102,61.7966423034668
2019-11-05,61.7966423034668,60.79236524917843,0.04277261088672102,108182981.01005003,95.21076002951894,0.2027072796764946,71.23654632189748,2.969812860752471,20454424147.64397,58.92760216776731,57.58741116596765,12.936480686657866,61.82307434082031
2019-11-06,61.82307434082031,61.101577976670995,1.1541260976736023,98487406.70703502,95.52372750582748,0.2115609943805956,71.89572426144488,2.9691120356465692,20552911554.351006,59.29017669627012,57.92209371936797,12.951779236266923,62.536590576171875
2019-11-07,62.536590576171875,61.53208175652126,0.2736801062268812,97423304.6949245,95.92317438731492,0.2186538011896555,72.62366713682087,2.974984681100848,20650334859.04593,59.66387220728654,58.265902103858764,13.024855351467545,62.707740783691406
2019-11-08,62.707740783691406,61.88477946467229,0.7918808442981762,89192233.28644715,96.22072532792089,0.21880733042261413,73.37668381247371,2.9701967296406755,20739527092.332375,60.02885734991015,58.61055709060291,13.30662595346905,63.20431137084961
2019-11-11,63.20431137084961,62.280639036525486,-0.09153441826303954,86980923.300513,96.52710117199418,0.21685918979222873,74.16477992139309,2.9657894781596426,20826508015.63289,60.38483385770565,58.96008870450029,13.680279817299342,63.14645767211914
2019-11-12,63.14645767211914,62.54038462720358,0.9581679726872849,87103286.31035909,96.71526581088304,0.20451514570743612,74.96072539685534,2.95279764942314,20913611301.94325,60.774297831558506,59.301069268567275,13.967855695390801,63.75150680541992
2019-11-13,63.75150680541992,62.90372128066848,-0.6919248507441522,91792620.41725135,96.96313211429106,0.1924470541612464,75.77534432164919,2.946404625886169,21005403922.3605,61.20557114230824,59.644178984005485,14.152134403615369,63.310394287109375
2019-11-14,63.310394287109375,63.02572318260074,1.1879174087936928,91009674.29207593,97.04379863852238,0.16534450781529464,76.5833944977638,2.9320082275027888,21096413596.652576,61.61322234752836,59.96623081244313,14.10870964534584,64.06246948242188
2019-11-15,64.06246948242188,63.33674707254708,0.5042042226582666,93768692.00445315,97.24472815138871,0.14192550483708977,77.38237708066146,2.926991936700993,21190182288.65703,61.9759980443929,60.28723236102446,13.961286896080857,64.3854751586914
2019-11-18,64.3854751586914,63.651365498390376,-0.30323020149107816,91649044.40311721,97.43467300790051,0.12194885626324181,78.18082299191164,2.920903563747449,21281831333.060146,62.30493851449788,60.60762599315454,13.846605120806377,64.19023895263672
2019-11-19,64.19023895263672,63.81302753466427,-1.1641528426252767,87004491.08218205,97.52893901696616,0.09513775210918718,78.96777459270083,2.91038086298967,21368835824.14233,62.60700474304646,60.912902330441185,13.596987435655095,63.44296646118164
2019-11-20,63.44296646118164,63.70200921261947,-0.4483683160913299,92773463.75752744,94.94862612298665,0.04782976436757602,79.13836057380799,2.891099182370828,21276062360.384804,62.86704786664131,61.17853155731531,13.193878376397441,63.15850830078125
2019-11-21,63.15850830078125,63.53895893906801,-0.08777151670533723,101359984.6302692,91.13502096077113,-0.013274881322929755,79.08598730869355,2.871461164208305,21174702375.754536,63.067735584895985,61.403334165101285,12.605727591054716,63.10307312011719
2019-11-22,63.10307312011719,63.40819319338276,1.7533695254505988,90549549.24118844,88.07954242051127,-0.07773321914674636,78.79904823706929,2.853661353201717,21084152826.513348,63.22007695776703,61.594273120175714,11.953740079981877,64.20950317382812
2019-11-25,64.20950317382812,63.64858618751636,-0.7808575215884628,88590804.4688319,88.82151744826078,-0.11705092023583119,78.59761969775018,2.856090036126706,21172743630.982178,63.356871672866106,61.78992198373197,11.408844216415995,63.7081184387207
2019-11-26,63.7081184387207,63.66644586287765,1.3432070905287086,93575843.12818232,88.87691087297011,-0.1524846322155995,78.48177599575487,2.8517631308616456,21266319474.11036,63.469477796433516,61.968638543650606,10.565075007472828,64.56385040283203
2019-11-27,64.56385040283203,63.93566722486396,-0.2202537236870472,85073770.18972762,89.70507989871825,-0.1672375823986465,78.45225222522022,2.8582746676607784,21351393244.300087,63.572672390853064,62.15597460852807,9.427025908174894,64.42164611816406
2019-11-29,64.42164611816406,64.08146089285398,-1.1562524500010274,73536919.13280933,90.13350063889608,-0.17575055651602578,78.47962046243458,2.853461629355368,21424930163.432896,63.678246161878384,62.339354254654346,8.196003652643821,63.6767692565918
2019-12-02,63.6767692565918,63.960053401975316,-1.782994177678654,79822003.39296652,86.89075717142367,-0.19655775301300538,78.55246094233183,2.8457772741528644,21345108160.03993,63.740576794821216,62.493706554399196,7.136308747393184,62.54141616821289
2019-12-03,62.54141616821289,63.53446223184658,0.88263654876648,90204522.37507656,76.50058131068623,-0.24294427919876016,76.59584424729836,2.8056385825015133,21254903637.664852,63.72888646816684,62.59282614272752,6.166378404575102,63.09342956542969
2019-12-04,63.09342956542969,63.40215243192151,1.467124526378094,83297645.66255358,73.55581774045736,-0.2836615242841962,74.57850315863392,2.789843675191008,21171605992.0023,63.68779895789256,62.66990483693647,5.249166609673938,64.01908874511719
2019-12-05,64.01908874511719,63.587233325880206,1.931579969753705,80635671.9637875,75.00522107313036,-0.29778925394494804,72.82683739924812,2.7922033516139364,21252241663.966087,63.676321369218634,62.757269454931105,4.341771354612081,65.25566864013672
2019-12-06,65.25566864013672,64.08776392015716,-1.399992119900051,88267650.37465125,78.4458903183094,-0.27370060665563734,71.67394179643303,2.8138523106446023,21340509314.34074,63.731201867327556,62.88398321352406,3.6643564637451274,64.34209442138672
2019-12-09,64.34209442138672,64.16406307052603,0.5844229530345135,100200075.26225588,78.92220348846595,-0.2533710819854831,70.87283996980378,2.820005762531554,21440709389.602997,63.80678885504188,63.00589558085758,3.0779293392921403,64.71812438964844
2019-12-10,64.71812438964844,64.33028146626275,0.8529443455376429,97266172.68357912,79.96111855665652,-0.23014748970370413,70.26045568172796,2.831621255839567,21537975562.286575,63.87495838291652,63.13202756994379,2.7097309145173765,65.27013397216797
2019-12-11,65.27013397216797,64.61223721803431,0.25483083924220384,91713360.87850538,81.61640037988329,-0.19841673063127163,69.84296760278292,2.843998238212438,21629688923.16508,63.96953751843218,63.272999917380986,2.5636965434487697,65.43646240234375
2019-12-12,65.43646240234375,64.85950477332713,1.359315873076583,105392472.61495376,82.94678040252128,-0.1647787108454728,69.63796236577538,2.8525975734534046,21735081395.780033,64.0619212732785,63.42409561794728,2.7243857223668866,66.3259506225586
2019-12-13,66.3259506225586,65.29943852809657,1.7117895893184354,113851010.83046763,85.02342636360751,-0.11903754681513701,69.70044528583878,2.8696715050552846,21848932406.6105,64.18371903680276,63.602699704628165,3.156467289766515,67.46131134033203
2019-12-16,67.46131134033203,65.94800037176721,0.19653282085667634,118151507.58132733,87.44978987816872,-0.05452272596292085,70.12069251094911,2.9022384179240044,21967083914.191826,64.38251373378195,63.82606167292712,4.062082279502767,67.5938949584961
2019-12-17,67.5938949584961,66.44176874778587,-0.23891417137912319,116953575.30692913,88.92137630084166,0.008622796605815664,70.73819649052028,2.925098643327856,22084037489.498756,64.67324438537588,64.07517663243748,5.132528429766568,67.43240356445312
2019-12-18,67.43240356445312,66.73895919278604,0.1000961701646208,116676022.71485038,89.70391051954623,0.05503507948872266,71.45041600458521,2.9390150371038697,22200713512.213608,65.00692506146233,64.32887020961353,6.127779251492449,67.4999008178711
2019-12-19,67.4999008178711,66.96724168031156,-0.20711293453280488,111183975.90039526,90.27230507059564,0.08400330240879517,72.18409082232462,2.9464231123594566,22311897488.114002,65.34492589690547,64.58014368301333,6.980608601756833,67.36009979248047
2019-12-20,67.36009979248047,67.08509911396223,1.6318226829854288,160622183.13027668,90.56199077398155,0.09328083489502825,72.94837305111614,2.955870672930385,22472519671.244278,65.64465941628598,64.81871086691322,7.624065545873102,68.45929718017578
2019-12-23,68.45929718017578,67.49735853382629,0.09505079461415988,142007128.19119367,91.5139552234029,0.108305721598005,73.74760436808826,2.9780086487569695,22614526799.43547,65.977988962616,65.073820168524,8.249590109290741,68.52436828613281
2019-12-24,68.52436828613281,67.80546145951824,1.9840505494216787,113948629.73383556,92.1511283867978,0.11925143441383512,74.56151635844196,2.987795429469463,22728475429.169308,66.32550696194156,65.33397648195202,8.893220519668686,69.88392639160156
2019-12-26,69.88392639160156,68.42900093914324,-0.03795923634357656,107700400.8136849,93.25493089708769,0.14692523352478726,75.45357808422729,3.0152176733107217,22836175829.982994,66.70718333405244,65.62874071597022,9.659236683116703,69.8573989868164
2019-12-27,69.8573989868164,68.85752035344518,0.593500750135223,119270080.56957942,93.89078939394706,0.17085256947685012,76.41637628301052,3.0457569083846145,22955445910.552574,67.10698489206425,65.9362435385869,10.474904243852405,70.27200317382812
2019-12-30,70.27200317382812,69.28186519956006,0.730683427477552,126723376.39870559,94.44886025698727,0.19052156565840073,77.3743049512703,3.071379083650156,23082169286.95128,67.5052275592106,66.25487417296529,11.28809790510593,70.78546905517578
2019-12-31,70.78546905517578,69.73294635624477,2.2816464724644714,118948043.47909391,94.97440771606185,0.20776244738123073,78.31607351143862,3.089675267104195,23201117330.430374,67.88372215765835,66.58611914280142,12.017705363695043,72.40054321289062
2020-01-02,72.40054321289062,70.53322541323853,-0.9722452296620165,123907750.43536574,95.74421333913824,0.24438910005675551,79.28852756506576,3.1288861549978693,23325025080.86574,68.29286782420361,66.96203402570019,12.700229947755897,71.6966323852539
2020-01-03,71.6966323852539,70.88224750484314,0.7968143600249444,130632265.30475602,96.02983953493977,0.261891171238271,80.24826357665101,3.1461353880254266,23455657346.170498,68.70719665540932,67.33538769038047,13.120135561657872,72.2679214477539
2020-01-06,72.2679214477539,71.29794968771637,-0.4702869978477242,126958745.71332921,96.34452459466947,0.27014730244543084,81.1711381807718,3.1605023200038427,23582616091.883827,69.14026745614981,67.7127745472696,13.449397149274343,71.92805480957031
2020-01-07,71.92805480957031,71.48698122427254,1.6085909751145433,121532721.99933045,96.48111184746324,0.25709414610836956,82.05579185719823,3.165481712354742,23704148813.883156,69.58045566718083,68.07222280222227,13.719687223734784,73.0850830078125
2020-01-08,73.0850830078125,71.96641175933452,2.1241396128028,124696665.3995313,96.8069814529034,0.24931562528842988,82.91800650744267,3.1904996907062535,23828845479.28269,70.02736098973166,68.44309794099486,13.893559077846492,74.63751220703125
2020-01-09,74.63751220703125,72.76774189364353,0.22604776830728035,138320185.7796719,97.26318107694564,0.26522554640513185,83.77556301689319,3.2353024224295908,23967165665.06236,70.52358903314419,68.85496879362806,14.153764285635276,74.80622863769531
2020-01-10,74.80622863769531,73.37928791685907,2.1364401557490753,139017570.04577035,97.550777853756,0.282432818381936,84.61463079871737,3.270738956495606,24106183235.108128,71.01861773091576,69.28585632917387,14.429142189904603,76.4044189453125
2020-01-13,76.4044189453125,74.28682722539509,-1.350314744250325,133771899.03203924,97.90295882730548,0.31779708956478414,85.43488368615716,3.31928415157131,24239955134.140167,71.56154841811076,69.76213927167113,14.841492381263635,75.37271881103516
2020-01-14,75.37271881103516,74.6125947010871,-0.428585035730944,142226649.32242745,98.0133865327812,0.3248363194604673,86.22261211993671,3.343741358388465,24382181783.462593,72.09462136826346,70.22408740780598,15.140535832902621,75.0496826171875
2020-01-15,75.0496826171875,74.74372107591722,1.2526797027359704,136135734.5256992,98.05772182112737,0.30059104614210286,86.96500774419513,3.3630358249033963,24518317517.988293,72.59569884023071,70.65452870953087,15.351697377874128,75.98981475830078
2020-01-16,75.98981475830078,75.11754918063228,1.1070731256005883,127943774.16798943,98.18226858635477,0.2728117791897722,87.66258023922374,3.386554755488106,24646261292.15628,73.05413121697009,71.0795782782072,15.548910116237556,76.8310775756836
2020-01-17,76.8310775756836,75.63160769914766,-0.6776888670691705,130905561.9175926,98.33991252902419,0.25260109274519715,88.32465237400054,3.408455518471129,24777166854.07387,73.52906723640054,71.51310488972533,15.712990914993252,76.3104019165039
2020-01-21,76.3104019165039,75.83524596435454,0.35695300523677087,124886853.34231481,98.39914121671244,0.2178076991609732,88.94986151686389,3.412308103537164,24902053707.416187,73.98279686406435,71.92473737302335,15.67001887425865,76.58279418945312
2020-01-22,76.58279418945312,76.05951043188412,0.48161659955408,117970517.33962037,98.46413042405632,0.1765179626819542,89.54016835165633,3.4207005882276436,25020024224.755806,74.4400497848255,72.31852528339104,15.381299760926389,76.95162963867188
2020-01-23,76.95162963867188,76.32714619392044,-0.28819563831943285,113920962.13773425,98.54028977352299,0.13568645509514976,90.09396396245327,3.4237236592471914,25133945186.89354,74.87612322828411,72.70029870344146,15.004375701979113,76.7298583984375
2020-01-24,76.7298583984375,76.44795985527556,-2.940509107165301,123705953.49641398,98.57464930284486,0.08760351125918842,90.62191707738182,3.435484584234483,25257651140.389954,75.2441450244473,73.05721881313995,14.43551942517548,74.4736099243164
2020-01-27,74.4736099243164,75.85565487598781,2.82889604519021,135176167.4474898,87.67817324468815,-0.008213136758093764,89.25249336658725,3.395496776992208,25122474972.942463,75.4917817203602,73.32373653341118,13.628861408991137,76.58039093017578
2020-01-28,76.58039093017578,76.0730756922442,2.0932309643443725,143293517.21324286,88.19406847186109,-0.07723195077757605,88.01115974461575,3.4065952402735675,25265768490.155704,75.6704065670451,73.58557835806194,12.77729962088637,78.18339538574219
2020-01-29,78.18339538574219,76.70617160029359,-0.14492097410783167,165174222.04926997,89.56420827418957,-0.09913288082481353,87.1172660447056,3.4561417133085133,25430942712.204975,75.87976425696576,73.88277771446495,12.004204865041762,78.0700912475586
2020-01-30,78.0700912475586,77.11534749447308,-4.4338584452373375,153644915.43448898,90.34418023458092,-0.10441725935998125,86.36432895932055,3.4751246776116997,25584587627.639465,76.11692689882133,74.19064150303716,11.256196641635272,74.60857391357422
2020-01-31,74.60857391357422,76.36331542020342,-0.2746368656813325,167427960.8041423,78.70162530792949,-0.17287728116599865,84.42729089060279,3.468708938203949,25417159666.835323,76.24150352277844,74.39756282848155,10.395844710406823,74.40367126464844
2020-02-03,74.40367126464844,75.77542217353692,3.3013857947273184,169336092.5628996,70.99886616498556,-0.2664768059780416,81.09079691966107,3.470864737020674,25247823574.272423,76.25588497021737,74.52878752801062,9.340786051602375,76.86002349853516
2020-02-04,76.86002349853516,76.1008025710364,0.815429755840591,159520184.7940297,72.59743530939086,-0.31203629754416884,78.00334443759989,3.5158831704038365,25407343759.066452,76.28244063088556,74.67850324639403,8.295594168018617,77.48676300048828
2020-02-05,77.48676300048828,76.51659069987195,1.1696727513687222,147312169.35582078,74.52949023679865,-0.3186161190849939,75.43184506023805,3.562590061512904,25554655928.42227,76.32814865768434,74.85355919434431,7.110846602844391,78.39310455322266
2020-02-06,78.39310455322266,77.07954485587716,-1.3592514204914585,134746198.54907453,76.90388446614838,-0.2903013308657485,73.26540443505927,3.598427695944682,25689402126.971348,76.40338852388001,75.06555782877601,6.006820089319601,77.32754516601562
2020-02-07,77.32754516601562,77.15394494891869,0.47492589395901064,129627538.98435217,77.20630759811671,-0.27211630874823234,71.31154866252393,3.5972607202886326,25819029665.9557,76.47398703324433,75.26445184021816,5.124130852575552,77.69479370117188
2020-02-10,77.69479370117188,77.31619957459465,-0.6033026395742547,123543917.28904651,77.88636335933093,-0.25500683754620024,69.13176497115647,3.584988423153728,25942573583.244747,76.62004150310501,75.45985638634926,4.41374368405097,77.22605895996094
2020-02-11,77.22605895996094,77.28915739020454,2.3747665274278074,114777702.10233255,77.47150371290226,-0.2509676755947987,67.20787359494142,3.5704803517973716,25827795881.142414,76.74164967290103,75.63407552957356,4.070309309047489,79.05999755859375
2020-02-12,79.05999755859375,77.82040944072129,-0.7121025785926105,114463511.47163278,79.75311433399501,-0.21913142991876788,65.69652116967971,3.5826599838461135,25942259392.614048,76.85307345694382,75.84229780682574,3.9855101468758223,78.49700927734375
2020-02-13,78.49700927734375,78.02338939170804,0.02463853758858381,108548738.03014293,80.56309319505775,-0.19199153292236693,64.41992842856006,3.5672698038792805,26050808130.64419,76.94387764666732,76.05002081490977,3.903232500443792,78.51634979248047
2020-02-14,78.51634979248047,78.17127751193976,-1.831052360271468,100018196.62110005,81.15463420021683,-0.17229617893687665,63.310297724852056,3.5450674083013887,26150826327.265293,77.12467385584094,76.25204526224596,3.9354285163156715,77.07867431640625
2020-02-18,77.07867431640625,77.8434965532797,1.4482538403002065,115772097.63477004,75.65858003146305,-0.1882627748082666,61.25808189412802,3.4851233397304333,26035054229.630524,77.33148129381522,76.40361205186822,3.9291242221538627,78.1949691772461
2020-02-19,78.1949691772461,77.94893834046962,-1.0258780929696676,109235668.34433901,76.2165693687942,-0.1976682421257816,59.43688749893303,3.458560498907555,26144289897.97486,77.51629487075854,76.55078598411598,3.956792431427012,77.39278411865234
2020-02-20,77.39278411865234,77.78209207392443,-2.263529069865444,106634767.8410373,73.35123163478877,-0.21939453260418618,57.58118628361179,3.4307725551862727,26037655130.133823,77.6428450081638,76.6680532307644,3.939619714625243,75.64097595214844
2020-02-21,75.64097595214844,77.13975723739163,-4.750013465243629,113510537.48872611,63.459886020426076,-0.27754887348781,54.526079474609645,3.397473528437136,25924144592.645096,77.64886624631525,76.71297742187176,3.8610071932769774,72.04801940917969
2020-02-24,72.04801940917969,75.61223588892804,-3.3872160235879245,146115936.2421083,47.169824553928784,-0.4113450092014721,52.26207239878268,3.3177385036386755,25778028656.40299,77.49469534031617,76.60814489492473,4.138075529872133,69.60759735107422
2020-02-25,69.60759735107422,73.81084432757189,1.5863572378775226,171483235.36947578,35.572791381686976,-0.6020783606613376,51.39061023219427,3.282673451172871,25606545421.033512,77.14415981561389,76.3417353170816,5.3658845022164225,70.71182250976562
2020-02-26,70.71182250976562,72.88113778223001,-6.536812417326077,179454704.75863302,31.296209196054345,-0.761499138759518,51.18555783296435,3.2830329437121457,25427090716.27488,76.70335785481645,76.01215459947669,7.006172930960844,66.08952331542969
2020-02-27,66.08952331542969,70.84365344218992,-0.05848205699842124,221799973.33104312,24.379038106608714,-0.9618968821957536,51.71333567058475,3.260001769453016,25205290742.943836,76.00568225496332,75.5199163940208,9.718116646249722,66.05087280273438
2020-02-28,66.05087280273438,69.40581925035326,9.310025388626176,283212981.3317302,20.872970738433875,-1.1370123836651327,52.87214725911767,3.2932457997583837,24922077761.612106,75.14392524082783,74.93762142795723,12.604962852800174,72.20022583007812
2020-03-02,72.20022583007812,70.24414122427072,-3.1759315968801105,300668246.93221116,27.426406471428965,-1.1392511715175109,53.38732773521208,3.3990146002253554,25222746008.54432,74.35121161206094,74.49062331332041,14.294401783236241,69.90719604492188
2020-03-03,69.90719604492188,70.14305767046606,4.638478137213697,306310452.85254776,27.13458203483052,-1.090370905784502,53.27616300343208,3.476352025593812,24916435555.691772,73.58116772377956,74.07656944257238,15.735625709858505,73.14982604980469
2020-03-04,73.14982604980469,71.04508818426764,-3.243684170893002,280170836.99678344,33.89413747096495,-0.9455110197144722,52.81337923699151,3.5794738607319965,25196606392.688557,72.89078270815936,73.78785694178144,16.565247651110944,70.7770767211914
2020-03-05,70.7770767211914,70.96468474534477,-1.3280200601645364,252391425.89774838,33.5949736598167,-0.8086283904956976,52.38365145386812,3.6070358472369346,24944214966.79081,72.2090419753014,73.51898339926366,17.245179908661648,69.83714294433594
2020-03-06,69.83714294433594,70.62642220504212,-7.909211297646612,244527038.12842387,32.30317838556389,-0.6985343027111746,52.15588396097853,3.588970194092852,24699687928.662384,71.55770847206645,73.24350138076638,17.80129736497726,64.3135757446289
2020-03-09,64.3135757446289,68.73256826691815,7.20214659841758,257192366.6898967,26.223423914053722,-0.7086841756098186,52.53475203801832,3.565728709339517,24442495561.97249,70.86974170986547,72.81388870325702,18.86756396204267,68.9455337524414
2020-03-10,68.9455337524414,68.79645791257512,-3.473021344102012,265621656.68292767,26.724459413555998,-0.6671147039836232,53.09097067640753,3.580060189652637,24708117218.655415,70.36830306836578,72.4312762470016,19.569987051182775,66.55104064941406
2020-03-11,66.55104064941406,68.1228327336268,-9.875486330471084,262614799.67804936,24.811214608637222,-0.640853673355805,53.69235520393915,3.5527227035634956,24445502418.977364,69.89247256350545,72.02094829334686,20.253460440246712,59.97880172729492
2020-03-12,59.97880172729492,65.67962343172722,11.98082462580652,309372559.77463454,19.389318388859564,-0.7370344130944191,54.7486255787904,3.5766807082434795,24136129859.20273,69.37606956245918,71.41701259224024,21.513464136973987,67.16475677490234
2020-03-13,67.16475677490234,66.12516343467975,-12.864700635060078,327780391.84224415,22.706409282195043,-0.7188842465944605,55.934461820847986,3.6600924843918166,24463910251.04497,69.04800398089183,70.91302695818686,21.958770093876815,58.52421188354492
2020-03-16,58.52421188354492,63.844877969339294,4.397021699776382,326173354.2895709,18.50857759355136,-0.8023424754893687,57.320393937721775,3.7380937994312626,24137736896.7554,68.4080776553987,70.23986991162995,22.907287474179196,61.0975341796875
2020-03-17,61.0975341796875,63.02067483244375,-2.4480168767519572,325538148.0026996,17.266068043595535,-0.8503593865428232,58.78982545537725,3.811603312728437,23812198748.7527,67.69583937159646,69.55232752313603,23.73261680476443,59.60185623168945
2020-03-18,59.60185623168945,61.99502925221746,-0.766199045856164,317946783.6018897,15.840935521977888,-0.8845626854392235,60.279780288852265,3.8467073086853434,23494251965.15081,66.79083347839145,68.83258483066759,24.29371511772768,59.14518737792969
2020-03-19,59.14518737792969,61.14007668993112,-6.348559739472703,304119908.5213228,14.7481645126258,-0.8954055594796291,61.698647715315715,3.8418990122687475,23190132056.629486,65.80837267285008,68.09996500774031,24.54530566294605,55.39031982421875
2020-03-20,55.39031982421875,59.41514963021741,-2.124413921532975,333391895.96492594,12.8257597277055,-0.9445171000275092,63.16377108653884,3.8841079362871374,22856740160.66456,64.68724541536761,67.27283973369052,25.216222001877156,54.213600158691406
2020-03-23,54.213600158691406,57.854684788759606,10.032536411720706,334400167.1754482,11.380528809031532,-1.002391851164036,64.71614609235334,3.9134378492803408,22522339993.48911,63.599457067551754,66.37587259607805,26.686370873471617,59.6525993347168
2020-03-24,59.6525993347168,58.39405915254676,-0.5508528146730751,320339477.0228137,14.947993663469429,-0.926433836574541,66.1576371691811,3.941612277838526,22842679470.51192,62.55921719154891,65.61569988717031,27.757422426917078,59.32400131225586
2020-03-25,59.32400131225586,58.67304180045949,5.262293868647849,315318233.91596955,16.813324593339097,-0.785079942711691,66.73604507714309,3.980674693275161,23157997704.42789,61.614238098232185,64.95449435510261,28.366204202755732,62.445804595947266
2020-03-26,62.445804595947266,59.804870639105815,-4.14023561568555,296348923.74117863,24.087333402869625,-0.5539311758583558,66.7239031048265,4.035322166810708,23454346628.16907,61.02676281897004,64.46405400119815,28.71730584163767,59.86040115356445
2020-03-27,59.86040115356445,59.8215297934434,2.8538090478328337,268709286.618825,24.19240604361555,-0.3485229253583464,66.54156077989603,4.016979567820362,23723055914.787895,60.39639945484641,64.02190883855485,29.14936527396846,61.568702697753906
2020-03-30,61.568702697753906,60.345681664736546,-0.20407852208934596,238489420.6331775,27.58844113667897,-0.1368348178977734,66.27490726673133,4.005113028763718,23961545335.421074,60.04647982438613,63.67179196485787,28.833008752064853,61.44305419921875
2020-03-31,61.44305419921875,60.67489342508121,-5.261698568466933,226043194.44322422,29.718079971497694,0.055563593617265816,65.38176882180026,3.9984429604928176,24187588529.8643,59.81190168364988,63.38637305630771,28.122396466494575,58.210105895996094
2020-04-01,58.210105895996094,59.93545716635567,1.6686599696056792,211095756.11025694,27.744371365642497,0.157460494072593,64.72514831272635,3.92421819780525,23976492773.754044,59.6059444750637,63.0577144001218,26.74310698694115,59.181434631347656
2020-04-02,59.181434631347656,59.709250405853254,-1.4371288285759953,197547229.27717984,27.15031630189602,0.2296854200647589,64.28382869524529,3.857825838779469,23778945544.476864,59.46286184665591,62.73881306733433,24.83988919402064,58.3309211730957
2020-04-03,58.3309211730957,59.29575163602598,8.723727611242648,177247060.4940259,26.05219708158987,0.2670503393187893,63.94362445163563,3.7800794932755712,23601698483.982838,59.45092204723678,62.41090245482877,22.485009579590365,63.419551849365234
2020-04-06,63.419551849365234,60.532891700027754,-1.1582277472164781,184619062.3458181,34.57786904494615,0.38533820332965885,62.493071701442794,3.8081121330877385,23786317546.328655,59.718742738363595,62.232044287704866,20.415205855649354,62.68500900268555
2020-04-07,62.68500900268555,61.1785268908251,2.5594585461407915,190099503.64207268,38.55907026205663,0.5095194332273247,59.847810792974705,3.8412763290221794,23976417049.970726,59.99718951219143,62.131709297525845,17.54301545855328,64.2894058227539
2020-04-08,64.2894058227539,62.111790570403734,0.7216128183557213,183738212.54945087,43.87576505363336,0.6480792057662823,56.86598885311311,3.8696090588279044,24160155262.520176,60.34106438918585,62.12981227589516,14.408659571521218,64.75332641601562
2020-04-09,64.75332641601562,62.9042513240873,1.9627450176427308,177167188.7846156,47.9912274464589,0.7779248206462936,53.58131105476758,3.874278624976044,24337322451.30479,60.651002457684,62.20356837572299,12.960060526136017,66.0242691040039
2020-04-13,66.0242691040039,63.84025665806227,5.050316428380031,163323872.1492309,52.4283522257921,0.9028894803788567,49.98184408171238,3.8729723717744666,24500646323.45402,61.05287514414589,62.35944345023149,11.26705885938148,69.35870361328125
2020-04-14,69.35870361328125,65.49579074462797,-0.9126844794798861,172825150.50446162,59.078365294696766,1.0621047743057632,47.236290387295554,3.9185217041410483,24673471473.958485,61.56788605213503,62.65814319255497,12.429599359991427,68.72567749023438
2020-04-15,68.72567749023438,66.46475676830988,0.7945260286065237,160323925.35312313,62.39203518309349,1.1882054519547787,45.228211397511686,3.9118131557288423,24833795399.311607,62.14687238645789,63.02067781881734,14.514455507716608,69.27172088623047
2020-04-16,69.27172088623047,67.30684600368606,-1.3568464542920045,159364307.74718618,65.04141578967624,1.2761349829670559,43.781264754431206,3.8948635793850785,24993159707.058792,62.88401127019093,63.428884312614365,17.000807142609535,68.3318099975586
2020-04-17,68.3318099975586,67.61433520184782,-2.075669575242789,176130015.42303032,65.98375512933411,1.2985046722394984,42.671355010777745,3.8532231816075377,25169289722.481823,63.674519749790385,63.82749868301755,19.161606851613374,66.91346740722656
2020-04-20,66.91346740722656,67.40407486346145,-3.091038782133071,162295570.7961212,64.69945569417055,1.242608946065078,41.640724534528104,3.7883347442616904,25006994151.685703,64.48535207253393,64.16812498591698,20.422514154264892,64.84514617919922
2020-04-21,64.84514617919922,66.63639625818277,2.8803620215726244,167904379.55728483,60.099960079488376,1.102182831366624,40.03192746639411,3.7163864995978555,24839089772.128418,65.09570252834943,64.40319844041848,20.330228346290376,66.71292114257812
2020-04-22,66.71292114257812,66.65935372350137,-0.3875484950245811,152591785.69009936,60.19110215598145,0.9640805250768646,38.53745038904653,3.689194407609021,24991681557.818516,65.64378521161706,64.61807037214066,20.12405737917405,66.45437622070312
2020-04-23,66.45437622070312,66.59786047266189,2.8869358006628376,144258569.98306954,59.79708619940692,0.827087506033932,37.23994291596209,3.6722777860265534,24847422987.835445,66.09239220184287,64.80662181028555,19.691621243364846,68.37287139892578
2020-04-24,68.37287139892578,67.13036375054105,0.0707003271340767,138829358.9881487,62.11013144973791,0.7339935382250803,36.16382068556421,3.674693019883876,24986252346.823593,66.51500344448826,65.02793056650036,19.628286027958485,68.42121124267578
2020-04-27,68.42121124267578,67.51761799818146,-1.6209555976429812,132306831.29170407,63.743812675920466,0.6623524113599741,35.3348756745253,3.6567080158358674,25118559178.115295,66.88273957850016,65.26504365523189,19.428420178716387,67.3121337890625
2020-04-28,67.3121337890625,67.45597273544577,3.28454801322402,126216221.90419285,63.27610750000614,0.5777557026727196,34.75188584328669,3.631722992873693,24992342956.2111,67.07875777758196,65.47370356763321,19.146102739660744,69.52303314208984
2020-04-29,69.52303314208984,68.07609085743898,2.109602357107909,129535595.33293499,65.98022163573152,0.5316651099249737,34.53145276816414,3.647060868841082,25121878551.544037,67.23989118649486,65.72154997618614,18.93758934018169,70.98969268798828
2020-04-30,70.98969268798828,68.95017140660377,-1.609928508641978,145594116.7330545,69.4004355687663,0.5271210661628412,34.759084631921745,3.6669391814461703,25267472668.277092,67.40422372678663,66.02903773146402,18.37146501749358,69.84680938720703
2020-05-01,69.84680938720703,69.21916280078474,1.4148612976068398,174100921.71313813,70.38711071362849,0.5090390088892884,35.4203822201317,3.6818608302944535,25441573589.99023,67.56470648668032,66.33285916663742,17.32656377313993,70.83504486083984
2020-05-04,70.83504486083984,69.70392741880127,1.5008900326361374,161941045.1991967,72.13114599194664,0.49602941853346416,36.12677999676582,3.6892848390354827,25603514635.189426,67.79469174221431,66.65391328589112,15.587508172101037,71.89820098876953
2020-05-05,71.89820098876953,70.36220948979175,1.0317343002709922,157684091.63943768,74.3410769372249,0.496824063494566,37.117050782706826,3.709660522576966,25761198726.828865,68.16727306537521,67.00708435292928,14.358462845589395,72.63999938964844
2020-05-06,72.63999938964844,71.04554645974875,1.0344845694864047,153078944.14760637,76.43046090033998,0.5066958616992405,38.32402166479507,3.7272362036056568,25914277670.97647,68.60589233899995,67.391699791674,13.277895472519477,73.39144897460938
2020-05-07,73.39144897460938,71.74931721420693,2.380180640203644,141719820.90332446,78.38282062521314,0.5218887217560209,39.688863862816184,3.7370589912102945,26055997491.879795,69.12103801315445,67.80671097477237,12.61408427430385,75.13829803466797
2020-05-08,75.13829803466797,72.76601146034524,1.5735246499298805,139355394.6323271,80.85060716966397,0.5584008416949642,41.25383557810949,3.753279379440294,26195352886.512123,69.68460278413487,68.2790253067317,12.49809949792591,76.32061767578125
2020-05-11,76.32061767578125,73.83239332497604,-1.142800476953254,141332696.242629,83.03784791137667,0.6082596743065116,43.04332747360944,3.771770907521234,26336685582.754753,70.31608031681432,68.80791749894544,13.056453180339652,75.44842529296875
2020-05-12,75.44842529296875,74.31720291537385,-1.2074312359290573,147623247.3698403,83.93617339773006,0.6253693547404298,44.95704650736092,3.780149944210611,26484308830.12459,71.00220333480713,69.3326113481291,14.158865757302278,74.53743743896484
2020-05-13,74.53743743896484,74.38327327245115,0.6143542156719972,163522993.15888822,84.060069976399,0.5929072804471969,46.82766613493116,3.7804304855139574,26647831823.28348,71.63292157630835,69.81362676949311,15.144241057558801,74.995361328125
2020-05-14,74.995361328125,74.5668996891533,-0.5912230899697613,162144855.21122175,84.41973510461916,0.5372271036988567,48.365113309287864,3.7619621418986684,26809976678.494705,72.1945944045633,70.26631942850837,16.075337450768473,74.55197143554688
2020-05-15,74.55197143554688,74.56242121307136,2.3561055442280265,163405918.64785522,84.36973413970037,0.4566842529639783,49.49689223413144,3.7117650400651043,26646570759.84685,72.72892024579197,70.67547197941913,16.76484833609472,76.3084945678711
2020-05-18,76.3084945678711,75.08624321951127,-0.5778198097622811,154937663.05349866,85.45488408063939,0.39745417596869625,50.69623768507542,3.69759257082446,26801508422.90035,73.26715182586297,71.09554543085648,17.33205721896109,75.86756896972656
2020-05-19,75.86756896972656,75.32064094457586,1.9447987020261515,138975244.13744906,85.92575600630973,0.3353112112122907,51.9565147876207,3.6803213968478072,26940483667.037796,73.76299497134137,71.49793547978213,17.40961640417889,77.3430404663086
2020-05-20,77.3430404663086,75.92736080109567,-0.7455481904969363,130734110.89621434,87.09070678457526,0.2975966282783853,53.247587195460795,3.6762117099096314,27071217777.93401,74.25117640547607,71.91978551038342,17.377576789400766,76.76641082763672
2020-05-21,76.76641082763672,76.17907580905799,0.6438428742327362,122320517.62735003,87.55108992886696,0.2538364795798662,54.55803960808561,3.656467230954627,27193538295.56136,74.69415226496118,72.32543220549529,17.020002736,77.26066589355469
2020-05-22,77.26066589355469,76.503552834407,-0.6773473319567791,110165322.33914502,88.13833854133476,0.21264602396863008,55.81678647689035,3.630446705805103,27303703617.900505,75.06790640236736,72.72334845586784,16.632421080097803,76.73734283447266
2020-05-26,76.73734283447266,76.5736898344267,0.43570779699619866,114772325.6374015,88.26717570456105,0.158509424414091,57.12176364768209,3.617152327870068,27418475943.537907,75.34203605331241,73.0900476347782,16.062128571410103,77.07169342041016
2020-05-27,77.07169342041016,76.72309091022174,0.04397174760770728,114224187.94618104,88.55240947184639,0.10379353574876315,58.21757463597899,3.594003897242869,27532700131.48409,75.58262485279721,73.43605175624901,15.097439167618168,77.10558319091797
2020-05-28,77.10558319091797,76.83783859443061,-0.09738399979498658,120025171.56232673,88.77806246888674,0.0491347922313925,59.327368538583166,3.583121059321587,27652725303.046417,75.82808138499517,73.76003145512345,14.072629410692798,77.0304946899414
2020-05-29,77.0304946899414,76.89563542308385,1.22980731717921,130077340.0936287,88.89678158792265,-0.006369290844264519,60.36952267271656,3.5674499480416433,27782802643.140045,76.06095495838822,74.05866040445301,13.139338934437252,77.97782135009766
2020-06-01,77.97782135009766,77.22029120118799,0.46292287550697697,115291498.06554009,89.56461061019884,-0.042448769002114695,61.3755661890826,3.5570399447360193,27898094141.205585,76.32674195719989,74.35976809938016,12.052168442549256,78.33879852294922
2020-06-02,78.33879852294922,77.55584339771636,0.5505246725684199,106996888.64587806,90.21940268866074,-0.06366980195221661,62.364876881442896,3.5358121422056037,28005091029.851463,76.57370197502037,74.66415622303123,10.919948939470682,78.77007293701172
2020-06-03,78.77007293701172,77.92011225950496,-0.8612190496225969,106245182.05211464,90.88784294949788,-0.07248766084139868,63.39018997033386,3.5150581931308973,28111336211.90358,76.83364910651329,74.97424727412397,9.869209903534886,78.09169006347656
2020-06-04,78.09169006347656,77.97158560069644,2.848089331838155,100639747.43648024,90.98163585365272,-0.09286586912016492,64.40104556669597,3.482708147285644,28211975959.34006,77.03807158647338,75.25970806713087,8.8240296782944,80.31581115722656
2020-06-05,80.31581115722656,78.67485326765548,0.5912424193661447,111622943.20553616,92.16782547068712,-0.07761396982309998,65.51570749061717,3.490889941541324,28323598902.545597,77.28764933233312,75.58495999099037,8.095258821324233,80.7906723022461
2020-06-08,80.7906723022461,79.30959897803265,3.157838573402927,106832380.24387531,93.05564024753544,-0.04502535238346672,66.69304700727076,3.4874931169598953,28430431282.78947,77.56825394669568,75.93968751356583,7.929379251160084,83.34191131591797
2020-06-09,83.34191131591797,80.51929267939823,2.5727149118836223,119096386.17071271,94.36631002353475,0.033515694430851006,68.04432238090652,3.5308065578109233,28549527668.960182,77.96281423119284,76.37584038650225,8.654646691110797,85.4860610961914
2020-06-10,85.4860610961914,82.00932320443619,-4.8010460489847695,133362950.3194989,95.49434681061912,0.1545556343955048,69.51553470096452,3.597955566786001,28682890619.279682,78.49143746061428,76.91236255963881,10.074753442910044,81.3818359375
2020-06-11,81.3818359375,81.82107702435533,0.8633733575328595,153852785.2236492,92.9618394427766,0.18843198146997597,70.96793517216751,3.6133377667627515,28529037834.056034,78.98976130360674,77.37985917532609,10.862263232169587,82.08446502685547
2020-06-12,82.08446502685547,81.90009342510537,1.2367163228839129,167740749.65655443,93.04521381794818,0.1825266220015016,72.34882746003274,3.665225266261485,28696778583.71259,79.4902071038089,77.81035767530507,11.37175965968028,83.09961700439453
2020-06-15,83.09961700439453,82.25995049889211,2.6501847726682515,159061164.7595881,93.42709500298439,0.16950300883843106,73.63862689252342,3.713315881131983,28855839748.472176,79.99417303357932,78.2341284204086,11.703882582260759,85.30191040039062
2020-06-16,85.30191040039062,83.17253846934166,-0.1391237680100632,160971455.33171165,94.28422892696635,0.18758819438635177,74.89475185126935,3.776440570074192,29016811203.803886,80.55584254074184,78.70445318697365,12.314506773905213,85.18323516845703
2020-06-17,85.18323516845703,83.77574747907627,0.039802467269312025,147001938.73219815,94.76973307609494,0.20405232303063592,76.11228229454194,3.8125783501078336,29163813142.536083,81.14140606269898,79.18743359574533,12.913886925641036,85.2171401977539
2020-06-18,85.2171401977539,84.20816529467956,-0.5714538441504602,131947477.1125387,95.09160150218197,0.20727275625375619,77.26498998121292,3.8224969685552646,29295760619.64862,81.76506403209729,79.66559851945335,13.54195735177418,84.73016357421875
2020-06-19,84.73016357421875,84.36476477854131,2.6163919381596124,171706033.97877708,95.20664589785942,0.1839489792205411,78.36889308047849,3.8310946896176494,29467466653.6274,82.33405518318587,80.11313816317602,13.971272850381641,86.94703674316406
2020-06-22,86.94703674316406,85.13944636792813,2.134460574209829,160827783.78514394,95.73873219364889,0.18423577546767156,79.43208259267082,3.864620485449623,29628294437.412544,82.91703992217542,80.59183418267622,14.496765010493629,88.80288696289062
2020-06-23,88.80288696289062,86.23847854641687,-1.7652023631109515,176226128.64960074,96.35663126732162,0.21958557355594754,80.5010183048679,3.9353410525708945,29804520566.062145,83.48895850887727,81.12960983636582,15.149978104550996,87.23533630371094
2020-06-24,87.23533630371094,86.5375358736051,1.327545388316187,181145250.05472052,96.50513515490566,0.22350608102384584,81.52691572311852,3.9697224380733416,29985665816.116867,83.94177977579417,81.64465041134099,15.570699355263297,88.39342498779297
2020-06-25,88.39342498779297,87.09430260786145,-3.072587436646068,168058395.03830436,96.76916498261807,0.2234587952712701,82.48820439164014,3.9930333656116974,30153724211.15517,84.4691023341448,82.1636649062477,15.859593229540073,85.67745971679688
2020-06-26,85.67745971679688,86.66924974054207,2.304683311967781,179217916.52681303,91.11011467366971,0.15776031133586876,83.38827855565242,3.985547114461271,29974506294.628357,84.94601796568847,82.59276822379955,15.624322958479738,87.65205383300781
2020-06-29,87.65205383300781,86.9640909682818,0.8347571924834263,164646341.5687691,91.48221756808012,0.09993934302567986,83.7988442842672,3.999527405335111,30139152636.197124,85.41643201262742,83.009084675655,15.258764017262251,88.38373565673828
2020-06-30,88.38373565673828,87.38998437481874,-0.18913849061942267,157319399.09813836,92.00292688108355,0.058222581510607,84.20294587644204,4.00525934100823,30296472035.29526,85.83817660317513,83.4263132184325,14.805890971159151,88.21656799316406
2020-07-01,88.21656799316406,87.63795946032234,0.0,143344739.36869687,92.29815347632375,0.017299453757528838,84.6065876547888,3.997220842198846,30439816774.66396,86.22439780129973,83.82742238432678,14.212725118415861,88.21656799316406
2020-07-02,88.21656799316406,87.81154202017485,2.675010261424604,134553797.5580878,92.50668939490687,-0.025767967896719313,85.02760357897544,4.000646778040165,30574370572.222046,86.58473547384926,84.20686234964565,13.288989594672467,90.57637023925781
2020-07-06,90.57637023925781,88.64099048589974,-0.31029244713581816,129784338.29066145,93.42307248680962,-0.02600716571607231,85.48926322288962,4.039897598986022,30704154910.512707,87.01235804458511,84.62916026738412,12.549312462517031,90.29531860351562
2020-07-07,90.29531860351562,89.13728892118449,2.3290462306133186,124576356.80346301,93.9034940743574,-0.020591504463430166,85.98004735127313,4.066240581337681,30828731267.31617,87.41214229991076,85.05850585346035,11.857314522438385,92.3983383178711
2020-07-08,92.3983383178711,90.11560374019047,0.43001989540769614,122331049.7624241,94.72194685240888,0.0188927067256901,86.49054698100463,4.105080108762259,30951062317.078594,87.7998548192881,85.54013422362512,11.71335806239958,92.79566955566406
2020-07-09,92.79566955566406,90.91962348483254,0.17490052137176804,123324574.83369686,95.28247751079472,0.06649443264137433,87.01697587025603,4.126341776447905,31074386891.912292,88.23806358041084,86.05246653421631,12.135733854084275,92.95796966552734
2020-07-10,92.95796966552734,91.53112733904098,-0.46129462720819747,113404362.38358779,95.65999174867048,0.10425122975695711,87.53270731112171,4.119975975261182,31187791254.29588,88.68174605352878,86.57424375372342,12.359101034619895,92.52915954589844
2020-07-13,92.52915954589844,91.83053700109821,1.6548260048538932,136877813.66851145,95.83570796009222,0.113703410659038,88.08746087750875,4.177489408566944,31324669067.96439,89.19787477958441,87.07484311061626,12.32407098571377,94.06035614013672
2020-07-14,94.06035614013672,92.49948274280975,0.6877298046287006,147111229.567958,96.20536660411963,0.12824308375530435,88.61291083962409,4.226623460907531,31471780297.53235,89.75141395703723,87.59147545653946,12.297079861743676,94.70723724365234
2020-07-15,94.70723724365234,93.16180909306252,-1.2304701015437458,148937260.6975706,96.53347672802859,0.14449457868082316,89.1319557083921,4.279143122590689,31620717558.22992,90.3285964288616,88.12198342192261,12.505142321248767,93.5418930053711
2020-07-16,93.5418930053711,93.27583426675508,-0.20202723770857967,137429362.48829943,96.588172067112,0.1256464476175001,89.61392594367666,4.279394154393038,31758146920.71822,90.89238390950487,88.6128263595257,12.596700092994649,93.35291290283203
2020-07-17,93.35291290283203,93.29895785757817,2.1073961300766664,123856593.74180959,96.5998883162557,0.07969910082668008,90.06146973358376,4.265119009165462,31882003514.46003,91.44112549324518,89.05912459743546,12.508844063878476,95.32022857666016
2020-07-20,95.32022857666016,93.90533907330277,-1.380187137425537,113795015.6192667,96.90047628163985,0.05621561511288142,90.49201575880984,4.274739480939019,31995798530.079296,91.9675603519855,89.52066883323235,12.352688434259543,94.00463104248047
2020-07-21,94.00463104248047,93.93512666405607,0.28092643881061363,110686470.93348669,96.9149047855265,0.011118100574667444,90.91111229113561,4.273600614928991,32106485001.012783,92.44734412627267,89.9410933885489,12.169523024771431,94.26871490478516
2020-07-22,94.26871490478516,94.03520313627479,-4.551630792160788,104181009.65344067,96.96600497305242,-0.04070225045785136,91.30027335686668,4.266362498094865,32210666010.666225,92.83930406588111,90.33100860261803,12.124680168024707,89.97795104980469
2020-07-23,89.97795104980469,92.81802751033375,-0.24774474947831804,132028026.75740847,79.6795239036169,-0.177991019633291,89.21093865402425,4.230423907583435,32078637983.908817,93.02914446843123,90.56786754621001,11.67129150918135,89.75503540039062
2020-07-24,89.75503540039062,91.8991298773508,2.37002026117501,148051258.73018593,69.59280328437306,-0.3422117511467446,84.85857715432634,4.180527243679184,31930586725.17863,93.06594472226222,90.69465443489008,11.1264464553648,91.88224792480469
2020-07-27,91.88224792480469,91.89406529158697,-1.6427209070022153,140000081.11113015,69.54055129002207,-0.4556055327909432,80.81709861889257,4.168868043610573,31790586644.0675,93.07229755131108,90.80888404028978,10.283422914453416,90.37287902832031
2020-07-28,90.37287902832031,91.43770941260696,1.9168274751434122,129087736.7777911,64.81798087659202,-0.5589596163961712,77.06139972106247,4.12912285820903,31661498907.28971,92.96612021829081,90.86877217098666,9.364033674444164,92.10517120361328
2020-07-29,92.10517120361328,91.63794794990885,1.2100236166617595,117460175.74445376,65.91186727612437,-0.6074267161702251,73.57396503022022,4.11888851920669,31778959083.034164,92.81373410397543,90.94202700707449,8.453689852429374,93.21966552734375
2020-07-30,93.21966552734375,92.11246322313932,10.468864887373952,129661123.02111763,68.4178622768194,-0.6000628434757811,70.54560663948509,4.113809932159417,31908620206.055283,92.69739699961386,91.05349712289018,7.467078620380425,102.97870635986328
2020-07-31,102.97870635986328,95.37233616415651,2.519739583815661,203063826.11478233,79.54380805393764,-0.37896854138337943,69.460600778937,4.305112967493493,32111684032.170067,92.90473483027168,91.4648151268203,7.05120846760071,105.57350158691406
2020-08-03,105.57350158691406,98.43268579098377,0.667826298099472,234590038.28034762,84.91614114035787,-0.04737164127299698,69.4412260433937,4.522753032336757,32346274070.450413,93.35746950203978,92.12842185674063,8.343561515806083,106.27854919433594
2020-08-04,106.27854919433594,100.78644481198941,0.3624729740730581,216134506.7962433,87.611071380915,0.29111829685601176,69.80725850746734,4.679085066547947,32562408577.246655,94.04260131683311,92.95299547152622,10.573368528128524,106.66378021240234
2020-08-05,106.66378021240234,102.54964543211328,3.4889116266893394,187827194.7573703,89.17176343342312,0.5778328808120468,70.34509403118902,4.768590908146024,32750235772.004025,94.89404554641696,93.86696213443928,13.153637847551932,110.38518524169922
2020-08-06,110.38518524169922,104.90030737498905,-2.2735951511455244,192207676.3301592,90.83025690444597,0.8532390347457013,71.08209804199916,4.890629577047047,32942443448.334183,96.10227353288249,94.91775691925353,16.213122062289724,107.87547302246094
2020-08-07,107.87547302246094,105.79285706923062,1.4535144002024492,193959053.43111143,91.37070999912977,1.0121220165013054,71.88685293178165,4.935651602540103,33136402501.765293,97.49164625207048,95.95348074306087,18.786916560918062,109.4434585571289
2020-08-10,109.4434585571289,106.8880375156001,-2.9740174484817805,199492417.40177798,91.99421870302578,1.1002662133309373,72.71410223247584,4.985570424129399,33335894919.167072,98.9910434744718,96.99486710235031,21.076087202392873,106.18859100341797
2020-08-11,106.18859100341797,106.67820356194545,3.3234612347396553,196015412.18124458,90.64284412158644,1.0536613462386617,73.50710655817505,4.976306283612876,33139879506.98583,100.51509288940564,97.91708962231176,22.70131439091096,109.71772766113281
2020-08-12,109.71772766113281,107.59006079170165,1.7697335400331138,186890188.5268712,91.24473825487165,0.9942236840555032,74.28026563604855,5.015501111681024,33326769695.5127,102.11030417358492,98.83832497177747,24.234941255739464,111.65943908691406
2020-08-13,111.65943908691406,108.81087428026535,-0.08911254103570743,193847731.96880984,91.98781609757282,0.9473093247618447,75.08679040466164,5.069033633870744,33520617427.48151,103.78014527929751,99.78809157258584,25.696631811996337,111.5599365234375
2020-08-14,111.5599365234375,109.63559295321699,-0.2610860171638252,185362972.37816688,92.45376338526545,0.8832667019843585,75.872022033202,5.0667910721343885,33705980399.859676,105.20647095820357,100.72594884693167,26.91834055478308,111.26866912841797
2020-08-17,111.26866912841797,110.12551580577727,0.8332780795006434,165622560.6647168,92.72444488091124,0.7884666050026148,76.6499993524175,5.053778562655193,33871602960.524395,106.37575395968291,101.62114570015505,27.916727860430857,112.19584655761719
2020-08-18,112.19584655761719,110.74661503132924,0.12548166585903964,147625872.46530175,93.06410803807292,0.6859321915836656,77.40434120962051,5.0384108381135775,34019228832.989697,107.3717709816169,102.49023801740974,28.650713395425026,112.33663177490234
2020-08-19,112.33663177490234,111.22362005440117,2.218954431915332,146999510.72571123,93.32196430497868,0.5731659482556024,78.15163543987293,5.026884125984176,34166228343.71541,108.2391684438457,103.3219886875994,29.100177372145684,114.82933044433594
2020-08-20,114.82933044433594,112.30533317138159,5.153256514057958,140971817.50799787,93.87781205982145,0.49718268168587265,78.9019015553619,5.041441461603669,34307200161.223408,108.97967102348494,104.17754530510247,29.083745195685534,120.74678039550781
2020-08-21,120.74678039550781,114.83776733861944,1.1960176721076188,200096712.2555985,94.93973121975387,0.5396858891108547,79.74073490333923,5.157976481168542,34507296873.479004,109.88416205042383,105.19280454638981,28.91238735803625,122.19093322753906
2020-08-24,122.19093322753906,117.04371710529533,-0.820395596601109,243848978.57891893,95.6478846095797,0.6321605095795331,80.6402405075784,5.295443817859274,34751145852.05792,110.89973000939335,106.32146288533319,28.663148850463063,121.18848419189453
2020-08-25,121.18848419189453,118.28714723127509,1.3599177105461324,234142965.00524324,95.9886494796379,0.6882419947027056,81.50872499420565,5.3353752279891955,34985288817.06316,112.0606243763263,107.46105187066098,27.78981494707751,122.8365478515625
2020-08-26,122.8365478515625,119.6519674173613,-1.1954213402472713,212806795.50367025,96.32846328993323,0.7247512708468191,82.35419216938756,5.371372949258474,35198095612.56683,113.26681503889228,108.62209144653721,26.46501689315124,121.36813354492188
2020-08-27,121.36813354492188,120.16681725562947,-0.1620006180552136,195630476.85256916,96.45061331333957,0.6911842123349476,83.16912123813246,5.379280321144874,35393726089.4194,114.40240933642869,109.72158914264124,24.44640834440943,121.17151641845703
2020-08-28,121.17151641845703,120.46822700447774,3.391225632379613,193230333.7967984,96.52353306494479,0.600257709035124,83.93727807326962,5.377886185457132,35586956423.2162,115.48567274155478,110.74507846281614,22.908668732441086,125.28071594238281
2020-08-31,125.28071594238281,121.91197368584926,3.9832544029235084,202972043.6577589,96.85665435582592,0.549679100118956,84.69556232986102,5.472349941461938,35789928466.87396,116.66431852956197,111.8085922935812,22.15484795782255,130.27096557617188
2020-09-01,130.27096557617188,124.41967125294605,-2.0718393503999732,187664860.5604312,97.33442926848872,0.5936872140763212,85.4520849167538,5.620471465034628,35977593327.434395,118.03162415172366,113.00964743256833,22.254239316969,127.57196044921875
2020-09-02,127.57196044921875,125.36535801182785,-8.006088351061823,191401102.39230186,97.48940533625743,0.5936364615381944,86.20149884928443,5.761505284349718,36168994429.8267,119.44579794746632,114.18638177345018,22.465117959503544,117.35843658447266
2020-09-03,117.35843658447266,122.96328158362128,0.06617950834086894,211260651.67461127,84.11240671251241,0.35097368238378834,85.6296368771859,5.821710494011681,35957733778.152084,120.51159278869028,115.02227699346648,22.10919491967278,117.43610382080078
2020-09-04,117.43610382080078,121.30512825477513,-6.729499950787998,247664616.1722279,76.32666329528001,0.015642663231181686,82.68433765437577,6.010592888818713,35710069161.97986,121.15832888030586,115.62064378025778,21.27925703918049,109.53324127197266
2020-09-08,109.53324127197266,117.77356215993439,3.988641990546471,242775211.3205595,62.95976964080225,-0.47978488622362203,78.87702734491215,6.139782259795606,35467293950.6593,121.23131338576975,115.82568362594127,20.094835898721243,113.90213012695312
2020-09-09,113.90213012695312,116.61213255004,-3.264582990050491,223024797.92439163,59.282775143413836,-0.8972366082844898,74.97854633995365,6.175331386508207,35244269152.73491,121.06381191764623,115.90058352347448,18.594412453178908,110.18370056152344
2020-09-10,110.18370056152344,114.68360295348504,-1.3128515874327062,210799678.54707414,53.676994051520765,-1.290840628641618,70.76913823588635,6.2375383605890775,35033469474.187836,120.56697547125862,115.78468061204691,17.23771698892553,108.73715209960938
2020-09-11,108.73715209960938,112.89966769732234,2.999986809235433,201817864.98295188,49.0559825333654,-1.636694238522682,66.1911957826184,6.256382857949026,34831651609.20489,119.8402605154279,115.50991747731125,16.331136402354005,111.99925231933594
2020-09-14,111.99925231933594,112.62954308392642,0.15603578373410976,183317535.48806632,48.376847427879966,-1.8341503825480938,61.798386971093514,6.257920257620275,34648334073.71682,119.05639212337277,115.23559610651269,15.649425998981764,112.17401123046875
2020-09-15,112.17401123046875,112.4928835278891,-2.9513621556387037,183714874.84164643,48.01468878783337,-1.9155450646670191,57.71018357504256,6.271194479994411,34464619198.875175,118.11448310757675,114.97438538473902,15.095062020185479,108.86334991455078
2020-09-16,108.86334991455078,111.4040234438876,-1.5963768008787182,175004112.3891525,45.11658294656594,-1.976329125715396,53.71321425840115,6.227425459313388,34289615086.486023,116.81291832667091,114.63435091418174,14.929967864271838,107.12548065185547
2020-09-17,107.12548065185547,110.12046060627796,-3.172004916121196,175906178.67240673,41.90557302039286,-2.0289294688761523,50.28734652322277,6.1370303438931115,34113708907.813618,115.28842858611593,114.20445659914328,15.222599169691565,103.72745513916016
2020-09-18,103.72745513916016,108.20255896614262,3.0325766884025995,209265795.0706847,37.59949993391861,-2.109500699079748,47.73024730130389,6.027763556251,33904443112.74293,113.81235632436805,113.63284730076226,16.31151462397451,106.8730697631836
2020-09-21,106.8730697631836,107.8037122052549,1.5715872860973645,205200196.54947928,36.75368580838716,-2.1016293499650276,46.019081703677784,5.979502438805787,33699242916.19345,112.46221471941604,113.0776915773806,17.731322798936993,108.55267333984375
2020-09-22,108.55267333984375,108.02840054563154,-4.19460176876707,198556757.5846355,37.60521648368843,-1.9941539428029649,44.43014222016782,5.9386135300588085,33897799673.778088,111.48769855798574,112.59680671721404,18.973010740933077,103.99932098388672
2020-09-23,103.99932098388672,106.81967667710808,1.0268718566597501,184205340.30924484,34.884235357530194,-1.9168146183944468,43.10532567732652,5.87167923692641,33713594333.46884,110.50845297069256,112.04660385625156,20.290774892499694,105.0672607421875
2020-09-24,105.0672607421875,106.29395189663191,3.751607682485769,179266728.21647137,33.740705193220926,-1.8144620475697306,42.147040285236244,5.828823628049608,33534327605.25237,109.66948786500724,111.4987322410497,21.36565269941823,109.00897216796875
2020-09-25,109.00897216796875,107.10845797803296,2.386901085832438,170481129.75152993,37.17675423568568,-1.612131220755018,41.19557304105926,5.834051440947597,33704808735.0039,109.09036689307831,111.08061088266714,21.911592852165874,111.61090850830078
2020-09-28,111.61090850830078,108.4591931371133,-0.7567879423599488,160638510.82607096,42.501844952738736,-1.3198472161025965,39.75691077182905,5.8476704354578875,33865447245.82997,108.673331898397,110.83095204975726,21.92645313948402,110.76625061035156
2020-09-29,110.76625061035156,109.15131037908478,1.5075744812393932,142261617.57824966,45.07106875367894,-1.0255275707996774,38.046508859209574,5.810481752207471,34007708863.408222,108.33917458351658,110.67098617635989,21.320834246483738,112.4361343383789
2020-09-30,112.4361343383789,110.136757566873,0.8462309976997817,142385692.30477476,48.59321086611009,-0.7243037308743135,35.88520723301526,5.800950603244802,34150094555.712997,108.21244799581513,110.62010726117066,19.51368426078317,113.38760375976562
2020-10-01,113.38760375976562,111.11201142474079,-3.2280240668445703,134506104.61334234,51.88161917469574,-0.43354280674157236,33.42810033031424,5.783674990970769,34284600660.32634,108.3116030776614,110.66695527674877,16.57345414561448,109.72742462158203
2020-10-02,109.72742462158203,110.69663538379314,3.079092319231158,137567873.22933963,50.40275601106429,-0.25234062325410067,31.21186856403375,5.6909899286179115,34147032787.097,108.56101071942645,110.66978195361013,13.892238603208446,113.10603332519531
2020-10-05,113.10603332519531,111.41945476621379,-2.866941148330582,128170651.26053773,52.917792648291524,-0.07609454556742434,28.98545499887041,5.65713578756739,34275203438.357536,108.92258497552233,110.74117936433429,11.167800424619214,109.86334991455078
2020-10-06,109.86334991455078,110.95262331071487,1.6967142173313965,138168915.8823764,51.11498250364781,0.012058728020819254,27.011871253198255,5.5784913166092505,34137034522.47516,109.21500725203065,110.76131688303721,9.542880908809181,111.7274169921875
2020-10-07,111.7274169921875,111.18506141515664,-0.09558644379642489,125772941.11766347,51.9919712962331,0.08497426378733125,25.179257775074113,5.529690163784984,34262807463.592823,109.65154572583552,110.80167350514382,8.069992699942425,111.62062072753906
2020-10-08,111.62062072753906,111.31572920887135,1.7395770350623563,113084218.78236443,52.50777763807128,0.13782831080684504,23.393876833294804,5.479602865232921,34375891682.37519,110.15372345705946,110.85063119121311,7.20594173000778,113.56234741210938
2020-10-09,113.56234741210938,111.98971466984275,6.352065228228132,109311023.1476551,55.18254868040166,0.2096966344884827,21.938447599173724,5.444898472757539,34485202705.52284,110.64184912624044,110.95911533203498,6.991839542864715,120.7759017944336
2020-10-12,120.7759017944336,114.62557080722002,-2.6527353583520874,148585756.20335856,63.77518058674054,0.41443934436333796,22.08085189240356,5.554613926655158,34633788461.726204,111.25848689325113,111.30830156776689,7.655022564692391,117.57203674316406
2020-10-13,117.57203674316406,115.50951058800322,0.07431344101211934,182709179.342351,66.12100363037827,0.5789843939465018,22.99486369949331,5.605775050300602,34816497641.06856,111.89430691414297,111.70841671255131,8.614007212822868,117.65940856933594
2020-10-14,117.65940856933594,116.15447998240305,-0.396054845286431,173110025.53964567,67.76146291534215,0.693138451089069,24.071415609839345,5.635862358937975,34989607666.6082,112.49607915569597,112.13185130968004,9.797946516370617,117.19341278076172
2020-10-15,117.19341278076172,116.46615982191064,-1.4000725874833808,154944777.87775195,68.55388435134148,0.7468747025940043,25.07107095516066,5.61052038140873,35144552444.485954,113.03149399541296,112.54464259655914,10.885688579340508,115.55261993408203
2020-10-16,115.55261993408203,116.19209785556205,-2.5541881059016447,143079484.51442635,66.99452944428384,0.7208423487393404,26.012760776975323,5.567178165077307,35001472959.97153,113.58104024258985,112.89201928789277,11.462447444429253,112.60118865966797
2020-10-19,112.60118865966797,115.11482509679382,1.3192073129210558,136347429.16009843,61.11030849668057,0.593275255575885,26.24449603830723,5.52401001167158,34865125530.81143,113.95057727564784,113.10371507921667,11.509238865301377,114.08663177490234
2020-10-20,114.08663177490234,114.80636710022637,-0.5446461154441917,132770310.4120689,59.49887125420258,0.4564672004042186,26.020663848248965,5.514267955220586,34732355220.39936,114.335951654599,113.26587241455093,11.402766302525366,113.46526336669922
2020-10-21,113.46526336669922,114.40403598016823,-0.9583368718337981,119923017.28844823,57.373746610375754,0.3140076490696736,25.711644397432895,5.488844890406364,34612432203.110916,114.65784911110016,113.37426894460971,10.774521602093953,112.37788391113281
2020-10-22,112.37788391113281,113.7961903594576,-0.613390973301775,114542512.10191375,54.2227250834367,0.16164267225038365,24.877931701666682,5.452731883814728,34497889691.009,114.90589522615879,113.41445193649999,9.671711022307742,111.68856811523438
2020-10-23,111.68856811523438,113.16390368619062,0.00870946614457413,104951538.47133961,51.08008128871293,0.009128203270895918,23.66268962051326,5.4018167278903855,34392938152.53767,115.02331412779358,113.39059019837528,8.583270752812851,111.69829559326172
2020-10-26,111.69829559326172,112.72422125831196,1.3472199995095746,107021286.92993772,48.95525749164331,-0.12321415605599229,22.021162820108486,5.357142266724557,34285916865.607727,114.83317917290279,113.32712648979782,7.8012460145430405,113.20311737060547
2020-10-27,113.20311737060547,112.86789009200001,-4.631204752685358,102597940.8509564,49.691667036397654,-0.19846647800645645,20.54306686916825,5.332915886666281,34388514806.45869,114.56901712330246,113.28338969000755,7.126354632936568,107.96044921875
2020-10-28,107.96044921875,111.395657830025,3.705025203185852,114999898.59566948,42.86688528224312,-0.3366617071186091,19.94139413359987,5.250610890654916,34273514907.863018,114.09313490806464,113.10360570334254,6.841798480056079,111.96041107177734
2020-10-29,111.96041107177734,111.5650838025507,-5.601798993177109,124338689.01696862,43.82309109674085,-0.4015297953230408,19.66041423997618,5.276804218871191,34397853596.87999,113.60302730612865,112.95707980802904,6.758758932295613,105.68861389160156
2020-10-30,105.68861389160156,109.80214282926596,-0.08269075649445234,144118862.31187803,36.902251132189605,-0.5394413363116183,20.33581265415605,5.1827503961301975,34253734734.56811,112.96403180349903,112.65660961957542,7.008137793729008,105.6012191772461
2020-11-02,105.6012191772461,108.54186573366,1.5353545745458774,137743273.61831462,32.90196882750702,-0.6825972172696365,21.545253347235327,5.116562133433409,34115991460.9498,112.30673586718567,112.26472924948824,7.798897032518254,107.22257232666016
2020-11-03,107.22257232666016,108.14607771156004,4.083684523494835,128707611.53282022,31.73836893615344,-0.7648102308866144,22.862791906631884,5.090087260246711,33987283849.416977,111.64070692831903,111.87247672206651,8.562541395778942,111.60120391845703
2020-11-04,111.60120391845703,109.18261557362914,3.5493597701307333,131565978.07297415,37.929554938906385,-0.7113648449147638,23.436368127145975,5.1431072373392945,34118849827.489952,111.11856488766512,111.61629946983437,8.965051785963157,115.56233215332031
2020-11-05,115.56233215332031,111.09653054753647,-0.11362656570752527,130012314.65108189,47.41358474768044,-0.5180795957270634,22.60022490826609,5.239192185109167,34248862142.141033,110.848598906473,111.56679766771076,8.991621885375245,115.43102264404297
2020-11-06,115.43102264404297,112.39687817648841,-1.996784486220049,125345990.25575732,52.701417271701885,-0.2852533879296438,21.10736950519846,5.267328957084143,34374208132.39679,110.77189635550278,111.645852954261,8.970246812093622,113.12611389160156
2020-11-09,113.12611389160156,112.61564889102235,-0.3008767529562695,134096783.17903012,53.54771965159156,-0.10822236959645637,20.393212849228842,5.3132959930673564,34508304915.57582,110.76103911877381,111.7382144720478,8.868727182004712,112.7857437133789
2020-11-10,112.7857437133789,112.66667733772931,3.0352390673293206,135274768.22532108,53.75556712004085,0.014098787417326064,19.693545380543217,5.324972847596911,34643579683.80114,110.74091784334675,111.82663950687461,8.600656526073864,116.20906066894531
2020-11-11,116.20906066894531,113.72939233709411,-0.23432626340997853,128380837.75772475,57.9730622743676,0.16024792440340535,19.304192763204117,5.365118817879166,34771960521.55886,110.97429129405366,112.00785406213362,8.181556207029017,115.93675231933594
2020-11-12,115.93675231933594,114.39160033176665,0.041964819569706435,120815276.43040732,60.3968109563585,0.287745939534021,19.269858293777155,5.36883839768704,34892775797.989265,111.25694294697524,112.23487751638437,7.7021272274318395,115.98540496826172
2020-11-13,115.98540496826172,114.86974172271516,0.872031126058137,109045263.50128512,62.09656099392409,0.3844676043465495,19.32499045775927,5.336207712817636,35001821061.49055,111.76370283632018,112.48581696460636,7.35803902034666,116.99683380126953
2020-11-16,116.99683380126953,115.50786934628147,-0.7564325524686666,103686584.45089959,64.29884371105193,0.46616260769079276,19.658852602795758,5.307891735853028,35105507645.941444,112.46030319758232,112.77363147714684,7.455502002563903,116.11183166503906
2020-11-17,116.11183166503906,115.68905804190874,-1.13914111364668,94861909.1156297,64.92205714750568,0.5039333499052889,20.112595892272697,5.2544564786508055,35200369555.057076,113.21460123061719,113.0512911499813,7.662667756446813,114.78915405273438
2020-11-18,114.78915405273438,115.41908684515641,0.5168273288933323,89299966.3809408,63.15308849492112,0.48225267509835146,20.533928946787,5.186588808993668,35111069588.67613,113.83824835776993,113.27679550190273,7.862541600933176,115.38241577148438
2020-11-19,115.38241577148438,115.40808552305481,-1.0957453758426383,84743876.46665856,63.07766344714304,0.43987324166985226,20.63841823464824,5.122851710077938,35026325712.20947,114.26940385532176,113.47977550391721,8.122323538702945,114.11811828613281
2020-11-20,114.11811828613281,115.0210953519782,-2.974262737093758,81402003.52666098,60.34731130681849,0.36174453720991107,20.68211718810553,5.044238220672085,34944923708.68281,114.53182557287072,113.62656787039921,8.327390896251483,110.72394561767578
2020-11-23,110.72394561767578,113.73195043168747,1.1594171741666326,95369192.46866268,52.23586421753986,0.20690662056471965,19.622062938682213,4.96008901483922,34849554516.21414,114.64345572693723,113.63660430480762,8.365579925970815,112.00769805908203
2020-11-24,112.00769805908203,113.21467471990582,0.746702914698405,100920694.72806388,49.36842191561266,0.06089302289297782,18.727177174499797,4.9089483990822735,34748633821.48608,114.6982554651549,113.59642053481697,8.372912789109652,112.84406280517578
2020-11-25,112.84406280517578,113.1034911454868,0.4826479779823867,93594246.30964471,48.74898834370334,-0.04615832455108837,17.901694555950442,4.872136003308168,34655039575.17643,114.63566534599417,113.54947487869029,8.300517568680771,113.38870239257812
2020-11-27,113.38870239257812,113.18905451961419,2.1099665430500902,79523362.4167513,49.276445426257794,-0.11051594507166707,17.13517498158318,4.843360782953977,34734562937.59318,114.5154107647789,113.51514913020685,8.236760481630071,115.78116607666016
2020-11-30,115.78116607666016,113.96668798672798,3.0827306525992304,106489413.69172591,53.91823564249633,-0.10032204713155479,16.335107666593853,4.883326990691702,34841052351.284904,114.42510539118018,113.55815283082791,7.863424628750119,119.35038757324219
2020-12-01,119.35038757324219,115.58179786268224,0.29335518011512907,112861049.58420813,61.747896692683035,0.00973935945522797,16.660623496343103,4.9694230575787515,34953913400.86911,114.43249824282026,113.75088092909975,7.132526273915673,119.70050811767578
2020-12-02,119.70050811767578,116.81741093918029,-0.11374569493960429,105703994.70894569,66.4450578767336,0.15238538776762023,17.55187260019467,5.005032474964499,35059617395.57806,114.54533353254742,114.04293140625028,6.151992090544691,119.5643539428711
2020-12-03,119.5643539428711,117.64149384028752,-0.561265871845773,97683076.29626198,69.16464045673767,0.28136687368604263,18.80785304107971,5.008345557407875,35157300471.87432,114.76757423206054,114.38565163806335,5.525367931275823,118.89328002929688
2020-12-04,118.89328002929688,118.01702969699032,1.2270094548236132,91856273.40738338,70.34420188808892,0.3657557500284523,20.122519234394407,4.973798370497625,35249156745.28171,115.0284686494541,114.73149716748496,5.570172012020674,120.35211181640625
2020-12-07,120.35211181640625,118.7175543328151,0.5090843670078282,90312991.38516837,72.46053366633295,0.43767743155858374,21.68948949970235,4.966405298185172,35339469736.66688,115.39811454753779,115.11112165942116,6.049560621562153,120.96480560302734
2020-12-08,120.96480560302734,119.39172971387876,-2.0903622235345254,87886743.96961786,74.35713008282593,0.4953355602375724,23.42384306619232,4.954345934946552,35427356480.6365,115.96409247575691,115.51879861698855,6.593292574016978,118.43620300292969
2020-12-09,118.43620300292969,119.10507170059404,1.198865989807829,96047480.7787325,72.08394989458718,0.4785839234563083,25.33522772733331,4.947168321918626,35331308999.857765,116.55313217382573,115.86034843447479,6.817242135778045,119.85609436035156
2020-12-10,119.85609436035156,119.3303784985213,-0.6734531831067203,91626896.54511274,72.78809960951975,0.44765344436139776,26.700177014506465,4.952930689630482,35422935896.40288,117.17582090912917,116.1908274881935,7.165754959469334,119.04891967773438
2020-12-11,119.04891967773438,119.24594085228522,-0.5146763838456581,90220767.58157891,72.05456761450364,0.3886699088607808,27.819990009431674,4.912768594777084,35332715128.8213,117.78150954239628,116.48179066572604,7.462679497289097,118.43620300292969
2020-12-14,118.43620300292969,119.00301949747855,5.0090345904029165,86909887.30710524,69.87293349557034,0.3041953581034278,28.859816361862226,4.873555594585439,35245805241.51419,118.28514269347133,116.72190769732151,7.670591961022981,124.36871337890625
2020-12-15,124.36871337890625,120.61272766190686,-0.054738113431263,108010031.11497366,75.2257975964325,0.3257089934481654,30.438937221488175,4.946429492925808,35353815272.629166,118.78823567339379,117.09246197966297,8.249632198670987,124.3006362915039
2020-12-16,124.3006362915039,121.71910025078597,0.696333668112481,105069601.78048156,78.10524063538325,0.3796621329668639,32.30808973122194,4.973544360676093,35458884874.409645,119.27840460455437,117.5330941959604,9.02333608549097,125.16618347167969
2020-12-17,125.16618347167969,122.75322521705408,-1.5850692152315604,101856661.24633709,80.39850586584483,0.44564341122703,34.39996454921627,4.997722335689663,35560741535.65598,119.78957774223102,118.03024953130266,9.894347592208563,123.18221282958984
2020-12-18,123.18221282958984,122.8819215008148,1.2395282743019598,129062112.87243596,80.66985404392766,0.45690679144161517,36.52266498441358,4.990640168651618,35689803648.52842,120.27606692261347,118.49231352839905,10.57294159552489,124.70909118652344
2020-12-21,124.70909118652344,123.43007240652739,2.846456016106824,126718959.01070516,81.8239853214384,0.4590108392704142,37.84427843670426,4.9889755720844375,35816522607.53912,120.7473187299847,118.96257627869699,11.142141897782444,128.25888061523438
2020-12-22,128.25888061523438,124.87871486913949,-0.6976204123597007,139374711.30749363,84.46399328134889,0.5116847862394094,39.66850241882937,5.088863660819373,35955897318.84662,121.29601724551077,119.52601804921532,11.622087367346676,127.36412048339844
2020-12-23,127.36412048339844,125.62433655341717,0.7712771214823055,124029407.91524553,85.6215953034597,0.5472623341284208,41.55547936141775,5.134124812776956,36079926726.76186,121.94794373079309,120.10681028771073,11.847440644580322,128.34645080566406
2020-12-24,128.34645080566406,126.44097082909124,3.576528420711478,103299615.54067187,86.78315474524555,0.5735436925622492,43.501520660160416,5.184153734785637,36183226342.302536,122.65900296385007,120.71006367260411,11.899527089076702,132.93679809570312
2020-12-28,132.93679809570312,128.38971900907478,-1.3314859507634558,109655590.8784703,89.05534899174297,0.6635623097629,45.6441594660203,5.298302358322156,36292881933.18101,123.57338077952905,121.44145941893466,12.16703467032961,131.16676330566406
2020-12-29,131.16676330566406,129.22283229805157,-0.8526729132651956,113073103.6149292,89.85808139485745,0.7161016761539978,47.88566444747634,5.384389524308912,36405955036.79594,124.59536205958635,122.18254255027912,12.452028586116345,130.04833984375
2020-12-30,130.04833984375,129.47048456176108,-0.7702706888589317,108086802.53045043,90.09074727750213,0.7034006783667341,50.01212586294285,5.428321596411542,36514041839.326385,125.48113774957176,122.87663226565836,12.817914264465287,129.04661560058594
2020-12-31,129.04661560058594,129.34332387340854,-2.47191179963957,105395741.77131529,88.9622164428046,0.624951212121255,51.90182503945502,5.441091958699734,36408646097.55507,126.24356011183401,123.49250765687266,13.07817393748018,125.85669708251953
2021-01-04,125.85669708251953,128.29733583614183,1.2363750416836128,116767589.2399207,80.07641889665798,0.44934252517129636,52.0305202880217,5.430584688138469,36291878508.31515,126.7979711737428,123.95011034061258,12.996672683411427,127.41275787353516
2021-01-05,127.41275787353516,128.03196244735983,-3.3661601970510047,111036782.46794449,77.94917312921578,0.2708348792208253,51.606706409519546,5.433456184898777,36180841725.847206,127.31297526839731,124.33885816030279,12.732489433738827,123.12384033203125
2021-01-06,123.12384033203125,126.55952581276125,3.4123125366524176,124252147.72756113,67.2708328260587,0.02221864379941696,50.31581814977574,5.396832421935631,36056589578.119644,127.6259206090207,124.55035031767979,12.251304505960567,127.32521057128906
2021-01-07,127.32521057128906,126.7892312403196,0.8631552834630796,119849963.40929279,68.0071492876987,-0.14873133428458463,48.88924064127357,5.439655521627706,36176439541.52894,127.8169722461387,124.76357707221692,11.80808723060721,128.42422485351562
2021-01-08,128.42422485351562,127.27972932427839,-2.3249105022212557,115442434.38650495,69.58086802011763,-0.2450579597139786,47.57510724153698,5.464600653353891,36291881975.91544,127.98251152322483,125.00321062003229,11.197484812422905,125.4384765625
2021-01-11,125.4384765625,126.72735349574486,-0.139543466667702,110925054.07055345,65.66362033376092,-0.35555775260814126,46.210443801534204,5.401125831734679,36180956921.84489,128.01114978989017,125.16741470343348,10.42414912727455,125.26343536376953
2021-01-12,125.26343536376953,126.28817805615225,1.6226849555158074,105232867.8493874,62.6439575989329,-0.46111385814801276,44.38138287962647,5.335232912978725,36075724053.9955,127.80099569459793,125.27415407035909,9.406513362941164,127.29606628417969
2021-01-13,127.29606628417969,126.59054452456047,-1.5127165499447148,100254047.49457118,63.875681982227384,-0.5096634868057794,42.72828326978498,5.310645273033654,36175978101.49007,127.53776691724882,125.39952458980683,8.026380674694904,125.37043762207031
2021-01-14,125.37043762207031,126.22451245381342,-1.3730610591634163,97244373.24619982,61.24311083965273,-0.5614315154814009,41.19326220350359,5.260233773700501,36078733728.243866,127.21316970645405,125.47809486256936,6.960911893649295,123.6490249633789
2021-01-15,123.6490249633789,125.45186620668306,0.5427186218236901,101550611.27233987,55.99679998525926,-0.6371725601538847,39.31370111131284,5.218666223953931,35977183116.97153,126.8240239397815,125.4755968953421,6.136907993847442,124.3200912475586
2021-01-19,124.3200912475586,125.1123337189457,3.2855774417036354,98312617.8906379,53.815142389817595,-0.694876402657723,37.238690000315586,5.188268363615824,35878870499.08089,126.50552372806189,125.44100040235196,5.59751943632957,128.40472412109375
2021-01-20,128.40472412109375,126.10005083959012,3.6658248498062873,100114682.52344653,58.83908150891686,-0.6519642123152694,35.840750155230715,5.232402166152978,35978985181.60433,126.31233256728493,125.50376711066035,4.906808953593386,133.11181640625
2021-01-21,133.11181640625,128.20358050958808,1.6074182999343378,106125547.76641257,67.05770908151632,-0.4755428612911876,36.055593731390246,5.3903649638385245,36085110729.37074,126.4767380369676,125.76089219627251,4.325504653995916,135.25148010253906
2021-01-22,135.25148010253906,130.31795038747336,2.76834839433604,108625703.43648879,72.91237564395665,-0.22291319848128466,36.981976238096344,5.521922740907566,36193736432.80723,126.82960995168297,126.19489773829164,4.564719693995233,138.99571228027344
2021-01-25,138.99571228027344,132.92127895531337,0.1679396804754818,123321502.40554215,78.07836988678488,0.09595135894671358,38.62609846874211,5.699933728026245,36317057935.21277,127.39376491478646,126.8355054732461,5.7768080045104355,139.22914123535156
2021-01-26,139.22914123535156,134.81363763932484,-0.7683581417588958,115842231.6838795,80.92600204154446,0.3940241285524677,40.51095794621486,5.807162806298918,36432900166.896645,128.20239332914446,127.59532758430122,7.44560266622586,138.15936279296875
2021-01-27,138.15936279296875,135.817355185418,-3.498515419885906,123342702.17871565,82.24353162890846,0.6058304791443856,42.4769541117354,5.861083828821313,36556242869.07536,129.15531104207102,128.37837783202662,9.086000877555838,133.32583618164062
2021-01-28,133.32583618164062,135.06989948428478,-3.742073662436618,129126221.52510095,77.92671463295848,0.639326874878428,44.33332002002194,5.852623040704599,36427116647.55026,130.00324653804347,129.01566560843216,10.10207638625809,128.33668518066406
2021-01-29,128.33668518066406,133.04993519319856,1.6519962195653104,143645495.06757066,67.60022022559033,0.47664042826175423,44.42576165739355,5.810398990867694,36283471152.48269,130.685788811982,129.3998817593623,10.489797768102566,130.45680236816406
2021-02-01,130.45680236816406,132.2719953456882,0.6336658121644412,132423786.54729946,64.07841512851918,0.2776954075541833,43.684804499230054,5.798503458356161,36151047365.93539,131.36780172588252,129.67341638663143,10.714714877955176,131.28346252441406
2021-02-02,131.28346252441406,131.97543549930595,-0.7778197360164274,117688270.58310962,62.736610541013256,0.09654086485298263,42.996772852363954,5.791943327910956,36033359095.35228,132.05411190391854,129.89265630212424,10.854426832893738,130.26231384277344
2021-02-03,130.26231384277344,131.4614990023462,2.5757798144074195,109346059.40817672,60.37704962928116,-0.0780590365881384,42.28064921029831,5.759706352124486,35924013035.9441,132.59025672019416,130.04206989262156,10.89746770641172,133.61758422851562
2021-02-04,133.61758422851562,132.10832457019703,-0.3098177157264348,101797171.5857237,62.29892944634921,-0.1651427649672499,41.62574441008654,5.768280325754418,36025810207.52982,132.98073112625502,130.23885605239064,10.811866489294708,133.20361328125
2021-02-05,133.20361328125,132.4369111835129,0.1096953456915406,93966160.11000659,63.27348479402403,-0.21274085144835375,41.02774863597063,5.731727700356915,36119776367.63983,133.192627205859,130.44819463630705,10.724554132980865,133.3497314453125
2021-02-08,133.3497314453125,132.71075726205277,-0.6573478969719049,87165472.07700461,64.10623206928994,-0.2361034658183785,40.47246684572014,5.665639902396971,36206941839.716835,133.17157503653294,130.66367679113998,10.665867056563224,132.47315979003906
2021-02-09,132.47315979003906,132.63947802044865,-0.45588677228041163,84048090.45390323,63.7013548006714,-0.26453801303656865,40.04976338554342,5.598353552332359,36122893749.26293,132.9541590746453,130.8518483367884,10.445175986037226,131.86923217773438
2021-02-10,131.86923217773438,132.40840426763435,-0.1920116933431859,80747643.31773224,62.32708442257239,-0.30425574030739266,39.456563846662306,5.531442256593061,36042146105.9452,132.61326398286695,131.00009175877372,10.03427073076734,131.61602783203125
2021-02-11,131.61602783203125,132.1706913369534,0.17761107996348002,75807350.32241257,60.87219707944204,-0.348693713794054,38.564359997010826,5.466292591976538,35966338755.62279,132.32334316813382,131.11157743288607,9.577637367155194,131.84979248046875
2021-02-12,131.84979248046875,132.07442168000802,-1.61040946159825,71108675.22568879,60.258726409695804,-0.3839394113622734,37.469744800533114,5.3906812747319925,35895230080.3971,132.22579181681476,131.20327688499293,8.923204291812596,129.72647094726562
2021-02-16,129.72647094726562,131.37003646018528,-1.7644064977650475,73948962.65798214,55.82556591334205,-0.44950936973403643,35.9859737541497,5.315166506058078,35821281117.73912,132.13559592826448,131.21915874929695,7.864452801374188,127.43756866455078
2021-02-17,127.43756866455078,130.19029612149492,-0.8636275385926706,81139823.8605875,49.28561399080306,-0.5599602321216866,33.42006916535347,5.205618272863879,35740141293.87853,131.95708199048335,131.12117183236342,6.47315347555835,126.33698272705078
2021-02-18,126.33698272705078,129.03430210316168,0.1233389863702028,85854886.70241123,43.86316775113672,-0.6899598616144011,32.13318801085337,5.077772201200193,35654286407.176125,131.71436230056491,130.9224223343442,5.447935357416161,126.49280548095703
2021-02-19,126.49280548095703,128.27185311650027,-2.979915456675386,86399060.69168785,40.68382907784746,-0.7987098015963312,31.337602958800012,4.979570507167715,35567887346.484436,131.33071515519524,130.66998717074,5.4252668461103335,122.72342681884766
2021-02-22,122.72342681884766,126.60732522720448,-0.1110931171068752,91654262.4841815,34.760244536462444,-0.9441881432582591,31.351462105538136,4.8781885181732845,35476233084.00025,130.74775655956438,130.28306698564137,6.464479746443109,122.58708953857422
2021-02-23,122.58708953857422,125.4012545206154,-0.4052157942609824,111639883.73892704,31.213927460282562,-1.0736512583554714,32.54816647546118,4.854012966354858,35364593200.26132,130.01680628542067,129.8181324651627,7.7613840798138325,122.09034729003906
2021-02-24,122.09034729003906,124.40798235144248,-3.478254131540659,111459888.61724892,28.623903507497364,-1.170262295370585,33.95715529265325,4.80564131271514,35253133311.64407,129.19365671852003,129.30288007337984,8.798733956184678,117.84373474121094
2021-02-25,117.84373474121094,122.43870806837302,0.2231384744310061,122481772.03207424,24.31596496879953,-1.300836686390887,35.581100414150725,4.79807881333997,35130651539.612,128.1966870985939,128.64914940623632,9.92460766608341,118.106689453125
2021-02-26,118.106689453125,121.13910248379861,5.385130176842057,135105360.42245197,21.966389680342676,-1.4001521625706739,37.24743573246715,4.792612556868893,34995546179.189545,127.09352821327843,127.93390684219463,11.199192238988124,124.46688842773438
2021-03-01,124.46688842773438,122.13743826697933,-2.089361341129936,129466122.29571638,27.742439176933427,-1.3248283954616085,38.584650259570225,4.896860167916591,35125012301.48526,126.09982987197556,127.38186221598366,12.073151308007033,121.86632537841797
2021-03-02,121.86632537841797,122.0561044004109,-2.445661853811587,121304555.60700145,27.563435473303898,-1.2098751731652557,39.45573842605886,4.950826528491569,35003707745.87826,125.16843666599812,126.8746471859291,12.811614703046565,118.8858871459961
2021-03-03,118.8858871459961,121.10503922408645,-1.5811920094777387,118803078.92490101,25.492117250171518,-1.1288556840570982,40.41076341163415,4.962179959527372,34884904666.953354,124.25991097625726,126.32516071337267,13.602685625828316,117.00607299804688
2021-03-04,117.00607299804688,119.87534935627457,1.0738500099763737,136608655.24743068,23.077379511223523,-1.0885606634476952,41.661128777318496,4.96424393331345,34748296011.705925,123.34401570156854,125.7108929650776,14.533720246200113,118.26254272460938
2021-03-05,118.26254272460938,119.39150736677499,-4.167362324839297,141756038.67320147,22.186842040756332,-1.0258239631915336,43.11862753218602,4.9649359200611,34606539973.03272,122.45598112659601,125.1090467176202,15.225548117057444,113.33411407470703
2021-03-08,113.33411407470703,117.5742893791546,4.064987452986135,145542207.07124102,19.19140240297104,-1.0350648952709143,44.739735741576865,4.93367266317924,34460997765.96148,121.55267754179103,124.39145078062347,16.037860049005833,117.94113159179688
2021-03-09,117.94113159179688,117.68434204294728,-0.9166894153354921,140737284.9498687,19.89673429048237,-0.9635825551443138,46.268033493149986,4.983400160767188,34601735050.91135,120.78098629402425,123.7526785198924,16.4050718906369,116.85997772216797
2021-03-10,116.85997772216797,117.43703274671347,1.6502698198630705,132099089.4649081,19.485144915913377,-0.8658614601273373,47.68716711961074,4.999554457407525,34469635961.44644,120.08389133355134,123.1511884462563,16.495905771798164,118.78848266601562
2021-03-11,118.78848266601562,117.84246772250413,-0.7625253021160683,123377312.62543567,22.322054774358712,-0.7131870352271243,48.89737808748921,5.038993326757255,34593013274.07188,119.62426729896445,122.64559599637514,16.199032356747253,117.8826904296875
2021-03-12,117.8826904296875,117.85453453465914,2.44565442505138,112795648.83780496,22.40968079378789,-0.5575507131220903,50.07003078339866,5.007682638466844,34705808922.90968,119.2958105040505,122.18930442859265,15.602281118434933,120.76569366455078
2021-03-15,120.76569366455078,118.72788227362662,1.2743192068785714,106678094.18646346,28.680482694878926,-0.3519809369161466,50.588371130273515,5.011108411046197,34812487017.096146,118.95485490471523,121.85964517573875,14.489958890806937,122.30463409423828
2021-03-16,122.30463409423828,119.8009078198101,-0.6450555256026336,109243035.93052442,35.57032136406868,-0.11234493948174729,49.654773374937335,5.044260859189337,34921730053.02667,118.72933524665514,121.66357495136458,13.049555341261916,121.51570129394531
2021-03-17,121.51570129394531,120.31534586205066,-3.390504332622224,110049905.1513671,38.63126630706412,0.10068929778378521,48.301192456262,5.033905071702177,35031779958.17804,118.65036591045157,121.53517218095372,11.560543089446522,117.39570617675781
2021-03-18,117.39570617675781,119.4394539564628,-0.448045107358086,113403843.60595696,35.53572336701441,0.19692535991423288,47.2432179134399,4.954967965682559,34918376114.57208,118.60677637047039,121.33557996909744,10.149501484485093,116.86972045898438
2021-03-19,116.86972045898438,118.66853390721926,2.8335757876763124,135047540.52416986,33.027226815090394,0.22115996113658465,46.49392122336467,4.883930121685565,34783328574.04791,118.53447902451481,121.0815755822519,8.654030808500886,120.18131256103516
2021-03-22,120.18131256103516,119.12236750336402,-0.6888789362640146,128106968.36691889,35.896058486992885,0.27665187183334217,45.87461557025619,4.883105926642778,34911435542.41483,118.68928683693575,120.89498433664353,7.357922092182222,119.35340881347656
2021-03-23,119.35340881347656,119.19167989639777,-1.999349266710515,118315007.85684322,36.34453675339431,0.32365649045145073,45.057293090731406,4.864904043638359,35029750550.271675,118.8400206222808,120.73276486614394,6.1877434723119515,116.96711730957031
2021-03-24,116.96711730957031,118.52431112034952,0.41636896053345307,109379655.49979025,33.88631696336245,0.31512642924144174,44.469656088126115,4.824823291159001,34920370894.77188,118.9487484596444,120.52243593797303,5.157139261533849,117.45413208007812
2021-03-25,117.45413208007812,118.20325740826809,0.5141361958481472,106219168.84985317,32.73910192749291,0.2936182479560414,44.21782926268868,4.795943581934135,34814151725.92203,118.9848274282208,120.30156179228685,4.728148672072016,118.0580062866211
2021-03-26,118.0580062866211,118.15968207177397,0.14849976079382987,102574778.19489722,32.57789222333968,0.28214193314887126,44.19348740883902,4.760670221543429,34711576947.72713,119.01534218193227,120.09757324747609,4.582946500863753,118.23332214355469
2021-03-29,118.23332214355469,118.18177409330818,-1.2274378434437794,96048104.73642805,32.75866795125378,0.2811026841279558,44.13989635244727,4.732628079922833,34807625052.463554,118.96073136390042,119.91511618517438,4.017517334970934,116.7820816040039
2021-03-30,116.7820816040039,117.76186634651688,1.8765506526779108,92935243.31549963,31.054302638101422,0.25781158239242163,44.29847172521677,4.659416072920904,34714689809.148056,118.75682721657111,119.71004477196891,3.3227467407674895,118.97355651855469
2021-03-31,118.97355651855469,118.12537339812822,0.6958720675291241,100551810.32084975,34.24376182637257,0.27120250599313156,43.73932260076268,4.656367531929828,34815241619.4689,118.53782997017886,119.55912368874598,2.803507659325296,119.80146026611328
2021-04-01,119.80146026611328,118.62819945852372,2.3577089092856385,92912997.22459482,38.48306239794305,0.3151559263792827,42.49477391289492,4.666173328600442,34908154616.6935,118.45670452038497,119.47046423824862,2.6247990842997715,122.62602996826172
2021-04-05,122.62602996826172,119.82754861144511,0.24625394430939362,91634458.05721638,47.22310628147906,0.4196933891847432,40.20222791544476,4.708812169309105,34999789074.75071,118.57260599080756,119.50447227379115,2.7233477067381204,122.9280014038086
2021-04-06,122.9280014038086,120.75768444915414,1.3390230231723699,88195510.64005145,52.821327440641355,0.5385865985557641,37.52947102571576,4.73213788253789,35087984585.39076,118.73613768538657,119.62382581430191,3.0532975326375658,124.57403564453125
2021-04-07,124.57403564453125,121.90258980776727,1.923369480274828,86776867.44803602,58.63730764122288,0.6727236745404843,35.799283686674514,4.752868000763718,35174761452.8388,119.00722867652352,119.84085095653671,3.7341493934737917,126.97005462646484
2021-04-08,126.97005462646484,123.42282925337653,2.0251806564977937,87397187.21362521,64.83603012885472,0.8318032948727072,35.118471394184745,4.789123200703795,35262158640.05242,119.49708048982622,120.18199174671193,4.797390627648423,129.5414276123047
2021-04-09,129.5414276123047,125.25840876105497,-1.3233266903245555,93184041.04953764,70.57081925577944,1.0164056203240028,35.38319218008476,4.8401351262140775,35355342681.10196,120.2025956251049,120.66546003379221,6.3752308269860585,127.8271713256836
2021-04-12,127.8271713256836,126.02903753044353,2.4306632169397657,92654828.73467635,72.59177657087362,1.1370486617409217,36.105706151870905,4.840473807045694,35447997509.83663,120.98953117097187,121.17627693823519,7.735454301387349,130.93421936035156
2021-04-13,130.93421936035156,127.50059207941594,-1.785336162094786,92238330.11427343,75.98339108665445,1.25341883729932,37.243976552617845,4.88338734664439,35540235839.950905,121.92141296958263,121.77859266596668,9.3482845718187,128.5966033935547
2021-04-14,128.5966033935547,127.82939547365757,1.8708172934820855,90733671.0799914,76.67783794579647,1.2852260423307587,38.612781309460075,4.893761003662201,35630969511.0309,122.9281658822967,122.35485960003248,10.71100361528329,131.00241088867188
2021-04-15,131.00241088867188,128.78130009816186,-0.25280203285261704,90317699.75599398,78.60647908334428,1.2991990041585122,40.083771675374095,4.93285321506913,35721287210.786896,123.99375855230006,122.96690155223529,12.087673683064835,130.67123413085938
2021-04-16,130.67123413085938,129.3482803079711,0.5068738052727451,88699109.82919578,79.68412784784434,1.2737352078810338,41.55953172072021,4.931150311023725,35809986320.61609,125.0657666372448,123.57465190992441,13.256190058829493,131.3335723876953
2021-04-19,131.3335723876953,129.94386793188835,-1.2830139662977302,90368636.88043705,80.77940551669273,1.223810628065293,43.06752340298809,4.927206640083213,35900354957.49653,126.07739856928913,124.18124391201621,14.191379296456436,129.64854431152344
2021-04-20,129.64854431152344,129.85527084577888,0.2929861626592256,91701735.81630594,80.08771294624314,1.1147192501958318,44.567359865816655,4.908983677218703,35808653221.68022,126.9871572089516,124.72162742951743,14.872916083737614,130.0283966064453
2021-04-21,130.0283966064453,129.90720857397878,-1.1685445155987684,84845345.07141414,80.1947761923431,0.9806899527290844,45.6995809645812,4.87983458016944,35893498566.75163,127.78761908557274,125.2154923004185,15.338659329335773,128.5089569091797
2021-04-22,128.5089569091797,129.48773307453905,1.803890613150405,84761691.5499899,76.61196282756313,0.8057364059764986,46.601767939221,4.844639725156055,35808736875.201645,128.39410946768902,125.62237237414428,15.39537510519456,130.82711791992188
2021-04-23,130.82711791992188,129.8895485281539,0.29777629420311147,82930434.08499292,77.6423693570706,0.6648801203093928,47.521872654326614,4.8596144654584625,35891667309.28664,128.8572234443989,126.02877010309757,15.247668382479066,131.21669006347656
2021-04-26,131.21669006347656,130.2876909887507,-0.244946837675164,78122833.85949504,78.64625760443664,0.5510294584463749,48.429364675944306,4.855918014652457,35969790143.14613,129.2830887902296,126.4343816160169,14.922854444495123,130.89527893066406
2021-04-27,130.89527893066406,130.4699673713247,-0.6027031062955768,74490723.70164654,79.10874584393153,0.4450416618275388,49.34723073626742,4.83931665557099,36044280866.84778,129.58002631942048,126.81872311652242,14.374448287386306,130.1063690185547
2021-04-28,130.1063690185547,130.36088786549368,-0.07490631433137995,84471536.59115258,78.01974389037733,0.32993022014251805,50.211521164023836,4.813213101158591,35959809330.25662,129.83317555860413,127.15607214023396,13.38930299372457,130.0089111328125
2021-04-29,130.0089111328125,130.25529484568932,-1.5132981794930278,104460375.6138068,76.91592666287863,0.2146051081535827,51.24421631569996,4.842326330887079,35855348954.642815,129.98057503335687,127.45123620742018,12.147178859865251,128.04148864746094
2021-04-30,128.04148864746094,129.5911529862208,0.821502963714793,106074112.92966476,70.18963127779517,0.06905719416676437,51.4037229751068,4.833580503672615,35749274841.71315,130.00486230118184,127.6550378054012,10.597230977382978,129.09335327148438
2021-05-03,129.09335327148438,129.44181307179988,-3.5385547161541853,96792409.05076532,68.73406686965713,-0.055107862294263565,51.348006501003105,4.853501533977896,35652482432.662384,129.954656815173,127.82520687839155,9.054077995249406,124.52531433105469
2021-05-04,124.52531433105469,127.96686344957632,0.19556075433428965,109024096.33553572,56.313135826077044,-0.2438333332008482,49.18335703499313,4.813803432698509,35543458336.32685,129.76581607555272,127.83869798040915,7.394771662321879,124.76883697509766
2021-05-05,124.76883697509766,127.00745550723272,1.28024231334547,101517137.434875,49.98555845808567,-0.42967430900050196,46.396695913775424,4.811804220820244,35441941198.891975,129.47584076887813,127.75953203058282,5.871801086935019,126.36618041992188
2021-05-06,126.36618041992188,126.81507298103946,0.5327334283720786,94500486.20441249,48.80140742970362,-0.5540361632981432,43.09555866615852,4.814133850329704,35347440712.68756,129.20857475952815,127.66958354967393,4.755762823239352,127.03937530517578
2021-05-07,127.03937530517578,126.88236367828036,-2.580452402979827,89842330.34308875,49.25423869920332,-0.615510342424608,40.030216936228534,4.817355543151946,35437283043.03065,128.90785627454082,127.59461022858883,4.272398613977398,123.76118469238281
2021-05-10,123.76118469238281,125.9460099825111,-0.7410046317181784,89310991.24016212,43.490053662370755,-0.6969925349297184,37.76509418640468,4.769805267153654,35347972051.79048,128.47368817391686,127.43760068134334,4.2995282963920385,122.84410858154297
2021-05-11,122.84410858154297,125.01543956222065,-2.4938541146332205,100360533.86811349,38.649132089250955,-0.7847862693223864,36.85982154137189,4.690447730973262,35247611517.92237,127.92823539300645,127.20691866999832,4.965656479867225,119.78055572509766
2021-05-12,119.78055572509766,123.44497441108375,1.7919694530091013,103904063.70767944,32.14592263527503,-0.9109815634243015,36.74138252188796,4.57683911268027,35143707454.21469,127.23664404756545,126.8486382643874,6.124652403287975,121.92698669433594
2021-05-13,121.92698669433594,122.9895780960594,1.9844612555717012,104491234.5953756,30.54112976560563,-0.9813934459732089,36.79445427820118,4.541406511249131,35039216219.619316,126.51007237260245,126.48110872454664,7.196750707813597,124.3465805053711
2021-05-14,124.3465805053711,123.3966788188529,-0.9258541736267278,97719264.21676292,33.72629093507267,-0.9558709194495788,36.72458685805703,4.54883830997739,35136935483.83608,125.89062495586565,126.18735349543296,7.878007480650115,123.1953125
2021-05-17,123.1953125,123.33626892319703,-1.1245486595535592,90676864.95173404,33.48093746611414,-0.8992133091931565,36.67908485691398,4.511552868218487,35046258618.884346,125.28007054100536,125.9158216314105,8.354710411747067,121.80992126464844
2021-05-18,121.80992126464844,122.87836462563244,-0.12817340990500803,82476675.46621382,31.604133854767888,-0.8493285922783219,36.71838313687005,4.471955884551294,34963781943.41813,124.77122065861099,125.62654001181258,8.809139008196988,121.65379333496094
2021-05-19,121.65379333496094,122.51099323843098,2.1012070812119754,85517272.82634968,30.14417724883454,-0.7985906424872238,37.131058038283854,4.417034724162166,34878264670.59178,124.32157443173081,125.32982127149052,9.191326164167688,124.20999145507812
2021-05-20,124.20999145507812,123.02069270342511,-1.4767034723605965,82919220.97844477,34.65447719850474,-0.6921849076254805,37.06940608357894,4.416675394800232,34961183891.57023,123.94213640396937,125.10990426500808,9.382478988335974,122.37577819824219
2021-05-21,122.37577819824219,122.82721835187021,1.3314182921511764,81832074.68491134,33.76334490261848,-0.5997629288050851,36.59727404125343,4.403013255360439,34879351816.885315,123.53662187132835,124.892505606614,9.423947208979618,124.00511169433594
2021-05-24,124.00511169433594,123.18058635460991,-0.15736208069130342,76210322.27943793,36.95224535308855,-0.48468542764893,35.89118436714882,4.419015957320367,34955562139.16475,123.26007950853823,124.72946567785169,9.184951404698923,123.80997467041016
2021-05-25,123.80997467041016,123.36940284934997,-0.039407146441328145,74950075.59560655,38.65182533404726,-0.37083703345708985,34.8991847075848,4.427186563720659,35030512214.76035,123.09547583725116,124.59993588466105,8.71599063524391,123.76118469238281
2021-05-26,123.76118469238281,123.48693740225983,-1.2376749408474885,69437822.91692458,39.740770149227465,-0.2674309750359587,33.97804216656107,4.414343989784799,35099950037.67728,123.09967213636877,124.49393602919427,8.078812355338785,122.22942352294922
2021-05-27,122.22942352294922,123.10968323846664,-0.5348091596859228,76994156.0418472,37.44339155090398,-0.206957417522581,33.30909626176192,4.394520689029649,35022955881.63543,123.11168265060951,124.36210243007736,7.294942649832154,121.57572937011719
2021-05-28,121.57572937011719,122.6494970779618,-0.2648166879131608,75289239.22929303,34.800575628834544,-0.1813840721182316,32.95743559055327,4.3639796615340645,34947666642.406136,123.0369644765204,124.1989971584473,6.548352020872661,121.25377655029297
2021-06-01,121.25377655029297,122.23078091966114,0.627623210884054,72993597.46050513,32.54941844971224,-0.17596617090864342,32.96583478707821,4.331491338857717,34874673044.94563,122.92641567616681,124.01154799284862,5.612332078238156,122.0147933959961
2021-06-02,122.0147933959961,122.16598466256161,-1.2154215389086676,68879188.22235358,32.20226562591025,-0.16047792320752508,33.17287564192789,4.302975285717066,34805793856.72328,122.85517767985972,123.83578005663081,4.993633967918835,120.53179931640625
2021-06-03,120.53179931640625,121.675729058715,1.9022246888661165,71084191.75564751,29.6275430748881,-0.16627575686860774,33.71260602688016,4.2529876324415286,34734709664.967636,122.77165126188811,123.63006091397216,4.62017465700867,122.8245849609375
2021-06-04,122.8245849609375,122.02038582938175,0.007926025090965183,72309724.22895326,33.64426183708747,-0.1314502286086794,34.00299355700616,4.249964587382319,34807019389.19659,122.67162057448378,123.47675852496354,4.053279136068486,122.83432006835938
2021-06-07,122.83432006835938,122.26456610107503,0.6672178005905582,71934086.96026728,36.413388582247556,-0.07910094961221836,34.03212094632044,4.2318306826617835,34878953476.15685,122.61535534940425,123.36131162745036,3.122457967070925,123.65389251708984
2021-06-08,123.65389251708984,122.68136402587947,0.30770202775087796,72675000.8721871,40.94372117231006,-0.007316016433770556,32.819097807629724,4.249911986654422,34951628477.02904,122.56543311653121,123.29655471301504,2.2834463499832203,124.03437805175781
2021-06-09,124.03437805175781,123.08726823364296,-0.8023221868838637,67935870.61053097,45.04970400940301,0.07220918654805264,31.242217685168885,4.258369023455118,35019564347.63957,122.53721965496051,123.27662266736056,1.671816871769665,123.03922271728516
2021-06-10,123.03922271728516,123.07285457873562,0.9832580734032481,68911029.42737168,44.930243304889125,0.12542871474016848,29.287245739871523,4.2616644266511425,34950653318.212204,122.4958113726081,123.25721618272962,1.6178387041200832,124.24901580810547
2021-06-11,124.24901580810547,123.42570294754657,2.457795912171812,64294440.59916017,48.52855025788211,0.18252242694091037,27.451008817622277,4.2667874808172,35014947758.81136,122.52741334351609,123.27326254128363,1.6736319642815285,127.30280303955078
2021-06-14,127.30280303955078,124.58883297514782,-0.6437616869352625,74078058.41941212,58.21981116651289,0.2903457328531919,26.453008906091878,4.313492965965356,35089025817.230774,122.7213469332347,123.3985549635564,2.0597947420466394,126.4832763671875
2021-06-15,126.4832763671875,125.15716599275973,0.39336086149606153,70678530.89358848,61.98611572875411,0.38569277716352,26.22539332727818,4.322073890554503,35159704348.12436,123.01398544054457,123.56604172824244,2.604534051235249,126.9808120727539
2021-06-16,126.9808120727539,125.70425981675797,1.2601398408964792,77019471.62551194,65.23497699990358,0.4659871852162554,26.51661525279755,4.329465401506871,35236723819.74987,123.3678129559642,123.76968154619631,3.240121923649028,128.58094787597656
2021-06-17,128.58094787597656,126.56726623452354,-1.0091932992360775,82930140.13785836,69.64247546802858,0.5517364515805798,27.462207143501416,4.360835431715134,35319653959.887726,123.85696667354506,124.03611818317987,4.015491247034309,127.28331756591797
2021-06-18,127.28331756591797,126.78208163394186,1.4103882096559106,90737088.09650084,70.6402625697687,0.5937860437432042,28.549253009765213,4.350544762760737,35410391047.98423,124.33313625400108,124.29763851182386,4.6868020357058,129.07850646972656
2021-06-21,129.07850646972656,127.47100908467726,1.2698112099019276,87414951.6675506,73.63334903447408,0.6351445826133584,29.868944272809564,4.360487427942466,35497805999.65178,124.85378055236129,124.59986428066705,5.4140515224399675,130.71755981445312
2021-06-22,130.71755981445312,128.44497430361002,-0.20896013006632685,83625546.16728541,77.17589499953728,0.6906447212042461,31.561857093714135,4.380686044597427,35581431545.81906,125.43014158013435,124.96606523523305,6.312810097132543,130.4444122314453
2021-06-23,130.4444122314453,129.0448056819606,-0.21689581175380335,76602142.31709978,79.0433604806175,0.7266486648734448,33.44763993660504,4.377138605391042,35658033688.13616,126.02589532496611,125.35451670634995,7.198904188137439,130.16148376464844
2021-06-24,130.16148376464844,129.37980910676694,-0.22489341770587368,74234799.62196985,80.0262898658789,0.7299885044469708,35.4367806377041,4.370942381752864,35732268487.75813,126.65659077776925,125.73787788734205,7.984830753559176,129.86875915527344
2021-06-25,129.86875915527344,129.52649412131888,1.2545882842821765,73199469.73537889,80.45848521195835,0.6989982040135194,37.35235466844867,4.353148548743346,35805467957.493515,127.26666989514648,126.09869848105413,8.592964846070815,131.49807739257812
2021-06-28,131.49807739257812,130.11796910269663,1.1500421566472685,69873018.81476521,82.1369501291634,0.6749072979393865,39.34026824848066,4.3636131064868,35875340976.30828,127.81958350790137,126.4814861593058,9.126799681997639,133.01036071777344
2021-06-29,133.01036071777344,130.98568658721967,0.4621332167484393,68277943.17033565,84.27133423849332,0.6724945846371173,41.448155642558916,4.38387896175074,35943618919.478615,128.40243556734734,126.91045762863094,9.624841586752153,133.6250457763672
2021-06-30,133.6250457763672,131.77749434396392,0.22630389376756543,66772980.21923495,85.92412697425975,0.6774186883280404,43.64699727680648,4.397389567299127,36010391899.69785,129.00975902006795,127.37398493485313,10.090361451008707,133.9274444580078
2021-07-01,133.9274444580078,132.4224793781771,1.9596519065760987,62486826.15346447,87.11214172373884,0.675769379754656,45.83279337614172,4.391333599921044,36072878725.85132,129.5952803344333,127.8547939294554,10.358018525081562,136.5519561767578
2021-07-02,136.5519561767578,133.6613224177513,1.4718514294615348,67396558.30742513,89.02770047801413,0.7064448586339727,48.13321797662317,4.423423405598244,36140275284.158745,130.28320441281423,128.40779664262644,10.75991596965234,138.56179809570312
2021-07-06,138.56179809570312,135.13146512113684,1.7955494160968088,79632130.81519759,90.77920405271793,0.7689237022160458,50.571584896795606,4.490880657448317,36219907414.973946,131.0492500164602,129.04814602153218,11.315767207381173,141.04974365234375
2021-07-07,141.04974365234375,136.90694868049889,-0.9199860317729569,87215971.5706383,92.364446654403,0.8657946418801794,53.05261253405052,4.574099027647229,36307123386.544586,131.8954474541491,129.79660341762425,12.127660616504231,139.75210571289062
2021-07-08,139.75210571289062,137.7604957902164,1.3054884737008,92723830.0994468,92.98851592713072,0.9183345948283494,55.45439922076445,4.59468000138944,36399847216.644035,132.76701646497466,130.55506935787113,12.843943656915346,141.57655334472656
2021-07-09,141.57655334472656,138.90531305656944,-0.4203544138884019,94873921.06961276,93.72885776595815,0.9568296236198517,57.78598824088108,4.635983523940541,36494721137.713646,133.7195668599549,131.35033066250907,13.448213505277717,140.98143005371094
2021-07-12,140.98143005371094,139.52814815571188,0.7889183654407272,89301654.74872893,94.09421805362032,0.9490111023012773,60.02839935440059,4.665133751932007,36584022792.46237,134.71973226339423,132.12917042376648,13.854434341066433,142.09365844726562
2021-07-13,142.09365844726562,140.29780124317801,2.410062015087644,92759288.32411024,94.51915893878757,0.9197805975771582,62.18190675195372,4.72294089101698,36676782080.78648,135.73771547744235,132.90713526371044,14.316715514851616,145.51820373535156
2021-07-14,145.51820373535156,141.86392199083008,-0.4492338581944755,103046741.82687716,95.26565262860048,0.9273941271772168,64.26186808578747,4.819517131120842,36779828822.61336,136.8255390178034,133.76016257105516,14.912076989220884,144.86448669433594
2021-07-15,144.86448669433594,142.7640914018818,-1.4075760079773847,104178809.278814,95.63375664943403,0.9130884925753158,66.24864084185104,4.875054811478227,36884007631.89217,137.92419872359517,134.61767960256248,15.421668627077304,142.82540893554688
2021-07-16,142.82540893554688,142.78248666198132,-2.6914258083636233,100900586.4951698,95.64121499076833,0.8274403957991723,68.12595898202322,4.911592582303854,36984908218.387344,138.9601994519756,135.39528027488808,15.700703228450857,138.9813690185547
2021-07-19,138.9813690185547,141.64215136895334,2.597405021341559,107060790.54661886,85.85102502087867,0.6257326596944153,68.7145084366622,4.856763686334111,36877847427.84073,139.7582823470958,135.99022037908478,15.430669559773719,142.59127807617188
2021-07-20,142.59127807617188,141.92688938111888,-0.5131910990231803,103847553.3826332,86.23005690664289,0.4513735207424312,68.90470938809247,4.891022191067209,36981694981.22336,140.437824773094,136.55561742689756,15.06655082430712,141.85951232910156
2021-07-21,141.85951232910156,141.90667626551368,0.9628795819684122,95191337.36784323,86.05382139532608,0.28280610672392914,69.08132455727772,4.88431246090601,36886503643.855515,140.9377975315955,137.06524207819433,14.639007049130239,143.22544860839844
2021-07-22,143.22544860839844,142.3023079683791,1.1988805533268643,89835396.15749025,86.6298112034556,0.15259908857912352,69.33164721857386,4.911154825406256,36976339040.01301,141.39197874941178,137.5640102582119,14.145791280957749,144.9425506591797
2021-07-23,144.9425506591797,143.09438077561927,0.2894634199235524,84318997.31024317,87.72303550624413,0.0782134313836762,69.65350600112583,4.94110374347924,37060658037.32325,141.81088552131675,138.0907122122507,13.57985973424759,145.3621063232422
2021-07-26,145.3621063232422,143.77469843990613,-1.4900407297533946,80753528.11717021,88.58627346266525,0.0354047244844784,70.07392138714324,4.9594208422637305,37141411565.44042,142.23554054973619,138.63204423393216,12.846565563363095,143.19615173339844
2021-07-27,143.19615173339844,143.6011344279538,-1.2195637851040164,87973049.68201914,86.90735851986132,-0.03994148684556764,70.5139883774839,4.947508661081392,37053438515.7584,142.56587386821377,139.10529091907708,11.901933939493427,141.4497833251953
2021-07-28,141.4497833251953,142.95572909712627,0.45519696597204895,97260494.7774134,80.77671583154763,-0.16175257863041326,69.66853604381868,4.914615903874801,36956178020.98099,142.67505457884337,139.4719993169865,10.775995704057339,142.09365844726562
2021-07-29,142.09365844726562,142.69710790216806,0.15104835029129404,85092196.34418938,78.39039646972165,-0.2812490917965653,68.78099998756136,4.897212836462393,36871085824.636795,142.66835622887197,139.77915251557522,9.512655622431856,142.30828857421875
2021-07-30,142.30828857421875,142.58046210378325,-0.23310383220984665,80696717.44093256,77.28145825258068,-0.3833291055466459,67.70393632852195,4.871739354372758,36790389107.19586,142.6481537730522,140.04594390492838,8.052697129452737,141.9765625
2021-08-02,141.9765625,142.39929222264828,1.2644638509051953,75351702.2086528,75.49511496116033,-0.4723856835263942,66.70380578798535,4.850252355721296,36715037404.987206,142.7238678584217,140.2700723161398,6.593520637029758,143.7718048095703
2021-08-03,143.7718048095703,142.8110459987249,-0.278246262110593,72182171.54605696,76.80724886581088,-0.5096952661424643,65.88623069871082,4.862282487249521,36787219576.533264,142.8122835201823,140.51206980971932,5.3064150558501675,143.37176513671875
2021-08-04,143.37176513671875,142.97926174012304,0.07484026201753924,67438010.08223987,77.34104940405966,-0.5269953344102016,65.17474710421087,4.852014343942431,36854657586.6155,142.91954206764322,140.74704046975776,4.380998789332192,143.47906494140625
2021-08-05,143.47906494140625,143.129202700508,-0.4766541558244297,61125917.0575679,77.83084427292718,-0.5308120534312364,64.55574236131059,4.837116126304882,36915783503.67307,143.00223154085612,140.97391306316254,3.499564751572793,142.795166015625
2021-08-06,142.795166015625,143.0289916950431,-0.034237265532433,59026181.94029753,76.63850113728152,-0.5407318776603369,63.9809522429032,4.801585560754201,36856757321.73277,142.9956926327985,141.16963483762737,2.8061208820739485,142.74627685546875
2021-08-09,142.74627685546875,142.94417724317077,-0.3354348788137229,55990937.35820827,75.58311011340045,-0.5517419870101339,63.409580929135196,4.759274522543322,36800766384.374565,142.91264051312496,141.33863887625054,2.1184074405540994,142.2674560546875
2021-08-10,142.2674560546875,142.74116088662578,0.17856759806256228,59900586.15074579,72.99199054512647,-0.5691441356464351,62.9558095673149,4.7361535334745755,36740865798.223816,142.82664315899214,141.47221240104818,1.5290296409101134,142.52149963378906
2021-08-11,142.52149963378906,142.67526251077476,2.0773340096864157,56478460.30552205,72.12763434998405,-0.5795926974795034,62.53445044562463,4.715047568420055,36684387337.9183,142.79859650035698,141.58678860197452,1.4324184800782558,145.48214721679688
2021-08-12,145.48214721679688,143.5173279225814,0.1410483686405284,61219702.21386543,76.03319576526094,-0.5258700181845075,62.452524200824165,4.740188459339231,36745607040.132164,142.88061850239833,141.77064948965136,1.5094343489582507,145.68734741210938
2021-08-13,145.68734741210938,144.16833376943976,1.3547985989602163,60666291.549705796,78.53712102313695,-0.44573669071616173,62.624203547362605,4.739765754835342,36806273331.68187,143.03940566896398,141.99900037344074,1.732117184310372,147.66111755371094
2021-08-16,147.66111755371094,145.2161689047211,-0.6154000999677667,73455204.08479404,81.82796664193913,-0.3269097598689559,63.14365090565626,4.755838624217706,36879728535.76666,143.32109333717125,142.30539737641982,2.0927055212861827,146.75241088867188
2021-08-17,146.75241088867188,145.6770414999063,-2.550104673053455,79087552.85935584,83.05836954633668,-0.22677301669837258,63.87987104999816,4.750493914270227,36958816088.626015,143.60769288728937,142.62650634056138,2.524710727590617,143.01007080078125
2021-08-18,143.01007080078125,144.87695029016876,0.23230137123106953,81259087.00154908,73.72569739830242,-0.22355515723182773,63.93360415706133,4.730243347470675,36877557001.624466,143.79746174229396,142.84083433576205,2.5709354126612904,143.34228515625
2021-08-19,143.34228515625,144.41655074999312,1.0156822168855273,82969450.90108436,68.92629041472641,-0.2590650057570194,62.69991616766403,4.722645175874139,36794587550.72338,143.92619654724248,142.99090256568883,2.5523760495329544,144.79818725585938
2021-08-20,144.79818725585938,144.531041701753,1.0257132782843792,76243495.63075906,69.45873772814622,-0.279708516736227,61.55434874893796,4.727029285790875,36870831046.35414,144.07640154791346,143.1375824834092,2.6185596740844437,146.2834014892578
2021-08-23,146.2834014892578,145.05674963800442,-0.060124155755780784,71409986.94153133,71.84438689804546,-0.26307150883184716,60.67949997448392,4.744124369374383,36942241033.29567,144.28765878739682,143.3203603076564,2.773790396188824,146.19544982910156
2021-08-24,146.19544982910156,145.39835969533357,-0.8421297632361324,64568910.859071925,73.30367765183155,-0.2350890367446974,60.11515842759315,4.751646346954793,37006809944.15474,144.5533786682676,143.51826501124467,2.97902997043307,144.96429443359375
2021-08-25,144.96429443359375,145.26814011681162,-0.5527252594106802,62895627.601350345,71.77650041465331,-0.23103758454316314,59.66503318005249,4.743098014128397,36943914316.55339,144.81266642887132,143.6849197832034,3.084118681738004,144.1630401611328
2021-08-26,144.1630401611328,144.93661013010797,0.7184583105459996,58606099.32094524,67.89810110139464,-0.2545185943672468,59.189110002007496,4.724954512136925,36885308217.232445,144.95459464962397,143.80412838767052,3.0691298669019287,145.19879150390625
2021-08-27,145.19879150390625,145.01526454224745,3.0417261995588696,57764989.52466167,68.33525185981067,-0.2672683952320476,58.271437475724895,4.7102042071295465,36943073206.7571,145.03928772690475,143.91947468810642,3.0107322057423995,149.61534118652344
2021-08-30,149.61534118652344,146.39528753553026,-0.8424721150256054,67722502.66726317,74.81538282915588,-0.1889642552399977,58.19533505738629,4.7773524327775,37010795709.42437,145.15719958998568,144.15526638786108,3.1356673919642932,148.35487365722656
2021-08-31,148.35487365722656,146.98316337203914,0.44787471644629484,73341681.8670842,76.976885558766,-0.1078163947205919,58.44078381866662,4.786869695858457,37084137391.29145,145.28781177719895,144.42458991016377,3.4022552099911136,149.01931762695312
2021-09-01,149.01931762695312,147.59400964851335,0.7474813462446273,75433287.30695894,78.99427233577116,-0.027428395017538687,59.109575836052585,4.832447039170809,37159570678.59841,145.5595177130334,144.72643940905422,3.753745526844573,150.13320922851562
2021-09-02,150.13320922851562,148.35576952251404,0.4230455334973682,74137951.11487126,81.20592488687352,0.05796273496040283,59.95664911429416,4.880677381350534,37233708629.71328,145.95343959028548,145.07208989605041,4.213688358437268,150.76834106445312
2021-09-03,150.76834106445312,149.07954098509575,1.5489202544664016,69239175.78040987,83.03374406789113,0.1394569454657395,60.878839539557035,4.903801066759062,37302947805.49369,146.40828951861977,145.45375190453092,4.701216807001044,153.10362243652344
2021-09-07,153.10362243652344,150.28676542052403,-1.0083319388797807,73150913.04628691,85.55689923272809,0.24477156986887438,62.0174728800184,4.952856870323685,37376098718.53998,146.93129109687172,145.9140389060541,5.346168185142111,151.55982971191406
2021-09-08,151.55982971191406,150.66868470794105,-0.6704974767495986,73531699.13240084,86.25339984546457,0.3062686711869449,63.22595844230294,4.96296129933967,37449630417.67238,147.45832359813247,146.3668623157576,5.810786102156433,150.5436248779297
2021-09-09,150.5436248779297,150.63116675893764,-3.3101875760121025,68663899.39268059,85.81559610682349,0.30961246545165544,64.39229257014026,4.960683669609298,37380966518.2797,147.99462626234507,146.77298654844142,6.020414351023552,145.5603485107422
2021-09-10,145.5603485107422,149.109921284479,0.38935187306008423,90332689.5748764,70.24622332427374,0.1809379123979551,63.40686288258001,4.958682221284559,37290633828.70483,148.4119573777822,146.9955517613974,5.928867914873906,146.12709045410156
2021-09-13,146.12709045410156,148.21507203536575,-0.9562281335152356,93954172.70241347,63.00495169578941,0.015824899184579744,61.342553939101016,4.976687724950305,37196679656.00241,148.73193812709403,147.11169654939437,5.76852479895107,144.7297821044922
2021-09-14,144.7297821044922,147.16948505610367,0.6143904313869575,98556810.89168942,55.77071015824793,-0.1731273358711971,58.17343224289804,4.987667641158046,37098122845.11072,148.80935787915135,147.1172002167,5.670875187442519,145.61898803710938
2021-09-15,145.61898803710938,146.70433595040538,-0.16107659353392645,93974157.6241826,52.86277329605789,-0.3296795636443084,54.3533915542522,4.988859287316419,37004148687.486534,148.78147513698798,147.07787981038626,5.613754692153569,145.38442993164062
2021-09-16,145.38442993164062,146.30836414477594,-1.834777266041654,86192140.33692782,50.4511650781809,-0.4525512279824426,50.493514862537815,4.954537155096734,36917956547.149605,148.6529105866142,147.00459260413768,5.469881802877681,142.71694946289062
2021-09-17,142.71694946289062,145.23093974021035,-2.136115755442747,99295138.23584947,44.502150445721206,-0.590328689056403,47.47914225462586,4.899678631385683,36818661408.91376,148.34042760838383,146.83567328376367,5.3401513655963475,139.66835021972656
2021-09-20,139.66835021972656,143.5621628840652,0.34279421476723915,106550266.76509462,37.187874558664156,-0.76661954603421,45.8413873170757,4.8045213390509485,36712111142.14867,147.7886897982808,146.5239103885543,5.544349923188019,140.14712524414062
2021-09-21,140.14712524414062,142.53765159208783,1.687244043941849,97335386.73556623,33.542902946272335,-0.9149455912065176,44.7538330437714,4.74539341070633,36614775755.4131,147.0137784154372,146.14426669365275,6.069180518677603,142.51174926757812
2021-09-22,142.51174926757812,142.5298808947349,0.6719416680496693,91056060.71489635,33.51606966357977,-0.9709969821881599,43.900901672326924,4.7399061291594915,36523719694.698204,146.1998980341166,145.8000394747082,6.569534220986573,143.46934509277344
2021-09-23,143.46934509277344,142.81172015414646,0.06128218019065823,83190702.50042744,35.53050623841531,-0.9455787716504618,43.10889397027134,4.732661105460842,36606910397.19863,145.41795337363746,145.51543763465472,6.943505025775485,143.55726623535156
2021-09-24,143.55726623535156,143.03538397850798,-1.0549980554133365,74276861.75029922,37.1578046539072,-0.8719869128718427,42.27700366769368,4.712266019109623,36681187258.94893,144.81049964304034,145.27924204835503,7.2150751098627595,142.04273986816406
2021-09-27,142.04273986816406,142.7375907454048,-2.3801275186479898,74239013.22520944,35.859949064931556,-0.8033492881257835,41.711376993118286,4.649519379968602,36606948245.72372,144.26275151404425,145.03718001950264,7.528972780387161,138.6619415283203
2021-09-28,138.6619415283203,141.51489598027945,0.6482968795409993,84658999.2576466,31.062593108668928,-0.7986090385059441,41.656872099715294,4.567114223495524,36522289246.46607,143.69729260646184,144.70172439671947,8.106174362536532,139.56088256835938
2021-09-29,139.56088256835938,140.92869195670343,-0.931200090266382,81641899.48035261,29.055636017836864,-0.7917273737272694,41.857548907443665,4.53971389742573,36440647346.98572,143.11972820709164,144.3423879738608,8.70300476775802,138.26129150390625
2021-09-30,138.26129150390625,140.12847182086426,0.8127276491619373,83866339.63624683,26.535240115114973,-0.7957177611215229,42.311905754905254,4.527891008702379,36356781007.34947,142.5017389747005,143.94106262595636,9.319630706998016,139.38497924804688
2021-10-01,139.38497924804688,139.90542404901905,-2.4605642594518917,87098317.74537277,25.86184346066882,-0.7676659638651699,43.16215981331973,4.523009323667987,36269682689.604095,141.96918740558135,143.55671609481948,9.761654066627955,135.955322265625
2021-10-04,135.955322265625,138.72039351400082,1.4158524475059941,90465422.42176095,22.582833734566776,-0.7806430941597,44.293730818281944,4.483450902870324,36179217267.182335,141.48501046857493,143.0961139442653,10.191356220230336,137.8802490234375
2021-10-05,137.8802490234375,138.4683501668318,0.6306910488129924,87584125.69523266,21.945511151296497,-0.7573357725471851,45.46231046711108,4.4963357648804605,36091633141.4871,141.0780803260493,142.6553745368907,10.217046550635166,138.74984741210938
2021-10-06,138.74984741210938,138.55279934041508,0.9084350678700615,86275217.98666286,22.732345748053422,-0.6893075797529991,46.7189324082867,4.49985540607633,36177908359.47376,140.68037217061732,142.2646530896073,9.853742709326676,140.0102996826172
2021-10-07,140.0102996826172,138.9900494430757,-0.2721204832538904,78912462.590664,26.8443417644302,-0.5727293590736453,47.4089085801109,4.522935281479019,36256820822.06443,140.29820509951023,141.9527860756519,9.095347865583365,139.62930297851562
2021-10-08,139.62930297851562,139.18182550370767,-0.06303311227303654,72870683.81346479,28.63812663406653,-0.4461923582802092,47.73054220058803,4.5303677228840185,36329691505.87789,139.91284925203018,141.68888506880003,8.441817605513608,139.54129028320312
2021-10-11,139.54129028320312,139.2896649375563,-0.9102700957837162,70345138.66942535,29.682258231202862,-0.3243863425090312,47.5556784325106,4.549134385308571,36400036644.54732,139.56805667124536,141.46038791344347,7.763376417522421,138.27108764648438
2021-10-12,138.27108764648438,138.9840917502347,-0.4240027350173814,71152367.06859773,28.413619727870124,-0.23757457470162668,47.44302869218083,4.543323615844995,36328884277.47872,139.31497624824087,141.22455018361407,7.1892099794732065,137.684814453125
2021-10-13,137.684814453125,138.5943085611018,2.022572199653516,73435466.9480184,26.837889544635512,-0.18207994495835567,47.64614859354225,4.509237672139848,36255448810.5307,139.08153790868073,140.97405098147004,6.573432373127867,140.46958923339844
2021-10-14,140.46958923339844,139.1568927627908,0.7512642824128113,72376956.86361288,32.643943333302815,-0.08793055182763565,47.477316271622904,4.52320936782181,36327825767.39431,138.98438000287337,140.8009882939768,5.741946503422576,141.52488708496094
2021-10-15,141.52488708496094,139.8672910594418,1.1806177375141225,71045959.80452901,39.204835919355624,0.03514499309865515,46.64909346336801,4.530302297770746,36398871727.19884,138.98056670391566,140.7120647478306,4.965720638759432,143.1957550048828
2021-10-18,143.1957550048828,140.8658302430741,1.5079689576734001,75408931.8631703,47.01698975563782,0.188207441849102,44.73901813153771,4.551729994133817,36474280659.062004,139.19511037682298,140.72670908071092,4.555074135445819,145.3551025390625
2021-10-19,145.3551025390625,142.2126119318706,0.3361434693625709,75699922.3042192,55.35061566484518,0.37383637477764786,41.628233568673735,4.596140421839714,36549980581.36623,139.56953655332688,140.86822363796423,4.495983435459428,145.8437042236328
2021-10-20,145.8437042236328,143.30193961939926,0.14739465200559465,70515585.61295344,60.7307814011726,0.5528642120510951,39.45472702595818,4.620694850686359,36620496166.97918,140.0444505812253,141.1000061123866,4.67074940973122,146.0586700439453
2021-10-21,146.0586700439453,144.1289587467631,-0.5284942145930116,67787209.9290674,64.25259521616809,0.7003696665117936,37.95151392008333,4.618989521908019,36688283376.90825,140.55834151159402,141.38847779185105,5.008177136297929,145.28675842285156
2021-10-22,145.28675842285156,144.47629864958964,-0.033639611687763527,65116066.95034718,65.64611703425328,0.7881767308194213,36.98834258646499,4.607216767700553,36753399443.8586,141.08778882618222,141.68255596877853,5.375899875708946,145.23788452148438
2021-10-25,145.23788452148438,144.70477441115804,0.45749718174759035,60797426.865243025,66.56929396207403,0.824580963315741,36.238764592704705,4.588336333036457,36814196870.72384,141.6292997735424,141.9703862966242,5.823219794957426,145.90234375
2021-10-26,145.90234375,145.06404521281064,-0.31476106730743414,60826218.80567011,68.024398854757,0.8333261737345894,35.90551628657179,4.59778781086272,36875023089.52951,142.2372951198,142.26502047911816,6.42498406025875,145.44309997558594
2021-10-27,145.44309997558594,145.17776164164323,2.49916096284013,59406823.16396908,68.49187269908649,0.8067067812505786,35.65027814565785,4.587428360735712,36934429912.69348,142.89564042785415,142.54242439935865,6.969992750533194,149.0779571533203
2021-10-28,149.0779571533203,146.34782029514633,-1.8155730829552907,71608146.21477835,72.88450838167992,0.8248916183696647,36.01894992929358,4.647969071709377,37006038058.90826,143.6147331810897,142.90484305610033,7.668389067135156,146.371337890625
2021-10-29,146.371337890625,146.35487557378994,-0.5607347836747323,87611662.35034484,72.90903390638105,0.794105346138783,35.673257124517285,4.6061935956217575,37093649721.2586,144.2634916325245,143.23341758159458,8.19301285933984,145.5505828857422
2021-11-01,145.5505828857422,146.1135877673756,0.7115882359662873,83704653.64524138,70.55855482916054,0.7165801963290657,35.351751169697806,4.551663796064706,37009945067.61336,144.78826738495468,143.5077195040499,8.387856290254607,146.5863037109375
2021-11-02,146.5863037109375,146.25540255044416,0.9798494380993228,79329857.55166897,71.14730659151996,0.6366395010393292,35.30849010023183,4.547671440118592,37089274925.16502,145.192546446812,143.76940360370648,8.429148962359005,148.0226287841797
2021-11-03,148.0226287841797,146.7855704205648,-0.3498367301455474,71884350.28616828,73.29715214180194,0.5827081685326926,35.51316178005799,4.562991253103196,37161159275.451195,145.54090952692854,144.0566575862644,8.43642921871324,147.50479125976562
2021-11-04,147.50479125976562,147.00133667232504,0.35823369581522435,68437425.2003178,74.14160848471761,0.5265136837306064,35.94816580268832,4.569614259511012,37229596700.65151,145.82814731948474,144.3371032135083,8.413843959816688,148.033203125
2021-11-05,148.033203125,147.3108966081275,-0.5552438054965525,67545367.64022246,75.34622539666384,0.47663216927301777,36.4817781614778,4.576610458582497,37297142068.29173,146.11160711533853,144.62032163204347,8.333413017330141,147.2112579345703
2021-11-08,147.2112579345703,147.28100500606035,0.24592550486715048,63788027.34815572,74.9829807042728,0.4105730284853055,36.97727535178231,4.558876425278312,37233354040.94358,146.36923017482877,144.8737200486165,8.117300806676147,147.5732879638672
2021-11-09,147.5732879638672,147.3686898934024,-1.9163379556738747,61687989.143709004,75.35827258230458,0.34440467213586556,37.4373798856365,4.540060553257717,37295042030.08729,146.59969464288798,145.11133622431038,7.6725126844302105,144.7452850341797
2021-11-10,144.7452850341797,146.58166843563558,-0.03378653676613386,62737722.4005963,65.81485284951346,0.2250298327810123,36.940879836800946,4.485330015709065,37232304307.68669,146.74008532228717,145.2513678634842,6.7949912999187205,144.69638061523438
2021-11-11,144.69638061523438,146.0160820895152,1.4337082357973152,56216405.6804174,59.94012489068955,0.0921826100005041,35.81748847409477,4.454027544000138,37176087902.00627,146.70691150172405,145.32419778977288,5.782668940731563,146.77090454101562
2021-11-12,146.77090454101562,146.24252882496532,0.006653651846422193,58492683.97629218,61.42477509901373,0.008190827347321461,34.256575225752286,4.460457774616118,37234580585.98257,146.6956768268416,145.41165788836264,4.730226487241794,146.78067016601562
2021-11-15,146.78067016601562,146.4039712272804,0.6666619539768437,58711718.78340452,62.49204477976062,-0.04494341711573413,33.19326187979803,4.47853690809895,37293292304.76597,146.72471517283208,145.50616392064055,3.744151673262242,147.7592010498047
2021-11-16,147.7592010498047,146.8105401740377,1.6490238545855185,58875063.14838316,65.11003217322917,-0.06020553101140136,32.3593330541093,4.495234025270994,37352167367.91435,146.78022893519145,145.6303902304879,3.0463830190846535,150.19578552246094
2021-11-17,150.19578552246094,147.82611377856466,2.8535955317923634,67854644.20386821,70.6254376957379,-0.011927586846237848,32.55289336128292,4.564920685538344,37420022012.11822,146.88428327099143,145.83950675887615,2.727390425594528,154.4817657470703
2021-11-18,154.4817657470703,149.82280936911636,1.6976097767340992,88846560.94270775,77.99171697811458,0.1362853235786612,33.81896272006505,4.693987556732393,37508868573.06093,147.16643054067058,146.21886891223235,3.169480343947893,157.10426330566406
2021-11-19,157.10426330566406,152.00724555008065,0.29272575669059275,97384272.65989542,83.01113465854232,0.35103651318221374,35.748248886956944,4.81740068662263,37606252845.720825,147.63606543486588,146.7701428777417,4.3228166765996905,157.56414794921875
2021-11-22,157.56414794921875,153.67431626982207,0.24219155222231503,103409360.8619268,85.69288626381899,0.5624178565996132,38.212763453339996,4.978583498678903,37709662206.58275,148.27539656124205,147.427683200797,5.692327811896782,157.9457550048828
2021-11-23,157.9457550048828,154.9557478903403,0.32836985091391213,101199122.60334875,87.34635476351039,0.7347136359494502,40.64854636620548,5.06743671802677,37810861329.1861,149.03410236093583,148.14464174265825,7.061313062620345,158.4644012451172
2021-11-24,158.4644012451172,156.00834389677334,-3.167810337922816,91678465.82234412,88.51999977562512,0.8572009962133302,43.025087371453594,5.106480046318716,37902539795.00844,149.97676990704963,148.8935657573359,8.320099409769966,153.44454956054688
2021-11-26,153.44454956054688,155.2392055959054,2.187339836688862,87262866.07564089,82.49863070580727,0.8238358524650331,44.94069001945783,5.064982116640045,37815276928.9328,150.89908225768863,149.49791240862822,9.111973021418754,156.8009033203125
2021-11-29,156.8009033203125,155.7077149132275,3.1577726344536705,87708466.25294861,83.24622338650244,0.7716405256049672,46.760088030286454,5.095447121582181,37902985395.185745,151.84560086651484,150.08932217097103,9.793042021140513,161.7523193359375
2021-11-30,161.7523193359375,157.5210962400405,-0.3206422277984289,113610356.37706402,85.77841518608271,0.7944468349892091,48.72238557464149,5.192899099735275,38016595751.56281,152.95731336779085,150.79711017754906,10.656421419290936,161.23367309570312
2021-12-01,161.23367309570312,158.63486929673928,-0.6129875144440855,125142999.46394481,87.07095133869637,0.8166091021014434,50.89606640876076,5.328131127308037,38141738751.02676,154.13974628006102,151.54356342699575,11.519707268975795,160.24533081054688
2021-12-02,160.24533081054688,159.11800775088156,-1.1724423857995103,128621859.62476136,87.59752908561909,0.7950990689468695,52.20442834254414,5.365421789342426,38270360610.65152,155.2689356772927,152.26493907688962,12.267815118543917,158.36654663085938
2021-12-03,158.36654663085938,158.8925694148749,2.150286499960008,125442231.73733294,85.8406979478404,0.7003117685468521,53.445881111455414,5.375716164964302,38144918378.914185,156.17591168186857,152.89614196622153,12.74095563618506,161.77188110351562
2021-12-06,161.77188110351562,159.75636292146712,3.544634811064684,120058662.21613306,86.92291865093289,0.6324806829409777,54.776255354594774,5.471073410982568,38264977041.13032,156.95082341900718,153.5494963429116,13.203296958904295,167.506103515625
2021-12-07,167.506103515625,162.08128509971448,2.278322924333742,120162683.55129313,89.29461663477773,0.6769053150803512,56.28938973534639,5.625992349106365,38385139724.68161,157.79152030199646,154.3620476530833,13.894140652783095,171.3224334716797
2021-12-08,171.3224334716797,164.85362961130403,-0.2970398351874737,119213548.48590519,91.31691817821189,0.8163714876396431,57.99814341236561,5.787287748511174,38504353273.16752,158.7813084740928,155.3612459348186,14.90122218812404,170.81353759765625
2021-12-09,170.81353759765625,166.64160200720968,2.801338093317063,116126593.94013363,92.32402499592382,0.9434158047455297,59.7701646040254,5.884421446263067,38620479867.10765,159.84463428513646,156.4355655607606,15.768240509207631,175.59860229492188
2021-12-10,175.59860229492188,169.32870209352333,-2.0674346521515896,115909425.75809354,93.5372155743953,1.1112444636942787,61.58389143260521,6.010387903492366,38736389292.865746,161.25358393489824,157.66348332578562,16.68234915324967,171.9682159423828
2021-12-13,171.9682159423828,170.12055624818117,-0.8023081231956164,127107698.03066547,93.84589414429456,1.1723551837277242,63.40762426450222,6.103430701071374,38863496990.89641,162.69486806839362,158.8498712231566,17.244955535303262,170.5885009765625
2021-12-14,170.5885009765625,170.26093966669555,2.8509114028942406,130789508.62146583,93.90150566004247,1.1191262671612598,65.11901562792858,6.156801923420083,38994286499.517876,163.96885241105912,159.93663964635078,17.320761590011717,175.4518280029297
2021-12-15,175.4518280029297,171.8182061675658,-3.9263860023789343,130871646.03502607,94.49570638022747,1.084893282343736,66.74973767268534,6.250522441518546,39125158145.5529,165.28718609814175,161.06821741027602,17.28803773661796,168.5629119873047
2021-12-16,168.5629119873047,170.84161791348745,-0.6501801087160919,136665892.22451824,88.66153688109158,0.9001837470096294,68.3179607956654,6.314897622535188,38988492253.328384,166.45954711440234,161.9990174582009,16.763812310065223,167.46694946289062
2021-12-17,167.46694946289062,169.82921737830839,-0.8122011306670673,154295934.55716276,82.94438769521419,0.6265040471235306,69.28261993218493,6.3157191107728,38834196318.771225,167.55321191074572,162.74475078392544,16.086244880628872,166.10678100585938
2021-12-20,166.10678100585938,168.71248646657367,1.9086946193330956,140256884.19001395,77.04294744679046,0.3033202634878638,69.29121649318373,6.2476245050713475,38693939434.58121,168.44882426525635,163.3131065632253,15.38529117088834,169.27725219726562
2021-12-21,169.27725219726562,168.88191618578125,1.5318709969591948,125535588.93300976,77.30675867569057,0.047438545710646096,69.09380668477912,6.221482827879221,38819475023.51421,169.12888737386305,163.8434693844211,14.768240128154783,171.870361328125
2021-12-22,171.870361328125,169.77844972848436,0.36440081479471864,115515502.25310683,78.70148231690776,-0.10655185324691452,68.97478568958293,6.212232143101625,38934990525.76732,169.62136938558106,164.4087056076652,14.256991501804485,172.4966583251953
2021-12-23,172.4966583251953,170.59391230749765,2.297460861774714,101367831.57717478,79.91089467915681,-0.19353722264015882,68.96000719748449,6.1798066115452395,39036358357.34449,170.01660041560984,164.99777291241116,13.8064112896719,176.45970153808594
2021-12-27,176.45970153808594,172.35364907667412,-0.5767150623422812,93433362.10402234,82.25286617261229,-0.17326273750701393,69.17699825565943,6.196091442437975,39129791719.44851,170.31909511392493,165.6983325471029,13.15643393522454,175.44203186035156
2021-12-28,175.44203186035156,173.28016391177735,0.050227135368619,89146643.47281563,83.35323958976707,-0.13960205198605813,69.55819823317705,6.178266772172485,39218938362.921326,170.63505588028454,166.42041172469092,12.399325945707414,175.5301513671875
2021-12-29,175.5301513671875,173.95516014840038,-0.657858134849576,81107320.43097094,84.12546915070364,-0.11504885219910577,70.00228954274444,6.145460156148955,39300045683.352295,171.00447792845503,167.13800681266326,11.8194567777525,174.3754119873047
2021-12-30,174.3754119873047,174.08123570007166,-0.35353054073870016,74707024.30167966,84.27222592737951,-0.13225978346264178,70.47469968360342,6.1004443371811385,39374752707.65398,171.23078088170564,167.79926670670216,11.189138944396968,173.75894165039062
2021-12-31,173.75894165039062,173.98454748516735,2.500433371217081,71513607.01117575,83.63366003664936,-0.18866025387260255,70.91336624297247,6.044487042060341,39303239100.6428,171.54507383887363,168.38834106655597,10.333479424914794,178.10366821289062
2022-01-03,178.10366821289062,175.22028370348434,-1.2691692621495054,81405894.90782303,85.1793597739522,-0.18120515291334804,71.45747862812073,6.074041432882425,39384644995.55062,172.08418047139125,169.03900227007296,9.188650465314144,175.84323120117188
2022-01-04,175.84323120117188,175.4071679527906,-2.6599822180755406,86777246.43547612,85.40387344611119,-0.20063970477440218,72.05395274802295,6.066729489680347,39471422241.9861,172.7536486200129,169.6454942398556,7.813186886671142,171.16583251953125
2022-01-05,171.16583251953125,174.13476732281276,-1.6693345162444029,89105352.50483328,76.86606625669916,-0.32858023212934295,71.67968481023337,6.024691815415276,39382316889.48126,173.27893373371606,170.07304405728007,6.498431640638861,168.30850219726562
2022-01-06,168.30850219726562,172.38688778514862,0.09882807903272006,91444946.7533833,66.96287488979456,-0.5474184012273691,69.94857648366926,5.956856156788937,39290871942.72788,173.5397775393825,170.2934101266009,5.540344556835361,168.47483825683594
2022-01-07,168.47483825683594,171.2132729266548,0.011638262513380404,90024192.7273683,61.256125227320844,-0.7738616852475229,67.36269340736271,5.910076715158828,39200847750.00051,173.60171360129823,170.3810161075584,4.874022203895805,168.49444580078125
2022-01-10,168.49444580078125,170.39762478889273,1.6783862859444554,95046614.90915781,57.58319703692928,-0.9685927896787794,63.8015626215312,5.8392790429850825,39105801135.091354,173.4061111725201,170.3825978867331,4.753845893310306,171.3224334716797
2022-01-11,171.3224334716797,170.6750673937288,0.25700523175224976,89374120.43641046,58.494830164671434,-1.0612730716113896,60.23633924104335,5.811394866758182,39195175255.52776,173.1456015207152,170.41045212549457,4.7061395812300475,171.7627410888672
2022-01-12,171.7627410888672,171.0013695022703,-1.9027964198562564,85003444.3054873,59.59472618639657,-1.0795944661435621,57.11295330242552,5.794259388010912,39280178699.83325,172.85022245610222,170.46672997090178,4.65039059323755,168.49444580078125
2022-01-13,168.49444580078125,170.2492923918236,0.5110640281705603,84854151.01384111,55.91667356846308,-1.1167077411456612,54.028586473494194,5.763042640546102,39195324548.81941,172.4670281252774,170.4460216300372,4.729916847631731,169.35556030273438
2022-01-14,169.35556030273438,169.9811727650968,-1.8894148475801953,83530145.70968877,54.62238333698102,-1.1302236247377557,50.89091500397995,5.7325198333647505,39111794403.109726,172.06669065327034,170.4017503095667,4.800391005026583,166.15573120117188
2022-01-18,166.15573120117188,168.8335402959193,-2.1024719763155786,85758111.99678212,49.356254885393376,-1.1817930422409892,47.45876878004861,5.658078147626166,39026036291.112946,171.42801631251382,170.2523969749336,4.9376073797563445,162.662353515625
2022-01-19,162.662353515625,166.982184261831,-1.0347234208610723,88475178.39774749,42.27547490619801,-1.2967267719909779,44.78906058696987,5.5939666050873,38937561112.715195,170.58551794341787,169.9409481451143,5.294888196967967,160.979248046875
2022-01-20,160.979248046875,165.1813033973442,-1.2765006346957986,89358774.87842324,36.752141357951274,-1.4391742990350074,43.09699010478613,5.582801371474228,38848202337.83677,169.690171550871,169.4876486453267,6.103153752014539,158.92434692382812
2022-01-21,158.92434692382812,163.30421645528938,-0.48644940993345376,99405812.41489626,32.05161227045205,-1.5929827309376985,42.2078457277615,5.5705715213265625,38748796525.421875,168.78190441788507,168.8987503415136,7.3685764294330935,158.15126037597656
2022-01-24,158.15126037597656,161.75832963149554,-1.1384615770544393,118272448.69042738,28.786278300798422,-1.721081918077078,42.41891359796739,5.550279833939174,38630524076.731445,167.83641008836915,168.21871027389284,8.81388096076313,156.35076904296875
2022-01-25,156.35076904296875,160.1360614549375,-0.056311339835124485,117530234.08329916,25.814164490334324,-1.827303663268244,43.01157425525927,5.5411554600038535,38512993842.64815,166.81025375497367,167.4489341958971,10.315299008675318,156.26272583007812
2022-01-26,156.26272583007812,158.97406076747967,-0.29432173199955836,114753753.8583094,23.909904767084456,-1.8807067417170098,43.76521639635873,5.557271115633592,38398240088.78984,165.64015309234875,166.64180339319068,11.670934131268886,155.8028106689453
2022-01-27,155.8028106689453,158.02268573791935,6.977753615743798,116914007.70081657,22.44971598837453,-1.8804764769832247,44.576450030140954,5.609293153727719,38281326081.08903,164.34228471591365,165.8209350450696,12.824050792642362,166.67434692382812
2022-01-28,166.67434692382812,160.61818409369198,2.6125657661649537,135820515.3905716,34.24742358313494,-1.6160027830696824,44.31230302505123,5.834633955935529,38417146596.4796,163.37917388610052,165.32543495446222,13.142631785213279,171.02882385253906
2022-01-31,171.02882385253906,163.7413760213461,-0.09725615590605585,129736840.77340011,45.07532576744826,-1.1624112068537618,42.682387130953394,6.034484458518528,38546883437.253,162.75519421172544,165.17457219892734,12.914864161405871,170.86248779296875
2022-02-01,170.86248779296875,165.87770955283287,0.7044338969876218,116679958.54138008,51.01728258152596,-0.6743918528729184,40.373936212591246,6.11674488577247,38663563395.79438,162.45961113741677,165.24153766120406,12.232941751615074,172.06610107421875
2022-02-02,172.06610107421875,167.73422700924863,-1.6719957320181278,107150260.97896604,55.520628487533926,-0.2066967484768748,37.596682555632256,6.146659282146206,38770713656.773346,162.53481541215854,165.4789366467321,11.358299103888085,169.1891632080078
2022-02-03,169.1891632080078,168.17070786887638,-0.16792056191293758,101830612.68527623,56.532460326997224,0.13358984538128693,35.25912762137678,6.123830321291971,38872544269.458626,162.83375585931174,165.73529581074587,10.63511635923741,168.90505981445312
2022-02-04,168.90505981445312,168.3910134525494,-0.4234751740886278,96021048.87969336,57.063372414670475,0.36208058823369216,33.15252137304497,6.0829989090413426,38968565318.33832,163.34243555903774,165.98822130044147,10.177346001245757,168.18978881835938
2022-02-07,168.18978881835938,168.33064606229237,1.8466795965991656,90390094.21578535,56.858438393396334,0.48978484682291745,31.22503656311381,6.034214310180171,38878175224.122536,163.99966720211742,166.2113093729987,9.87027078467053,171.29571533203125
2022-02-08,171.29571533203125,169.22016684321403,0.8293933851628577,85721825.95104975,59.18449450729409,0.6071269466115863,29.639695047225075,6.026632956098468,38963897050.073586,164.9080777409451,166.4978672273049,9.73687125290002,172.7164306640625
2022-02-09,172.7164306640625,170.26904598946857,-2.3598957659695774,81390778.16573483,61.79992158836943,0.7206090927077751,28.479328506934557,6.007297481838674,39045287828.23932,166.03757626314396,166.85702710941575,9.681832007648712,168.6405029296875
2022-02-10,168.6405029296875,169.78048307153423,-2.0218197137465532,84233314.71601439,59.87530206298288,0.7259645983124527,27.46846864119206,5.925220871747763,38961054513.52331,167.21335599650547,167.1354514867604,9.515758245328676,165.23089599609375
2022-02-11,165.23089599609375,168.41560694890208,0.14230869961431303,88564530.30121008,54.745908209527855,0.6056887943013588,25.88864136459134,5.840034175823372,38872489983.2221,167.99309828202647,167.25737105458342,9.316755040951596,165.46603393554688
2022-02-14,165.46603393554688,167.53073504489552,2.3152104088701053,87850821.21084705,51.65623241783966,0.44222703627347154,24.297492348881377,5.7527143590254655,38784639162.01125,168.37203418438142,167.28340572032744,9.08030796327048,169.2969207763672
2022-02-15,169.2969207763672,168.060590764337,-0.1388548020949565,80253794.84759292,53.35384656512419,0.3495427813801877,22.819996834293555,5.7330546635426085,38864892956.85885,168.59032230553186,167.35742334356647,9.010007751236264,169.0618438720703
2022-02-16,169.0618438720703,168.360966696657,-2.12691986208573,74530876.39331505,54.33287289592849,0.29063761344702427,21.388997530101197,5.684062023578341,38939423833.25217,168.65299627427268,167.45299890100367,9.100103326427563,165.46603393554688
2022-02-17,165.46603393554688,167.49248686832394,-0.935597274137856,73048403.47532053,50.999933383552104,0.18073636315439723,20.28774103528512,5.591447474025724,38866375429.77685,168.58517417421743,167.4567596597961,9.144351796110286,163.91793823242188
2022-02-18,163.91793823242188,166.4201222775533,-1.7812104899722847,75965692.43272437,47.15359912997488,0.031209577583071635,19.79812478414616,5.5201589855999575,38790409737.344124,168.3880850567178,167.3580322900587,9.043537595210495,160.9982147216797
2022-02-22,160.9982147216797,164.7935500107912,-2.5864313362516156,80524824.70290706,41.98166851118907,-0.17075465673778895,20.23221554679257,5.414933722910018,38709884912.64122,168.03437545156768,167.11379588250944,8.771547256583522,156.8341064453125
2022-02-23,156.8341064453125,162.40571694114757,1.6680320053549913,83370137.29203494,35.77774919450853,-0.4431910707525083,21.395036335110134,5.3614540371929,38626514775.34918,167.352930461361,166.66540741190354,8.397348901996729,159.4501495361328
2022-02-24,159.4501495361328,161.51904671964314,1.2965317269114651,100703346.10442445,33.78144155748198,-0.6487056866471703,23.47906853327593,5.444304071469403,38525811429.24476,166.4779305343785,166.17527782216445,7.851497157993164,161.51747131347656
2022-02-25,161.51747131347656,161.51857409779316,0.16379459300237542,98084602.27309711,33.78035958783549,-0.7434680082385124,25.4142412887156,5.472564363646216,38427726826.971664,165.65173963700437,165.73178222936718,6.945549250073398,161.7820281982422
2022-02-28,161.7820281982422,161.59761032792787,-1.1627772081557408,97176201.59116797,34.160131601874,-0.7570767567385618,27.211187418766723,5.437735863479382,38524903028.562836,164.969939974907,165.33805157208724,6.722190838933511,159.90086364746094
2022-03-01,159.90086364746094,161.08858632378778,2.0587898213834332,93065661.11381757,32.85332245634895,-0.7549097240131848,28.800945246351382,5.397788817356651,38431837367.44902,164.3257251027962,164.9333405960587,7.169077834835675,163.19288635253906
2022-03-02,163.19288635253906,161.71987633241315,-0.19811110023376655,89063402.7796723,36.11732908366879,-0.6684755684028998,30.032069245771645,5.410505633591616,38520900770.22869,163.69165365960382,164.6272963804734,7.577585528563978,162.8695831298828
2022-03-03,162.8695831298828,162.06478837165403,-1.8408215764532665,85347901.94577059,37.89367068362212,-0.5505078158924355,30.623339476919682,5.425341814343887,38606248672.17446,163.06203582710353,164.3832479986811,7.825771139641294,159.87144470214844
2022-03-04,159.87144470214844,161.40678527080235,-2.371776792476332,84864691.36203942,35.84587386875318,-0.4817084628506716,31.272203651269216,5.376165576994245,38521383980.81242,162.45346566735137,164.09977535793072,8.065179261398212,156.07965087890625
2022-03-07,156.07965087890625,159.8086449532335,-1.1675913075544497,88330923.95342758,31.406592633358237,-0.5062329356301991,32.26196259858388,5.339323751145226,38433053056.85899,161.79231793491937,163.69109627176908,8.453196035461978,154.2572784423828
2022-03-08,154.2572784423828,158.1432349999783,3.499741082684893,101176136.76739931,27.574220587560692,-0.5911045447983421,33.699910750833006,5.346684355473957,38331876920.09159,161.1272864338381,163.16272853159853,9.028795636053857,159.6558837890625
2022-03-09,159.6558837890625,158.59702963670355,-2.7186117297868906,98259765.73717952,30.077930463649782,-0.5727615270302868,35.07385171880631,5.43302676680733,38430136685.82877,160.7464177033937,162.72790006541805,9.198706270100166,155.31546020507812
2022-03-10,155.31546020507812,157.61255880721592,-2.3908525542517323,100384436.01602566,27.830242632364456,-0.5811684546255313,36.64940175545706,5.388458380612136,38329752249.812744,160.35576891215095,162.24072470749405,9.148717768063504,151.6020965576172
2022-03-11,151.6020965576172,155.8094201323363,-2.6562708377472655,99360135.21121795,24.255037583526878,-0.65682189357481,38.40341517844843,5.345718826645102,38230392114.601524,159.78485351560525,161.62821950985997,9.312403552146321,147.57513427734375
2022-03-14,147.57513427734375,153.3391343758385,2.967724498122526,102171724.64785257,20.390372442051547,-0.8117370029930118,40.45715882465231,5.289529620574247,38128220389.953674,158.95900592039635,160.83878283042935,10.049501090010118,151.9547576904297
2022-03-15,151.9547576904297,152.92382137021585,2.9015594405868317,99409497.2534968,19.818634944343092,-0.875217212889503,42.59530218817794,5.280243117139517,38028810892.70018,158.14252942503913,160.08497697707568,10.688502860693717,156.3638153076172
2022-03-16,156.3638153076172,153.95581955143624,0.645408778898271,100276708.07744776,25.4150606521417,-0.7837012458273822,44.19101029081336,5.333456872601889,38129087600.777626,157.36612374694144,159.50124769844336,10.683657978858776,157.3730010986328
2022-03-17,157.3730010986328,154.9809740155952,2.0918889888755565,92878315.65421343,30.597202898019127,-0.5984846324078901,45.14274029008077,5.353104266933452,38221965916.43184,156.6577423113356,159.07074544293403,10.135498163139543,160.66506958007812
2022-03-18,160.66506958007812,156.68620268494007,0.8537377345183561,102068330.9579494,38.27909929917315,-0.31948281553031954,44.855949327113834,5.403458438148387,38324034247.389786,156.18568405274937,158.84364613264887,9.295137103018726,162.03672790527344
2022-03-21,162.03672790527344,158.29136025104006,2.0800925565381823,100191251.67056458,44.50581036414309,-0.0019821243792970122,43.501145623662495,5.44222032269429,38424225499.06035,156.03395558253,158.79104747725756,8.37607200930943,165.40724182128906
2022-03-22,165.40724182128906,160.42612472211476,0.8233573604151667,94593476.1693952,51.511941093365174,0.35680779752361724,41.07963691414915,5.509009474955789,38518818975.229744,156.2622445547437,158.94676911962492,7.7324965314655305,166.76913452148438
2022-03-23,166.76913452148438,162.32902766192564,2.2677951964713117,95634243.31857663,56.753204751107624,0.7070585503783056,38.56058930775407,5.589359883070125,38614453218.54832,156.63544435726584,159.26888898079642,7.721097819825149,170.55111694335938
2022-03-24,170.55111694335938,164.79565444635574,0.37341962298735876,93983390.32300365,62.42331112827465,1.06796040362052,37.01912492029692,5.679762755167885,38708436608.87132,157.35375392117984,159.79524759656397,8.282591317953223,171.18798828125
2022-03-25,171.18798828125,166.713354596824,0.5036377651578938,89952233.22610256,66.14023108787866,1.3791537755578152,36.17512247920328,5.718148602333636,38798388842.09743,158.44414736762863,160.45411492992207,9.231661524913768,172.05015563964844
2022-03-28,172.05015563964844,168.3143949096713,1.9134708157409586,90078133.25827178,68.90560031117626,1.6195257021563674,35.798770431649345,5.717896378218993,38888466975.3557,159.9416734210119,161.20271302323152,10.432980820078981,175.34228515625
2022-03-29,175.34228515625,170.4227619836449,-0.6649852687683921,93231513.28079024,72.13323471769928,1.8315926072836086,35.95663154872662,5.744345485879514,38981698488.63649,161.6915674823548,162.08081292422327,11.986347521195409,174.17628479003906
2022-03-30,174.17628479003906,171.54881882556313,-1.7775580633487165,93052019.29655316,73.70324702963262,1.9479382615222773,36.45980511989967,5.729895333749328,39074750507.933044,163.45086740976748,162.98252777196993,13.503583620916666,171.0802001953125
2022-03-31,171.0802001953125,171.40823323648794,-0.17183509824194587,96051203.50758721,73.14914349757105,1.9129147525217682,37.06241333286068,5.680298848911317,38978699304.42546,165.09359333185677,163.78497591144784,14.713675039540018,170.78622436523438
2022-04-01,170.78622436523438,171.22163057511187,2.3693593096753007,90861232.45531105,72.37140603426238,1.7775553530125507,37.4010487413225,5.607764830307796,38887838071.970146,166.54713612087392,164.4932287365587,15.700209622779797,174.832763671875
2022-04-04,174.832763671875,172.30497050414078,-1.8941964628586216,86543382.71871772,74.09352704000672,1.6633964856449142,37.89133152513509,5.605532353164548,38974381454.688866,167.948497146184,165.2372041429951,16.67202050739621,171.52108764648438
2022-04-05,171.52108764648438,172.06980564684386,-1.8450990080248642,82600907.9031024,73.0293964049644,1.4805749853100942,38.45618165375952,5.5582606793082565,38891780546.78577,169.11286523865692,165.8879280957426,17.288093085516877,168.35635375976562
2022-04-06,168.35635375976562,170.95577008072038,0.18043392237498956,84538275.53217167,68.04382742586351,1.2048388766772709,38.30582612477968,5.453619588952091,38807242271.25359,169.9755394805364,166.37057971335955,17.601641756571947,168.66012573242188
2022-04-07,168.66012573242188,170.26707677623082,-1.1909102341289612,82455202.87252016,65.08571818794516,0.9097185120118061,37.663577552948055,5.375960607255595,38724787068.38107,170.5226817135239,166.74167467172825,17.60188398862145,166.6515350341797
2022-04-08,166.6515350341797,169.1824142536155,-2.551568326286946,80691292.01076412,60.6161335893103,0.5905759054290676,36.60978064769391,5.277137535716145,38644095776.37031,170.76958767920303,166.97412606047942,17.12555497160004,162.39930725097656
2022-04-11,162.39930725097656,167.14748215282378,1.1523253638705766,78157914.40753488,53.23058632438916,0.21111657937008577,34.73121857653192,5.1507881008455225,38565937861.962776,170.6528964035183,166.9906361645122,15.898583626366165,164.2706756591797
2022-04-12,164.2706756591797,166.28444020473054,1.6342451630617871,78490100.08527441,50.42448965956055,-0.11195009862150229,32.58043777993911,5.118373106008877,38487447761.8775,170.2390642256269,166.92337940643776,14.28138639965917,166.95526123046875
2022-04-13,166.95526123046875,166.485686512452,-2.9988264948937915,76128740.05969208,51.072195488776956,-0.31455972117426834,30.322111844429436,5.1326807419567215,38563576501.937195,169.73275099431575,166.8816943689153,12.596313342501608,161.9485626220703
2022-04-14,161.9485626220703,165.12454934533747,-0.13308571068382236,75888938.04178447,46.63432184336354,-0.5300387819261392,28.516304209420806,5.12445346889501,38487687563.89541,169.1043826052007,166.71434722381267,10.87304728166626,161.7330322265625
2022-04-18,161.7330322265625,164.10709420970497,1.4115035130502607,73829426.62924913,43.5855101763122,-0.719147338846746,27.321967097875596,5.108969813102405,38413858137.26616,168.39292896866002,166.46603741294527,9.409567101907246,164.01589965820312
2022-04-19,164.01589965820312,164.0797358442544,-0.10155414307597699,71997738.64047438,43.50315228446388,-0.8169892467264221,26.491612551243204,5.119862692934796,38341860398.62569,167.57040550267138,166.23877059687948,8.190083531580585,163.84933471679688
2022-04-20,163.84933471679688,164.01061550601713,-0.484334649838003,70777357.04833207,43.28063838894771,-0.8533010204153473,25.720569043655978,5.121462547647449,38271083041.577354,166.76448648858872,166.02656535013068,7.448779154526966,163.05575561523438
2022-04-21,163.05575561523438,163.7241575387823,-2.7821297766371766,75712489.93383244,42.314660893573105,-0.8610685089628671,24.57177011663469,5.1773424856718,38195370551.643524,166.04132523439492,165.80728841571656,7.178170885345945,158.5193328857422
2022-04-22,158.5193328857422,162.16271014287025,0.6737305441679498,78463462.9536827,37.412962504944836,-0.9299421054158823,24.106457699228763,5.205883667165086,38116907088.68984,165.23088857105884,165.46018572306454,7.6340598313245644,159.5873260498047
2022-04-25,159.5873260498047,161.39009491495057,-3.7328295110823806,83738344.0675779,35.23783119467674,-0.9810444064760585,24.405736815798885,5.212537898336535,38033168744.62226,164.45165663719234,165.0725580270537,8.346094627536365,153.6302032470703
2022-04-26,153.6302032470703,159.06212741458648,-0.14666812470693902,87303800.84730452,29.64520088966251,-1.1153520866007054,25.286170625158398,5.201315518012026,37945864943.774956,163.6431211633686,164.5001360639616,9.465782398126423,153.40487670898438
2022-04-27,153.40487670898438,157.36495220290584,4.515522986823939,87531620.59311315,26.360505334918738,-1.2519728526059768,26.578239794657133,5.1885450377943,37858333323.18184,162.75117236318616,163.82059474386105,10.6005041269162,160.3319091796875
2022-04-28,160.3319091796875,158.25503929594032,-3.6604764286731206,100337174.4151792,30.697417724703094,-1.2149149943706588,27.686998885428235,5.307242422631682,37958670497.597015,161.92810764153498,163.29054184405908,11.091685603263835,154.46299743652344
2022-04-29,154.46299743652344,157.11742673811526,0.19668302135547044,109760302.09062544,28.395617028730246,-1.1975753909568423,28.292176868848806,5.396413837331475,37848910195.50639,161.12739538081277,162.7026261196835,11.586346828129384,154.7667999267578
2022-05-02,154.7667999267578,156.412238694708,0.9622296492772131,113748801.4634378,27.04198777595404,-1.1631779394741213,29.343533070051105,5.429300259467491,37735161394.04295,160.35790982931306,162.10354160301915,11.983329681116189,156.25601196289062
2022-05-03,156.25601196289062,156.36537067516278,4.100867603336367,106314111.02440645,26.950035157110236,-1.0752285667550356,30.377524670438564,5.454799981589541,37628847283.01855,159.58647331240388,161.5570491336995,11.899093846706432,162.6638641357422
2022-05-04,162.6638641357422,158.2549187133366,-5.571623941790216,106896827.71708451,36.34742957611036,-0.8322961263428785,30.41112391765664,5.573571596320137,37735744110.735634,159.01090363313585,161.24256052223637,11.256958064373917,153.60084533691406
2022-05-05,153.60084533691406,156.85869670040984,0.47271190203832525,113985369.40195915,32.97210638797592,-0.7127514188500155,30.714969748265883,5.668989494923809,37621758741.33367,158.32435754929858,160.82504968206243,10.773031836571121,154.32693481445312
2022-05-06,154.32693481445312,156.0991681346228,-3.318924220657171,114627138.5813714,31.270902414970585,-0.6345536900156021,31.258713028407705,5.722247277674078,37507131602.7523,157.71800334847384,160.37496572516343,10.261722857209602,149.20494079589844
2022-05-09,149.20494079589844,154.0308999330055,1.6112011347581667,119712367.00695997,27.16123534473181,-0.6684451304290473,32.18357408347787,5.727245173466393,37387419235.74534,156.98208385027934,159.77076898305313,10.074825139082533,151.6089324951172
2022-05-10,151.6089324951172,153.304309701639,-5.184139886268335,118408666.90487197,25.87473609214605,-0.6836689699676852,33.191765337566515,5.695954555876586,37269010568.84047,156.40630207898457,159.15491571815656,10.180142498432145,143.7493133544922
2022-05-11,143.7493133544922,150.43781079749493,-2.689412897373933,125693006.83341037,21.540083375919625,-0.8214000125100154,34.75918216282636,5.755549890438296,37143317562.00706,155.7135879384435,158.32471524952211,10.832509693961681,139.88330078125
2022-05-12,139.88330078125,147.27145779262145,3.1916274552239,142765704.78338724,17.960798574844087,-1.0459599591103514,36.90288435397693,5.829524943747252,37000551857.22367,154.61522978811163,157.2720240631506,11.906480205747933,144.3478546142578
2022-05-13,144.3478546142578,146.39437683911234,-1.0672220166192736,134133263.34837106,17.112539764822337,-1.1646908286663824,39.08888165047519,5.859619025885578,36866418593.8753,153.54292479821135,156.23605766086126,12.96925448820108,142.80734252929688
2022-05-16,142.80734252929688,145.3182665461677,2.5422634971902003,119886424.34385973,16.107392344006687,-1.2209130360880875,41.20667480157521,5.825188591506792,36746532169.53144,152.4335275833573,155.19626803089045,14.024509037635074,146.43788146972656
2022-05-17,146.43788146972656,145.65415102323536,-5.6419157205417125,107421387.0407018,17.731690300299572,-1.1421158487426926,43.17319701331095,5.793432602601195,36853953556.57214,151.36240561816456,154.28749498254234,14.562001675612837,138.1759796142578
2022-05-18,138.1759796142578,143.4106996005421,-2.4641375446813996,108117840.92849126,15.564098958223989,-1.1448258775626767,45.24213069412081,5.7740392018659925,36745835715.643654,149.8779837068851,153.25160970806613,15.236312328051179,134.77113342285156
2022-05-19,134.77113342285156,140.81882974723493,0.17475508530504502,116511168.64994387,13.509415054721787,-1.2181069467524104,47.415736737982655,5.746132599032276,36629324546.99371,148.27399701156762,152.0675354260822,16.142590815016685,135.00665283203125
2022-05-20,135.00665283203125,139.07517667267382,4.011891775081611,122785648.05496071,12.33012635926514,-1.274871536759699,49.683492307599415,5.778218958737326,36506538898.93875,146.5715978653727,150.8301679257576,17.265957505675324,140.4229736328125
2022-05-23,140.4229736328125,139.4795157607154,-1.921597433813338,121267843.6384725,14.200543433873015,-1.1783226921573098,51.82466635475164,5.795470413651627,36627806742.577225,145.11645944814373,149.74915343384882,17.897237730173174,137.724609375
2022-05-24,137.724609375,138.95304384500076,0.1140271573424112,116127300.54693075,13.788061017712787,-1.0474577548397521,53.846295552689,5.781923765974427,36511679442.0303,143.68133286247988,148.7209525206252,18.617526654257485,137.88165283203125
2022-05-25,137.88165283203125,138.6316265411099,2.3199212236277855,109033920.38285151,13.529676424982494,-0.8864708372958923,55.723522665059406,5.72314858460427,36402645521.647446,142.50071443684138,147.76006433209992,19.293616490984515,141.0803985595703
2022-05-26,141.0803985595703,139.36625814664802,4.075679399773624,103504194.26799606,17.342365815309975,-0.6456282257121329,57.498347122363555,5.716591467363052,36506149715.91544,141.71019447224404,146.96065421919974,19.35420472810725,146.83038330078125
2022-05-27,146.83038330078125,141.60549569288798,-0.5345914171899779,99746485.98759724,27.79334137927609,-0.26986702641345506,57.68986615015351,5.739855595136396,36605896201.90304,141.2313063576216,146.45063912145577,18.984499840773296,146.04544067382812
2022-05-31,146.04544067382812,142.93747918717003,-0.08736595511090739,100938060.19131806,33.203510706162,0.11347675433099447,56.783684642890975,5.7140436660360345,36706834262.09435,140.99322762172187,146.1160524610476,18.369552059957407,145.9178466796875
2022-06-01,145.9178466796875,143.83158943492526,1.6811267577355515,92942622.13392264,36.635579538291104,0.45327495167572796,55.06609279911061,5.69684850826294,36799776884.22828,140.81097146289085,145.89848455379786,17.481079886390877,148.37091064453125
2022-06-02,148.37091064453125,145.19338579780705,-3.8555844747787726,86764265.49374583,41.56066110010362,0.7767803679333198,52.978898260800406,5.678285421807083,36886541149.72202,140.98924008261733,145.83133229132255,15.792743489720893,142.6503448486328
2022-06-03,142.6503448486328,144.43047351305478,0.5227981160655704,87306075.84562208,39.699024466884204,0.9357507143913333,51.06804645882065,5.575110251957183,36799235073.8764,141.35040445919932,145.69791716958278,14.113718059207315,143.3961181640625
2022-06-06,143.3961181640625,144.12016690835708,1.7585751608281575,82593773.09193546,38.935092342910956,1.0100116503962688,49.293684071268025,5.488018145362636,36716641300.78447,141.85490348276764,145.54765523994226,12.217820084943614,145.9178466796875
2022-06-07,145.9178466796875,144.6594708397562,-0.5043568501178264,78158101.16435482,41.05798090422899,1.0792036267604228,47.71894931328398,5.433891069445642,36794799401.94882,142.37289899067173,145.46306624944836,10.550288354012277,145.18190002441406
2022-06-08,145.18190002441406,144.81619959515356,-3.5955534213009233,70895730.81504837,41.69237715864708,1.1147165423555565,46.03991590856305,5.366956842272189,36865695132.76387,142.95921456568703,145.40145990142028,8.684500790866068,139.96180725097656
2022-06-09,139.96180725097656,143.35988189190047,-3.8628680374906077,70468911.57053386,37.638588888324364,1.0217769083102706,44.84730608477775,5.2869301973756295,36795226221.19334,143.43204010076607,145.20702390051363,7.415287731550968,134.55526733398438
2022-06-10,134.55526733398438,140.71849752452565,-3.8284849970753765,76759608.0993737,31.631264135854845,0.7752407316512278,44.54350788389138,5.200907165711436,36718466613.09396,143.56726403855384,144.7795451980386,7.0067478126165526,129.40383911132812
2022-06-13,129.40383911132812,137.32410000056638,0.667251530255486,90393855.6695616,25.90850018882973,0.39553458058388014,45.10664127247823,5.114115495296663,36628072757.4244,143.13912446932164,144.06950279827933,7.305886640614198,130.2672882080078
2022-06-14,130.2672882080078,135.2070564627988,2.0111401903927018,88710988.9686931,23.101276425791198,0.032881137311491226,46.071157377099155,4.999755655958763,36539361768.4557,142.36608219688452,143.22546029013833,8.19848327011705,132.88714599609375
2022-06-15,132.88714599609375,134.51108332278727,-3.9651370116887463,89557592.27808517,22.24784225436885,-0.20945865618599546,47.199357321978354,4.942343110172168,36449804176.17762,141.43403158567074,142.3955196265811,8.91908634767365,127.61798858642578
2022-06-16,127.61798858642578,132.4431549018788,1.1533289153648152,95127484.59465963,19.895906332840596,-0.4507619146871953,48.53138694349042,4.861762058574593,36354676691.58296,140.1590084960779,141.44767536708565,10.301174762858098,129.08984375
2022-06-17,129.08984375,131.43716155631517,3.276063258389561,106945329.21626174,18.851822844031364,-0.6099683843705095,49.9173257426602,4.775275279619448,36247731362.3667,138.85967730040394,140.49429309939322,11.791185752472513,133.31890869140625
2022-06-21,133.31890869140625,132.0016856968425,-0.382708944800092,99161880.45138322,21.34620658491865,-0.6077553128058457,50.98774975864166,4.784484868070156,36346893242.818085,137.64782917925248,139.68547334676936,12.85203102544417,132.80868530273438
2022-06-22,132.80868530273438,132.24378557861004,2.1573689501651616,91436076.31596825,22.447185006537545,-0.523674778529502,51.67359461811529,4.783112549435106,36438329319.134056,136.40626065313788,138.97674117837323,13.716140123752252,135.67385864257812
2022-06-23,135.67385864257812,133.27280749780047,2.451728736654979,85735393.42117777,27.11700435821688,-0.34127585842135666,51.9096970544134,4.803610509873492,36524064712.55524,135.25192144340258,138.43350939927106,14.26969378266211,139.00021362304688
2022-06-24,139.00021362304688,134.99102933537438,0.0,86749815.39482445,34.2376464003141,-0.06205356620054214,51.16985005964547,4.847631352222536,36610814527.95006,134.41503618774996,138.10565415509043,14.519221353240015,139.00021362304688
2022-06-27,139.00021362304688,136.19378462167612,-2.9789611261539894,81787240.77637711,38.74882563611901,0.2304640074800588,49.58556849766896,4.8685769108471595,36692601768.72643,133.962564897465,137.92357134238432,14.631997375167803,134.8594512939453
2022-06-28,134.8594512939453,135.79348462335687,1.3023767759516192,77376088.54346398,37.81897020737899,0.41315203410633217,47.54801985731216,4.872574544704262,36615225680.18297,133.80950335974404,137.72070594057217,14.649488648879359,136.61582946777344
2022-06-29,136.61582946777344,136.04018807668183,-1.8027633525460884,74035981.98042478,38.793795213094604,0.5577728118655845,45.72049564909276,4.895272413789144,36689261662.16339,133.89281652113237,137.56065662020166,14.450438492768791,134.15296936035156
2022-06-30,134.15296936035156,135.47402246178274,1.6164062872326301,81514537.38629735,37.34677435022231,0.6178058333877248,44.39199381772555,4.8427165980291385,36607747124.77709,133.9891104350319,137.3619295574951,14.066617297988584,136.32142639160156
2022-07-01,136.32142639160156,135.72824364072838,1.8930684832852984,78375656.17040813,38.45683139784336,0.6726209219960237,43.2052659161082,4.80950476052268,36686122780.9475,134.31761930891687,137.20634042256495,13.237375640022728,138.90208435058594
2022-07-05,138.90208435058594,136.68039585368564,0.9607290362049659,76869099.31928569,42.56155460075461,0.7642993027775984,41.74843791397231,4.798182840248353,36762991880.266785,134.84194273865393,137.15625046362405,12.3683451848614,140.23655700683594
2022-07-06,140.23655700683594,137.74724419963073,2.3999561288163385,76027659.52349998,46.83985405183338,0.8798545952641437,39.67812449438767,4.799817761920466,36839019539.79028,135.41649858893274,137.21253558133895,11.423039635017343,143.6021728515625
2022-07-07,143.6021728515625,139.50372279521025,0.47144269455086096,73095471.66645,53.04150764280743,1.0463230988872811,36.89985248642009,4.833315352785941,36912115011.45673,136.14249231059276,137.43074388742193,10.283801623486823,144.2791748046875
2022-07-08,144.2791748046875,140.93635839805341,-1.4757897007872667,70531170.166515,57.406123880752496,1.2129247776300387,34.87911138773065,4.836114105007271,36982646181.623245,136.90884740061804,137.76461193605348,9.14339104713548,142.14991760253906
2022-07-11,142.14991760253906,141.3004261593991,0.6833880478152699,68314299.11656049,58.4627013253017,1.2999183884690888,33.31419819201612,4.784891375664428,37050960480.73981,137.5397870830205,138.1013561478007,8.514612274151082,143.12135314941406
2022-07-12,143.12135314941406,141.8467042564036,-0.2536675067521532,71096649.38159233,60.06351312910325,1.3411203167717596,32.305813694063644,4.784064915235266,37122057130.1214,138.10507904649324,138.45805596766763,8.80829485868453,142.75830078125
2022-07-13,142.75830078125,142.1201832138575,2.04823570556385,71123334.56711462,60.876410159528746,1.3309949441680564,31.23472312705046,4.75234012060473,37193180464.688515,138.73774890554333,138.80682999111428,9.5947231415524,145.6823272705078
2022-07-14,145.6823272705078,143.1888264308526,1.1449983906675731,73228544.19698024,63.963189114932064,1.3369413211794625,30.6082972096276,4.762562347946041,37266409008.8855,139.4526127409604,139.22416298537507,10.49527027293187,147.3503875732422
2022-07-15,147.3503875732422,144.43729477356948,-2.0642959254946414,74137950.93788616,67.21735923125507,1.3610783002920894,30.499636050890754,4.778102031258558,37340546959.82339,140.34893997213908,139.72065172710788,11.441480645839805,144.3086395263672
2022-07-18,144.3086395263672,144.39869819940878,2.672200668872282,76322835.6565203,67.01588127253828,1.3101118471207631,30.779894294015307,4.776235347977081,37264224124.16687,141.21598542800712,140.1661799625651,11.805886182743249,148.16485595703125
2022-07-19,148.16485595703125,145.52854552669552,1.3509703060679223,78320704.95956421,69.86357641807369,1.2863251134667488,31.25733662637635,4.820988879269724,37342544829.126434,142.1008003953081,140.67688144486323,11.926506151826223,150.16651916503906
2022-07-20,150.16651916503906,146.9199376181986,1.509412412754263,74271513.47169495,72.95967620145898,1.294580422037032,32.09151581897301,4.865810597132845,37416816342.59813,143.01806973716492,141.2714582232761,12.178411148371323,152.4331512451172
2022-07-21,152.4331512451172,148.57390170627417,-0.8110624984797088,71516039.43018645,76.10260810626946,1.3362924257561895,33.27151780474259,4.906466375787734,37488332382.02831,143.92508762827129,141.96692903118068,12.53100810217263,151.1968231201172
2022-07-22,151.1968231201172,149.36077813042706,-0.7398145190630423,70063847.60113052,77.44573458754891,1.3384066358908213,34.6750517306567,4.910186513878951,37558396229.62944,144.76752960150867,142.67110513587082,12.909993105622176,150.0782470703125
2022-07-25,150.0782470703125,149.57601881239268,-0.8826470729380254,65131863.320791356,77.8130727713145,1.2760599286785588,36.09106691025087,4.889739967612601,37623528092.95023,145.595088866808,143.32871596220622,13.324374752400786,148.7535858154297
2022-07-26,148.7535858154297,149.32928891330377,3.4234563221922087,62133914.324553944,76.27942058456236,1.144188402770597,37.405938148445465,4.8362070546815925,37561394178.62568,146.343347332498,143.90019910040598,13.597715373786246,153.84609985351562
2022-07-27,153.84609985351562,150.68433219536732,0.35717480796846335,67079950.02718776,78.75586934250626,1.0752665762907112,38.90396550078987,4.881557996153796,37628474128.65287,147.199762230649,144.54630701421183,13.800916915250884,154.39559936523438
2022-07-28,154.39559936523438,151.79771234632744,3.27931001426105,71369575.01903144,80.55243947423861,1.031540271416676,40.49503893027705,4.8877291411102775,37699843703.6719,148.06065082219646,145.2369170458419,13.970307841767164,159.45870971679688
2022-07-29,159.45870971679688,154.09601155746827,-0.6153515798514975,80494772.513322,83.62997056166607,1.0791659138186804,42.44150616318848,4.984883450542015,37780338476.18522,149.02652250058637,146.08064033266345,14.166024268011562,158.47747802734375
2022-08-01,158.47747802734375,155.41045149843092,-0.9287424008134093,76695160.75932539,85.08380280232836,1.1163053345610674,44.507835530478395,5.02974239104161,37857033636.94454,150.12769783048856,146.96919377702224,14.274284618908244,157.00563049316406
2022-08-02,157.00563049316406,155.88900519685086,3.8247941765219284,71658712.53152776,85.58572036390133,1.0890366920345897,46.54042315425427,5.035388914731861,37928692349.47607,151.1637437975041,147.81869962652974,14.247484044506288,163.01077270507812
2022-08-03,163.01077270507812,158.02553544931902,-0.19263182114062083,74913348.77206942,87.592985009018,1.126153845976472,48.657152527523664,5.136537232201839,38003605698.24814,152.27430358061613,148.79077922870016,14.537291000777808,162.69676208496094
2022-08-04,162.69676208496094,159.42690344001159,-0.13888869349997224,69081574.1404486,88.7041031542951,1.152197956755785,50.78042982229444,5.181769906502889,38072687272.38859,153.3596037539899,149.80374343930126,15.085398522332596,162.47079467773438
2022-08-05,162.47079467773438,160.34007081132842,-0.2903072085333802,65366201.898314014,89.3720259900315,1.1361545080664084,52.81469767088801,5.167702732913966,38138053474.2869,154.45753302208,150.80720318901814,15.671040178825127,161.99913024902344
2022-08-08,161.99913024902344,160.8377886426369,0.03031994179023556,63839411.328819804,89.72852306252136,1.0654698715426179,54.80351039657978,5.162234073251424,38201892885.61572,155.58371000510445,151.76249704174373,15.992223690868714,162.04824829101562
2022-08-09,162.04824829101562,161.2009265371505,2.6194647567597595,63628237.93017386,89.9922857948856,0.9532256039847304,56.66164391028258,5.129936080226714,38265521123.5459,156.77087376748915,152.66139508892533,16.0801099645739,166.2930450439453
2022-08-10,166.2930450439453,162.72856208918893,-0.4431473472499725,65590916.5511217,91.0352116789658,0.8929595208739416,58.49615260554987,5.155266926903115,38331112040.09702,157.9752967568713,153.62017289847424,16.126849677820683,165.55612182617188
2022-08-11,165.55612182617188,163.5768300102838,2.142547857184862,63058401.58578519,91.56111007222432,0.8230407139961216,60.31148399091177,5.16191112414954,38394170441.68281,159.15320852326693,154.5684259567418,16.142591804377066,169.10324096679688
2022-08-12,169.10324096679688,165.23475329723772,0.6333404016296118,64552701.11004963,92.48858016191176,0.8005314639326908,62.094983474159726,5.197343392758799,38458723142.792854,160.26708269724386,155.58426665583664,16.338842525001297,170.1742401123047
2022-08-15,170.1742401123047,166.71659934175779,-0.09238255073575896,61414400.77703474,93.20718137527537,0.7958561662870842,63.83865374758021,5.200861832285376,38520137543.569885,161.39769748157656,156.64448881640058,16.381098896067527,170.01702880859375
2022-08-16,170.01702880859375,167.70672818180856,0.8784771745994346,59903210.54392432,93.64467995175981,0.7694097709077621,65.52056955981173,5.167468205890732,38580040754.11381,162.57946978007234,157.6980354226299,16.397956497859465,171.51058959960938
2022-08-17,171.51058959960938,168.84788660714878,-0.22916129528177676,65794847.38074702,94.11511886161128,0.7385887517886127,67.16584849349026,5.166451567634211,38645835601.49455,163.6617048958553,158.7599260116317,16.483282806084116,171.1175537109375
2022-08-18,171.1175537109375,169.5287867382854,-1.5102154737318907,64743423.16652291,94.38232391254978,0.6755854897561564,68.72755080726597,5.127711168394062,38710579024.66107,164.67189322568268,159.78553179512255,16.599645370558218,168.53330993652344
2022-08-19,168.53330993652344,169.2301436977568,-2.302915554813545,66424286.21656603,92.40063451666835,0.5316618036307634,70.18227941847564,5.048845779184377,38644154738.4445,165.5609005143255,160.68501864299247,16.41470220821644,164.65213012695312
2022-08-22,164.65213012695312,167.8567396265157,-0.20290729689670384,67205040.35159622,83.69727628612738,0.27476297788540016,70.38933651347963,4.917822809654732,38576949698.09291,166.2627956127134,161.3680396890423,15.70433580484755,164.3180389404297
2022-08-23,164.3180389404297,166.79512942068988,0.17939877313488672,63287658.24611735,77.61184514866466,-0.020207700052800703,69.71724649858994,4.814230460401733,38513662039.846794,166.82221590106732,161.88490537777062,14.448804263831587,164.61282348632812
2022-08-24,164.61282348632812,166.14043764038132,1.492269327977791,60453810.772282146,74.03677940575476,-0.29756358630077706,68.42215041171137,4.724989673591288,38453208229.07451,167.1634034561866,162.29019416468591,13.096036629573842,167.0692901611328
2022-08-25,167.0692901611328,166.41909339660677,-3.769960744550238,57683127.5405975,74.57363334381792,-0.48909714159087336,67.21956118818126,4.684172867087265,38510891356.615105,167.4476297948189,162.6834226629641,11.679271711744418,160.77084350585938
2022-08-26,160.77084350585938,164.72461842938253,-1.3689843794933987,64066489.27841824,65.67994002922217,-0.7416042588864782,64.96730130910171,4.642567800506887,38446824867.336685,167.39661630803337,162.87782225976582,10.449476578232785,158.56991577148438
2022-08-29,158.56991577148438,162.87820763201307,-1.5305467512724658,66840742.49489277,57.616480193527515,-1.0270975068690484,61.465680444841325,4.5629215021627925,38379984124.84179,167.0127771370589,162.8778589618846,9.332534066586357,156.14292907714844
2022-08-30,156.14292907714844,160.85762406555367,-1.0635022065413335,70160379.74642494,50.333941683384026,-1.3270741309495016,57.0914714287927,4.517088726147586,38309823745.09537,166.32786672543338,162.68545563842454,8.326186327215341,154.4823455810547
2022-08-31,154.4823455810547,158.94504052020397,0.4706960729068177,75509595.82249746,44.58892434381674,-1.6104864048329235,53.7317313037401,4.47221866517838,38234314149.27287,165.33758211673893,162.32922562716544,8.125837813277968,155.20948791503906
2022-09-01,155.20948791503906,157.82437473865448,-1.3611443156276382,75125687.07574822,41.59325618743756,-1.814450559298141,51.337028094307094,4.431598138177942,38159188462.19713,164.16714091677585,161.90019220921204,8.463266049235173,153.09686279296875
2022-09-02,153.09686279296875,156.40612115494875,-0.8214898384947156,75675320.95302376,38.10424376464332,-1.972781892130004,49.53208399856635,4.420600107566257,38083513141.2441,162.88473866249504,161.37694734690123,9.2563895636565,151.8391876220703
2022-09-06,151.8391876220703,155.0360410950852,0.9253805648173907,75087164.66711663,35.04585302912329,-2.086640775585195,48.247332016878424,4.40429138989771,38008425976.57699,161.602668809352,160.77305151339493,10.353550598393314,153.24427795410156
2022-09-07,153.24427795410156,154.4985121527901,-0.961782699362157,78795895.26698163,33.896342246475434,-2.108769174788415,47.31972858501259,4.402830419634098,37929630081.310005,160.373007082562,160.17547633619446,11.46026384737044,151.77040100097656
2022-09-08,151.77040100097656,153.68007880724605,1.8839733874231213,80634266.68688715,32.16634929521379,-2.0853630275875457,46.71640738970774,4.374299908318806,37848995814.623116,159.12697119924846,159.5568670477232,12.655933722086084,154.6297149658203
2022-09-09,154.6297149658203,153.96496965481833,3.850791404972642,76852626.680821,33.439811056533046,-1.9594791611608215,46.16016861460922,4.391654499140795,37925848441.30394,157.88155882506962,159.02430539125606,13.606915347978212,160.5841827392578
2022-09-12,160.5841827392578,155.95073358015017,-5.8679433620817845,85283638.6765747,41.66098128266414,-1.662951490294853,44.52124471651923,4.515191234072405,38011132079.980515,157.00417034014637,158.73158426638884,14.021302158813839,151.16119384765625
2022-09-13,151.16119384765625,154.513871660402,0.9555342451925464,96495527.07360229,38.0032489371306,-1.4896458419498186,43.29287512695128,4.543750513403927,37914636552.90691,156.16773674298528,158.32989735153296,14.410274135383755,152.6055908203125
2022-09-14,152.6055908203125,153.94138740837514,-1.8929904131120834,93936488.9515216,36.62357531896758,-1.3441005709656075,42.3294467688424,4.560035233718743,37820700063.95539,155.47611307726743,157.91194402361316,14.595440925334787,149.71678161621094
2022-09-15,149.71678161621094,152.67400567072588,-1.0959923007297645,92899872.26606512,33.70618945291849,-1.2648679473507736,41.78043993586887,4.541408552565949,37727800191.68932,154.84900959231962,157.4130927519096,14.578269802144517,148.07589721679688
2022-09-16,148.07589721679688,151.29457313454716,2.508258708354294,113713550.58624558,30.827776861091365,-1.2356202417557547,41.760868400320184,4.495842690540107,37614086641.10308,154.1960294319089,156.8303765978751,14.35454314583232,151.79002380371094
2022-09-19,151.79002380371094,151.44320833529628,1.5665513403033016,104041745.4103719,31.506509260538955,-1.1389013858664845,41.9935698326487,4.486885210891983,37718128386.51345,153.69973814994364,156.31731295381996,13.791470560133053,154.1678924560547
2022-09-20,154.1678924560547,152.2606135715238,-2.026733779731016,105136161.78726032,35.268215287337796,-0.9596879544222887,41.69385108499624,4.516787246298642,37823264548.30071,153.42219539758753,155.9309606316965,13.053903068683356,151.04331970214844
2022-09-21,151.04331970214844,151.8954254107112,-0.6375435344272429,104104353.25108223,34.36027733449256,-0.8114462102904976,40.930373894296636,4.537409121973198,37719160195.04963,153.1618867233796,155.54662394398363,12.273358987745995,150.08035278320312
2022-09-22,150.08035278320312,151.35090362245876,-1.5123734376502829,98868797.27575755,32.996257675329936,-0.699983200025269,40.37229859037517,4.527012035374118,37620291397.77387,152.92896920490088,155.14703153240984,11.368561823483363,147.81057739257812
2022-09-23,147.81057739257812,150.28880575349456,0.225995606030982,98017128.09303029,30.456577512205936,-0.6488505558211586,40.19785631870602,4.485084222427774,37522274269.68084,152.56135281476853,154.68434336298932,10.067571192525353,148.14462280273438
2022-09-26,148.14462280273438,149.6455508682665,0.6566409916935134,96613809.6651212,29.00069609838652,-0.6100038315785037,40.16179256892078,4.466982541649865,37425660460.01572,151.93083454358015,154.2044583634919,8.870205920010589,149.11740112304688
2022-09-27,149.11740112304688,149.4871059447006,-1.2651754023869644,92962476.76558484,28.63756709138309,-0.548564332153689,40.187349391084105,4.50039636077963,37332697983.25013,151.42815797201,153.75518670455938,7.7973524106269565,147.23080444335938
2022-09-28,147.23080444335938,148.81021549429823,-4.911887529772773,109081153.73590939,27.07769511874255,-0.5080205722866371,40.73894241959084,4.51467092792984,37223616829.51422,150.9150407806023,153.2842370654869,7.091911240923269,139.99899291992188
2022-09-29,139.99899291992188,146.1668487219853,-3.003932218227534,114798267.61513656,22.03096502170549,-0.6070372712150949,41.857381861979476,4.556635202655877,37108818561.899086,150.26432508572825,152.606390556582,7.3164216082376035,135.79351806640625
2022-09-30,135.79351806640625,143.05484952531157,3.0752534675511534,117836377.33059558,17.820069143747972,-0.8168606087858308,43.37433113096126,4.5955556433890825,36990982184.56849,149.44035272480465,151.6967199821753,8.48362690180118,139.96951293945312
2022-10-03,139.96951293945312,142.12924854955403,2.5623124804181607,116778974.1314169,16.792022096878352,-0.9437434975088195,45.069514001623716,4.637663556424739,36874203210.43707,148.50895674623047,150.78553222668756,9.726225014700699,143.55596923828125
2022-10-04,143.55596923828125,142.5572647561722,0.20534468017079366,108094311.89199182,19.115767622584457,-0.9234538404135266,46.64361238152456,4.645370236104896,36982297522.32906,147.5386218646953,150.0018877056861,10.629314186960316,143.8507537841797
2022-10-05,143.8507537841797,142.94531146457444,-0.6625790793074238,99507318.32439427,21.26267220826062,-0.8124289220596301,47.98221701477638,4.632779550934705,37081804840.65346,146.64361047008163,149.3298328255802,11.222506290847965,142.8976287841797
2022-10-06,142.8976287841797,142.931006660456,-3.671876560007492,90175782.82707599,21.240290567349057,-0.6741784531747661,49.09334934435956,4.604376890238762,36991629057.82638,145.80162077388135,148.7204208098541,11.708703205091872,137.65060424804688
2022-10-07,137.65060424804688,141.34688593673326,0.2355928952995523,88900727.97895318,18.871282501539337,-0.624756250236536,50.35060645848313,4.5377222370291035,36902728329.84743,144.90742879220522,148.0181793933664,12.287408860479735,137.9748992919922
2022-10-10,137.9748992919922,140.33528994331093,-1.025499752663117,84700209.58526722,17.526923425700087,-0.5956395404134289,51.70549123321548,4.46830249447998,36818028120.26216,143.9764026997097,147.28647563621828,12.444764632452591,136.55996704101562
2022-10-11,136.55996704101562,139.20269307262234,-0.46051251039991303,82400256.70968705,16.140535560073882,-0.5871406766430245,53.10195559057516,4.394501855858748,36735627863.552475,142.94796141250185,146.51659158254247,12.827507803048121,135.93109130859375
2022-10-12,135.93109130859375,138.22121254341374,3.3612957687031653,78810289.69678093,15.030960212812905,-0.5810280995806067,54.49453139417777,4.331298571848259,36656817573.8557,141.8890611174134,145.72655548357784,13.217127042106839,140.50013732910156
2022-10-13,140.50013732910156,138.90488997912007,-3.2240106422618986,89134402.78774665,19.1978865196895,-0.4691408604098113,56.00489064454869,4.3727197857659075,36745951976.64345,141.16286524312687,145.07687305458185,13.384010145964501,135.97039794921875
2022-10-14,135.97039794921875,138.02454237014967,2.912268896850123,88973481.95142266,17.975460038829286,-0.3955645837726838,56.983375889426824,4.441585332925711,36656978494.692024,140.65983452761066,144.40522251320738,13.713614983583366,139.9302215576172
2022-10-17,139.9302215576172,138.59624612638993,0.9409444469949069,87856707.36599585,21.47243867946335,-0.2562897686734473,57.89196933109938,4.499523655454802,36744835202.05802,140.30653428529425,143.85198666684383,13.670170807060082,141.24688720703125
2022-10-18,141.24688720703125,139.3914384505823,0.07652788946796996,91240675.1561971,26.186250692587166,-0.06829074388500089,57.76684396276593,4.585831816566644,36836075877.21422,139.98995165473528,143.4271725510094,13.084925128440622,141.35498046875
2022-10-19,141.35498046875,139.9805010560326,-0.32670037479057834,82395962.60933796,29.559485890614518,0.12739338338437856,57.47239592331711,4.623016648246005,36918471839.823555,139.6934706138811,143.0989181229164,12.233395751052504,140.89317321777344
2022-10-20,140.89317321777344,140.25430270455485,2.7058966868195755,77033773.82653657,31.1348045964114,0.29722672564558295,56.806397577531925,4.6453011232515715,36995505613.65009,139.42580021829096,142.8280023687867,11.198529522922422,144.70559692382812
2022-10-21,144.70559692382812,141.58969097033682,1.4802772753222282,79888221.67857559,38.373638631817784,0.5090248902620802,55.3932048205744,4.709318855487132,37075393835.32867,139.45008072165132,142.7100679498867,10.088639681409635,146.84764099121094
2022-10-24,146.84764099121094,143.16707597659905,1.9337565684764968,78716325.1750029,45.642156914941594,0.7503064787069871,53.01505969556827,4.768396380330757,37154110160.50367,139.73325932498014,142.7535925238593,8.923839782691134,149.68731689453125
2022-10-25,149.68731689453125,145.1231482519787,-1.9627095381526516,77521117.62250203,53.0390318431928,1.019876163049683,49.72316683156106,4.825524659799592,37231631278.126175,140.32530484291576,142.97926449796591,7.78014467930192,146.7493896484375
2022-10-26,146.7493896484375,145.61102067091633,-3.0465299861666906,80723072.33575141,54.694949478183574,1.19702340064276,46.250166764394415,4.808597268715047,37312354350.46193,141.06428565566603,143.2299079430088,6.797676920358746,142.27862548828125
2022-10-27,142.27862548828125,144.6113021161258,7.555221949531821,89260210.63502598,50.74618478112081,1.2092928490942976,43.14198330448351,4.770259824722204,37223094139.826904,141.6349268693666,143.36146929282947,6.42966284051427,153.02809143066406
2022-10-28,153.02809143066406,147.13633891048727,-1.5410342702337987,111910867.44451818,58.830827144459796,1.3397623376572376,41.1164820922217,4.950807433575954,37335005007.27142,142.54610652340037,143.72098068498735,7.275208616648531,150.6698760986328
2022-10-31,150.6698760986328,148.19640006693092,-1.7542608838843399,107720567.21116272,61.67496955401102,1.4409329831302928,39.54529635405428,4.988044235664979,37442725574.48259,143.5061219174545,144.1472111023153,8.314569370784259,148.0267333984375
2022-11-01,148.0267333984375,148.1455000663829,-3.7305021708923136,99518187.04781389,61.45543089147138,1.4442530255845876,38.44802846950064,5.008284685843931,37343207387.43478,144.38152807903455,144.52800052746463,9.136685672423528,142.5045928955078
2022-11-02,142.5045928955078,146.45322791512035,-4.240500317961504,97744110.93346973,54.5083520668568,1.2780278827346943,36.80506872282501,5.067763410240993,37245463276.501305,145.0288007649433,144.71135551676517,9.486388158764461,136.46168518066406
2022-11-03,136.46168518066406,143.45576509478346,-0.19474116119896356,97796427.65342881,44.83957170215499,0.928041795634309,34.45578598888141,5.08461543056016,37147666848.84788,145.34894700396617,144.59177547657643,9.502506208292829,136.19593811035156
2022-11-04,136.19593811035156,141.27781699945388,0.3902422847547493,110701939.35740016,39.37443111217971,0.5314090779675169,33.509510977975225,5.164255912101318,37036964909.49048,145.31775960687787,144.27616038351712,9.505814562591517,136.72743225097656
2022-11-07,136.72743225097656,139.91270157491067,0.4175069685864896,102503737.5501801,36.38130708829319,0.176993191764251,33.195022938275905,5.1799309354338785,36934461171.9403,144.99232216670904,143.86059287793557,9.546609522095947,137.29827880859375
2022-11-08,137.29827880859375,139.1283747450156,-3.319000486775925,98725166.28512608,34.746976812350105,-0.09572176795803888,33.109026684102005,5.1635494773253985,36835736005.655174,144.39284481601274,143.40990543670512,9.556672959359299,132.74134826660156
2022-11-09,132.74134826660156,137.21226680149138,8.897459656983052,91582956.39958824,31.074392624983407,-0.37494145829635905,33.4107970314483,5.127111327480781,36744153049.255585,143.55296942907023,142.81965413811335,9.750649557109218,144.5519561767578
2022-11-10,144.5519561767578,139.4141736140713,1.926877663324622,99764269.47971177,39.047212530979756,-0.3799443814834689,32.937309610772424,5.227930221956619,36843917318.7353,143.03325657886478,142.49532265963316,9.683460438911364,147.33729553222656
2022-11-11,147.33729553222656,141.79111018951787,-0.9485809552442381,98028898.63579823,46.27215092854847,-0.20077532531641973,31.554692713177925,5.298393391397091,36941946217.37109,142.49873370676787,142.42825480533645,9.275988073355416,145.93968200683594
2022-11-14,145.93968200683594,143.03568173471328,1.1869552857118881,90632459.04505876,49.63826055784425,0.01262953827817448,29.646772075462916,5.29371537701211,37032578676.41615,141.98266187354608,142.4861049890866,8.91296387629981,147.6719207763672
2022-11-15,147.6719207763672,144.42655344720944,-0.8331312390684409,90403211.33154112,53.16936632806567,0.24561345674693347,27.967198060220205,5.3411732166770705,37122981887.747696,141.61076721162874,142.67090960414595,8.681829532805457,146.44161987304688
2022-11-16,146.44161987304688,145.03107337496067,1.297159858533714,82547737.93207878,54.657439465293486,0.42791280891597916,26.50697511714773,5.304668693690935,37205529625.67977,141.46855175761277,142.8956871061283,8.525277722440414,148.34120178222656
2022-11-17,148.34120178222656,146.02411189714041,0.3781750269937767,81900236.55245514,57.07061580696932,0.5927066727722622,25.4081925148654,5.27523447862426,37287429862.23222,141.72538643784844,143.19363232431994,8.441070029221983,148.90219116210938
2022-11-18,148.90219116210938,146.8875356766311,-2.168017597869498,79779045.58671859,59.10840681533316,0.728267060565278,24.703696368575336,5.2364642535607375,37367208907.81894,142.28635830556618,143.54543264358767,8.562814818065009,145.67396545410156
2022-11-21,145.67396545410156,146.52346460987224,1.4661111069794508,73462561.910703,57.86119778422049,0.7584024509971572,24.049521375591706,5.130506600873391,37293746345.90823,142.94743460906233,143.82905473561476,8.696919339381555,147.80970764160156
2022-11-22,147.80970764160156,146.90933751939102,0.5926380455497648,66965023.3374921,58.852210683694196,0.7670108685071717,23.41849139429233,5.0533954004974095,37360711369.24573,143.72553088649988,144.1224150007363,8.848683991997724,148.68568420410156
2022-11-23,148.68568420410156,147.44224152480416,-1.9593781573058577,64365936.33624447,60.24281052191476,0.7693103370948058,22.997592250203127,4.981135237159218,37425077305.58197,144.74852835883118,144.43858895540944,9.034067642430388,145.77236938476562
2022-11-25,145.77236938476562,146.9412798827926,-2.626422303910947,55614925.43537113,58.249885696304105,0.6998026325857477,22.490534014801504,4.831591533308359,37369462380.1466,145.50123898570328,144.6769404723031,9.18095336973999,141.9437713623047
2022-11-28,141.9437713623047,145.4420273266462,-2.114802943360905,59704247.804759786,52.63763493496636,0.5236277061365431,21.24468329234537,4.695803566961255,37309758132.34184,145.8663306994161,144.74980588700242,9.038643799204852,138.9419403076172
2022-11-29,138.9419403076172,143.49200122093748,4.859363350358925,66922113.46333185,46.37856749145266,0.25987044391733227,20.311078994850668,4.602488272152426,37242836018.87851,145.91196264803853,144.63001496642482,8.689125342993366,145.69363403320312
2022-11-30,145.69363403320312,144.15249106461718,0.18915650713675625,80259749.42433229,48.60763031443279,0.12104959385368075,19.98753262116314,4.6182799711722495,37323095768.30284,145.88455640977932,144.58453649958602,8.28220060513041,145.96922302246094
2022-12-01,145.96922302246094,144.6975106519703,-0.3371230846312745,77556944.5970326,50.43850632067321,0.0601687463501297,19.507587732059864,4.59470374389605,37400652712.89987,145.8512001374803,144.59529594267022,8.132108570876118,145.4771270751953
2022-12-02,145.4771270751953,144.9313955789378,-0.798322716755806,73924081.21792282,51.24126957650054,0.031337633227110806,19.06192462074968,4.5244379083160124,37474576794.1178,145.74192850566,144.62730543183858,8.16278668036157,144.3157501220703
2022-12-05,144.3157501220703,144.74670194187755,-2.5369964105052323,72394776.85254598,50.545034373406835,-0.002678083587147495,18.141759738954594,4.498445826305431,37402182017.26525,145.52784513218464,144.6386765280328,8.019024491838094,140.6544647216797
2022-12-06,140.6544647216797,143.51903077581818,-1.3784980599225616,70094503.79678218,46.064617993053815,-0.10471453488972182,17.785012491322778,4.495585350939867,37332087513.46847,145.22740174877927,144.53204359925044,7.602845653502396,138.71554565429688
2022-12-07,138.71554565429688,142.0779852393618,1.213284284812599,69982482.65774752,41.42307336753378,-0.2574145336351183,18.045199617039128,4.469606251228983,37262105030.81072,144.74426652077634,144.29832375545152,7.043702470359651,140.3985595703125
2022-12-08,140.3985595703125,141.574157538647,-0.34350016737020317,67626227.86042327,39.908973121652906,-0.3734669235856509,18.52486331246784,4.427302402848876,37194478802.9503,144.15745812216065,144.0388793538511,5.7363678220311405,139.91629028320312
2022-12-09,139.91629028320312,141.07679736201382,1.6389782970905653,70167459.50229628,38.416178297181524,-0.45920169533599003,19.162750577514235,4.415750873210181,37124311343.448006,143.57100987008275,143.75677630700946,5.23997618934804,142.20948791503906
2022-12-12,142.20948791503906,141.41660452792138,0.678284103773863,70256031.6516074,40.06567478570736,-0.46696693536718936,19.87011571394214,4.4118414970218875,37194567375.09961,143.16846759021027,143.53390280423915,5.320062230888418,143.174072265625
2022-12-13,143.174072265625,141.94384484923245,-1.5535770009259209,77345082.15612517,42.63315152252195,-0.4124294585205406,19.48012269081618,4.48105765554183,37271912457.25574,143.01365195303973,143.38246871328613,5.477124869570301,140.9497528076172
2022-12-14,140.9497528076172,141.64561723674785,-4.685425357218131,78828917.50928763,41.54893818428356,-0.37344021532360794,19.32030598812436,4.504724024457135,37193083539.74645,142.7629645702528,143.21705428694915,5.740725775184008,134.3456573486328
2022-12-15,134.3456573486328,139.45562927031332,-1.4578719440121235,84859812.25650133,34.59195470795485,-0.46611676481612363,20.026820370654,4.542015023375173,37108223727.48995,142.23877643208715,142.85882333298383,6.436517697474645,132.38706970214844
2022-12-16,132.38706970214844,137.33506139986386,-1.5909993857852855,107448938.57955092,29.44986667855631,-0.6309680217704474,21.4121924686474,4.552925240076972,37000774788.9104,141.47914301417973,142.33275076792478,7.494030743602642,130.28079223632812
2022-12-19,130.28079223632812,135.21878065080313,-0.052869016718271045,99092037.00568564,25.393052608495523,-0.8307035139871839,23.315321150731375,4.545596832017709,36901682751.90472,140.52635088507228,141.65522980438936,8.791889315561559,130.2119140625
2022-12-20,130.2119140625,133.71672067431217,2.380973585726398,92594265.90397994,22.974041573375665,-1.0007418283810998,25.535130676183392,4.515427733457771,36809088486.00074,139.5461198749217,140.89918131581058,10.204857231106919,133.31222534179688
2022-12-21,133.31222534179688,133.5953720745576,-2.377291326866393,90594386.13278595,22.785195536302453,-1.052858170104211,27.698616274540374,4.494792652005904,36718494099.86795,138.69785855844128,140.20358043569124,11.145732899914197,130.14300537109375
2022-12-22,130.14300537109375,132.55966206351843,-0.27980835384753266,86771700.29295015,21.184609498852588,-1.0842840115463863,29.93284317083301,4.470234624785693,36631722399.575,137.79640901092841,139.47558820977002,11.90350944276738,129.7788543701172
2022-12-23,129.7788543701172,131.72541975549805,-1.387829568003618,79884660.2050651,19.967872328513998,-1.0857655529851504,32.19445253509662,4.4180525675463675,36551837739.369934,136.86127125027684,138.73747692841079,12.604649139345538,127.97774505615234
2022-12-27,127.97774505615234,130.60111734569435,-3.0685216711589525,76621602.14354557,18.431447325737086,-1.0844372011884151,34.46978680198693,4.347104584780659,36475216137.22639,135.77972253205414,137.96258553958066,13.521518119655735,124.05072021484375
2022-12-28,124.05072021484375,128.63599820643915,2.8324354829424747,79266641.5004819,16.099670462140573,-1.1326046047763327,36.839357636308144,4.318407498438681,36395949495.72591,134.4489378677748,137.0743391269005,14.910498149796913,127.56437683105469
2022-12-29,127.56437683105469,128.3145117938238,0.24688222894120315,78197759.05033733,15.748652476716826,-1.1017957382732448,39.119052724329435,4.284526139869791,36317751736.67557,133.1158273234824,136.24006985708368,15.902062181134909,127.87931060791016
2022-12-30,127.87931060791016,128.1839514380497,-3.7404817748783126,77848691.33523613,15.599898854130734,-1.008405457125586,41.30630606967848,4.22181241345682,36239903045.34033,131.98865954025604,135.47282048384236,16.467861647534484,123.09600830078125
2023-01-03,123.09600830078125,126.65756849686915,1.0314333810160115,88129333.93466529,13.941904262053644,-0.9674658070284372,43.532835179889474,4.227804409334923,36151773711.40567,130.92091024995656,134.6332726755592,16.98333583840998,124.36566162109375
2023-01-04,124.36566162109375,125.96999643413653,-1.0604719163214482,88424613.7542657,13.258324235521627,-0.9058113195239836,45.68946834539568,4.2178177228354,36063349097.651405,129.9960318282899,133.80819874780465,17.279014996723323,123.04679870605469
2023-01-05,123.04679870605469,125.09303711571198,3.679416963924198,86186039.62798598,12.421765383485099,-0.8444269283510435,47.76711946503755,4.188132251749399,35977163058.02342,129.13366347242987,132.978183354272,17.628150258516644,127.57420349121094
2023-01-06,127.57420349121094,125.83738702836166,0.4088771004065128,86656637.73959018,17.19743247589197,-0.6810369123113467,49.74374975591555,4.234302316864826,36063819695.763016,128.3578649678103,132.2981075137091,17.725567879987636,128.0958251953125
2023-01-09,128.0958251953125,126.5149184784469,0.4456521635547661,81896886.41771312,21.39892270429847,-0.46498889871049087,50.56296705688895,4.298630670347718,36145716582.180725,127.75339060930314,131.7473276055889,17.480336570249722,128.66668701171875
2023-01-10,128.66668701171875,127.16044903842845,2.111227067348165,76496680.49239919,25.288641612503717,-0.2282438845574033,51.2411809158992,4.316134213851077,36222213262.67313,127.29689353759618,131.3104820277641,16.94693631616919,131.3831329345703
2023-01-11,131.3831329345703,128.427254207271,-0.059928051496316304,74385346.34467943,32.362479477518,0.04923155183844097,51.165824927435764,4.338808087441104,36296598609.01781,127.07950722375385,131.03588890200285,15.872404771579092,131.3043975830078
2023-01-12,131.3043975830078,129.29039721999203,1.0119155181800732,73483622.4412756,36.75630985166498,0.31181732249393335,50.42397354361206,4.322218679949432,36370082231.45908,127.14494712510914,130.8696515989542,14.180184422930166,132.63308715820312
2023-01-13,132.63308715820312,130.29320420145535,0.8756313963647067,68781445.70889291,41.51025947996258,0.5595076925764917,49.11902302113093,4.296293748779591,36438863677.16798,127.34281636587228,130.81475184681145,12.016546822453071,133.79446411132812
2023-01-17,133.79446411132812,131.34358217441718,-0.5370107091935417,67240991.99622503,46.08202440736515,0.7866382139978692,46.95867591328439,4.287169951643838,36506104669.1642,127.65877943950903,130.86511663991675,10.194282818173921,133.0759735107422
2023-01-18,133.0759735107422,131.86329957531467,0.04438575266643152,67970534.39735752,48.23789391942054,0.9533172377410501,44.1035272543358,4.29256162380659,36574075203.561554,128.17935254735357,130.9601816813832,8.873470716602261,133.13504028320312
2023-01-19,133.13504028320312,132.2448217876812,1.9220784817386205,65063494.078150265,49.82396443153486,1.0623767471270784,41.345939993586825,4.272097600686333,36639138697.6397,128.80683508270806,131.0825283581735,8.174671784618276,135.69400024414062
2023-01-20,135.69400024414062,133.279575324619,2.350013640183879,69611525.85470518,53.945720794929834,1.1688707070584572,38.42177682970097,4.271928836841841,36708750223.49441,129.62548890359875,131.2917709264064,8.070407953618817,138.88282775878906
2023-01-23,138.88282775878906,134.96055105487,1.0063366412779828,73256158.09829363,59.73265069581681,1.306750338846812,36.846021942026,4.343692245555129,36782006381.592705,130.53780530624957,131.64117855768865,8.450059301727507,140.28045654296875
2023-01-24,140.28045654296875,136.55652270129963,-0.47008621383555216,71209840.66880554,64.31709637140929,1.448670913184936,36.00715842564623,4.38891311102802,36853216222.26151,131.54196572853485,132.1093065713659,9.499783670446982,139.6210174560547
2023-01-25,139.6210174560547,137.47587112772615,1.4803387422115177,69586678.46816388,66.6710356536142,1.5392022337751958,35.53548575197555,4.3703200240522095,36922802900.729675,132.57350793746463,132.62040795768593,10.772901459906818,141.68788146972656
2023-01-26,141.68788146972656,138.73947423032627,1.368422288266724,64942204.92771471,69.635936600734,1.6112393402226841,35.5073183671302,4.363777285801356,36987745105.65739,133.60472993977015,133.20317617412786,12.250097835263727,143.62677001953125
2023-01-27,143.62677001953125,140.20566296708776,-2.007782231796029,66626283.4494003,72.6735686622533,1.6771645289008823,36.03014115340831,4.3847745839099685,37054371389.10679,134.69625651447973,133.87007967821927,13.772002579755318,140.74305725097656
2023-01-30,140.74305725097656,140.3668812522544,0.9020530398904381,65842988.4145802,72.99349701669962,1.6487002158133754,36.710732657912864,4.345675508715922,37120214377.52137,135.70362421955966,134.48882268527024,14.923184856026142,142.01263427734375
2023-01-31,142.01263427734375,140.86060715978118,0.790098571603548,65852441.89020614,73.99751383941854,1.5800286763457374,37.370114497185256,4.304216757944037,37186066819.411575,136.65532671809603,135.09565930189032,15.865625791609043,143.13467407226562
2023-02-01,143.13467407226562,141.5428272335265,3.7062626046402425,69395789.32314429,75.3606080833646,1.4981839542706696,38.21236214591702,4.283550346550821,37255462608.73472,137.62327948391723,135.70967529537947,16.43442035499311,148.4396209716797
2023-02-02,148.4396209716797,143.61186535497245,2.4400041981307963,84078752.526201,78.96252226477101,1.4974617957785745,39.503898743818716,4.350726498937333,37339541361.26092,138.75998384064636,136.46226482486452,17.011339654915822,152.06155395507812
2023-02-03,152.06155395507812,146.14677193500415,-1.7929044445911702,105162316.76834069,82.36409180989301,1.5739411636118785,41.336198833277834,4.492740799678469,37444703678.02926,140.04670350168485,137.384598835354,17.58293796507356,149.33523559570312
2023-02-06,149.33523559570312,147.10331103321383,1.9244732259686925,94571111.73783848,83.45144636482229,1.590484722042755,43.1890724252915,4.511029624062186,37539274789.7671,141.26097949951924,138.31019047324543,18.018171811892937,152.2091522216797
2023-02-07,152.2091522216797,148.63506338975358,-1.7652816054729459,91196558.21648693,85.04189762376517,1.6016781655599248,45.10298150615509,4.552568727935326,37630471347.98358,142.46883356836463,139.29351170338907,18.455373192651784,149.52223205566406
2023-02-08,149.52223205566406,148.90121398952672,-0.6911560860402455,83073620.75154084,85.30615035777885,1.5245131859268497,46.98034748374528,4.532818021483717,37713544968.73512,143.6113678545447,140.20853096873552,18.548593229268075,148.48880004882812
2023-02-09,148.48880004882812,148.77748980731715,0.24561823925570714,74953664.52607858,84.55830622766746,1.367656402496118,48.78303499880509,4.525871885588176,37638591304.209045,144.61516941224377,141.02462228669566,18.413458924163503,148.853515625
2023-02-10,148.853515625,148.800297552622,1.8806974367890028,69702775.168255,84.5851338972047,1.1753071918117435,50.4437855232848,4.4854709916162365,37708294079.377304,145.4746328707972,141.76516278821245,18.04338088700662,151.6529998779297
2023-02-13,151.6529998779297,149.6561082502143,-0.42249860671347284,67451642.6177785,85.59634267908153,1.0212768183313212,52.05557585344286,4.478946293896328,37775745721.99508,146.4035555705932,142.5166814036412,17.65919325672536,151.01226806640625
2023-02-14,151.01226806640625,150.06295619507188,1.3903467202331266,65728429.83244494,86.06436538774697,0.8683590258793554,53.579233128210056,4.424092199677707,37841474151.82752,147.3237904741223,143.23537424092032,17.19281059601748,153.1118621826172
2023-02-15,153.1118621826172,150.97762799133545,-1.0429486187381154,65682040.882711455,87.08073093130496,0.7545837469834153,55.09465636132697,4.389800747019518,37907156192.710236,148.26727054990315,143.97273174095986,16.612749150854114,151.51498413085938
2023-02-16,151.51498413085938,151.13883483319262,-0.7546663610510929,66427798.61789802,87.2571288031835,0.6215023032376514,56.60705402678989,4.342404279250653,37973583991.32813,149.01996749772516,144.6552177497439,15.721737635450827,150.37155151367188
2023-02-17,150.37155151367188,150.90864983733638,-2.667982445013828,64242689.03252861,85.46276474615922,0.4569022363881823,57.74373383027556,4.250366823555677,37909341302.2956,149.4961552879584,145.250782710467,14.631202089159226,146.3596649169922
2023-02-21,146.3596649169922,149.54395436123312,0.2896111449883332,62630042.32277002,75.54409178625511,0.20773233364289512,57.826430523917494,4.147771140635327,37846711259.97283,149.74021962076034,145.65965620101616,13.421915468460764,146.78353881835938
2023-02-22,146.78353881835938,148.71582969837098,0.32903634514760416,59144419.62593901,70.21844350304251,-0.04761317405075216,56.9192851613963,4.05198870699776,37787566840.34689,149.74829625162207,145.95072034362138,12.238340223735378,147.26651000976562
2023-02-23,147.26651000976562,148.28103379178935,-1.8005217558166975,55919353.7381573,67.52677008558726,-0.26823395543999595,55.46145627324427,3.9771945253590766,37731647486.608734,149.68627823184832,146.17265495773262,10.978957596250332,144.6149444580078
2023-02-24,144.6149444580078,147.1812069916549,0.8247546685644869,55784427.61671011,61.14214536487239,-0.4973540037429305,53.32192485466453,3.8693476883877933,37675863058.99203,149.5266499502821,146.2687075323919,9.772206517685905,145.8076629638672
2023-02-27,145.8076629638672,146.76914378331858,-0.34478027713653603,52548649.33169708,58.89534446594477,-0.6747653402879137,51.22531428343269,3.7945968466681874,37623314409.66033,149.32353457335176,146.31636812771825,8.772522384642377,145.30494689941406
2023-02-28,145.30494689941406,146.32988471814724,-1.4246057186482197,51948154.53218795,56.511371427830326,-0.8106641119944316,49.04003608182862,3.734817557133,37571366255.12814,148.99091222014505,146.31765542204482,7.6340401794880215,143.23492431640625
2023-03-01,143.23492431640625,145.40139659762494,0.41292019085028553,53007408.17253157,51.74358100777257,-0.9427933620098123,46.394889216880905,3.6571802604563826,37518358846.95561,148.52475626040038,146.23039267686195,6.523940919088507,143.8263702392578
2023-03-02,143.8263702392578,144.92888869011477,3.5090159408135424,52776615.720772095,49.45679920183669,-1.0343851065168597,43.2884499628726,3.602813920552394,37465582231.23484,147.91988233027828,146.10643991621936,5.538396656481745,148.87326049804688
2023-03-03,148.87326049804688,146.1122002324944,1.8539427531717667,58163321.004540466,54.83951607606399,-0.9877392354299288,40.95707333335029,3.646350437840688,37523745552.23938,147.41721887020847,146.10698851776934,4.962217945249442,151.63328552246094
2023-03-06,151.63328552246094,147.76852581948435,-1.4496592130024633,66981724.703178324,61.08649993828447,-0.8244560498407063,39.93724366988258,3.7556575765610147,37590727276.94256,147.10320646842328,146.2652301655517,4.802200965220315,149.43511962890625
2023-03-07,149.43511962890625,148.26850396231092,0.8377087379433767,63741807.292224824,62.76105398473762,-0.6685427199030993,39.351021350364846,3.797586981306546,37654469084.23478,146.97566142853105,146.45601814619545,4.7432552665102525,150.68695068359375
2023-03-08,150.68695068359375,148.99403797869576,-1.4914504902070025,58780705.10455737,65.10755992821913,-0.5095037140982059,38.97963396721161,3.829925978901649,37713249789.33934,147.00348225656353,146.6977343207193,4.7549775241944285,148.4395294189453
2023-03-09,148.4395294189453,148.8276854107706,-1.387861370727561,57296573.57319016,64.11007356526233,-0.41259953887245415,38.88764235693649,3.851441683559268,37655953215.76615,147.05814741846166,146.90058680548609,4.752338851643784,146.37939453125
2023-03-10,146.37939453125,148.0931981469144,1.3265861367313336,60679321.50123311,59.75692739855978,-0.39503677991256003,38.14936220880285,3.836477563134614,37595273894.264915,147.1493465339876,147.0141688380031,4.749233599116102,148.3212432861328
2023-03-13,148.3212432861328,148.1616116886799,1.4089159673885243,67812655.05086318,60.0291740740983,-0.3759847299939918,37.047867258904795,3.889410755471387,37663086549.31578,147.28859332452373,147.1234491094961,4.742477907554547,150.4109649658203
2023-03-14,150.4109649658203,148.836417671822,0.26217030509165795,69577628.53560422,62.70894491821776,-0.3174424670747076,36.14172068806306,3.949303184523438,37732664177.85139,147.5392466198912,147.28658897257478,4.682987565070993,150.8052978515625
2023-03-15,150.8052978515625,149.42708172574413,1.8693990676681205,71854709.97492296,64.92556623079629,-0.24186361161535652,35.36041805798248,3.9644418030427624,37804518887.82631,147.94181513270314,147.49044542525758,4.60946619230141,153.62445068359375
2023-03-16,153.62445068359375,150.686292413099,-0.545414887585649,73146626.98244607,69.13732033134181,-0.11635217810313536,35.18637731882096,4.01050191349308,37877665514.808754,148.51755550500155,147.794811805052,4.549551536110315,152.78656005859375
2023-03-17,152.78656005859375,151.31637270674742,1.5483840040267483,80886018.88771224,71.01299642024273,-0.006007930578215914,35.40742547284461,4.021263547344585,37958551533.696465,149.03797275242684,148.1301985575944,4.591772447192008,155.15228271484375
2023-03-20,155.15228271484375,152.4671457091763,1.1944166340481788,78712633.22139856,74.10804522569391,0.12228847634694784,35.99356037609874,4.049948260454073,38037264166.91786,149.50783474139604,148.54324114345934,4.994107589769532,157.0054473876953
2023-03-21,157.0054473876953,153.828636212732,-0.9103544202157754,77280333.25497898,77.2086339865929,0.26828021781567135,36.95188267909702,4.07283110085781,38114544500.172844,150.06384796643817,149.04661210243768,5.919753543999683,155.57614135742188
2023-03-22,155.57614135742188,154.35288775613895,0.6969706658736641,76806773.27848528,78.28686458962058,0.36366782445528467,38.34115175537564,4.1104561092865675,38191351273.45133,150.59973294418248,149.55197168850447,6.827627377221675,156.66046142578125
2023-03-23,156.66046142578125,155.04515985703165,0.8305428123386749,74051371.2949397,79.65556597280509,0.43223117070610373,39.88207445038745,4.174842484444888,38265402644.74627,151.22148038880857,150.07513246645942,7.713989048237816,157.9615936279297
2023-03-24,157.9615936279297,155.92008998830107,-1.2293266793989344,69594909.90645778,81.26311689787957,0.49105905281824125,41.38848924304295,4.206079894604891,38334997554.652725,152.00416957294726,150.6317950875872,8.535790769044581,156.0197296142578
2023-03-27,156.0197296142578,155.9499818760881,-0.3980377722677009,64433526.934520446,81.31743196905481,0.4856534903787497,42.87485166363727,4.19643415585017,38399431081.58724,152.78300659168806,151.13828906744442,9.085730240621267,155.39871215820312
2023-03-28,155.39871215820312,155.7846009607226,1.9790833064125657,58901128.85416431,79.93677321643405,0.4267022611717475,43.97952532236031,4.153175319725087,38340529952.73308,153.47782492057814,151.58079496204235,9.342133971899592,158.47418212890625
2023-03-29,158.47418212890625,156.59147531117767,0.9889980169008217,56622500.19791502,81.58000006332955,0.3983544851670269,45.14220191623432,4.157159552825847,38397152452.93099,154.19426427912148,152.05800261434098,9.39484789369259,160.04148864746094
2023-03-30,160.04148864746094,157.62647931206266,1.5644022360153498,54486260.13854051,83.45222160462532,0.40432516889017656,46.43527722305482,4.156292008747864,38451638713.069534,154.88828296901787,152.5883337284097,9.304533729340426,162.54518127441406
2023-03-31,162.54518127441406,159.10208990076808,0.7701622173297062,58765322.09697835,85.68601316002203,0.4586899494557386,47.95719899858558,4.172918519606985,38510404035.16651,155.6668546884199,153.2086914591105,9.540782828400818,163.7970428466797
2023-04-03,163.7970428466797,160.51057578454154,-0.324958454448665,58228585.467884846,87.4302131544416,0.5352081317104473,49.63926976736324,4.1745520407820935,38568632620.6344,156.47119769595645,153.90410901391346,10.151940142398756,163.2647705078125
2023-04-04,163.2647705078125,161.33683420152283,-1.1290295446983678,54643499.82751939,88.3286832063997,0.5832241830723199,51.39314106409951,4.151365289197961,38623276120.46192,157.22201749483554,154.61198760320957,10.740271923206656,161.4214630126953
2023-04-05,161.4214630126953,161.36222284487457,0.549593119976266,53703959.879263565,88.35622408640013,0.5584196463508437,53.05747223771825,4.085591056127146,38676980080.34119,157.92295100370907,155.2548671500348,11.163589094789591,162.30862426757812
2023-04-06,162.30862426757812,161.64614327168562,-1.5972367547492872,51209801.915484495,88.67797795661454,0.5044990137027767,54.62416160510959,4.031115361310645,38728189882.25667,158.58304934517446,155.86356011400156,11.366447484748878,159.71617126464844
2023-04-10,159.71617126464844,161.06715166957446,-0.7591267124154699,50161931.34083915,83.60434442133788,0.3789366997955592,55.33020214104208,3.9163610507140865,38678027950.91583,159.09775551330182,156.35914026215136,11.071353441312167,158.50372314453125
2023-04-11,158.50372314453125,160.2981231120615,-0.43531291816282236,49406611.938587405,77.2798680874857,0.20206156405940856,55.631080854377714,3.8053976758225803,38628621338.97724,159.53256963689915,156.73428148595232,10.425345178804177,157.81373596191406
2023-04-12,157.81373596191406,159.55280696701726,3.410351926196431,49624558.357011184,71.6247510613956,0.003349364172972713,55.39233308064566,3.7279331265339555,38578996780.62023,159.9093902375286,157.002712484149,9.610683783919646,163.19573974609375
2023-04-13,163.19573974609375,160.64568680074018,-0.21139397538857407,55270870.84990783,74.5640257073732,-0.08133132346881977,55.47315260469117,3.768831182995843,38634267651.47014,160.31481138648488,157.34966241906244,8.811503159859935,162.8507537841797
2023-04-14,162.8507537841797,161.30720689577203,0.012115150712754819,53505559.59493548,76.17291692004672,-0.11744316706918001,55.790932811391016,3.781602842448838,38687773211.06507,160.6828841448558,157.7265714168443,8.16842528072431,162.8704833984375
2023-04-17,162.8704833984375,161.77618984657164,0.7504768650200333,49908751.716454834,77.27057106968158,-0.13323955165469448,56.161782505308906,3.763282480300854,38737681962.781525,160.95029413943615,158.11224936253265,7.500731693197324,164.09278869628906
2023-04-18,164.09278869628906,162.47116950148686,0.6968114610537368,49913026.20151838,78.8271584710322,-0.12074826594637056,56.741461422944006,3.7680079116911873,38787594988.98304,161.14635351113068,158.52738461386164,6.999451323344389,165.2362060546875
2023-04-19,165.2362060546875,163.30068046744702,-0.5846289380658454,49255178.341062866,80.54016444167505,-0.08232094665457579,57.49065349327608,3.777491021826243,38836850167.324104,161.34273813772313,158.981984218965,6.769685933219322,164.2701873779297
2023-04-20,164.2701873779297,163.5915325405918,-0.9780680353395632,50215544.83874401,81.11704306711967,-0.06384017359742966,58.30246914099207,3.759147144285611,38887065712.16285,161.56566910729484,159.4209888210247,6.513784293730735,162.66351318359375
2023-04-21,162.66351318359375,163.31312673349237,0.18783683335465984,52652071.387120806,78.71170883476782,-0.0950135053108303,59.046576333541324,3.713380675870493,38834413640.77573,161.7323674534755,159.79166862221211,6.183031744595731,162.96905517578125
2023-04-24,162.96905517578125,163.20990526617902,-0.9435654670169713,49441329.97098456,77.79069239947154,-0.14427850007419885,59.45925704809044,3.6669848766303383,38784972310.80474,161.94664281313595,160.1172149692566,5.877805309062417,161.43133544921875
2023-04-25,161.43133544921875,162.67633432109093,-0.006115563930608747,49223160.979689196,73.03343557777421,-0.22943550472203222,59.568013721739554,3.6298409822567135,38735749149.82505,162.18446393403892,160.36094062181223,5.355017116468306,161.4214630126953
2023-04-26,161.4214630126953,162.29987292857223,2.8395250666963356,48105852.68578243,69.79050068494792,-0.3220755603890204,59.04818783521128,3.610386501224315,38687643297.13927,162.45917053019443,160.54560084150367,4.54083369660843,166.00506591796875
2023-04-27,166.00506591796875,163.41143082539116,0.7541104636434648,53144786.8800477,73.5281392017888,-0.31885351255303673,58.90128287768526,3.6733442609391296,38740788084.01932,162.73574493265951,160.81853703044533,3.8564385088300495,167.25692749023438
2023-04-28,167.25692749023438,164.56507982484413,-0.0530500348953411,53784120.816033386,76.74411602310353,-0.2523029729805808,59.11460110267261,3.7179438602810677,38794572204.83535,163.06153222556674,161.1753506299119,3.500535159562559,167.16819763183594
2023-05-01,167.16819763183594,165.34601516694167,-0.6191299648990234,53390754.57122337,78.6361703942218,-0.17275871629268025,59.58217774109612,3.7356862912331863,38847962959.40657,163.41851475760373,161.5725567762957,3.5986203053457464,166.13320922851562
2023-05-02,166.13320922851562,165.58217338541385,-0.6467478089507539,51901238.199856356,79.18760682138574,-0.1236127420943518,60.1783999423033,3.735350060933059,38899864197.60643,163.72961514599646,161.95442502478315,3.8949426016538444,165.05874633789062
2023-05-03,165.05874633789062,165.42514527115688,-0.9913203769151058,55871666.73989945,77.75053404695998,-0.12090663038151206,60.88609489875294,3.7576623443700456,38843992530.86653,163.94206162636743,162.28496981015206,4.148689857397498,163.4224853515625
2023-05-04,163.4224853515625,164.82434729527856,4.6926925498802285,63480786.71792961,72.34120950870322,-0.17549476880640213,60.45451706525401,3.7340992844013465,38780511744.148605,164.06534310183608,162.52681528492602,4.235135216359803,171.09140014648438
2023-05-05,171.09140014648438,166.7044631506403,-0.040338382215932,78472510.70255072,77.5945364050231,-0.10440611990493398,60.6132556433126,3.8718565471887065,38858984254.85116,164.40447674355087,162.92468651023214,4.651296317675632,171.0223846435547
2023-05-08,171.0223846435547,167.9998395985146,-0.9971161094502579,71719597.4917855,80.3620706470151,0.004648979823322907,61.03632815605575,3.937543398211401,38930703852.34294,164.88347017678444,163.40803442340192,5.187337500610471,169.3170928955078
2023-05-09,169.3170928955078,168.39501558761253,1.0420799964673044,63801788.24424984,81.12791105809761,0.07432458065259784,61.58071246504593,3.949812678041153,38994505640.58719,165.45533830343658,163.88298501046958,5.5041059991627534,171.08151245117188
2023-05-10,171.08151245117188,169.20096464668032,0.10946309480255323,60778601.77097489,82.61683705812236,0.14171054128172278,62.22118217832519,3.97413970719652,39055284242.35816,166.14544747524738,164.38945926153727,5.650072189527859,171.26878356933594
2023-05-11,171.26878356933594,169.821310323477,-0.5417367417447472,57399431.23968242,83.68387765500263,0.19196115514309708,62.94314592561811,3.9799739371372715,39112683673.59785,166.78643542505597,164.90677841029344,5.961643505798781,170.34095764160156
2023-05-12,170.34095764160156,169.97720451891436,-0.28973978957250734,53839531.86777769,83.95049877629384,0.1987597186040544,63.66638297378831,3.958292759144199,39166523205.46562,167.327647894463,165.389676134924,6.223510836189622,169.847412109375
2023-05-15,169.847412109375,169.93826679605255,0.0,48867682.30744438,83.58311376689001,0.1650802552828643,64.3379602328035,3.920859057301303,39117655523.15818,167.78687305737412,165.82287524550767,6.381629381592041,169.847412109375
2023-05-16,169.847412109375,169.91101039004928,0.3603141462853676,46840467.61521106,83.30828066110092,0.10816470514240928,64.96156768760332,3.883064184452823,39070815055.54297,168.21975675783764,166.21222144974973,6.502436463936723,170.4593963623047
2023-05-17,170.4593963623047,170.0755261817259,1.3666001057896393,50173807.33064774,83.6575743216042,0.05166075752691368,65.10299046861017,3.841344296714598,39120988862.87362,168.6847948488945,166.58015523374746,6.65144231157508,172.7888946533203
2023-05-18,172.7888946533203,170.88953672320423,0.06284941053398274,54770675.13145342,85.29703727253673,0.03970831698020083,65.42463411576716,3.8343534732735667,39175759538.00507,169.2913137916871,166.99057251845764,6.868625883513801,172.89749145507812
2023-05-19,172.89749145507812,171.49192314276638,-0.5480623527823192,55082322.59201739,86.3855070765057,0.042710604287314435,65.93832730237666,3.8248112508166368,39230841860.59709,169.77005979089972,167.41927257791562,7.0273384125372385,171.9499053955078
2023-05-22,171.9499053955078,171.6293178185888,-1.515488322782621,51628895.81441217,86.62865251088611,0.025156807543674553,66.42499404895965,3.775488177819043,39282470756.41151,170.13300761290714,167.82022926750355,7.051284950163689,169.34402465820312
2023-05-23,169.34402465820312,170.94372987047308,0.163189654473328,51364417.07008851,79.04279164227354,-0.05693911128919904,66.09214240118477,3.693169851288159,39231106339.341415,170.3878790411932,168.11770551540542,6.7254131744050145,169.62037658691406
2023-05-24,169.62037658691406,170.54672388540536,0.6692460158069569,49498141.94906196,74.9498759833536,-0.15663877568275897,64.90724166439098,3.6264373031742423,39181608197.39236,170.5224549650657,168.34904059826255,6.088747849953153,170.75555419921875
2023-05-25,170.75555419921875,170.60937297954936,1.4104738997855026,51466189.36434337,75.1683892662332,-0.232454580827409,63.83846169658995,3.5970578613229702,39233074386.7567,170.60126123067295,168.56431034886128,5.552497221869663,173.1640167236328
2023-05-26,173.1640167236328,171.37576610277438,1.0659403900629139,52476832.55504035,77.7278664918776,-0.24388494504469316,63.15817557176824,3.6083339143750552,39285551219.31174,170.74111738905896,168.83206803971015,5.22472424258339,175.0098419189453
2023-05-30,175.0098419189453,172.46598884762565,-0.02819665642059821,53523102.78852824,80.76513896106324,-0.19313865061216884,63.10740523314968,3.663184524326543,39339074322.100266,170.99388959421626,169.17815573570212,5.095754114974281,174.9604949951172
2023-05-31,174.9604949951172,173.2143406918731,1.602264252768415,67353761.95196977,82.52660585059668,-0.12745863585952222,63.40834399767116,3.7133441278002324,39406428084.05224,171.32422262439863,169.5625543029565,5.007502307616119,177.76382446289062
2023-06-01,177.76382446289062,174.57918582317836,0.4775135987941548,67818173.36637884,85.1903496983284,-0.01622784407621536,63.95217644483772,3.776936927078203,39474246257.41862,171.77458858854388,170.04032873345383,4.994708846856573,178.6126708984375
2023-06-02,178.6126708984375,175.7892313457561,-0.7571017533548163,66071791.35646519,87.07204021517391,0.1078804275295826,64.72236892022883,3.8233987620944845,39540318048.775085,172.26455805079905,170.58784326795882,4.858191957571179,177.26039123535156
2023-06-05,177.26039123535156,176.23057931263472,-0.20601816124163896,82834203.94952562,87.68657485999094,0.18425172982972793,65.7470302465467,3.9074688253059997,39623152252.72461,172.7384236677859,171.1252467007851,5.08104524135956,176.89520263671875
2023-06-06,176.89520263671875,176.4299663098599,-0.7756402050754008,77438462.76466793,87.96490878957064,0.21083758394277297,66.69850147812757,3.93966011760484,39700590715.48928,173.218488516913,171.63045809212556,5.3965153375624295,175.52313232421875
2023-06-07,175.52313232421875,176.15791611416753,1.546507006295017,72790303.93526754,85.13714422311202,0.1742586474423402,67.61246263607238,3.9686232567321627,39627800411.554016,173.73990714128246,172.06164457041527,5.54050007870089,178.23760986328125
2023-06-08,178.23760986328125,176.78182423890163,0.21599215134346927,66017682.75468727,86.23037578539063,0.1567875683670512,68.46448846884974,4.0163401705279185,39693818094.3087,174.3634171766321,172.5111854912235,5.794179639667285,178.62258911132812
2023-06-09,178.62258911132812,177.33405370062957,1.5638708001992185,60882377.92828109,87.13254144320578,0.1472770715780487,69.33111738564742,4.046842857932228,39754700472.236984,175.03588524874013,172.9705062730717,6.102283644957128,181.416015625
2023-06-12,181.416015625,178.5586422779407,-0.2611848656941418,58900134.54979676,88.87346414799217,0.18582738326687398,70.26553343350643,4.092824620896204,39813600606.78678,175.75417286625674,173.50270970210684,6.5347015751168795,180.9421844482422
2023-06-13,180.9421844482422,179.27370492903114,0.34916686954973297,57708824.184857726,89.74588024514047,0.21954011511544813,71.22666243667872,4.093594630763963,39871309430.97164,176.43494447439727,174.05232829514725,6.931189733127749,181.573974609375
2023-06-14,181.573974609375,179.9637858331343,1.1198497566983656,57635046.92940041,90.51852556029475,0.2463588154669636,72.19023937425662,4.080257000977484,39928944477.90104,177.1098889885234,174.615324251146,7.274185801521193,183.60733032226562
2023-06-15,183.60733032226562,181.05684917987367,-0.5859689567510373,59974492.85058028,91.59840117851935,0.2926064863223594,73.20824636970603,4.090139812947168,39988918970.75162,177.75765532419294,175.22880281578674,7.66573548800357,182.5314483642578
2023-06-16,182.5314483642578,181.4992289351889,0.04865252160084488,72359004.9954062,91.99573358557979,0.3064154641012604,74.24335518546464,4.081403684112133,40061277975.747025,178.3286550831362,175.8259862557298,8.051907746857253,182.62025451660156
2023-06-20,182.62025451660156,181.8355366096127,-0.5675289043023279,65591033.49678434,92.29409450972236,0.2917009528453689,75.23689960882575,4.064735644408195,40126869009.24381,178.889150812834,176.398324384671,8.3897284200688,181.58383178710938
2023-06-21,181.58383178710938,181.7600251628617,1.6525412263478145,60768433.44774903,91.46965622344248,0.23293365054349335,75.95793299575917,4.026580279338486,40066100575.79607,179.4221566981342,176.9089625540225,8.55897046507009,184.58457946777344
2023-06-22,184.58457946777344,182.60739145433521,-0.17114252494536686,57911493.41342432,92.30079440074816,0.20800058968900936,76.69225425849153,4.0326276702998145,40124012069.20949,180.06710423215094,177.451670068338,8.587761093949512,184.2686767578125
2023-06-23,184.2686767578125,183.1057770453784,-0.7552852578519564,56473145.389397025,92.74832623498229,0.1828359997084945,77.43566125944295,4.013903983435831,40180485214.598885,180.69949951279864,177.99015644710374,8.410378879291805,182.87692260742188
2023-06-26,182.87692260742188,183.03712071399144,1.5058962762020789,53957811.77257791,91.95535969411378,0.12224145014309284,78.1836294752472,3.9967497793423017,40126527402.82631,181.2698062141348,178.47081971061687,7.991143290095617,185.630859375
2023-06-27,185.630859375,183.815242312294,0.6327727975758313,52989708.24080454,92.71551002968788,0.09637733097160828,78.9277380733702,4.018092268171883,40179517111.067116,181.79546621757015,178.97981233934803,7.616255303614778,186.80548095703125
2023-06-28,186.80548095703125,184.71231390571515,0.17965308347553943,52457835.76856317,93.48036715636617,0.10100885996336206,79.69608869288425,4.037344362767808,40231974946.83568,182.33932711523855,179.52576486947825,7.39035233483866,187.14108276367188
2023-06-29,187.14108276367188,185.44094456310216,2.310249160217004,50624675.03799422,94.02878189934975,0.11353195136913774,80.46314521439716,4.033297838635583,40282599621.87367,182.88704298823532,180.08911531649005,7.21402401578258,191.46450805664062
2023-06-30,191.46450805664062,187.2480136111637,-0.7784540706599397,61001232.52659595,95.12420812057165,0.19890949644797962,81.30335711345286,4.101502207776027,40343600854.40027,183.50615943136432,180.770915154078,7.442810565427012,189.9740447998047
2023-07-03,189.9740447998047,188.065822967756,-0.5871420391370785,52138322.76861716,95.52437056791973,0.26188957227479737,82.14316356726829,4.109706360968653,40395739177.168884,184.16281883462102,181.4656682791902,7.80594461065873,188.85862731933594
2023-07-05,188.85862731933594,188.30366427322997,0.2508839149654385,50572915.93803201,95.63653182594354,0.26992072321980976,82.9469352394592,4.091387158403126,40446312093.10692,184.80963160098275,182.11690599290827,8.045626615464293,189.3324432373047
2023-07-06,189.3324432373047,188.61229796245237,-0.5891397798420406,48929331.1566224,95.78417456839142,0.24699254700241058,83.52830159699383,4.05955088662243,40495241424.26354,185.49485888094182,182.7355147519125,8.151715076383969,188.21701049804688
2023-07-07,188.21701049804688,188.49371172313073,-1.085578504725171,48295031.80963568,94.46162681693815,0.17803447343365253,84.08447539631007,4.023385968072511,40446946392.4539,186.08349090782139,183.28391446345708,7.962786860153789,186.17376708984375
2023-07-10,186.17376708984375,187.79772833314462,-0.28100781864955904,51783182.26674497,86.87961029558238,0.046586734288687204,83.34307154262412,3.9516561073088767,40395163210.18716,186.55268603659803,183.71380149866542,7.58158973891459,185.65060424804688
2023-07-11,185.65060424804688,187.15359110761528,0.8985601634875495,50239657.58672148,80.44403523664887,-0.11393508841782252,81.67332537618104,3.8873441232683397,40344923552.60043,186.96433307596044,184.04140050904158,7.044867236544332,187.31878662109375
2023-07-12,187.31878662109375,187.2031497616588,0.40573881462910855,53392820.310705036,80.56332884377215,-0.23973543269864095,80.21053399169534,3.8918709460047127,40398316372.91114,187.30312382089693,184.34251948548132,6.595466994974316,188.0788116455078
2023-07-13,188.0788116455078,187.4658483268135,0.07872832020099363,49777664.21749352,81.21738765540366,-0.3230298683085753,78.86141467424156,3.894370770947094,40448094037.12863,187.57847726300673,184.639979375132,6.164715776931014,188.2268829345703
2023-07-14,188.2268829345703,187.69415870914054,1.730563245335448,47329224.95224546,81.79089138219605,-0.3767743149665952,77.61439982146443,3.8789987341452057,40495423262.08088,187.8037986776106,184.93085359741852,5.751634935776621,191.48426818847656
2023-07-17,191.48426818847656,188.83119155294133,-0.13404134618917318,48286517.46657182,84.35323232028095,-0.35032873889839466,76.79952841533076,3.9164524599847623,40543709779.547455,187.96211647178833,185.30231435508733,5.549306174064809,191.22760009765625
2023-07-18,191.22760009765625,189.5501141163558,0.7071731172558104,48287022.226600274,85.72136641416876,-0.3008922821732405,76.25073231407508,3.91785340712176,40591996801.774055,188.11054558664833,185.70686671330338,5.397652812203576,192.5799102783203
2023-07-19,192.5799102783203,190.45905296494513,-1.0097364557583255,57953105.55862019,87.24043422592582,-0.22682493782859048,76.14914458944662,3.98486135610569,40649949907.33267,188.32608445581982,186.1594558801264,5.309202284749317,190.63536071777344
2023-07-20,190.63536071777344,190.5119452907936,-0.6161534349239273,58441533.891034134,87.3249393880905,-0.19531607216996072,76.18064953706961,4.02638572836547,40708391441.22371,188.51604918865397,186.5739786811423,5.044844299149028,189.46075439453125
2023-07-21,189.46075439453125,190.1965880219149,0.4220110337051608,62494583.72372389,83.7629377922603,-0.2151894472611744,76.03778658825095,4.059982029789276,40645896857.499985,188.68633681853237,186.9189890945492,4.754416987490175,190.2602996826172
2023-07-24,190.2602996826172,190.21570152012555,0.4513469874124487,57359548.60660672,83.8060530064592,-0.24439081700386955,75.90512813577648,4.111589637953082,40703256406.10659,188.92813413723044,187.23296170650886,4.428089827222757,191.11903381347656
2023-07-25,191.11903381347656,190.48670120813085,0.4545085470648358,51336644.024624705,84.43705142378593,-0.26127620473821,75.78194528705019,4.1465941501346135,40754593050.13122,189.261445147282,187.54284165904429,3.9505924784570863,191.98768615722656
2023-07-26,191.98768615722656,190.93699669285957,-0.658093379446445,50177220.81723729,85.45145026460425,-0.257519273422532,75.73338033005415,4.177369327896264,40804770270.948456,189.63482984040206,187.86609451940765,3.5515613090886564,190.72422790527344
2023-07-27,190.72422790527344,190.87316605658373,1.350787319900948,49362114.5720661,84.60956561296288,-0.2732444704173087,75.84964700945459,4.219550510508178,40755408156.37639,189.9755616133791,188.152482284853,3.205605615578968,193.30050659179688
2023-07-28,193.30050659179688,191.60136821714767,0.31659733526827605,49040900.20044627,86.27132878997095,-0.24918788501339417,76.02326821421629,4.28310170349944,40804449056.576836,190.3662825641798,188.4809476117382,3.0186896794751807,193.91249084472656
2023-07-31,193.91249084472656,192.29470500542132,-0.42758841127522595,45975860.14031239,87.63975759147651,-0.20311501207389382,76.22083672883882,4.300975633183783,40850424916.71715,190.7126339094278,188.8441626016128,3.2171298437004934,193.08334350585938
2023-08-01,193.08334350585938,192.53129655555273,-1.548999479212354,42735632.098218665,88.07651141058155,-0.17434344662436807,76.44783883366298,4.28080502854208,40893160548.81537,191.0107521533475,189.19531821627373,3.4662298151465856,190.0924835205078
2023-08-02,190.0924835205078,191.79965264503926,-0.7321618625802162,45031732.46875306,78.8031245710022,-0.2193174196740344,75.2906588864593,4.220890795697397,40848128816.34662,191.14481212135692,189.44335006663235,3.5524283840125777,188.70069885253906
2023-08-03,188.70069885253906,190.86996650728918,-4.802004805004801,49892772.72812714,68.8791163446648,-0.3202947810999319,72.82370894686022,4.140302704369399,40798236043.61849,191.18061424300646,189.57921829907588,3.5431446019789767,179.6392822265625
2023-08-04,179.6392822265625,187.50076122307118,-1.7253780735999147,69711980.909689,46.18124549589221,-0.6060349774219733,68.09186900008713,4.074769343451547,40728524062.7088,190.91103156312212,189.38127000612306,3.6559362470236847,176.53982543945312
2023-08-07,176.53982543945312,184.21248048798574,0.5311712977520422,78071216.63678229,34.30089803609002,-0.9860562739785248,65.63183173694986,4.068713289623058,40650452846.07202,190.31070945990814,188.88900433772903,4.393231914294377,177.47755432128906
2023-08-08,177.47755432128906,182.1920026379767,-0.8954216037957985,74996751.6457476,29.311271427253697,-1.3220941532987964,64.17813329084429,4.035233050744179,40575456094.42628,189.4812396028927,188.25119465203835,5.479660877367415,175.8883819580078
2023-08-09,175.8883819580078,180.30091643398603,-0.12348376913687842,70611276.15202332,25.563110945525775,-1.6016776253115756,63.32389457904623,4.011001576577218,40504844818.274254,188.41763157700535,187.49402529793815,6.8535421384467545,175.6711883544922
2023-08-10,175.6711883544922,178.91199801013786,0.03376245908137676,65833963.30641632,23.215080076531045,-1.7955226190675904,62.79178630181685,3.9768009537952764,40439010854.967834,187.22151477236076,186.6766893657667,8.29589645572501,175.73049926757812
2023-08-11,175.73049926757812,177.95754838736994,0.939325016927639,61694784.31449142,21.73746935005591,-1.893647577663916,62.531785969559536,3.9317165831074607,40377316070.65334,185.857132789383,185.84629498687175,9.670625926024321,177.3811798095703
2023-08-14,177.3811798095703,177.78463781403005,-1.1200399695376784,56289029.02014399,21.470849608797895,-1.8724411979621802,62.401803057933336,3.903007169104394,40321027041.6332,184.4061260702439,185.07851811326776,10.808351196696172,175.39443969726562
2023-08-15,175.39443969726562,177.0675783790007,-0.49591766604464294,52489100.314100794,20.355810728199906,-1.808010557589266,62.37485565746316,3.845684808906638,40268537941.3191,182.85975425258871,184.31557147190898,11.836867479614845,174.52462768554688
2023-08-16,174.52462768554688,176.30469317096453,-1.4555180322944117,50831840.21987055,19.212626450088862,-1.7186690206479023,62.44884874983659,3.7934224629201077,40217706101.09923,181.3102583051812,183.55263068134283,12.730738394098756,171.98439025878906
2023-08-17,171.98439025878906,175.00860229731188,0.28163005984560563,55401158.153909385,17.42244189641717,-1.6485079929029842,62.754901345133725,3.7421364599939126,40162304942.94532,179.72412188418346,182.7389136923875,13.625025404538741,172.46875
2023-08-18,172.46875,174.2466466081183,0.7736855776635299,57132470.70773657,16.451917331748486,-1.5562023509344776,63.26317463313997,3.6953751163361566,40105172472.23759,178.39871042268817,181.93012635102855,14.437595327130746,173.80311584472656
2023-08-21,173.80311584472656,174.11358737910078,0.7904841646370953,53886299.49541559,16.281353096124878,-1.4111741052461586,63.79854688685231,3.664249095097394,40051286172.74217,177.3888211117997,181.1856940679878,15.03949156556153,175.177001953125
2023-08-22,175.177001953125,174.43261175130803,2.1948886798369482,50332079.646790914,18.46400448060764,-1.2086357027221402,64.24520286337224,3.648573489919854,40101618252.38896,176.61288202313284,180.54254337116114,15.354296538221783,179.02194213867188
2023-08-23,179.02194213867188,175.8094108675172,-2.617038892869328,51049295.75275364,27.275946874214217,-0.9104090075336608,63.531748203825465,3.69676493816973,40152667548.141716,176.16373146648593,180.09176884700457,15.25072670146,174.3368682861328
2023-08-24,174.3368682861328,175.36764809310188,1.2643036212223402,52218247.026927546,26.294012729992257,-0.6818216455338999,62.25791831161353,3.6934029301037348,40100449301.11479,175.80929647478234,179.64185258472813,15.013636823651142,176.541015625
2023-08-25,176.541015625,175.7196583526713,0.884588072110537,51987652.91884928,28.50274354835361,-0.4566550455985965,61.09986620884511,3.7152116822947185,40152436954.03364,175.58550747131247,179.2683102769132,14.408877136942248,178.10267639160156
2023-08-28,178.10267639160156,176.43456376435037,2.181040198551476,49537567.043194495,32.90055777302089,-0.22123618825379587,59.687622043800936,3.7365395647316277,40201974521.076836,175.4505000663445,178.99842965666912,13.3335701382014,181.98716735839844
2023-08-29,181.98716735839844,178.10034484256477,1.9172427335583109,50577466.930236146,41.87244098590614,0.0694544455466839,57.08359373209707,3.8159907870331446,40252551988.00707,175.5537767127009,178.91289776961156,11.742684270789193,185.47630310058594
2023-08-30,185.47630310058594,180.3131323199711,0.11723208868503754,53648396.8511653,51.20582518164872,0.41430024442918345,53.35287649589484,3.911495109202362,40306200384.85824,175.95462062760157,179.04625344107438,9.883020922884091,185.69374084472656
2023-08-31,185.69374084472656,181.92731487739772,0.8463284612303168,55792227.795815706,56.67132734942034,0.7358662234128461,50.135055152174026,3.9678342809137677,40361992612.65405,176.64649188561015,179.32064024453373,7.884083363486665,187.26531982421875
2023-09-01,187.26531982421875,183.52871636144403,0.1266803665395111,52784509.45707099,61.30236942964846,1.0234909960903034,47.812159843532484,4.009992379168431,40414777122.11112,177.57469886094273,179.7214093985252,6.88437091169212,187.50254821777344
2023-09-05,187.50254821777344,184.72086591834284,-3.579337748258138,50533156.61994969,64.35657308864685,1.2463140674298196,46.080395716248574,4.009638361408644,40465310278.73107,178.63542671486692,180.19754811469832,7.00293710222284,180.79119873046875
2023-09-06,180.79119873046875,183.5419657619806,-2.9249433591158613,59899949.633964784,59.36672125695697,1.262684478832021,43.82422397686127,4.006616659347922,40405410329.09711,179.5463621159342,180.51606408110615,7.231019071542381,175.50315856933594
2023-09-07,175.50315856933594,181.1303236041872,0.34916349867737395,75676604.74377534,50.70564987374611,1.0672475706583724,41.19626408592292,4.018868198045306,40329733724.35333,180.07845338960118,180.57456498806624,7.304599862840908,176.11595153808594
2023-09-08,176.11595153808594,179.6260119843568,0.6622719673954114,72639013.32064274,46.179894111239406,0.804770305782613,39.126929859899754,3.9932133555340172,40257094711.03269,180.50428977872667,180.4842266067606,7.330930624181307,177.28231811523438
2023-09-11,177.28231811523438,178.92290382362006,-1.7060735004743366,68533239.32444991,44.19438945363945,0.5633296347482102,37.50962081309541,3.9543975655802495,40188561471.708244,180.82461432582156,180.33552919884244,7.337543885571387,174.25775146484375
2023-09-12,174.25775146484375,177.52335811598715,-1.185465417460152,75084327.52711493,40.464925972169084,0.30200205269918234,36.48825809340347,3.958215873389161,40113477144.18113,180.93349376098524,180.06770338142766,7.342965146550697,172.19198608398438
2023-09-13,172.19198608398438,175.9239465063863,0.8782364626885641,77839399.26898044,36.65775067114061,0.02846566506675763,35.934588738112325,3.9470218759827316,40035637744.91215,180.7158539273674,179.67305986951897,7.410492396356308,173.70423889160156
2023-09-14,173.70423889160156,175.25803422195088,-0.41538557896028117,72756319.48828632,35.17391338530421,-0.1788748688455628,35.718833311558164,3.9091668290216575,39962881425.42386,180.21034411756534,179.25258123641726,7.495106601256825,172.98269653320312
2023-09-15,172.98269653320312,174.57543291532653,1.6913281008387626,83707273.64180042,33.66941803915404,-0.33451335307000374,35.699744922909346,3.8582216023560933,39879174151.78206,179.47515592135824,178.80713853917052,7.543686305800884,175.9084014892578
2023-09-18,175.9084014892578,174.9753234875059,0.6181032418130172,78772371.54926029,35.412341956449545,-0.379742641258209,35.480851350693754,3.8753662703591543,39957946523.33132,178.61981663396443,178.44220377234532,7.457155460116314,176.99569702148438
2023-09-19,176.99569702148438,175.58143554769944,-1.9992258347062308,70688730.0844822,38.06860997351863,-0.3393725064402513,35.080714429000324,3.883215385772477,40028635253.4158,177.70587359690006,178.1697496557124,7.289168169322376,173.4571533203125
2023-09-20,173.4571533203125,174.94415087948335,-0.8889582472706881,67012971.05913753,36.374712376070576,-0.32604375660951823,34.55136204488713,3.8630548366693933,39961622282.35667,176.84609210865037,177.862549772262,7.226054510336139,171.91519165039062
2023-09-21,171.91519165039062,174.03546311075553,0.49446888928850186,65853809.74139627,34.04832626753711,-0.3469399302552545,34.29665461394826,3.828088941783302,39895768472.61527,176.1366060593072,177.49806532830902,7.426802140755136,172.7652587890625
2023-09-22,172.7652587890625,173.65440181424762,0.7380273907946933,63115286.818977386,33.09250495008822,-0.3537295758321146,34.20242129289751,3.8340051366547874,39832653185.796295,175.53944504229628,177.13200213649367,7.634412211714564,174.04031372070312
2023-09-25,174.04031372070312,173.77017538618426,-2.339831662649161,58032510.77328417,33.70145853831539,-0.3188085366010416,34.20462399195569,3.84579503392809,39890685696.56958,175.0241721985527,176.81182816027373,7.844035099958831,169.9680633544922
2023-09-26,169.9680633544922,172.62954177667663,-0.889763531410781,59999427.54129891,30.733593293885455,-0.33902900876360165,34.57140082323094,3.7970212756865904,39830686269.02828,174.53479056462166,176.41351517135973,8.247132857222622,168.45574951171875
2023-09-27,168.45574951171875,171.37740409718924,0.15257362465439517,62076139.278909236,27.83566469180285,-0.3990943349983682,35.41542400299329,3.7694533819443654,39768610129.749374,174.08013632370196,175.93388554524824,8.828180604456772,168.7127685546875
2023-09-28,168.7127685546875,170.57801343443873,0.30462811890643593,60341617.495236464,26.140983775200958,-0.45118204656151994,36.62654632215771,3.765260328444028,39708268512.254135,173.61213424495077,175.4238024870759,9.32050486318949,169.22671508789062
2023-09-29,169.22671508789062,170.1726239304743,1.4835657586956374,57797462.24666552,25.29978002526209,-0.46936645124554244,37.80116211051792,3.752659181778098,39650471050.00747,173.1718533464655,174.92369024359004,9.533328058624997,171.7373046875
2023-10-02,171.7373046875,170.642028157582,-0.7769896621725336,56107573.57266586,28.181646764647304,-0.4084505901272628,38.85270921952577,3.7727676246328685,39706578623.58013,172.7385238134731,174.51591290206548,9.182055538078712,170.40292358398438
2023-10-03,170.40292358398438,170.5702967855027,0.730869128936873,54153681.5008661,28.003852958255212,-0.33475259316216155,39.82914582074734,3.745550953288748,39652424942.07926,172.23740993725343,174.1401399385833,8.23619246209636,171.64834594726562
2023-10-04,171.64834594726562,170.89371153403158,0.7197879732381507,53813667.050606266,30.14374051926642,-0.23092610070329744,40.6762509047121,3.729178663556371,39706238609.12987,171.83236600270826,173.83095628100696,7.1600815840521745,172.88385009765625
2023-10-05,172.88385009765625,171.49075310311898,1.475068745986352,52227936.93542438,34.041219221393014,-0.09566985551379936,40.9906846247594,3.7200896538893296,39758466546.06529,171.57789500194463,173.60807978787477,6.345307256315404,175.4340057373047
2023-10-06,175.4340057373047,172.6737288933747,0.8451069530321265,53739565.854797065,41.058308305959486,0.08980659801706459,40.170016564391595,3.7438832063547185,39812206111.92009,171.47982770985732,173.51909398839857,5.595646885442457,176.91661071777344
2023-10-09,176.91661071777344,173.9465934406943,-0.335230598684344,50334936.098357946,47.52693144092974,0.3025689261062454,38.4463729788615,3.7566086034879,39862541048.01845,171.49746951530832,173.55980822195056,4.82834771786749,176.3235321044922
2023-10-10,176.3235321044922,174.65967503983364,0.7904261324374495,48343855.26885056,50.785480227989545,0.4848665031580017,36.0939920369502,3.7444540094696492,39910884903.2873,171.70048284162402,173.66455744270132,4.349067151110806,177.7172393798828
2023-10-11,177.7172393798828,175.5769443418484,0.5061185071328467,48106028.688195385,54.683850442075624,0.6504386975769416,33.6311829037316,3.7318825231339394,39958990931.975494,172.12043686608993,173.8466895283344,4.292869807617406,178.61669921875
2023-10-12,178.61669921875,176.48887080491886,-1.0292739750742852,50697150.081736766,58.22657626140828,0.7950247292980837,32.14784220572785,3.7428012234773096,40009688082.05723,172.71152260313792,174.09832584039006,4.496306095113777,176.7782440185547
2023-10-13,176.7782440185547,176.5756827690096,-0.07270395799380269,50916135.057215735,58.558717025231466,0.8644087002278573,31.198857488015275,3.740694640848085,40060604217.11444,173.35182848699148,174.33426459549668,4.765858104123748,176.64971923828125
2023-10-16,176.64971923828125,176.5978937097911,-0.8784550220455989,51396394.54005101,58.64930633767663,0.8769274052843588,30.18984185067123,3.7084910015316295,40112000611.654495,173.94741504221238,174.54984832066756,4.983822424261786,175.09793090820312
2023-10-17,175.09793090820312,176.1479048693147,-0.7394805048583808,53242296.17803571,55.97942665709063,0.8210144303135817,28.736485180137805,3.6711330448690442,40058758315.47646,174.5051758505936,174.70204418244347,5.058308924482518,173.80311584472656
2023-10-18,173.80311584472656,175.44446816193823,-0.2161213327654843,53698927.32462499,51.994722849001334,0.7070951458575221,27.11009375166306,3.621111833949095,40005059388.15184,174.96025151338424,174.77275122810966,5.1050123098105,173.427490234375
2023-10-19,173.427490234375,174.83937478366926,-1.4704184785439445,55380119.12723749,48.77827792685916,0.5674548961665322,25.423017703507146,3.5853857336933705,39949679269.024605,175.2951136814393,174.77909632863916,5.146422717402224,170.87738037109375
2023-10-20,170.87738037109375,173.65077645989658,0.06941926773120777,58039283.38906624,43.13370588186215,0.3804821494567886,24.074033837967452,3.5325873267956824,39891639985.63554,175.39281843809147,174.6716372935208,5.146387595514217,170.99600219726562
2023-10-23,170.99600219726562,172.85434418110728,0.25432802023559464,57421528.372346364,39.80948735970701,0.19780365597605942,23.770575913637124,3.5099986731177344,39834218457.26319,175.28359351213277,174.4985617590052,5.152533876349072,171.43089294433594
2023-10-24,171.43089294433594,172.42730881007589,-1.349171487584,53340049.860642456,38.113392722110916,0.050516238847012396,23.80861387945047,3.467673245675326,39780878407.40255,175.060356889157,174.3012995733929,5.161778240935465,169.1179962158203
2023-10-25,169.1179962158203,171.4345150317992,-2.460563024589124,54485134.90244972,34.439700693848245,-0.10308820403937269,24.18726314054674,3.4174973696184905,39726393272.5001,174.64611395815209,174.0282724741935,5.155872063052885,164.9567413330078
2023-10-26,164.9567413330078,169.49118292216178,0.7969489219151082,59327184.4317148,28.623709784453798,-0.3130260143809146,25.41503096418399,3.4340082504154488,39667066088.06838,173.9463451698764,173.59616870733333,5.340620291228049,166.2713623046875
2023-10-27,166.2713623046875,168.5252367369195,1.2305217330656149,59078759.10220036,26.25071854627,-0.48417926521220067,26.925241989048665,3.4167973936276947,39607987328.96618,173.14130056666738,173.11322280538917,5.657593821911794,168.31736755371094
2023-10-30,168.31736755371094,168.46287598195693,0.28189131804656764,56694431.37154025,26.10028021730914,-0.5632827155933533,28.361031979371894,3.4219070386328556,39551292897.594635,172.32779879388394,172.67033263172894,6.023454130383389,168.79183959960938
2023-10-31,168.79183959960938,168.56156506725264,1.8738572304935142,53139901.96007817,26.815075009953315,-0.5689827409594106,29.825543600485613,3.407243721546365,39604432799.55471,171.56916481367773,172.27902143511216,6.332777936235974,171.9547576904297
2023-11-01,171.9547576904297,169.57952285420575,2.069334480528262,54278401.37205472,33.91548791653875,-0.46841370911764457,30.396117778486595,3.4412321170055042,39658711200.926765,170.9826702829045,172.0219263321687,6.486885026370166,175.51307678222656
2023-11-02,175.51307678222656,171.35958903261198,-0.5181342195232697,61195320.9604383,44.12431596001656,-0.2568056991115355,29.51559084984887,3.5144104805938374,39719906521.88721,170.6346917077988,171.95884658935378,6.4954683001604385,174.6036834716797
2023-11-03,174.6036834716797,172.33281736433227,1.4605219496895305,66785484.67230681,48.78290519795765,-0.03759864464516105,28.071498824917935,3.5146732753847902,39786692006.55952,170.50289579824238,171.99446285363746,6.502465252346556,177.15380859375
2023-11-06,177.15380859375,173.77911473315757,1.4450878005352719,65902229.270614766,54.812368802845555,0.20515600334249218,26.3079761134199,3.542950576185698,39852594235.83013,170.59537285344737,172.16442969930603,6.496444677324871,179.71383666992188
2023-11-07,179.71383666992188,175.55953131418687,0.5884922097865175,67290560.48943034,60.912635762979185,0.4707993425050496,25.673526533086815,3.5986860346663723,39919884796.319565,170.90859510385846,172.48777271024704,6.573824407686885,180.7714385986328
2023-11-08,180.7714385986328,177.12310349952065,-0.26246225110970745,61905482.34260123,65.33813419538015,0.7219518573949728,25.786330635346467,3.6378599593285355,39981790278.66216,171.4774539506306,172.92923278541596,6.776763924926039,180.29698181152344
2023-11-09,180.29698181152344,178.0752669931215,2.322023726756295,59462887.63982086,67.73393180100027,0.9101918258612409,26.38812007359637,3.6571236509137863,40041253166.30199,172.33586235772657,173.4193312813879,7.030093174465393,184.4835205078125
2023-11-10,184.4835205078125,179.9977430475288,-0.8583980297613536,61464041.3478746,71.94964154456338,1.1089801483686026,27.484942508245133,3.725700090339518,40102717207.649864,173.48311298878752,174.04584668768703,7.6516903920553885,182.89991760253906
2023-11-13,182.89991760253906,180.86839541403185,1.428587041336149,56113078.943512216,73.63000500994906,1.2343066418934092,28.79117363815446,3.7235771655622036,40158830286.593376,174.72366493199502,174.69561323305322,8.394238866847664,185.51280212402344
2023-11-14,185.51280212402344,182.2617174270293,0.30410189634328955,57311675.26045855,76.09772279415915,1.3375611835975956,30.35155650336233,3.7540509610766004,40216141961.853836,176.09368016797268,175.41619458486048,9.386448217796866,186.0769500732422
2023-11-15,186.0769500732422,183.40628722089315,0.9042095939896688,56255322.68232098,77.92522221999273,1.4026453218163928,32.11526497287854,3.7788549334802433,40272397284.536156,177.4763566046414,176.17715578829217,10.504431197504712,187.7594757080078
2023-11-16,187.7594757080078,184.71224376702753,-0.010548553210665279,55702595.87762468,79.82100523407291,1.447495585628905,34.0412594723815,3.8186389806957157,40328099880.41378,178.81162207808296,176.9900213100765,11.710773037904962,187.7396697998047
2023-11-17,187.7396697998047,185.62047157686067,0.9278260608774236,54268627.11433727,81.0404735624579,1.448631269996444,35.98330858626053,3.8188248298309646,40382368507.528114,180.1403874993358,177.81196895453212,12.843317146043127,189.4815673828125
2023-11-20,189.4815673828125,186.7788003186462,-0.4230840344200848,51939568.98003609,82.49355724542454,1.434967101912369,37.973723717788815,3.8264779681790277,40434308076.50815,181.44035605788466,178.66595289397154,13.909275457520701,188.67990112304688
2023-11-21,188.67990112304688,187.3491305599664,0.351442412436187,47798048.286025256,83.1772173322396,1.371947700385106,39.9272932359616,3.7931373421367556,40482106124.794174,182.6193159824626,179.49292219549486,14.783822274336933,189.34300231933594
2023-11-22,189.34300231933594,187.94729208777727,-0.7004232405385724,45343943.80021767,83.88789295125004,1.2799461572272768,41.88621364303543,3.781257811150657,40527450068.59439,183.70173484128827,180.29810028047413,15.414134361162711,188.0167999267578
2023-11-24,188.0167999267578,187.96814443947142,-0.09475835200001281,38955250.66015237,83.91340579892865,1.1348422629714188,43.70521116388971,3.725873268138216,40566405319.25454,184.69102258592326,181.0285806765691,15.53814173143519,187.83863830566406
2023-11-27,187.83863830566406,187.92929259932922,0.321400322480736,39434455.46210666,83.64763851524097,0.9576647126051179,45.35075034608288,3.666887421766899,40526970863.792435,185.4841775411033,181.6857913358796,15.211757825960316,188.44235229492188
2023-11-28,188.44235229492188,188.083210508007,-0.5409579685691002,39128738.82347466,83.86565223612449,0.7797913593496975,46.89179878835624,3.6194282524174795,40566099602.615906,186.20565905050083,182.2950693522727,14.57707957419307,187.42295837402344
2023-11-29,187.42295837402344,187.88513486781193,0.3062781899887179,40294377.17643226,82.34418404772052,0.5865655972112527,48.39680196157001,3.589184416423598,40525805225.439476,186.7680007945791,182.8274565442288,13.588411783684466,187.9969940185547
2023-11-30,187.9969940185547,187.91869261303475,0.6791324850122571,42844384.02350258,82.40243161565492,0.40729185622578035,49.49187611973752,3.554694448751255,40568649609.46298,187.21924133379326,183.31233616982936,12.453161901386359,189.27374267578125
2023-12-01,189.27374267578125,188.3252076318587,-0.946458325070032,43702508.8164518,83.1285555885565,0.2690337589196794,50.55301378306996,3.5324540217203997,40612352118.279434,187.58053772027637,183.78975249954647,11.399708852382524,187.4823455810547
2023-12-04,187.4823455810547,188.0723490166175,2.1063181160530853,43608606.171516255,80.89265221282056,0.12103832312266416,50.99919215545312,3.4589364517415473,40568743512.10792,187.82572546425206,184.19761883450562,10.180658662595285,191.4313201904297
2023-12-05,191.4313201904297,189.08004036876116,-0.5687073990547908,50514544.32006137,82.87004717687668,0.054867360720506575,51.7411797766461,3.485265285477183,40619258056.42798,188.05584946926356,184.66261136157758,9.04048487429815,190.34263610839844
2023-12-06,190.34263610839844,189.45881909065233,1.0139330519279843,47687091.02404296,83.5588089224049,0.003190395608464236,52.66155846694363,3.4990235066395403,40666945147.45202,188.26681832233217,185.1193930500609,8.024528854601316,192.2725830078125
2023-12-07,192.2725830078125,190.30294826580035,0.7412321272912026,47624273.71683007,85.00573411623965,-0.007002713667798588,53.683314321917116,3.5327879300728307,40714569421.168846,188.50238394013445,185.6130649753694,7.169228262822178,193.69776916503906
2023-12-08,193.69776916503906,191.32139453557195,-1.292734456121103,49358911.60178104,86.5443537096852,0.020480264192875186,54.80952153908771,3.558691260060442,40763928332.77063,188.8377089497445,186.1567154096744,6.3633896083487524,191.1937713623047
2023-12-11,191.1937713623047,191.28310758359177,0.7920223941197513,52834348.121246725,86.1863053653095,0.0026522562953847917,55.70355131668751,3.494818676010916,40711093984.64938,189.17309044817077,186.64494323576176,5.745798521242844,192.70806884765625
2023-12-12,192.70806884765625,191.7105959628111,1.6691402764805296,52793113.6848727,86.84092136546643,-0.012922577549835612,56.58998173754449,3.4539745931441708,40763887098.33426,189.53582899365117,187.1273863526236,5.136575970726512,195.9246368408203
2023-12-13,195.9246368408203,192.97480822621387,0.07577033760672869,58076439.57941089,88.5665054370567,0.027158509693294697,57.68251172279727,3.4668107226922062,40821963537.91367,190.04479632949136,187.68428367391792,4.870534860490766,196.07308959960938
2023-12-14,196.07308959960938,193.9042926382325,-0.27257914219360746,60702987.70558762,89.64196662638656,0.07859908398886573,58.9491177959339,3.480051654477178,40882666525.61926,190.64335633201114,188.2766654800431,4.850430685592222,195.53863525390625
2023-12-15,195.53863525390625,194.39459542293463,-0.8503279796360785,81053611.39391133,90.16736945478782,0.10625627613459532,60.21847651529558,3.4639479596173626,40963720137.013176,191.25029511111873,188.8593254746042,5.004760803442691,193.87591552734375
2023-12-18,193.87591552734375,194.23899145425736,0.5360128545492282,73463097.97573793,88.6308397607519,0.07609422980443181,61.27546305274082,3.4026395937289577,40890257039.03744,191.8669593548827,189.37167461552355,5.106610110875169,194.9151153564453
2023-12-19,194.9151153564453,194.44182862491374,-1.0713829708366762,63638398.583016545,88.89646203906301,0.03397479123780611,62.25695055179712,3.355748623626554,40953895437.62045,192.40313818049796,189.85454642594166,5.283171259856583,192.8268280029297
2023-12-20,192.8268280029297,193.9573284383185,-0.0770034325124791,60219719.00811158,83.85675544880593,-0.05737303837676455,63.21310324904828,3.3126079651109075,40893675718.61234,192.8529891152646,190.24528756997756,5.344898740055177,192.6783447265625
2023-12-21,192.6783447265625,193.5736333247917,-0.5547395149963164,56098553.30567811,79.98926300209978,-0.16822375659018984,63.435473578888804,3.3047215198546103,40837577165.30666,193.18005762116374,190.5622728799599,5.350872749394492,191.60948181152344
2023-12-22,191.60948181152344,192.9843878708112,-0.28410522978671304,50413867.31397467,74.32042241545928,-0.29822185627800435,62.95887981271149,3.2873154179171364,40787163297.99269,193.34635695468768,190.7929504981362,5.242036943542056,191.0651092529297
2023-12-26,191.0651092529297,192.40860428544673,0.051806300499057656,43965497.11978227,69.16243203426384,-0.4318676355900264,61.99350886724007,3.2544272122336637,40743197800.87291,193.45890662487315,190.9468222874039,5.038642240311917,191.16409301757812
2023-12-27,191.16409301757812,192.03525090508614,0.2226270001987496,45202157.98384759,65.96549083623555,-0.5468908407636404,60.06446613188177,3.2154883828573344,40697995642.88906,193.49137211910065,191.0504821557546,4.7956778255311665,191.5896759033203
2023-12-28,191.5896759033203,191.9015784045564,-0.5424250246156781,41856480.588693306,64.81040098508076,-0.6276697221011798,58.27321216333478,3.196187192227161,40656139162.30037,193.38404913693486,191.1315389413548,4.465635169731513,190.55044555664062
2023-12-29,190.55044555664062,191.49623855018166,-3.578660134911238,42101166.41208531,61.304854319175575,-0.6986569518372718,56.11347212768696,3.1753727926233384,40614037995.88828,193.14324372812982,191.16627223743353,4.079942113895436,183.73129272460938
2024-01-02,183.73129272460938,189.16675480250996,-0.7487575381940448,54217426.488459714,45.92942864249509,-0.8809876837640278,52.64723507827502,3.155989245430337,40559820569.399826,192.62045966608736,190.97584200553604,3.934538429058101,182.3555908203125
2024-01-03,182.3555908203125,187.1234056078507,-1.2700010777470627,55476548.541921794,37.132123447754445,-1.1032798996794058,50.643425888238625,3.1282618603606185,40504344020.8579,191.90890108144671,190.60894330099458,4.1553616899825085,180.0396728515625
2024-01-04,180.0396728515625,184.99828578096424,-0.4013109496672662,60428663.979345255,30.573293675204862,-1.3416700869532054,49.73858698745057,3.0905618370949623,40443915356.878555,190.96454679705172,190.07459496575362,5.073544383051546,179.31715393066406
2024-01-05,179.31715393066406,183.29394622587418,2.417482567884277,61013974.785541676,26.526476988871515,-1.547742211820177,49.48551700361807,3.055330418417907,40382901382.09301,189.89820857580727,189.42881889528888,6.301022574087736,183.65211486816406
2024-01-08,183.65211486816406,183.40139681856112,-0.22633263610928323,60453132.34987917,27.180893166932165,-1.6036035278361156,49.49071713825026,3.0600479163490175,40443354514.44289,188.8809849251842,188.85477869750528,7.280934338408361,183.2364501953125
2024-01-09,183.2364501953125,183.35191283158653,0.5671443027754242,55169732.64491542,27.06135317455283,-1.5687475378697981,49.552558886721144,3.0457365295007897,40388184781.79797,187.91773742126176,188.33069623408443,8.09294786783631,184.27566528320312
2024-01-10,184.27566528320312,183.6290385670715,-0.32224889435764625,52656682.85144079,28.946020768544273,-1.45443994415955,49.50636649477056,3.027690466474379,40440841464.649414,187.03978084942426,187.88291931341652,8.70965198091136,183.6818389892578
2024-01-11,183.6818389892578,183.64487869372738,0.17779866757745566,51598197.996008545,29.058855221601867,-1.3096854917116079,49.19582791697373,3.022216065182384,40492439662.645424,186.20074362828836,187.47929639725567,9.201447524657814,184.0084228515625
2024-01-12,184.0084228515625,183.75394194107793,-1.2317010714496535,48262078.59720598,29.88445974972536,-1.1445014857189588,48.807994723100286,3.011248902645255,40540701741.24263,185.38597998194055,187.12450073476253,9.498730860217638,181.7419891357422
2024-01-16,181.7419891357422,183.1503560994772,-0.517369213400154,53464355.01804419,27.946074948230144,-1.0180428994823816,48.80470728362636,2.9940536328773737,40487237386.22459,184.5513917368701,186.74601076949727,9.673746297488943,180.8017120361328
2024-01-17,180.8017120361328,182.44576288047386,3.257087653064339,51620268.51263093,25.839114819349362,-0.9266115533235849,49.09369535459006,2.975075335909952,40435617117.71195,183.8792925446665,186.33646335149504,9.740076524534668,186.69058227539062
2024-01-18,186.69058227539062,183.71920869894888,1.5532874091721105,59535927.95884165,35.329206030680474,-0.7335818194276635,48.10894638250024,3.031991653247979,40495153045.67079,183.5388728537763,186.0872010036335,9.521679363767886,189.59042358398438
2024-01-19,189.59042358398438,185.4805731644595,1.2163301756668243,62346049.57118915,45.682703261179434,-0.45418131246156646,45.79223687147786,3.1167177527949166,40557499095.24198,183.58710159212583,186.02942692371218,9.001911214009771,191.89646911621094
2024-01-22,191.89646911621094,187.40534194998492,0.6653240699620699,61682404.6998324,54.29395927353115,-0.12382866143402271,42.787466798344845,3.2279938709491844,40619181499.94181,183.9982411645369,186.16046645002388,8.40312286339116,193.17320251464844
2024-01-23,193.17320251464844,189.13570011938396,-0.34839415696884535,55884363.28988268,60.375750730958615,0.2090175737601918,40.82428649011448,3.313727712310315,40675065863.2317,184.57167149461915,186.44382203758198,7.847332221106258,192.5001983642578
2024-01-24,192.5001983642578,190.1450495928461,-0.1696458529864331,55208444.302917875,63.43239355089134,0.4794889056527718,39.57737221658091,3.3671634518204883,40730274307.534615,185.25098517074514,186.7963198999881,7.43424426273851,192.1736297607422
2024-01-25,192.1736297607422,190.7536236432149,-0.9012893222810292,55092541.01204251,65.17665156359755,0.6700168989840674,38.774258208431,3.4105247351388703,40785366848.54665,185.96344367835945,187.1732059707716,7.175067095190218,190.44158935546875
2024-01-26,190.44158935546875,190.66001335689106,-0.358583357770903,51942978.708429754,64.66569618304247,0.7541112962415988,38.10194346366462,3.4210489981019965,40733423869.83823,186.6649571446758,187.50528286468773,6.959161411181838,189.75869750976562
2024-01-29,189.75869750976562,190.38961860275344,-1.9245858765493118,50503765.095900826,63.12626459166229,0.7540860662576467,37.05175774042404,3.392261738913844,40682920104.742325,187.32852481084336,187.7799815064083,6.72012778317608,186.10662841796875
2024-01-30,186.10662841796875,189.104721547318,-1.935747453980119,52110455.56713057,56.27097743101414,0.6348757246967276,35.37105055162465,3.377506021378483,40630809649.17519,187.92396135562745,187.90614722459017,6.3876410737072264,182.5040740966797
2024-01-31,182.5040740966797,187.1245273121265,1.3340649585175113,53117658.8969914,47.67776428999079,0.401392415419253,32.85514177899459,3.35446824737953,40577691990.278206,188.39183779879275,187.831707232927,6.244930193594365,184.9387969970703
2024-02-01,184.9387969970703,186.46880821760962,-0.5405379092286777,56647981.22789398,45.215400430540576,0.19213465945190422,31.185532920023757,3.3346834380654378,40521044009.05031,188.66679775065882,187.7019073267063,6.229620553477301,183.9391326904297
2024-02-02,183.9391326904297,185.70990555945562,0.9846668936886127,70419096.85952578,42.48087050448091,0.0020078005928057738,30.5942380056009,3.4235087061467624,40450624912.19078,188.68973099015844,187.51219287268242,6.208175155138321,185.7503204345703
2024-02-05,185.7503204345703,185.72203002199004,0.863181841817684,70194007.80166805,42.54065905775671,-0.11696084507608576,30.03614613839098,3.4809557365988226,40520818919.99245,188.52139979735898,187.34170117261647,6.049583768010585,187.3536834716797
2024-02-06,187.3536834716797,186.2115260568969,0.05811012516196978,62183045.46116763,45.02517047634184,-0.15436105234228387,29.499373050695674,3.498132825311248,40583001965.45361,188.22898239111026,187.23406544730986,5.879682989236244,187.46255493164062
2024-02-07,187.46255493164062,186.58683471932,-0.575464859274466,59559831.82281734,46.92027477317002,-0.14561051328215827,28.636404273739934,3.503559213458983,40642561797.27643,187.87316090375762,187.17242442559655,5.680011710029072,186.38377380371094
2024-02-08,186.38377380371094,186.52591644463726,0.409403408818787,53980482.275972135,46.63923722120376,-0.13589940643701698,27.835076123709605,3.4765266330628664,40588581315.00046,187.45039018389986,187.11085223693377,5.490195334736532,187.14683532714844
2024-02-09,187.14683532714844,186.7121921093906,-0.9002063212324996,51332897.59318049,47.671371891362334,-0.1100102246195869,27.029071867896977,3.4617348498708966,40639914212.593636,187.05560805914982,187.07288460573918,5.276059099676296,185.46212768554688
2024-02-12,185.46212768554688,186.33717278223747,-1.1274475200268252,48467598.31522634,45.752646725920634,-0.11090789206301752,26.333562081251166,3.4105793620516733,40591446614.27841,186.6503634770982,187.00281681302474,5.0573565965939355,183.3711395263672
2024-02-13,183.3711395263672,185.44736280547636,-0.48096882098814797,50886168.82065844,41.48601511581614,-0.1611479355576927,26.257723734276652,3.347245131104386,40540560445.457756,186.28462760291401,186.85467833611537,4.760309934898027,182.4891815185547
2024-02-14,182.4891815185547,184.55990841939985,-0.15748003843937264,52009468.1744609,37.70901051789455,-0.23916354130647005,26.692337626352078,3.300565406848355,40488550977.283295,186.02816571364136,186.6361288202377,4.371268923311324,182.20179748535156
2024-02-15,182.20179748535156,183.85247513918534,-0.8430272167380681,56036977.72212263,34.9754234954801,-0.3184649959035956,27.54672652039507,3.2667828857133667,40432513999.56117,185.76653240579893,186.37101894585174,4.347196941831355,180.66578674316406
2024-02-16,180.66578674316406,182.89646862037895,-0.41138120894623764,54151634.40548584,31.637683556574434,-0.4095527995884473,28.593090904815952,3.2429647837368454,40378362365.155685,185.48518871189125,186.04010939104484,4.735494416274584,179.9225616455078
2024-02-20,179.9225616455078,182.0042965279176,0.4186015152562339,54005824.08384009,28.868881345479103,-0.4982458677225797,29.910602207932712,3.210062186567344,40324356541.071846,185.11341536248403,185.6557462612232,5.2967008573511025,180.67572021484375
2024-02-21,180.67572021484375,181.60572363399544,1.1243784607141816,50215496.85868806,27.702475612507627,-0.5481525739869588,31.295073393411442,3.167674074285133,40274141044.21316,184.6528351201939,185.27002982053483,5.7035308599634105,182.7071990966797
2024-02-22,182.7071990966797,181.9361662728007,-1.00340749491874,50838507.801081635,30.219720121196985,-0.5233591292573276,32.402068009110444,3.151823260620758,40324979552.01424,184.18776827554197,184.9525190064649,5.780513164562504,180.8739013671875
2024-02-23,180.8739013671875,181.61748680111674,-0.7451311618464795,49122865.460757144,29.1650716823581,-0.4932774057125684,33.2740562212868,3.1239696087853206,40275856686.55348,183.69692531118994,184.63489689166985,5.6525402910606095,179.52615356445312
2024-02-26,179.52615356445312,180.99008683011766,0.8114283324717642,46646225.82253,27.155729767505065,-0.48003556716493545,34.25713962877093,3.079338810753637,40229210460.73095,183.12471478326262,184.28777212390298,5.467286236194691,180.98287963867188
2024-02-27,180.98287963867188,180.9879246726839,-0.662530160036845,48948028.075771004,27.14878802109535,-0.43704748659753445,35.41694287575355,3.0784967733274384,40180262432.65518,182.58978997230724,183.97350093807262,5.134630740789825,179.7838134765625
2024-02-28,179.7838134765625,180.6266913138475,-0.3693078234560443,48949789.6530397,25.9550359966343,-0.3995875096204706,36.59635155188633,3.075158990107328,40131312643.002144,182.10772282314437,183.65475716433687,4.965527943871882,179.11985778808594
2024-02-29,179.11985778808594,180.174641256119,-0.6030344330795634,75269632.75712779,24.5030349887072,-0.37244112356578096,37.8335927015974,3.0722362071888556,40056043010.24502,181.66919610681626,183.3233175540304,5.0967013202625555,178.03970336914062
2024-03-01,178.03970336914062,179.53415989002548,-2.538127752718755,74757672.92998946,22.575970025024596,-0.3643585321402747,39.308842018145384,3.0720026344910374,39981285337.315025,181.23736458190027,182.96244539555374,5.3192982993784925,173.5208282470703
2024-03-04,173.5208282470703,177.73016039713892,-2.8440991320593856,76783401.05099261,18.22764796243331,-0.4420710225242164,41.17810710428918,3.0726650545773238,39904501936.26403,180.7207337595763,182.46413253856184,5.868946957503913,168.58572387695312
2024-03-05,168.58572387695312,174.98682944108316,-0.5878118111580344,82288100.73569483,13.856807587525998,-0.6284227611474182,43.422482911748645,3.0591099086555817,39822213835.528336,180.01898705089286,181.75200843404008,6.886832153536778,167.59475708007812
2024-03-06,167.59475708007812,172.76920773278164,-0.0709610515419068,78177980.51498637,11.463741730632169,-0.8381167711761908,45.806657352604475,3.03960412613632,39744035855.01335,179.13533546077147,180.89650360534878,8.098762014338819,167.475830078125
2024-03-07,167.475830078125,171.18119443638463,1.0236617340713572,76254116.36049046,10.116424504611384,-1.009358382575614,48.19849092266515,3.009790784103913,39667781738.65286,178.05983827712987,179.97123606544744,9.266699128459962,169.19021606445312
2024-03-08,169.19021606445312,170.58390092480516,1.1831656603280116,76257981.45234331,9.656707172793324,-1.0819960531368689,50.51651679791567,3.0279164772699616,39591523757.200516,176.95647968949874,179.077204147291,10.1812056165936,171.1920166015625
2024-03-11,171.1920166015625,170.76633562783235,0.27784413204459124,71422437.01664032,10.987224443194922,-1.0367963761983954,52.63236809983127,3.0768682564412337,39662946194.217155,175.93410456927018,178.28569285972353,10.676607940818428,171.66766357421875
2024-03-12,171.66766357421875,171.03673401174825,-1.212248938083338,67943325.91164821,13.03163091594611,-0.9121312692110672,54.60811765193518,3.1035679255017006,39730889520.12881,174.9389855031766,177.59531582658303,10.88536329009923,169.5866241455078
2024-03-13,169.5866241455078,170.60170105187612,1.0927360365894367,63306938.13815375,12.532896751069503,-0.787133969754513,56.460470491054295,3.0870392305699865,39667582581.990654,173.9364864769795,176.92925727661094,11.056438476829344,171.43975830078125
2024-03-14,171.43975830078125,170.85311822654765,-0.21965246510250447,66188906.69670762,14.56782579530486,-0.6228793420278453,58.03061164244574,3.111359882775429,39733771488.68736,173.00433417402235,176.35057736708112,11.090657464237722,171.0631866455078
2024-03-15,171.0631866455078,170.9161387522357,0.6372339094178558,82858044.68769532,15.101011877030546,-0.45323284647883044,59.53897426215903,3.0857870981439133,39816629533.37506,172.14253206024338,175.8330117847149,11.02023266114818,172.15325927734375
2024-03-18,172.15325927734375,171.2872749097681,1.3585250299674723,80681891.28138673,18.33350200042267,-0.2684037531141401,59.433386155082154,3.145472637495188,39897311424.65645,171.49824351150627,175.4000844632914,10.86747868057962,174.49200439453125
2024-03-19,174.49200439453125,172.24869375519702,1.4709009866461509,73041883.89697072,26.175051565116004,-0.04546533948468756,58.749264561714064,3.21236685297736,39970353308.55342,171.22442994291768,175.09995201490145,10.600845489452343,177.05860900878906
2024-03-20,177.05860900878906,173.69166833127463,-4.085752551790966,67156248.7278795,36.09330199225224,0.2205078441891306,57.1047405585038,3.2765400985001296,40037509557.2813,171.31667600276697,174.96582975931796,10.183847330753746,169.82443237304688
2024-03-21,169.82443237304688,172.5314975438063,0.5310157207608412,78863764.10951564,32.33220005156425,0.33288239655634166,55.86875347406782,3.3509563338434027,39958645793.17179,171.45170631350913,174.7339885959359,9.6549569461439,170.72622680664062
2024-03-22,170.72622680664062,171.98991632265657,-0.8300238972950735,76552664.87666094,30.722759057931526,0.3818116774628253,55.00984152520464,3.39159222594483,39882093128.29513,171.5923078532943,174.4726483794331,9.062354198735731,169.3091583251953
2024-03-25,169.3091583251953,171.18568892341818,-0.6672587802010521,69873355.41366266,28.45741002995684,0.37077804605817555,54.473445730390445,3.398685840108315,39812219772.88146,171.63424318285286,174.15960462171742,8.47923370574524,168.17942810058594
2024-03-26,168.17942810058594,170.2838106765685,2.1212583381291283,66127868.78956386,26.13051590063932,0.3156622969500389,54.136855773526776,3.3698961999813446,39746091904.091896,171.55895084933488,173.7904813888461,7.76206575768901,171.7469482421875
2024-03-27,171.7469482421875,170.7227519462542,-1.055918081013485,64371498.152694695,29.166256332811052,0.32065450004034934,53.878462832347424,3.365029354140959,39810463402.24459,171.5710559387727,173.49831668002784,6.811811690654206,169.93344116210938
2024-03-28,169.93344116210938,170.48595871101074,-0.8455602608945956,64761858.706886284,28.486143781026247,0.3192048696159433,53.63852652982374,3.318724446713568,39745701543.537704,171.534339987219,173.21142544488336,5.651384711613356,168.49655151367188
2024-04-01,168.49655151367188,169.8891365518091,-0.6998901525819612,59205451.094820395,26.79047565099273,0.2900898774656633,53.53947884113614,3.255439396008924,39686496092.44289,171.43163976717634,172.8950169788763,4.252677414894623,167.3172607421875
2024-04-02,167.3172607421875,169.1175738089226,0.479749581042177,56242665.766374275,24.740160152756157,0.23334831921671562,53.68364026440715,3.168330424786819,39630253426.67651,171.21466965709178,172.53526048649977,3.079667293236165,168.11996459960938
2024-04-03,168.11996459960938,168.81829104612862,-0.489230716170308,53677376.03646199,23.9737326727558,0.19187340777340234,53.93584806652282,3.1007307794866406,39576576050.64005,170.87162938618496,172.1812633969406,2.6750971484048165,167.29747009277344
2024-04-04,167.29747009277344,168.36204476012205,0.4501730070037402,53685483.22552339,22.81345497588806,0.15168715451128678,53.91584242904154,3.0717760698240086,39522890567.41453,170.33866702906968,171.81752828867218,2.8414870803067713,168.05059814453125
2024-04-05,168.05059814453125,168.26861077544478,-0.6663540767380405,50211278.25786637,22.57252181455485,0.13722334479921905,53.924162829783874,3.0534002205515334,39472679289.15666,169.91237835223353,171.47953614455528,3.12015872942459,166.9307861328125
2024-04-08,166.9307861328125,167.8672633826551,0.7242520458911494,46375544.780506454,21.521115561267777,0.11967700705910866,54.05201155927982,3.000655888163554,39426303744.37615,169.5001130582334,171.13551016723144,3.438887603579443,168.13978576660156
2024-04-09,168.13978576660156,167.94902009783902,-1.1139365811103086,45175021.346354514,22.314924052733872,0.13167621593207635,54.240214036389716,2.969555496613052,39471478765.7225,169.17644617567547,170.83203492252738,3.6852662840350794,166.26681518554688
2024-04-10,166.26681518554688,167.44435862415136,4.327101769363306,46535304.942448154,20.909012977016193,0.12384102710751854,54.63708374758738,2.9060685651339986,39424943460.78005,168.89250097043376,170.50939908458682,3.967643924595486,173.4613494873047
2024-04-11,173.4613494873047,169.24945588309734,0.8626699435950069,59895803.459713705,36.35489132878856,0.25110590315535,52.606763691583815,2.9995261231694643,39484839264.23977,168.74517136411808,170.38940449396875,3.9942128847562524,174.95774841308594
2024-04-12,174.95774841308594,170.9619436420939,-2.186353760948323,72428332.4217996,46.941403985587804,0.44989500436345375,48.945052740847004,3.100969071604177,39557267596.66157,168.79276985722638,170.44393203188542,3.9997022198968413,171.13255310058594
2024-04-15,171.13255310058594,171.0131264796415,-1.9167313919868478,72759372.69525972,47.22396109999691,0.5760472503838052,46.208066934101396,3.1513459803293298,39630026969.35683,168.90516885000963,170.49814102690982,4.004935131961184,167.85240173339844
2024-04-16,167.85240173339844,170.06490905576857,-0.8147449518766448,73044920.8866818,42.68842262095158,0.584966695480452,43.048008019440175,3.234204776444517,39556982048.470146,168.99990237469424,170.45688083918208,3.9607118227637117,166.48483276367188
2024-04-17,166.48483276367188,168.99088616813955,-0.5714364273766703,66401804.620677255,38.211765466182285,0.5105774518662134,40.297554023928235,3.275544189348815,39490580243.84947,169.01716188689537,170.31726229908278,3.8269255073668607,165.53347778320312
2024-04-18,165.53347778320312,167.9536636526586,-1.2212397733786018,59418133.23447408,34.45402505294504,0.38905634768431296,38.35093993393794,3.277010210919649,39431162110.615,168.976323776149,170.09215766609003,3.3817250287384963,163.5119171142578
2024-04-19,163.5119171142578,166.62113969113835,0.5090838236242456,62037513.26413185,30.327754480623284,0.2246320569571676,37.354226593700545,3.2574555932516205,39369124597.35087,168.81157666771836,169.76158452561845,3.3550701239546257,164.34432983398438
2024-04-22,164.34432983398438,165.93809673399215,0.6391550229470022,57861179.28489229,28.447082137458228,0.08287265159137158,36.81341865047989,3.2282994055057594,39311263418.06598,168.61866000285204,169.39744283117784,3.483178463918822,165.39474487304688
2024-04-23,165.39474487304688,165.77509117570855,1.27022845550131,55364165.4994246,28.000827413635587,-0.0042508920892951885,36.545445303090766,3.1909163669434677,39255899252.56655,168.401267110639,169.05245695922838,3.6769267419940066,167.49563598632812
2024-04-24,167.49563598632812,166.2912546188944,0.5147401920780892,53230455.849597216,31.6568558661731,-0.009209908359576469,36.09906690723328,3.181924716415853,39309129708.416145,168.28595671011328,168.789485307768,3.8018739004164863,168.35780334472656
2024-04-25,168.35780334472656,166.91121923664406,-0.347296963057131,52428809.09471805,35.86910188377717,0.044235508893180286,35.155275444852656,3.1746324273073525,39361558517.510864,168.052133045468,168.6106028248038,3.7137940468277173,167.77310180664062
2024-04-26,167.77310180664062,167.16978400764302,2.4808056768157893,50151686.36630263,37.59658674492042,0.10832148091309346,33.71899548978041,3.1657687372266126,39411710203.87717,167.67291708202288,168.4733819850742,3.5859977404117283,171.9352264404297
2024-04-29,171.9352264404297,168.599416737479,-1.827076396436722,55557000.45641184,46.222196420467206,0.2502051887074366,31.67152536379063,3.2691029437190533,39467267204.33358,167.43154610780664,168.48538529482704,3.4796126376688763,168.79383850097656
2024-04-30,168.79383850097656,168.65774326652826,-0.6047239066312438,58670340.31948829,46.54682094766327,0.3453294053290592,30.383849722068298,3.3316775231323246,39525937544.65307,167.2908295288826,168.50180033975096,3.4526575704994036,167.77310180664062
2024-05-01,167.77310180664062,168.39235082856194,2.203211262246052,56184168.2236418,45.20956154786429,0.3847130463687951,29.118142649210178,3.384875800245771,39469753376.42943,167.23097599492485,168.49137657678057,3.4366261186812928,171.46949768066406
2024-05-02,171.46949768066406,169.31549488419256,5.981610555799044,67593387.75654925,50.533161429173965,0.4620678024977627,28.0785546498085,3.4679265495564895,39537346764.185974,167.36715911807823,168.56986403462935,3.4894637609361263,181.72613525390625
2024-05-03,181.72613525390625,173.03868699510664,-0.9106767949631278,96282601.42958447,65.21364133468761,0.7368064332797581,29.093309458041137,3.7803933031037316,39633629365.615555,168.0089138484751,168.99546622134147,4.301130091135619,180.07119750976562
2024-05-06,180.07119750976562,175.14844014950432,0.37972583340635246,90968731.00070913,70.54757945476926,1.0162139639041512,30.64960445008586,3.955499587007272,39724598096.616264,168.92994819002627,169.58146373830937,5.508567001414711,180.75497436523438
2024-05-07,180.75497436523438,176.83040041422333,0.186401133618741,86869851.70049639,73.9738224519868,1.2542839660439893,32.49348167209005,4.088032174395533,39811467948.31676,170.03547911387776,170.271838659825,6.857481673555467,181.09190368652344
2024-05-08,181.09190368652344,178.10885139591335,1.0014375584711077,74326026.19034746,76.23668048470608,1.4253545966206875,34.342094052112174,4.136185515867664,39885793974.5071,171.21723879157966,171.01822082516674,8.137656018621026,182.90542602539062
2024-05-09,182.90542602539062,179.54782378475653,-0.6890277628308961,66723118.33324322,78.50232361646896,1.5524589437114016,36.249720411277465,4.155311926247084,39952517092.84035,172.48089924639086,171.8305639641753,9.527356315604507,181.64515686035156
2024-05-10,181.64515686035156,180.17702370743504,1.7645393087890815,61934032.83327025,79.42600849888198,1.5901269011997794,38.17396191702541,4.125513915556267,40014451125.673615,173.7816232163701,172.62546489210482,10.767564322817531,184.85035705566406
2024-05-13,184.85035705566406,181.57902371190374,0.6173420899985294,64967262.983289175,81.34900445511845,1.615457320741767,40.172474812766055,4.134630965627403,40079418388.656906,175.07958391381257,173.47818477970472,12.074899277858187,185.99151611328125
2024-05-14,185.99151611328125,182.90277143231697,1.2218089217122863,61195164.08830242,82.96773347592335,1.6230511161037144,42.22374575726621,4.125878798826491,40140613552.74521,176.50408673039144,174.37576446090588,13.37270514813812,188.26397705078125
2024-05-15,188.26397705078125,184.51113311785625,0.06325139397838075,63956614.86181169,84.70470668949334,1.6335939962852115,44.355622674177766,4.1316027257854,40204570167.60702,178.1159649593209,175.34103766632973,14.6429793805225,188.383056640625
2024-05-16,188.383056640625,185.67271017468687,0.015794753096409764,60623190.40326818,85.8287374847998,1.613196588104504,46.49463065413629,4.1075609853147395,40265193358.010284,179.75168648837035,176.32500647664946,15.717050753673249,188.41281127929688
2024-05-17,188.41281127929688,186.49474050606986,0.6162139363524943,54821103.282287724,86.58033703143546,1.5491297923178564,48.57486718621248,4.055920566851395,40320014461.29257,181.09729183946664,177.2935525746895,16.44168919472445,189.57383728027344
2024-05-20,189.57383728027344,187.4184695383309,0.6857260970398071,51683162.2976014,87.38970260814995,1.4640097510468535,50.60982860998306,4.010595716053015,40371697623.59017,182.32429477834927,178.2578303807506,16.87391413741173,190.87379455566406
2024-05-21,190.87379455566406,188.45506704353085,-0.753834906653994,48871033.60832098,88.24639417484083,1.374022304493287,52.59623292332995,3.962825192988627,40420568657.198494,183.48676144128004,179.22899577720585,17.081673409031993,189.43492126464844
2024-05-22,189.43492126464844,188.74902330986612,-2.1058241179262804,44604273.52582469,88.48529046021535,1.235176049564398,54.5093523340036,3.888561229616047,40465172930.72432,184.5507786326753,180.13566506603064,17.03980723429512,185.4457550048828
2024-05-23,185.4457550048828,187.75804281837114,1.6588152112174903,46524761.46807728,82.40454914227676,0.9881677121086425,55.59756986991103,3.8198824440926,40418648169.25624,185.37180053603677,180.86160580434878,16.60807863954622,188.52195739746094
2024-05-24,188.52195739746094,187.98721719209806,0.005277226380462352,43465433.0276541,82.70062399194939,0.7619292608767023,56.52307114322423,3.7828389936648343,40462113602.2839,186.15281988450306,181.54023546032488,15.919595903004772,188.5319061279297
2024-05-28,188.5319061279297,188.15062387284755,0.15789566972197466,46109833.11935787,82.92129460601049,0.5546350339766972,57.48781388583397,3.77365797107695,40508223435.40325,186.80997990059745,182.16979626151752,15.192765587186742,188.82958984375
2024-05-29,188.82958984375,188.35431366411825,0.5255214972990974,48197283.18355051,83.20882209162912,0.37138803436010015,58.41702112837529,3.766499647130396,40556420718.5868,187.35513412377762,182.75879791890804,14.156938492320993,189.82192993164062
2024-05-30,189.82192993164062,188.79459854437496,0.5018500551037475,48704828.22848535,83.84204975296105,0.22707195884922093,59.30035152242583,3.7529303762415847,40605125546.815285,187.78348066642948,183.33363607371442,12.675902859779725,190.77455139160156
2024-05-31,190.77455139160156,189.38858439854295,0.9258633463548938,56640869.759939745,84.68136625409193,0.12401361365507313,60.15911242913469,3.7225777862282112,40661766416.575226,188.15506808881509,183.9102978189362,10.955405539314002,192.54086303710938
2024-06-03,192.54086303710938,190.33426799011286,0.16493429652257863,54672758.83195782,85.93410709497519,0.07437917913941305,61.12426518184637,3.7134102380481098,40716439175.40718,188.5390208372194,184.52210450190537,9.850484703862397,192.85842895507812
2024-06-04,192.85842895507812,191.09151627960244,0.7820924949976993,52512351.18237047,86.86070317354482,0.04863670996403435,62.146590145363916,3.68743134706807,40768951526.589554,188.90632551134652,185.14776276644795,8.981987183363767,194.36676025390625
2024-06-05,194.36676025390625,192.0740894718936,-0.7096628832424456,53005685.827659324,87.96825267913553,0.053487580567780135,63.25448144525769,3.6781336449525766,40821957212.41721,189.2682277541828,185.80741292887134,8.317178993743374,192.98741149902344
2024-06-06,192.98741149902344,192.34808608003254,1.2392209982856173,49458520.07936152,88.26530155717049,0.031917861948821624,64.36791683395356,3.638985269316244,40871415732.496574,189.62813403119944,186.4303341813629,7.671638129933329,195.3789520263672
2024-06-07,195.3789520263672,193.25734586393293,-1.914786023973869,50552134.055553064,89.21673209844764,0.03538721467203487,65.4786761145443,3.62025894671834,40921967866.552124,190.1780643357556,187.0805257701791,7.212476546147822,191.6378631591797
2024-06-10,191.6378631591797,192.77150105250692,7.264909593214641,64489553.83888714,85.23985537824232,-0.034744267652916605,66.57800332691063,3.595959797261708,40857478312.713234,190.65649272179647,187.6225234161151,6.519303996126613,205.5601806640625
2024-06-11,205.5601806640625,196.60810493597359,2.8578508018948234,96854677.68722099,89.29710113666549,0.12859684758315737,67.95670189463652,3.818727174254035,40954332990.40045,191.50224082810908,188.47829308467306,6.653502078100348,211.43478393554688
2024-06-12,211.43478393554688,201.05610863584556,0.549117784389952,127238564.38105468,92.03177318202697,0.4684364623990094,69.587568732689,4.195406450226026,41081571554.78151,192.77242032528181,189.67618028002283,7.930887650739217,212.59580993652344
2024-06-13,212.59580993652344,204.5180190260489,-0.8168565428084529,118425805.06673828,93.43725364960095,0.8370891304582502,71.21147566723447,4.464243899912685,41199997359.84825,194.34476237344924,191.0896887320253,9.842987704858045,210.8592071533203
2024-06-14,210.8592071533203,206.42037546423032,1.9671508572807195,103934873.5467168,94.05753731369218,1.1030408947898849,72.76918165660699,4.600896449100319,41303932233.394966,196.04794148001798,192.54975413509246,11.661669906118684,215.0071258544922
2024-06-17,215.0071258544922,208.99640058130888,-1.0984473667644878,100872901.48270175,94.77737772692798,1.331157999314371,74.27239800416383,4.762817455075037,41404805134.87767,197.9141547391376,194.11610141568448,13.543091307207511,212.6453857421875
2024-06-18,212.6453857421875,210.09109612957246,-2.151281206389699,94594021.03789122,95.05169560412186,1.4260338257142164,75.70134376141951,4.859917391570485,41499399155.91556,199.8141127241346,195.63752948367383,15.130304513040356,208.07078552246094
2024-06-20,208.07078552246094,209.485002947439,-1.0444461246217451,92067564.72652385,92.16524965947106,1.3206324697362017,77.0282219645855,4.9343912502513385,41407331591.18903,201.5552040716891,196.95633648022292,16.200506279105532,205.89759826660156
2024-06-21,205.89759826660156,208.40878154318776,0.3132645926378297,136988825.3085667,87.10696405040186,1.062214095740039,77.89057692698078,4.979490848302014,41270342765.88047,203.16127361800463,198.04704553383863,16.782631262938878,206.5426025390625
2024-06-24,206.5426025390625,207.84892784195017,0.4468093028533682,120110277.71599668,84.50863097414287,0.751966717152567,78.31127802880887,5.033030796221729,41150232488.164474,204.62043181580634,198.98055813461116,16.919681418937287,207.4654541015625
2024-06-25,207.4654541015625,207.73388571983384,1.9993371802181414,100742104.40119767,83.95444864685497,0.452170554389963,78.70192905193495,5.032132937089474,41049490383.763275,206.11667028253905,199.81420838082283,16.82775760718881,211.61338806152344
2024-06-26,211.61338806152344,208.8977364223407,0.39859982788079673,90383433.08083837,85.02439281953309,0.2552261856568041,79.10736300419025,5.082172476618502,41139873816.84412,207.34563343117577,200.67930628953883,16.644947381849278,212.45687866210938
2024-06-27,212.45687866210938,209.96547909427127,-1.6254303672318615,78200213.15658686,85.95002017965382,0.1263563760055444,79.53221225844798,5.0942219977771295,41218074030.0007,208.23657047701835,201.56370369951333,16.344973188317596,209.0035400390625
2024-06-28,209.0035400390625,209.67689737770866,2.910466154680913,79502959.20961079,84.43107892140205,-0.039935496060128806,79.9672367235454,5.0703164721944995,41138571070.79109,208.7524583121843,202.3363888117224,15.800881264983355,215.08651733398438
2024-07-01,215.08651733398438,211.29978336459135,1.6239958966820955,73772941.44672754,85.9362942998366,-0.09888907277292347,80.42863485299964,5.128409409042479,41212344012.237816,209.24039910222044,203.19004543580516,15.232089644592763,218.5795135498047
2024-07-02,218.5795135498047,213.48370242015534,0.5811030038966658,69054919.01270927,87.66462099571201,-0.051445433571646326,80.94860606620558,5.16970720670336,41281398931.25053,209.68912928610507,204.17039372002898,14.753700095305978,219.8496856689453
2024-07-03,219.8496856689453,215.39349739479235,2.162038507727848,59549383.30889649,88.94415782477283,0.04282214145261776,81.50823137931218,5.149424681509713,41340948314.559425,210.21936941262706,205.23926073667312,14.293573667883882,224.60292053222656
2024-07-05,224.60292053222656,218.1563243360226,0.6538910730926606,59808288.31622754,90.48226171640526,0.21583729721518186,82.14284102330734,5.16733146722928,41400756602.875656,211.0865015514854,206.46945726994448,14.010873200659182,226.0715789794922
2024-07-08,226.0715789794922,220.53090072906346,0.3774747099841269,59591571.82135928,91.56803639867557,0.40387099081016764,82.813709776228,5.13782275160542,41460348174.697014,212.29871347007298,207.80864236128915,13.694068376383743,226.92494201660156
2024-07-09,226.92494201660156,222.44911311532485,1.8803566734869825,56136930.27495149,92.32930177538381,0.5614163875860223,83.50035676399526,5.079869061422483,41516485104.97196,213.75873199741048,209.20297290929255,13.358358729181784,231.1919403076172
2024-07-10,231.1919403076172,225.07196127301253,-2.3220766140675475,58084161.192466035,93.2294105154152,0.7352821478062994,84.20594548230396,5.065238964654232,41574569266.16443,215.49253955272832,210.71430513440873,12.775595991879836,225.823486328125
2024-07-11,225.823486328125,225.29741878954627,1.3050921486357003,60072092.83472622,93.3021668247446,0.7555911384813356,84.89753839035183,5.044767436659581,41634641358.99915,217.1325077894489,212.10317310156466,12.458649955255975,228.77069091796875
2024-07-12,228.77069091796875,226.33940042807302,1.674333056132049,57964414.984308355,93.64220726860633,0.7289756069156166,85.56526211406256,5.019092598466069,41692605773.98346,218.76989992282907,213.45900427551783,12.677577901996008,232.60107421875
2024-07-15,232.60107421875,228.21790256527612,0.1791817023429454,59364480.48901585,94.21265030627646,0.7260672251295359,86.22940737327853,5.076122786735376,41751970254.47247,220.6240004415858,214.8646136364472,13.32837662769551,233.01785278320312
2024-07-16,233.01785278320312,229.65788763065422,-2.529602074722004,54525426.34231109,94.61175277145763,0.7085304985782006,86.86870135072483,5.083038279117045,41806495680.81478,222.45981086819208,216.2734968739907,14.065658181988868,227.12342834472656
2024-07-17,227.12342834472656,228.89754984487593,-2.0534961898279747,55371568.43961776,91.0416709100989,0.5407099647773306,86.92681650570736,5.0368797014878615,41751124112.37516,224.00119561066413,217.47578763312262,14.616196049762475,222.45945739746094
2024-07-18,222.45945739746094,226.96612211065138,0.05799396574672766,58570477.90773243,82.52312755255022,0.21152326975154256,85.74104928888016,5.074014878902979,41692553634.46743,225.15845808225004,218.37962901193487,14.804332405337966,222.58847045898438
2024-07-19,222.58847045898438,225.65282661515124,-0.15602337279481127,55744784.5354127,77.23151147341497,-0.16258244735230143,84.02503273992687,5.064852516941906,41636808849.932014,225.9081083101629,219.0723144979555,14.652957405465136,222.24118041992188
2024-07-22,222.24118041992188,224.62933275658241,0.46883588773425355,53481889.174788885,73.2873978302102,-0.5263662756735883,81.97373283293132,5.0508644800485865,41583326960.757225,226.31795151291476,219.60155433211045,14.151366749803817,223.2831268310547
2024-07-23,223.2831268310547,224.22547097892408,-2.8754364340036864,49425412.42235222,71.73074269744467,-0.823867227623925,79.67362585243173,5.024825369330281,41533901548.33487,226.49558729927472,220.0419273460927,13.374289069686228,216.86276245117188
2024-07-24,216.86276245117188,222.0166584205984,-0.48044942422481585,53131068.69564655,63.754722261407636,-1.177537847344471,76.33816325073646,5.064582221640848,41480770479.63922,226.1900570140333,220.2299969722361,12.305888954434892,215.8208465576172
2024-07-25,215.8208465576172,220.15791486170403,0.21610523446808916,52609108.08695258,57.91835703303626,-1.5228500956731779,72.16660386415933,5.115397649171727,41428161371.55227,225.6761066212491,220.2231320093283,11.243984032214987,216.28724670410156
2024-07-26,216.28724670410156,218.99671441442325,0.128469224636385,49306765.660866804,54.55817839865299,-1.7968351848789448,67.79731046512842,5.11338367714872,41378854605.8914,224.94183801988413,220.10633033362308,10.243295018917628,216.5651092529297
2024-07-29,216.5651092529297,218.2672328659752,0.2565806026727291,45408275.96260676,52.49765369251207,-1.9801043990699565,63.372139917309745,5.078573581932532,41333446329.928795,223.94677104995404,219.9311781938471,9.054961593365869,217.1207733154297
2024-07-30,217.1207733154297,217.92329500081152,1.499097596798471,44278933.17382473,51.509876851817786,-2.0677898295880706,59.05222237711387,5.037334872869181,41289167396.75497,222.77331178696977,219.73995122308182,8.061299077634194,220.37562561035156
2024-07-31,220.37562561035156,218.6589941836735,-1.6750796622504782,46006143.2216773,53.52429621209836,-2.0173557556360535,55.281958310047955,4.9977339512884456,41335173539.97665,221.7494562208495,219.63700293361438,7.328526740880445,216.6841583251953
2024-08-01,216.6841583251953,218.06654342613,0.6869351344199082,50954600.255174115,51.663010770375884,-1.9631563541565757,52.02879407047796,5.006003059067208,41284218939.72147,220.85949835239737,219.487435361473,6.9498720121953275,218.17263793945312
2024-08-02,218.17263793945312,218.09837178012694,-4.816682032277997,67338800.17862189,51.760065193174,-1.8651236756097163,49.31166503644488,5.073177900493,41351557739.90009,220.10405286889494,219.355143591821,6.956505336059995,207.66395568847656
2024-08-05,207.66395568847656,214.96804695263182,-0.9748289150234735,83001740.12503532,42.68291164397741,-1.9423064177334313,47.242608527008514,5.383130592409203,41268555999.775055,219.13792428849987,218.93732486427916,7.595770858007323,205.63958740234375
2024-08-06,205.63958740234375,212.1695090875454,1.2498222871370812,78999368.08752471,36.51725353338787,-2.0996639661257954,46.071228649624594,5.660389861651938,41189556631.68753,217.93232809936202,218.29277098078072,8.669228734861946,208.209716796875
2024-08-07,208.209716796875,210.98157140034428,1.663313602876082,74354477.6612673,34.2552186299091,-2.1914542875414496,45.10646417556133,5.874671461052888,41115202154.02626,216.82881939733662,217.5964662588344,9.656851083871084,211.6728973388672
2024-08-08,211.6728973388672,211.18896918190114,1.3736110255082146,66196464.36288711,35.012101744254565,-2.1432947235464237,44.21061144964544,6.003140007580674,41181398618.389145,215.93192482935632,216.98622844198363,10.360568337208631,214.58045959472656
2024-08-09,214.58045959472656,212.20641630574875,0.7129902447921888,58998005.05402097,38.738162848523125,-1.9533614277594027,43.22040877824388,6.061077224631156,41240396623.44317,215.25289501848886,216.53100823853268,10.65502477463959,216.1103973388672
2024-08-12,216.1103973388672,213.37761061568426,1.7192954238332447,52707033.53781468,42.803431435385825,-1.6702598286608907,41.7907198486841,6.052641655257308,41293103656.98098,214.76393279345976,216.23068465540427,10.440873441884321,219.8259735107422
2024-08-13,219.8259735107422,215.31211948420162,0.20338020680226165,50141513.47647027,48.84206514197323,-1.2910829837496194,39.799423110135244,5.987240178992926,41343245170.45745,214.50281524179874,216.14320225814689,9.642543299117644,220.27305603027344
2024-08-14,220.27305603027344,216.80040044802314,1.3530583482816771,47687239.43352918,52.956996884991774,-0.8970996959487605,37.37524840397755,5.885088899911687,41390932409.89098,214.31695586823372,216.20579256194463,8.667123259614698,223.25347900390625
2024-08-15,223.25347900390625,218.73632401478807,0.5918472518204432,47305267.60347043,57.72090401901868,-0.48387709474939683,34.926491882158466,5.801373307937393,41438237677.49445,214.38393392709955,216.44679555745353,7.838072903698634,224.57479858398438
2024-08-16,224.57479858398438,220.48786638554697,-0.0707785587101939,46415747.3224293,61.51793182508569,-0.09092139961594048,33.214590583748326,5.699282805708622,41484653424.81688,214.62288338764156,216.83165944584337,7.198987632981125,224.4158477783203
2024-08-19,224.4158477783203,221.66626080337895,0.27446882391941596,44697363.1257005,63.86893675195635,0.23236226944676136,31.912708895896646,5.541122352905727,41529350787.94258,215.29270477271626,217.2920976703706,6.783037266958278,225.03179931640625
2024-08-20,225.03179931640625,222.6759223572871,-0.048563557505032495,40377854.18799035,65.79703313742958,0.4837320604075396,31.01523478937321,5.378597230820688,41569728642.13057,216.34334609969042,217.80484287864834,6.537831907953813,224.92251586914062
2024-08-21,224.92251586914062,223.34990041084313,-0.825974819616293,38694147.93159325,67.06065624747313,0.654325345977173,30.470023655171914,5.220875883900674,41608422790.062164,217.58017900074032,218.33294359600023,6.7237909743856825,223.06471252441406
2024-08-22,223.06471252441406,223.26434404491442,1.028807555547262,40194493.55211528,66.72366012834577,0.7153836488864177,30.194756449276813,5.090429688980514,41568228296.51005,218.78771648704162,218.8026007816111,7.05720407523287,225.359619140625
2024-08-23,225.359619140625,223.89292657362756,0.1498865745179323,39739335.48648069,67.996149020031,0.7485309414311829,30.09000354419078,4.999527690521552,41607967631.99653,219.95636751382952,219.28739371418408,7.499859909827283,225.69740295410156
2024-08-26,225.69740295410156,224.43426948776974,0.3741522468774683,36998194.84053648,69.09232338666138,0.755173035735071,30.011865549629697,4.892223425104281,41644965826.83707,221.0620334010381,219.77757235928746,7.971990014585057,226.54185485839844
2024-08-27,226.54185485839844,225.06654509895833,-0.6753511415742541,36679116.388375536,70.36889140436038,0.7489359158995639,30.11057704963318,4.802499580199406,41681644943.22544,222.03747596251375,220.28128404877992,8.456323127604131,225.01190185546875
2024-08-28,225.01190185546875,225.05015212591144,1.4570219945505336,37091041.471862875,70.28783380500833,0.6918498241970938,30.4220202403578,4.730839974319183,41644553901.75358,222.86245113030256,220.7354619608877,8.867337043277601,228.29037475585938
2024-08-29,228.29037475585938,226.0222189148958,-0.3437883950512699,41535619.030304015,72.32367768990308,0.6673894563884812,31.139857843418472,4.724846649042144,41686089520.78388,223.59104062031335,221.2389626231742,9.326642974663924,227.5055389404297
2024-08-30,227.5055389404297,226.46721492255597,-2.7205255495327485,44972173.32121281,73.22802501676105,0.629502971649814,31.869491496005956,4.664910398145987,41731061694.105095,224.18897547401426,221.7368914135915,9.759043387168125,221.31619262695312
2024-09-03,221.31619262695312,224.92190823387512,-0.8618757988215542,46537701.324848965,65.25400527730453,0.45673609608276156,31.48877376544463,4.678790163023274,41684523992.78024,224.51454021706388,222.0402263488566,9.785912073590655,219.40872192382812
2024-09-04,219.40872192382812,223.267952340861,0.6927799031515747,45728450.92739427,57.97704529829356,0.200510797365391,29.88954408462268,4.679695143523535,41638795541.85285,224.57374321542127,222.1571526338094,9.289024710823876,220.92874145507812
2024-09-05,220.92874145507812,222.56618907512615,-0.7014952772974148,42994535.64917599,55.16601321460274,-0.034283166262223386,28.23892848019388,4.664861158953445,41595801006.203674,224.49537208184958,222.19610848536337,8.411713456390721,219.37893676757812
2024-09-06,219.37893676757812,221.61001338286172,0.0407519730173167,44623074.95442319,51.501932747828135,-0.2594939651341601,26.318582080858192,4.672472070306094,41551177931.24925,224.3299390156443,222.14028990417273,7.333817293654445,219.4683380126953
2024-09-09,219.4683380126953,220.9675107718118,-0.362133916129348,51390152.46809623,49.14008868391327,-0.4462829772915642,25.032131281221417,4.675008994577195,41499787778.78116,224.03739743546268,222.02859665347168,6.229611413694546,218.67356872558594
2024-09-10,218.67356872558594,220.279328157944,1.158503274476974,51450406.727667354,46.67126136285108,-0.601096191102537,24.274258334512307,4.678264945469614,41448337372.05349,223.62190330248015,221.8619996538976,5.172749296505059,221.2069091796875
2024-09-11,221.2069091796875,220.55760246446704,0.049403270300585334,49391414.70936715,47.81301159952637,-0.6647049868508779,23.721745430053264,4.691561285037671,41497728786.762856,223.17100903903105,221.7377713501423,4.359800356788942,221.31619262695312
2024-09-12,221.31619262695312,220.78517951321282,-0.12120645513313821,45810670.296557,48.77883841075232,-0.6695345255313776,23.20869773305558,4.679598929524796,41543539457.05941,222.74451177776118,221.64704831805378,3.735067592336289,221.04794311523438
2024-09-13,221.04794311523438,220.86400859381928,-2.777518917830124,43097449.207589895,49.130027655405975,-0.645235935434757,22.638837637870274,4.61718891332354,41586636906.267,222.22869074565352,221.57247310622193,3.441414411273754,214.90829467773438
2024-09-16,214.90829467773438,219.0772944189938,0.21726427358825795,47975434.445312925,42.08653230169836,-0.7215381598684887,22.921122677006696,4.548396991473457,41538661471.821686,221.4896986952973,221.33483704077165,3.640899205052461,215.37521362304688
2024-09-17,215.37521362304688,217.96667018020972,1.7989802215117034,47238594.11171904,38.40115266106129,-0.8121041255326203,23.603108828404867,4.457645033092565,41491422877.70997,220.79417488993076,221.01405924452766,4.0959875605596014,219.24977111816406
2024-09-18,219.24977111816406,218.35160046159598,3.7065499003288593,51035485.87820333,40.35074463428637,-0.8095689651290342,23.72249535261495,4.413921297173026,41542458363.58817,220.30253970200425,220.76049174139132,4.433046227298231,227.37637329101562
2024-09-19,227.37637329101562,221.05903231042186,-0.29273210231188784,55759230.11474233,51.88547581193647,-0.5987509241949193,22.25674637880186,4.478150340721873,41598217593.70292,220.1518240255338,220.7889241765371,4.450052616548815,226.7107696533203
2024-09-20,226.7107696533203,222.75455351329137,-0.7581110879955499,134635431.08031964,57.43646652179633,-0.3316497378662935,21.68413575310057,4.546373634160477,41732853024.78324,220.26627803857676,220.9761269705137,4.437589455441463,224.99205017089844
2024-09-23,224.99205017089844,223.42580251057348,0.39739359823030007,110488601.75622374,59.43192989812628,-0.10788401437678813,21.483396781766608,4.551994210483314,41843341626.53947,220.51210721245292,221.20942940290035,4.414594650686231,225.8861541748047
2024-09-24,225.8861541748047,224.16390800984283,-0.4397961992545718,90408851.22935662,61.565685624276256,0.08150222683130287,21.513235985015612,4.551489621996028,41933750477.76882,220.9005651976428,221.49080831784724,4.394674159468448,224.89271545410156
2024-09-25,224.89271545410156,224.38255024312042,0.5080072563353966,75978805.86054963,62.19992515678958,0.20607544274071066,21.540943816603974,4.502047014665433,42009729283.62937,221.28305997550814,221.7662123107304,4.332370541813893,226.03518676757812
2024-09-26,226.03518676757812,224.87834120045773,0.11867599711126164,64176174.10238474,63.664185498664246,0.30071207268519984,21.655120636783074,4.4396510911125135,42073905457.73176,221.69237614423264,222.06260553832348,4.314889309258891,226.30343627929688
2024-09-27,226.30343627929688,225.30586972410944,2.287199088505165,55131121.871669315,64.92590633390317,0.3665822893078021,21.950365223476677,4.377408180015091,42129036579.603424,222.1365622572617,222.37148784173166,4.221387916956882,231.4794464111328
2024-09-30,231.4794464111328,227.15794273021643,-2.9141667331894716,54954355.31016852,69.81566744584975,0.5010448354429302,22.750763778273928,4.386646477959369,42183990934.91359,222.94462708838395,222.82734068825403,4.3413043723457205,224.73374938964844
2024-10-01,224.73374938964844,226.430684728046,0.25197324497827633,57453548.71711796,65.9288700142328,0.5057021143133773,22.902666744409196,4.362415649769906,42126537386.19647,223.79102854316758,223.17051631109135,4.528312183249175,225.30001831054688
2024-10-02,225.30001831054688,226.09148480279626,-0.4894596519858574,50081664.10198257,64.13542159982649,0.4523681866371345,22.507647575027793,4.346399365624398,42076455722.09449,224.56501697728763,223.44870378649182,4.753396460965774,224.197265625
2024-10-03,224.197265625,225.52321904945737,0.5007285105715686,45270424.871387795,61.134991373271326,0.3498328621816458,21.833112386785203,4.317637156688758,42031185297.2231,225.01143565119116,223.64627666867904,4.902303955708847,225.31988525390625
2024-10-04,225.31988525390625,225.46221891079205,-2.2530833848686815,42862827.40997145,60.80614197704958,0.25340929316057803,21.146630557740522,4.2893493914627046,41988322469.813126,225.2822021909412,223.81922354888027,5.005681944593376,220.2432403564453
2024-10-07,220.2432403564453,223.896525344488,1.8404084672839716,41855599.18698002,52.935426104271734,0.06926754650964284,19.914462323162027,4.272476298756246,41946466870.626144,225.32927447433266,223.82658562465244,4.963078333318055,224.29661560058594
2024-10-08,224.29661560058594,224.01655242131739,1.6698455723298977,38855629.430886015,53.43305056506321,-0.05278036131279018,18.733541521194578,4.228455633399535,41985322500.05703,225.31453891548009,223.8446777005253,4.852873962993753,228.04202270507812
2024-10-09,228.04202270507812,225.2241935064456,-0.2178326047265977,37276270.60162021,58.219609568293095,-0.0599818186476615,18.13118194220999,4.214660969536509,42022598770.65865,225.39870324181263,223.97606015823197,4.796068186867879,227.54527282714844
2024-10-10,227.54527282714844,225.92051730265644,-0.6505388432598402,34548439.421134144,60.72632595582582,-0.027316597619555294,17.858738122357895,4.165308885058074,42057147210.07979,225.5029208520325,224.16124655293908,4.770550000040061,226.06500244140625
2024-10-11,226.06500244140625,225.96386284428138,1.6479883494170622,33711667.5947939,60.88365498203779,-0.012985366482333616,17.79048302616271,4.08833071098625,42090858877.67458,225.5687201640497,224.33292429497166,4.7116414250030925,229.79052734375
2024-10-14,229.79052734375,227.11186219412195,1.1024630745987585,35562797.31635573,64.89473619803861,0.05962922980674468,18.235219681296115,4.054929879303328,42126421674.99094,225.56411211044025,224.59758504727168,4.434958546286409,232.32388305664062
2024-10-15,232.32388305664062,228.6754684528775,-0.8851946376025932,44319378.12144901,69.48453475101303,0.19135528802612445,19.690853097537463,4.111316801640373,42170741053.11239,225.7885904829234,224.9859548954246,3.937359384021368,230.26736450195312
2024-10-16,230.26736450195312,229.15303726760018,0.15965354260165654,41248224.68501431,70.74273107008457,0.2834814578599385,21.061227035116953,4.0554996281360225,42211989277.7974,226.0947457294038,225.38281988325085,3.313308870344332,230.63499450683594
2024-10-17,230.63499450683594,229.5976244393709,1.2276367119983256,38771897.279510014,71.9041174906042,0.3432068557901544,22.548609626533597,4.00908579336019,42250761175.07691,226.50218626839512,225.78422984097654,3.2187213393631593,233.4663543701172
2024-10-18,233.4663543701172,230.75824341859476,0.6297984288175629,41069778.095657006,74.72480455456386,0.4244064128702325,24.320985075999737,4.0118292088041505,42291830953.17257,227.0317887191754,226.25794541979732,3.5107360435251564,234.9367218017578
2024-10-21,234.9367218017578,232.01178693354365,-0.26217113892336164,39625194.666959904,77.3676747545938,0.5197718606416108,26.27666635570418,4.000151482941174,42331456147.83953,227.84331487808097,226.80593032586842,3.9853758892372837,234.32078552246094
2024-10-22,234.32078552246094,232.70448651021883,-2.1623035588896333,39391616.26687193,78.6934923343873,0.5820405847868861,28.240227368179383,3.934342274044614,42370847764.1064,228.71210828697113,227.36769758152084,4.48968054868386,229.25405883789062
2024-10-23,229.25405883789062,231.66935820852035,-0.08232611578210536,43260231.38681035,71.91393133406383,0.508708167435274,28.86458348469519,3.9633998928519407,42327587532.71959,229.35662475717862,227.77737954599698,4.686730055883665,229.06532287597656
2024-10-24,229.06532287597656,230.8881476087572,0.3643079464629162,39615011.970767245,67.20803273939636,0.3692727738425339,28.851609420292455,3.9490002829893647,42287972520.748825,229.8533877877887,228.07364317102179,4.750435167719936,229.8998260498047
2024-10-25,229.8998260498047,230.59165114107145,0.8599352944553607,39371198.37953707,65.45728489427528,0.22580642528827877,28.716924732283513,3.9332332568678705,42248601322.369286,230.31616661746773,228.31345345388365,4.768617285573092,231.87681579589844
2024-10-28,231.87681579589844,230.97720053751954,0.11568621502671128,38385968.86567594,66.67303244450756,0.13034621046117145,28.754101612798415,3.8933773232634508,42286987291.23496,230.70270045180743,228.56714365232517,4.889847703056973,232.1450653076172
2024-10-29,232.1450653076172,231.32755996854883,-1.5278043525971952,37495338.205973156,67.78270408401552,0.06743666565980799,28.844386929651076,3.8366097245325648,42324482629.44093,230.96790960337455,228.83004044434648,4.979526623883395,228.5983428955078
2024-10-30,228.5983428955078,230.50879484663653,-1.8209354105995668,40368006.74418121,62.54187729645288,-0.04653742697176222,28.45572934279763,3.790948391215159,42284114622.696754,231.1034853612782,228.98992181599314,4.949019650091383,224.4357147216797
2024-10-31,224.4357147216797,228.68687080914947,-1.3279696754671555,47568634.72092684,52.765336004181854,-0.25045626884983285,26.761928995080556,3.7756054886156756,42236545987.97583,231.01240999825606,228.96105981534137,4.789282138297272,221.4552764892578
2024-11-01,221.4552764892578,226.51739251318196,-0.40376088321237846,52881054.30464879,43.95432627623528,-0.5216702347123616,26.101777824843385,3.7935839521211325,42183664933.67118,230.5883249077148,228.72832959608812,4.693154384471247,220.56112670898438
2024-11-04,220.56112670898438,224.7305127719227,0.6486266675724828,50500088.01325415,38.283875706194024,-0.7952404583854118,26.365134541611784,3.789978580974205,42133164845.65793,229.8601974915527,228.34758513664377,4.568010200342298,221.9917449951172
2024-11-05,221.9917449951172,223.90888243888105,-0.3266945738759408,43783451.609277904,35.985060799383895,-0.9925340595283536,26.973191727965464,3.7666354963919764,42089381394.04865,228.98063708441893,227.92485154638067,4.5856770614788696,221.26651000976562
2024-11-06,221.26651000976562,223.1161707101464,2.1372158266901975,47016746.12649453,33.87181470459622,-1.1275687911506687,27.77384665290585,3.775320406836825,42042364647.92216,228.1253183345815,227.46688194292977,4.901860527525542,225.99545288085938
2024-11-07,225.99545288085938,223.97995536136028,-0.11881839501586278,45553032.28854617,38.13512420324812,-1.1082184392967207,28.232206927640295,3.7846472717553468,42087917680.2107,227.43449910984182,227.13479369706602,5.125545343149516,225.7269287109375
2024-11-08,225.7269287109375,224.50404736623344,-1.2028669851905316,43385762.60198231,40.63587857566719,-1.0122694225878945,28.27525808652869,3.7667076662987,42131303442.81268,226.82573873235802,226.88424642746293,5.272208747697421,223.01173400878906
2024-11-11,223.01173400878906,224.0563533590001,0.0,42971713.82138762,39.17895047691754,-0.9330495989630572,28.656001378414295,3.7514235216205494,42088331728.991295,226.13365401450605,226.6149232780855,5.528154732851293,223.01173400878906
2024-11-12,223.01173400878906,223.74296755393678,0.3969197478504993,42199689.67497133,38.14789561530942,-0.8577702990572944,29.01662581648308,3.708886803420863,42046132039.31632,225.37519477304485,226.34140368530944,5.812760097783481,223.89691162109375
2024-11-13,223.89691162109375,223.78915077408385,1.3770514460679228,44109642.77247992,38.4051500979253,-0.7640052211814815,29.435844506861685,3.685118920581659,42090241682.0888,224.70323036578958,226.09833197947844,6.0378723975848,226.98008728027344
2024-11-14,226.98008728027344,224.7464317259407,-1.4109231725173532,44353919.94073594,43.63796117327808,-0.6036834849360193,29.206962736502597,3.6736314295205883,42134595602.02953,224.30918645746874,225.96957957437962,6.119414238684918,223.77757263183594
2024-11-15,223.77757263183594,224.45577399770926,1.3422261395069857,45424853.95851516,42.45850318914094,-0.488314269350433,28.994429664026303,3.64422947033726,42089170748.07102,224.1030246059215,225.82540761469673,6.111354517395422,226.7811737060547
2024-11-18,226.7811737060547,225.15339391021286,0.11401307103171554,45187507.770960614,46.21595291473631,-0.34298573052839776,28.099761798319257,3.6449562937369886,42134358255.84198,224.1453127197505,225.7614063095078,5.870470811337208,227.03973388671875
2024-11-19,227.03973388671875,225.7192959031646,0.31540513127117364,42494795.439672425,49.11849806724012,-0.19412182650937693,26.711084704497374,3.6423225226524476,42176853051.281654,224.32635406617888,225.75739579461796,5.420577912862954,227.75582885742188
2024-11-20,227.75582885742188,226.33025578944176,-0.20959110439718875,40297236.8077707,52.12258409147202,-0.047527783512887445,25.10104075397279,3.6491320878077884,42217150288.089424,224.64776257410838,225.81195388936308,5.03176469335085,227.27847290039062
2024-11-21,227.27847290039062,226.6147209227264,0.5907449532129183,40840555.76543949,53.4992034243981,0.0692310456479644,23.327724621172766,3.670719695025214,42257990843.854866,224.91123913024498,225.88840789254053,4.697094690856258,228.62110900878906
2024-11-22,228.62110900878906,227.2166373485452,1.3050866677260853,40038879.03580764,56.35859554651147,0.18127025832972987,21.967731763494346,3.6630934390112033,42298029722.89067,225.18249812847617,226.01490593596955,4.372517972421024,231.6048126220703
2024-11-25,231.6048126220703,228.53308993060273,0.9404383964558116,55073055.325065345,61.87967089435448,0.32966490279024846,21.463117136470718,3.6579252501318846,42353102778.21574,225.63017178563643,226.25473298307747,4.027137850855558,233.7829132080078
2024-11-26,233.7829132080078,230.10803691382424,-0.05530899446042348,52346998.72754574,67.22223449788946,0.5088124708892049,21.846541346649172,3.6611502727606795,42405449776.94328,226.26667872162517,226.62171430981527,3.7900616318309095,233.6536102294922
2024-11-27,233.6536102294922,231.17170890852458,1.0215883876433907,46692419.10928202,70.25433258828882,0.6640561023154029,22.71825136274315,3.625659515197349,42452142196.05257,227.00493453506922,227.05504712873997,3.924357459154976,236.04058837890625
2024-11-29,236.04058837890625,232.63237274963905,0.9522562187620265,41229113.37649741,73.83389703513708,0.8200006556548858,24.10475897876783,3.613963261650564,42493371309.42906,227.79352863743907,227.58622099739702,4.603110354126981,238.28829956054688
2024-12-02,238.28829956054688,234.32915079291138,1.2771778908692744,43301509.36354819,77.2576419585428,0.9814089715108754,26.019764227112702,3.6306915892503566,42536672818.79261,228.7808663169593,228.22840478744598,5.594313826893119,241.3316650390625
2024-12-03,241.3316650390625,236.4299050667567,0.14836324329574602,41969356.55448373,80.63591163230423,1.1613245669380958,28.299090135562487,3.659586502698195,42578642175.34709,229.90851743261365,229.00950005214224,6.715846082834513,241.68971252441406
2024-12-04,241.68971252441406,238.00784730405388,0.01234897054347428,42693719.58813861,82.7131025140804,1.3073971574581411,30.786566532910484,3.6594842479090937,42621335894.935234,231.13737257270256,229.86648550470528,7.771182051436105,241.7195587158203
2024-12-05,241.7195587158203,239.1213607275838,-0.08229736727332071,41895773.71169703,84.01612099109934,1.3919816570964145,33.34235753576401,3.6420777075921,42663231668.646935,232.4164830665168,230.74790219259847,8.637941414507708,241.5206298828125
2024-12-06,241.5206298828125,239.84114147415238,1.6101227826419207,40388221.598187916,84.81300449027923,1.4052928459741951,35.876886086734345,3.6150856376589124,42703619890.245125,233.73912512165938,231.6139249813179,9.40682325539725,245.40940856933594
2024-12-09,245.40940856933594,241.5116216027074,0.41337670708929686,41666515.11873154,86.49571710155756,1.430701976837844,38.4512724947613,3.6426327201886126,42745286405.36385,235.16862354707558,232.55656275478358,10.225788676434174,246.4238739013672
2024-12-10,246.4238739013672,242.98529729230532,-0.5166122949528007,40241000.583112076,87.78185798233802,1.4465414160060663,41.01768450218145,3.64249472578312,42785527405.94697,236.61384428324584,233.5497755678809,10.95426181214963,245.15081787109375
2024-12-11,245.15081787109375,243.63495346594186,0.5963823190593187,41730440.40817845,88.31040405399354,1.3996684672995423,43.59991913677634,3.65812576708971,42827257846.35515,237.9665359384576,234.51026870102956,11.454068187855297,246.61285400390625
2024-12-12,246.61285400390625,244.52832362733116,0.068549599616885,39044558.28572491,89.01419263536103,1.3283088960163076,46.059358482210754,3.6668086979742904,42866302404.64088,239.3021974103383,235.46436917020114,11.803894050300972,246.7819061279297
2024-12-13,246.7819061279297,245.2043983775107,1.1727746179009957,37277780.80000743,89.52802253503863,1.2284476005644915,48.40394527627262,3.6512454012832465,42903580185.44089,240.55939997312547,236.3919909994687,12.080522628947765,249.6761016845703
2024-12-16,249.6761016845703,246.5459093696286,0.9719501700597988,41602886.5600052,90.47956542443717,1.1556235765035563,50.68725923286265,3.66141897315406,42945183072.00089,241.7810758307972,237.35903084424584,12.227095913670144,252.1028289794922
2024-12-17,252.1028289794922,248.21298525258766,-2.1421743657520365,44528940.59200364,91.51176331400723,1.121706436893736,52.943771427340515,3.678584962870022,42989712012.592896,242.95938384938026,238.39274078789745,12.389400135450105,246.7023468017578
2024-12-18,246.7023468017578,247.75979371733868,0.7014646628176857,48202488.414402544,88.69647009502363,0.97608626204374,55.13614403635099,3.7391405348742612,42941509524.17849,243.93457849070876,239.28484106689183,12.269571936083118,248.43287658691406
2024-12-19,248.43287658691406,247.96171857821128,1.8815884262783245,52006431.89008178,88.86090324371871,0.8076697388401524,57.18196941845332,3.8035915808320544,42993515956.06857,244.81861427577152,240.11121035368416,11.980108338358043,253.10736083984375
2024-12-20,253.10736083984375,249.505411256701,0.30649922315670874,80653092.32305723,90.05229335345544,0.717581223365066,59.16299043028943,3.9634791745138,43074169048.39163,245.78504125402637,241.00589615397146,11.617151536725991,253.8831329345703
2024-12-23,253.8831329345703,250.8187277600618,1.1478148401131483,68714804.62614006,90.94010422067927,0.6649721924581797,61.070994503568166,4.029617205558256,43142883853.01777,246.71575186976182,241.94045154502768,11.178500147121037,256.7972412109375
2024-12-24,256.7972412109375,252.61228179532452,0.3175621041763499,55070773.238298036,91.99131209165148,0.6677444599396951,62.94054230429404,4.048829374952589,43197954626.256065,247.67845032006375,242.95681633077024,10.832179453623219,257.61273193359375
2024-12-26,257.61273193359375,254.11241683680527,-1.324220922130237,46720671.26680862,92.74911614617317,0.6848360860967526,64.77109636628111,4.038155490746547,43244675297.52287,248.72619665715007,244.01925447420214,10.585669225453474,254.2013702392578
2024-12-27,254.2013702392578,254.139102857541,-1.326342980793782,45411059.88676603,92.76223627510652,0.6144138833471171,66.50807780314716,4.0580738530966185,43290086357.40964,249.68727458017105,244.98304955832967,10.16016003625945,250.8297882080078
2024-12-30,250.8297882080078,253.14630846268102,-0.705787267006408,42454991.92073622,86.49200850034227,0.4263701243442517,67.51365410988865,4.04299063462924,43247631365.4889,250.48146558868808,245.7605027873155,9.530709360460378,249.05946350097656
2024-12-31,249.05946350097656,251.92025497416967,-2.6235910356350978,41562704.34451535,79.35793996307582,0.15860318298434084,67.66787615178046,4.0290511598158645,43206068661.14439,251.01890014914218,246.34714585273016,8.777358975221139,242.52516174316406
2025-01-02,242.52516174316406,249.101727004868,-0.20094841309014067,45816103.04116075,65.90088164228987,-0.24708540884173225,65.60105826028472,4.089653664461763,43160252558.103226,251.10777432437024,246.60948691483853,7.969993430286583,242.03781127929688
2025-01-03,242.03781127929688,246.98255228719665,0.6739044230336333,44144502.12881252,57.944734202084376,-0.6727595045121397,62.49530481906915,4.0904811415174045,43116108055.97441,251.03005018135605,246.6450169503012,7.219719601731691,243.66891479492188
2025-01-06,243.66891479492188,245.98846103951422,-1.138768994042616,44414831.490168765,54.613857042111235,-1.0153120336699066,59.080808927370676,4.091865938917037,43071693224.484245,250.83272442748634,246.58248781594054,6.546599294948412,240.8940887451172
2025-01-07,240.8940887451172,244.4601493511951,0.20229634891733017,43347182.043118134,49.867777401762375,-1.3195870046340303,55.287411898171065,4.095083150283765,43028346042.441124,250.32819823693572,246.38036034310764,5.985266932447192,241.38140869140625
2025-01-08,241.38140869140625,243.53652715325842,-2.4103853223164884,41631697.430182695,47.198303543921476,-1.5423222705935586,51.490328757630216,4.087851205782688,42986714345.01094,249.59997817625538,246.10951908693153,5.732092816973013,235.5631866455078
2025-01-10,235.5631866455078,241.14452500093324,-1.0344109021782733,47655458.20112789,41.067028151741596,-1.7924671923000233,49.10522240594106,4.148982280206846,42939058886.809814,248.45320249681626,245.63666250731265,5.9812562836925665,233.12649536132812
2025-01-13,233.12649536132812,238.73911610905168,-0.4778122103303195,48248030.74078952,36.00219192943798,-2.0434491365624585,47.78541526374436,4.205882078611877,42890810856.06902,246.91587242404088,244.9797533265259,6.668112593391588,232.01258850097656
2025-01-14,232.01258850097656,236.72115782662914,1.967593011248736,45604211.51855266,32.392840885760556,-2.2524151954309906,46.88955604811346,4.230955057958129,42845206644.55047,245.17407792094974,244.19322042177382,7.673911013766785,236.57765197753906
2025-01-15,236.57765197753906,236.6781060719021,-4.040026694438648,43872548.062986866,32.3183996823793,-2.2929245345087845,46.14212874436475,4.253660901250217,42801334096.48748,243.52725768187184,243.47749524559555,8.551378146450634,227.0198516845703
2025-01-16,227.0198516845703,233.78062975570253,0.7535300675703516,52238513.6440908,27.703951382593168,-2.4026615669095914,45.944433452858696,4.391126874239118,42749095582.84339,241.71329516002513,242.55398424655812,9.769955052513113,228.7305145263672
2025-01-17,228.7305145263672,232.26559518690192,-3.1915767244250715,57113449.55086356,25.64230432729482,-2.4563362253492,46.043217229888086,4.46802698563236,42691982133.29253,240.0296819782285,241.57413766944802,10.968579127141885,221.43040466308594
2025-01-21,221.43040466308594,229.01503802975708,0.5344942202695879,69400534.68560448,21.88010389090789,-2.5772168695776454,46.76587170260966,4.530268478762979,42622581598.60692,238.23293055248453,240.3780329418584,12.444861989361991,222.6139373779297
2025-01-22,222.6139373779297,227.09470783420883,-0.0759601588212977,67818324.27992314,20.012089950748578,-2.6431181849864895,47.77342725562296,4.566434021132702,42554763274.326996,236.343555231954,239.1129543601775,13.901009871238964,222.44483947753906
2025-01-23,222.44483947753906,225.6997473272079,-0.3934519789726365,65543266.9959462,18.759192412477862,-2.6315527992121575,48.83100259209185,4.59344651738173,42489220007.33105,234.46751502955527,237.83550607132324,15.168517231267165,221.5696258544922
2025-01-24,221.5696258544922,224.46071088539315,3.178030226598594,62289656.89716233,17.69924411951465,-2.556090511837896,49.93014602798148,4.603002240729056,42426930350.43388,232.5599334027688,236.5617160536156,16.197252109788632,228.61117553710938
2025-01-27,228.61117553710938,225.705850280908,3.654394776970249,72061779.82801363,22.44184511568457,-2.2801745964580404,50.31990138412692,4.685649087938025,42498992130.261894,231.01606593076625,235.5278240752625,16.572677896184047,236.9655303955078
2025-01-28,236.9655303955078,229.08375431528793,0.4616744880945767,73155525.87960954,33.61766304955419,-1.7517771628274899,49.126251791078914,4.850438209309564,42572147656.1415,230.05052975138986,234.91410314574108,16.125047176134167,238.05953979492188
2025-01-29,238.05953979492188,231.7764899591781,-0.7394687808264244,64854698.11572667,40.92541240386904,-1.1325618630441987,47.142395579913135,4.971637717662887,42637002354.25723,229.55606296464475,234.6152828422589,15.182432358991603,236.29916381835938
2025-01-30,236.29916381835938,233.13329211693247,-0.6692258645848992,62095778.68100867,44.25539119669964,-0.5715587899315064,44.64345971999294,5.020596302119749,42699098132.93824,229.2015815691478,234.4741408684183,14.017724572295604,234.71778869628906
2025-01-31,234.71778869628906,233.60864109073944,-3.385588720663435,73754985.07670607,45.416264284504855,-0.13140030571143324,41.60074835318574,5.239478032685571,42772853118.014946,229.1843827026515,234.39171231816317,12.719414640160666,226.77120971679688
2025-02-03,226.77120971679688,231.55741167855666,2.1007923869700296,73547479.55369425,41.40887392242213,0.04900045409946596,39.00837712316064,5.400833875770359,42699305638.46125,229.113564351817,234.12177892391495,11.655844946102107,231.5352020263672
2025-02-04,231.5352020263672,231.5507487828998,-0.14175665292441852,65003425.68758597,41.39609650473232,0.1875009753245278,36.874173443410456,5.5288403975731395,42634302212.77367,229.36713542713127,233.87691891048493,10.668035763745538,231.2069854736328
2025-02-05,231.2069854736328,231.4476197901197,0.3226291630338496,57388487.98131018,41.1842684514177,0.28589521895628645,34.949164103830306,5.587855068864473,42576913724.79236,229.80242662272235,233.64555708949774,9.58637006948799,231.9529266357422
2025-02-06,231.9529266357422,231.59921184380642,-2.396885733274734,49149531.586917125,41.65686893379152,0.3695977250163667,33.16165543136302,5.578689361784812,42626063256.37927,230.39237307438216,233.45066706609856,8.50312265920023,226.39328002929688
2025-02-07,226.39328002929688,230.03743229945354,0.11873766168293276,46316832.11084198,38.24708416806574,0.3295181502975688,31.6915900289373,5.597616997855446,42579746424.26843,230.9500452157882,233.12559708832285,7.338038557536503,226.66209411621094
2025-02-10,226.66209411621094,229.02483084448073,2.183172846903836,42356462.47758938,36.17930542083462,0.24825162710404403,30.468083223215984,5.562613869696925,42537389961.79084,231.2819432721455,232.73504792224264,6.398849844689961,231.6105194091797
2025-02-11,231.6105194091797,229.8005374138904,1.827025237193891,45765043.734312564,38.904266026171875,0.2589898725908064,29.076682400906137,5.572805628715951,42583155005.525154,231.35362158200573,232.455570730971,5.667240059176677,235.84210205078125
2025-02-12,235.84210205078125,231.61300680495765,1.967327176214928,45608520.6140188,44.83144702363872,0.3924054989886403,27.37877801071443,5.594584737993391,42628763526.139175,231.3372732665837,232.37532654754116,5.163294208232581,240.4818878173828
2025-02-13,240.4818878173828,234.27367110868516,1.2710545112279759,48010194.42981316,52.16752943219,0.6489545097713769,25.940754984324194,5.6339283935025515,42676773720.568985,231.45131116575897,232.5561212676501,4.795494467631476,243.53854370117188
2025-02-14,243.53854370117188,237.05313288643117,-0.0531435586585971,45875996.10086921,58.39202914650036,0.9753346959856501,25.442467364491737,5.6364889659783195,42722649716.66985,231.79576034532812,232.9844080884864,5.282098854699166,243.40911865234375
2025-02-18,243.40911865234375,238.95992861620493,0.1636152321393025,46759947.27060844,62.041415128257434,1.2704598278900667,25.454294777565547,5.588942781771405,42769409663.94046,232.53601203909295,233.55350528160244,6.1466617011014195,243.807373046875
2025-02-19,243.807373046875,240.41416194540594,0.39204764503546485,42393223.08942591,64.59210675632768,1.4987468401068684,25.835856606317073,5.4993459348145235,42811802887.029884,233.42235335534357,234.20690115434564,7.062205568239147,244.76321411132812
2025-02-20,244.76321411132812,241.7188775951826,-0.11389704828973501,39370326.16259813,66.7508218102796,1.6602160151520198,26.491035741249867,5.376622117685757,42851173213.19248,234.44947913584988,234.9223274820444,7.813662077945908,244.48443603515625
2025-02-21,244.48443603515625,242.54854512717466,0.6312360618159429,43518448.31381869,68.0833766118567,1.7372401541598177,27.429657070411697,5.255995474473862,42894691661.5063,235.54441246418668,235.64863392443777,8.273173650503958,246.0277099609375
2025-02-24,246.0277099609375,243.5922945773035,-0.0242810694735085,45860833.81967308,69.72712262694144,1.7670007340706864,28.531295240277093,5.1601025913918255,42940552495.32597,236.89989869197166,236.4051730342345,8.433874852429188,245.9679718017578
2025-02-25,245.9679718017578,244.3049977446398,-2.70401718834844,46506573.67377116,70.83177318165497,1.7404233795271993,29.781326433708188,5.096269940527762,42987059068.99975,238.4279153819876,237.15753729236835,8.595853576443828,239.31695556640625
2025-02-26,239.31695556640625,242.80858509116973,-1.273084535990976,45884681.571639806,65.43299620708468,1.534980340237131,30.27653952422756,5.070929879698952,42941174387.42811,239.7287201497155,237.69573232082564,8.741850959460896,236.27024841308594
2025-02-27,236.27024841308594,240.84708408774458,1.9131880631665599,44465357.10014786,59.07668388403982,1.1950180358972182,29.988881296727044,5.061510538922534,42896709030.32796,240.6521278779942,237.9958610605322,8.805891020622825,240.79054260253906
2025-02-28,240.79054260253906,240.83012164218292,-1.5754304582841772,48175769.9701035,59.02328693688188,0.9099352681850159,28.395892888014707,5.2017127285048455,42848533260.35786,241.30777293134398,238.26579063973705,8.890596053965666,236.99705505371094
2025-03-03,236.99705505371094,239.68020166564133,-0.8822393793806338,47878238.97907245,55.36956679390793,0.5998178112291663,26.765191584751104,5.351093125457073,42800655021.378784,241.570479809265,238.40049645172795,8.890229330144747,234.9061737060547
2025-03-04,234.9061737060547,238.24799327776532,-0.08053362915595441,49654197.28535071,51.124683104937,0.27088387253979307,24.974726438834495,5.449024416111314,42751000824.09344,241.49928627542107,238.38597233992198,8.666129825767921,234.7169952392578
2025-03-05,234.7169952392578,237.18869386621304,-0.17391939743134355,48926218.0997455,48.18242655142815,-0.02941983121479974,23.843570338141625,5.552772245924589,42702074605.99369,241.17673946750176,238.27194581861636,8.393798836026578,234.30877685546875
2025-03-06,234.30877685546875,236.32471876298973,1.5892641540643737,47799472.66982184,45.86402196798992,-0.28350404720218103,22.900063435193996,5.601934578924307,42654275133.32387,240.63732358428248,238.0864956228424,8.088402205648798,238.03256225585938
2025-03-07,238.03256225585938,236.8370718108506,-4.847957993043717,47341710.86887529,47.477989091372564,-0.4068190589018361,21.858877449394903,5.65549151033328,42701616844.19274,240.06617625265005,237.96750287884316,7.756051780055276,226.4928436279297
2025-03-10,226.4928436279297,233.73380335597432,-2.9189402587743385,54760557.608212695,39.74830095477832,-0.6715193847200378,21.888119639991462,5.824971607129246,42646856286.584526,239.08032713051713,237.5642934004747,7.333840014093743,219.88165283203125
2025-03-11,219.88165283203125,229.5781581987914,-1.7478704614326435,61173610.32574888,32.19041936021304,-1.0765909519482497,22.940185749057253,5.990098551100607,42585682676.25877,237.60764317593228,236.80370909555248,7.239665061520296,216.0384063720703
2025-03-12,216.0384063720703,225.51623265077507,-3.3643674417530467,61585777.228024215,26.821954433983905,-1.5399752378839155,24.59453963199267,6.115643160113207,42524096899.03075,235.8784079318928,235.728711338907,8.05820930308498,208.77008056640625
2025-03-13,208.77008056640625,220.49238702546438,1.8170574441256804,61520534.059616946,21.94684294853432,-2.0734950132655117,26.769495219304872,6.2466261918749435,42462576364.97113,233.8429382256648,234.27763283286487,10.075063721588739,212.5635528564453
2025-03-14,212.5635528564453,218.11373677475865,0.23888478320872597,61096653.84173186,20.085384805985054,-2.4494702627477043,29.11057146669638,6.291551639491055,42401479711.1294,231.57129973892236,232.73821416066426,12.306835392852664,213.0713348388672
2025-03-17,213.0713348388672,216.6010161939912,-0.6121523995937239,57189677.6892123,18.982698506325125,-2.6461459649217733,31.47590286479556,6.2984342167381495,42344290033.44019,229.26338119175736,231.20133816383827,14.370616728402084,211.7670135498047
2025-03-18,211.7670135498047,215.15081540073524,1.1989454375851194,52762494.382448606,17.96448090360557,-2.710109150457698,33.756694226534584,6.246369767375524,42291527539.05775,226.95366340405437,229.67271694830464,16.20328011238077,214.3059844970703
2025-03-19,214.3059844970703,214.89736612963574,-0.529649605187188,53249366.06771402,17.78493212534003,-2.6049868724867116,35.87457191957797,6.186034119706827,42238278172.990036,224.72453063039666,228.26554067985998,17.60866866190138,213.17091369628906
2025-03-20,213.17091369628906,214.37943039963173,1.9476937223347424,51933426.247399814,17.402159875411552,-2.410337401138559,37.88511691275327,6.127186737709762,42186344746.74264,222.53000179406087,226.9430539865049,18.658503536380053,217.3228302001953
2025-03-21,217.3228302001953,215.2624503398008,1.1270377348197247,64591738.37317987,20.541983651675334,-2.0748785018617895,39.816350795719735,6.119639028430613,42250936485.115814,220.3725396469559,225.83061554396167,19.202075148967772,219.7721405029297
2025-03-24,219.7721405029297,216.61535738873945,1.3681884181385495,58504066.8612259,25.23159478706327,-1.6340321255606902,41.13740658816111,6.045740621714604,42309440551.97704,218.6606950502324,224.95297191013097,19.195657440681515,222.77903747558594
2025-03-25,222.77903747558594,218.4644614147934,-0.9921817374971442,51300926.80285813,31.207684510064134,-1.1148503942475,41.62912602922467,5.954298021293759,42360741478.7799,217.54932537183257,224.33501852962263,18.63977654789945,220.56866455078125
2025-03-26,220.56866455078125,219.09572235558971,1.0472641379690062,46250478.76200069,33.17146609356578,-0.6489648753214192,41.460122493371266,5.8647682959587275,42406991957.5419,216.90727434231403,223.8360379416195,17.936778154397512,222.87860107421875
2025-03-27,222.87860107421875,220.2305859711784,-2.6580295499861295,43503775.13340048,36.67149727114954,-0.2072890101212641,40.88262166703013,5.775829109604063,42450495732.6753,216.88109423688545,223.49266156348227,17.15816214229533,216.9544219970703
2025-03-28,216.9544219970703,219.24773677894598,1.9412553869742055,42398222.59338033,34.96362896879749,0.061384304006327994,40.22179423070654,5.725608119327996,42408097510.08192,216.99449423730417,223.08838301257404,16.168869960220096,221.1660614013672
2025-03-31,221.1660614013672,219.82323416567232,0.4772000986040137,49268545.81536623,36.819093856989475,0.3068488024916096,39.24465530645685,5.771487145726846,42457366055.897285,217.3167160344723,222.77741645572627,15.024988002310847,222.22146606445312
2025-04-01,222.22146606445312,220.54270373530653,0.3136332693514765,45411792.07075636,39.156138284198775,0.5333874082181937,38.33731201965355,5.780062333605457,42502777847.96804,217.8559048679294,222.56458667282914,13.785874688152676,222.91842651367188
2025-04-02,222.91842651367188,221.2554205688161,-9.245610055374765,42560024.449529454,41.46596218966855,0.7345414613292789,37.27592320853341,5.751134830769552,42545337872.41757,218.4917103118474,222.43990418673266,12.40817464271803,202.30825805664062
2025-04-03,202.30825805664062,215.57127181516344,-7.2887347367427076,60817717.11467062,31.27009086021234,0.4993329546849683,37.69715366130813,5.887492544811421,42484520155.3029,218.6108944534006,221.7857487227737,11.056814684074473,187.5625457763672
2025-04-04,187.5625457763672,207.16865400352455,-3.6734328286812556,80345671.98026943,22.473168402575435,-0.17167355733422873,39.273974949085435,6.170712969808748,42404174483.32263,217.80151481977296,220.39364446379759,10.119928106104586,180.6725616455078
2025-04-07,180.6725616455078,199.21982629611952,-4.9818180006227735,104381860.3861886,17.46711071110868,-1.0513034430873844,41.51817344537263,6.533757311074295,42299792622.93644,216.06196171051099,218.37709035259016,11.15657814048876,171.67178344726562
2025-04-08,171.67178344726562,190.95541344146335,15.32884850891707,109325152.27033201,13.98021474032517,-2.0333265392893907,44.028076808091484,7.082512539602953,42190467470.66611,213.311056913178,215.76550207533998,14.433284110786134,197.98709106445312
2025-04-09,197.98709106445312,193.06491672836026,-4.239376069051914,131846376.5892324,18.454960355958928,-2.3613749874185483,46.55286801971299,7.9028639098844415,42322313847.25534,210.70797635045506,213.60354156610381,16.49282575522089,189.5936737060547
2025-04-10,189.5936737060547,192.02354382166857,4.059440117354951,128856463.61246267,17.958315050229828,-2.458027460404791,48.90105729360295,8.519173762054816,42193457383.642876,207.88727213550408,211.54830368568142,18.56671239245881,197.2901153564453
2025-04-11,197.2901153564453,193.60351528210157,2.205396065850418,116430294.52872387,21.413785921760006,-2.2316883213502683,51.08151876221506,9.026078493797364,42309887678.1716,205.3228499858196,209.83927621867383,20.018503876357922,201.64114379882812
2025-04-14,201.64114379882812,196.0148038371195,-0.18762362129480792,111907076.1701067,26.501643206384134,-1.7566301849563324,51.758200490239425,9.414579146976438,42421794754.341705,202.94200695296433,208.52265980138296,20.90507859614188,201.2628173828125
2025-04-15,201.2628173828125,197.5892079008274,-3.8933400859441525,93738123.31907468,29.701893046409076,-1.1999874296232145,52.38654780911919,9.544863406716441,42515532877.66078,200.64665736951645,207.4813786679967,21.494300798220205,193.42697143554688
2025-04-16,193.42697143554688,196.34053696124323,1.394958990819961,83536406.32335228,28.636895338834353,-0.7988161861463654,52.970352582383875,9.603515427497548,42431996471.33743,198.15516900875917,206.42034612449635,22.08633084844768,196.1251983642578
2025-04-17,196.1251983642578,196.27593538214757,-1.9392743989249062,74124894.4263466,28.57979962128147,-0.43873632974785703,53.51245701470108,9.530349703175524,42357871576.91109,196.22563536545758,205.45421176808216,22.565354887380863,192.32179260253906
2025-04-21,192.32179260253906,195.08969254826502,3.4064976668916502,65910176.098442614,27.495727995876365,-0.1938682954530595,54.108423957857035,9.364070320723105,42291961400.812645,195.0177392199316,204.46711469952814,22.96409251060515,198.87322998046875
2025-04-22,198.87322998046875,196.22475377792614,2.433156893742483,62030043.26890983,30.223078615648554,0.11453288119475857,54.36720620959528,9.175758539196126,42353991444.08156,194.71823196811226,203.68212794508986,22.990756269224544,203.71212768554688
2025-04-23,203.71212768554688,198.47096595021236,1.842623163005852,59299790.28823688,35.401705249581084,0.5172385150425365,53.63898889457892,8.968160989968863,42413291234.3698,195.4697872189872,203.18582680272058,22.50252538975147,207.4657745361328
2025-04-24,207.4657745361328,201.16940852598847,0.43672342475187254,55703153.20176581,41.06088507036454,0.9856232575721728,52.25018506004162,8.767261977249992,42468994387.57156,196.28023639875002,202.99378696684136,21.632329567344193,208.371826171875
2025-04-25,208.371826171875,203.3301338197544,0.4109372565147096,50458897.24123607,45.20067858198692,1.4340585953279756,50.394500328704886,8.524879213436467,42519453284.8128,197.41089539855855,203.02582000045211,20.359881938678246,209.2281036376953
2025-04-28,209.2281036376953,205.09952476513666,0.5091827412437189,46944158.06886525,48.39705893250838,1.8182397577418277,48.12130019320924,8.271225718515455,42566397442.88166,198.56049634686207,203.22331569232685,19.042061294299575,210.29345703125
2025-04-29,210.29345703125,206.65770444497065,0.6107623740076784,43909190.64820567,51.10197036984653,2.1243850907593753,45.57114806084045,8.012039189476674,42610306633.52987,199.6247864076472,203.5504003354358,17.450469680027314,211.57785034179688
2025-04-30,211.57785034179688,208.1337482140185,0.3858872869008989,46422383.453743964,53.58403107509842,2.355486808195929,42.78268359178129,7.819952898586456,42656729016.98361,200.6792404389663,203.98690965720556,15.50819187764366,212.39430236816406
2025-05-01,212.39430236816406,209.41191446026218,-3.736168747193236,49705378.41762078,55.68188438781108,2.509441195187965,39.82050841789068,7.648812183011877,42706434395.40123,201.9863781888682,204.5035767813062,13.079609850109513,204.45889282226562
2025-05-02,204.45889282226562,207.92600796886322,-3.1458530512295413,65096944.89233454,52.69989387962428,2.4248543978558166,37.41161511297468,7.47716763891789,42641337450.508896,203.15138544753975,204.82952260869257,11.632791110613978,198.02691650390625
2025-05-05,198.02691650390625,204.9562805293761,-0.19107109228524433,66273411.42463418,47.25319567403411,2.0949680670881374,35.71465690889353,7.331587937058166,42575064039.08426,204.13804424565086,204.84159479161482,11.391146158134463,197.64854431152344
2025-05-06,197.64854431152344,202.7639596640203,-1.1384692229926552,61756337.997243926,43.665357849189945,1.673463342979089,34.57394204115088,7.1576411669986,42513307701.08701,204.79196483426028,204.64372477946296,11.463492297117972,195.39837646484375
2025-05-07,195.39837646484375,200.55428470426733,0.6318549937574414,63790446.59807075,40.34065012205873,1.2117082997806383,34.04253164757138,7.023840650911475,42449517254.488945,205.00029670966578,204.25425429611101,10.702341486427237,196.6330108642578
2025-05-08,196.6330108642578,199.37790255226446,0.5265959267114484,59796982.61864952,38.653290561949504,0.8121117034453613,33.804085886437626,6.901431095277666,42389720271.87029,204.82114611229338,203.7898398443161,10.183509951291636,197.66847229003906
2025-05-09,197.66847229003906,198.86507347359685,6.314626203094997,52794057.83305466,37.908876520183185,0.512917771390466,33.58409885982719,6.7382627892168845,42336926214.03724,204.37464007767764,203.32081447567617,9.435932948476438,210.15049743652344
2025-05-12,210.15049743652344,202.25070066247483,1.015224408951143,56088580.48313826,45.38673740620388,0.5399598526330154,32.3386624087366,6.688165640074527,42393014794.52038,204.08975766741148,203.2188988744189,8.82007002508537,212.28399658203125
2025-05-13,212.28399658203125,205.26068943834173,-0.2817877547288572,54834796.338196784,51.03300832828618,0.7448597124995766,30.3454324677187,6.581916724986702,42447849590.858574,203.95005616674857,203.41335511860203,8.60816290400019,211.68580627441406
2025-05-14,211.68580627441406,207.18822448916342,-0.41444410061211023,53182097.436737746,54.291962526841296,0.9797188392171741,28.432498781524167,6.4103581153016025,42501031688.29531,203.85550379426306,203.77286648722693,8.666350013013469,210.80848693847656
2025-05-15,210.80848693847656,208.27430322395736,-0.0898553042967154,50736318.205716416,56.066221848572546,1.165111396775879,26.954563431380958,6.234766204272703,42551768006.50103,203.74174267063256,204.20157474786794,8.57123347399676,210.6190643310547
2025-05-16,210.6190643310547,208.97773155608655,-1.1739075721298287,51936792.744001485,57.22437012102158,1.2827053035905989,25.75884866768054,6.047029394550029,42603704799.24503,203.8469150293549,204.65644682484114,8.38365467241163,208.14659118652344
2025-05-19,208.14659118652344,208.7283894452176,-0.9196255872420789,50197904.920801036,56.654260142984114,1.28791273400902,24.314249895352972,5.90727843593357,42553506894.324234,204.22412592093906,205.0442508839246,7.727163269104188,206.232421875
2025-05-20,206.232421875,207.97959917415233,-2.30590497769696,47887513.44456072,54.88583318377195,1.1875964877821679,22.81697234326727,5.763570112950143,42505619380.87968,204.74568987195227,205.32380786394629,6.980237701747808,201.47689819335938
2025-05-21,201.47689819335938,206.02878887991443,-0.3612241451258269,51284799.41119251,50.46612081598021,0.9469819063966456,21.495005470796805,5.682297198567676,42454334581.46848,205.29314028951694,205.3909489130861,6.38464301311253,200.74911499023438
2025-05-22,200.74911499023438,204.4448867130104,-3.024438341070823,49922079.58783475,47.14655197487306,0.6523013167198555,20.7200839392855,5.573063501073148,42404412501.880646,205.79983870559155,205.30084775117413,6.139062210621688,194.67758178710938
2025-05-23,194.67758178710938,201.51469523524008,2.529833309688767,58475325.71148433,41.68391222688396,0.25177707863618815,20.800526485918866,5.480847631394559,42345937176.16916,206.06480088175587,204.94026179727564,6.2993690984268484,199.60260009765625
2025-05-27,199.60260009765625,200.9410666939649,0.10488369682313259,57819277.99803903,40.68997382858089,-0.04427527498644945,21.0823115761087,5.369243104646328,42288117898.17112,205.93383748490487,204.55938607315082,6.5635208425939915,199.81195068359375
2025-05-28,199.81195068359375,200.60233189085352,-0.23451157536734657,54075404.59862732,40.08218028138855,-0.24423583988278985,21.343969159856407,5.242287849254443,42234042493.572495,205.46800173015606,204.18252377007488,6.786162309860982,199.34336853027344
2025-05-29,199.34336853027344,200.2246428826795,0.4501243745582917,53271823.21903912,39.37592988212814,-0.3754149734618175,21.67025688058486,5.1610036875890755,42180770670.353455,204.77164356950766,203.80558273318007,6.872933098144294,200.24066162109375
2025-05-30,200.24066162109375,200.22944850420376,0.4231968185255619,58536246.253327385,39.39056335875679,-0.43134105111011145,22.17951855453852,5.108576216370468,42239306916.60678,203.96715809753232,203.46499852089661,6.696700830811686,201.08807373046875
2025-06-02,201.08807373046875,200.48703607208324,0.7783885702387527,51602362.37732916,40.22346398830314,-0.42005316701274875,22.652404394638353,5.0081005075624,42290909278.98411,203.11808854913198,203.18138304958106,6.592664773231611,202.6533203125
2025-06-03,202.6533203125,201.13692134420828,-0.22138246505105652,50036133.66413041,42.375056076430354,-0.3412356942391135,22.907785697881387,4.895689090787827,42340945412.64824,202.35894173903105,202.98667241097414,6.636888508995901,202.20468139648438
2025-06-04,202.20468139648438,201.45724935989108,-1.0797795842732771,48106493.564891286,43.45540295001473,-0.24447755473949817,22.60617038458866,4.8064283191456525,42389051906.21313,201.70670675760493,202.84101307277575,6.682655888986369,200.0213165283203
2025-06-05,200.0213165283203,201.02646951041984,1.6398398699723593,50212375.4954239,42.30670190996233,-0.1889235098915445,22.197343061620188,4.743985484386169,42338839530.717705,201.20647482065547,202.6681994001704,6.648299636265012,203.3013458251953
2025-06-06,203.3013458251953,201.70893240485248,-1.2112681320761376,49130972.84679673,44.796357730560594,-0.09063248207265207,21.56291790962662,4.6799549649088945,42387970503.5645,200.93287938983966,202.57684063871156,6.454151200743782,200.8388214111328
2025-06-09,200.8388214111328,201.44789910673657,0.6056142857262303,56250460.99275771,44.01399830538845,-0.03071247244662545,20.741029122683,4.666193143590741,42331720042.57174,200.92619977698934,202.4693223975711,6.191567464197529,202.0551300048828
2025-06-10,202.0551300048828,201.63006837618045,-1.9193793028711492,55777102.69493039,44.73934153170411,0.030370372825403447,19.97801385072432,4.638258080499071,42387497145.26667,200.99509994521088,202.38939344315295,6.222258998296941,198.1769256591797
2025-06-11,198.1769256591797,200.5941255610802,0.21129184846335747,57340941.88645127,41.4505260885678,0.011173709542061872,19.596210135285162,4.6512089664335905,42330156203.38022,200.99427931223354,202.21841554962222,6.290105587621502,198.5956573486328
2025-06-12,198.5956573486328,199.99458509734598,-1.3805280225029803,53310039.320515886,39.63462548015485,-0.02950956221649359,19.613565679123322,4.609672394412374,42276846164.0597,200.9712735337002,202.00662217321496,6.1802429011155775,195.85398864746094
2025-06-13,195.85398864746094,198.75240616238045,1.002805736938539,52751217.52436112,36.10536205420224,-0.12247196722291043,20.095323688883735,4.583966317767147,42224094946.53534,200.82356929951786,201.69669683884976,5.924751124879649,197.81802368164062
2025-06-16,197.81802368164062,198.4720914181585,-1.4010657964138473,49832062.26705278,35.34059419277449,-0.18166561330047237,20.742541787694265,4.5146724800558635,42174262884.26829,200.62207483412539,201.38959156068867,5.358936305317979,195.0464630126953
2025-06-17,195.0464630126953,197.44440289651953,0.4804669485349855,46539303.58693694,32.613178705454715,-0.26387222254419807,21.648393886568158,4.441031204023359,42127723580.68135,200.2528229893565,201.0138593069583,4.71207268919659,195.9835968017578
2025-06-18,195.9835968017578,197.006161068091,2.2484617502937843,46195922.51085585,31.496876092227417,-0.31797497589200585,22.712272303729254,4.351570848801729,42081527658.170494,199.8077141601765,200.6321737603995,3.99488598942597,200.3902130126953
2025-06-20,200.3902130126953,198.02137665147228,0.24874411519943962,61381195.7575991,36.886291307919485,-0.2581456353254161,23.160174623328846,4.303887878388145,42142908853.92809,199.50720487428174,200.38352641669215,3.36712888179459,200.888671875
2025-06-23,200.888671875,198.8815652185306,-0.595536495551996,59711127.03031937,41.1136216442816,-0.13934731431043867,23.067768375706542,4.2522391288943675,42202619980.95841,199.22446815564956,200.24048249305773,2.855694131079496,199.6923065185547
2025-06-24,199.6923065185547,199.12478760853782,0.629057689537782,58016988.92122356,42.29064020352862,-0.02887172241948721,22.383733627640805,4.196976720957761,42260636969.87964,198.99215700582968,200.13422583738915,2.806608795554958,200.948486328125
2025-06-25,200.948486328125,199.67189722441395,-0.2778191195320079,52469602.24485649,44.955871740388375,0.09005520832989289,21.30181205753041,4.1364781486018245,42313106572.1245,198.79633989065303,200.09019454091532,2.7729824069612627,200.3902130126953
2025-06-26,200.3902130126953,199.88739196089836,0.039801190502575245,51968451.57139954,46.01347089775219,0.18667678739278104,20.207464397460484,4.076657959295737,42365075023.69589,198.72566653063484,200.07088000948514,2.754465030135759,200.469970703125
2025-06-27,200.469970703125,200.06216558356633,2.034000608920694,58334496.09997968,46.904499654436144,0.26122854079984315,18.994959690979588,4.019417906134082,42423409519.795876,198.73242457925687,200.07005006415952,2.751178342696343,204.5475311279297
2025-06-30,204.5475311279297,201.40777524687533,1.2916230362977066,68407987.26998577,53.295811867678516,0.3921638570865369,18.390023849915917,4.070295878222114,42491817507.065865,198.9979614877064,200.1974524625134,2.8296106644565646,207.18951416015625
2025-07-01,207.18951416015625,203.1422969208596,2.223072103194701,71522261.08899003,59.98271791378488,0.575501087809954,18.824175801766554,4.102931713797958,42563339768.154854,199.4649820379765,200.47791383949877,3.1538644073132063,211.7954864501953
2025-07-02,211.7954864501953,205.73825377966028,0.5225057886292905,70448122.76229301,67.4858728865205,0.8357350803579493,20.139585071825564,4.165725862192259,42633787890.917145,200.29436712629055,200.97889859570463,3.9928307942948256,212.90213012695312
2025-07-03,212.90213012695312,207.8874166838481,-1.6857962234552382,59800425.933605105,72.14271637676818,1.1001064218828789,21.97764427574767,4.178444521164915,42693588316.850746,201.38249268786626,201.63685269933734,5.169857972333421,209.3130340576172
2025-07-07,209.3130340576172,208.3151018959788,0.028576554438819457,56928998.15352357,72.97231490857895,1.2408441413316451,24.15789234051106,4.247314580635164,42750517315.00427,202.4118652123169,202.2728764323508,6.154157901164367,209.3728485107422
2025-07-08,209.3728485107422,208.6324258804078,0.5380768910944633,52704968.7074665,73.60050089473013,1.2868418673097914,26.182408400648495,4.264923286724482,42803222283.71174,203.38695127850463,202.87854780835625,6.984403838720319,210.4994354248047
2025-07-09,210.4994354248047,209.19252874372683,0.6014951043801897,51518298.09522655,74.71749054557583,1.2836077319539316,28.046319969725445,4.273049174045974,42854740581.80697,204.39372539202355,203.4798793260106,7.761020553575144,211.7655792236328
2025-07-10,211.7655792236328,209.9644438876986,-0.5884883770447158,49395888.66665858,76.21134990596182,1.2602773216639176,29.92584770054764,4.260694167394865,42904136470.473625,205.42298005835204,204.0974569033142,8.526647892487354,210.5193634033203
2025-07-11,210.5193634033203,210.1309197423851,-1.2028763324753222,46506862.06666101,76.5333873085654,1.184063826264239,31.67112345059682,4.210005772465917,42950643332.54028,206.4473328365007,204.67207241179713,9.141628145978547,207.98707580566406
2025-07-14,207.98707580566406,209.48776656136874,0.23487523440752778,44206833.4466627,72.45264995529097,1.0243321204100564,32.971981468337255,4.159058414408758,42906436499.09362,207.38989293428094,205.1307099498516,9.499576872175197,208.4755859375
2025-07-15,208.4755859375,209.1841123742081,0.5021278439565569,43633673.41266389,70.54026923593109,0.8399575907774461,34.189642121234996,4.100462834663628,42862802825.680954,208.1675266470142,205.5167482759808,9.611602362777083,209.52239990234375
2025-07-16,209.52239990234375,209.28559863264877,-0.06660714311723659,44790721.388864726,70.8175087296053,0.6737433176201317,35.3828626171825,4.055079957947273,42907593547.06982,208.78185681819312,205.87568640518725,9.59172176676169,209.38284301757812
2025-07-17,209.38284301757812,209.31477194812754,0.552320145423657,45773934.97220531,70.90227996552566,0.5214743278651175,36.49085307770517,3.986043804279924,42953367482.04202,209.13950863503982,206.20321836165775,9.31410876363246,210.539306640625
2025-07-18,210.539306640625,209.68213235587675,0.6155862513610666,46734134.48054372,72.00507964279339,0.4063219283225603,37.51970136247622,3.9005407158306635,43000101616.52257,209.31898020224267,206.53454350396433,8.836922999971314,211.83535766601562
2025-07-21,211.83535766601562,210.3280999489184,0.9036190140318423,48127114.1363806,73.8797224203922,0.3373239373447334,38.92614735708612,3.8631614723040704,43048228730.65895,209.52028000753666,206.89583459395993,8.410627958657107,213.74954223632812
2025-07-22,213.74954223632812,211.3545326351413,-0.11660952193308649,47610209.89546642,76.5651080925259,0.3243831881208039,40.42505361585568,3.8228252027958387,43095838940.55442,209.79249068301004,207.32047250264387,8.055358277212612,213.5002899169922
2025-07-23,213.5002899169922,211.99825981969656,-0.18211179209767225,47423936.92682649,78.08668209210525,0.3220937015285461,41.96559370454871,3.7611858042802817,43143262877.48125,210.07306379060702,207.7659760566489,7.616515761174237,213.11148071289062
2025-07-24,213.11148071289062,212.33222608765476,0.056141585914959435,47003535.848778546,78.85377575368813,0.30609790393706504,43.54727088283476,3.686809149341509,43190266413.330025,210.30984201060264,208.20085701198278,7.099443705101989,213.2311248779297
2025-07-25,213.2311248779297,212.60189572473723,0.07948153451529105,44983115.094144985,79.4784652768864,0.2775488624740374,45.07893677085808,3.598890090359983,43235249528.42417,210.55693960883784,208.62000355605463,6.404587515545493,213.40060424804688
2025-07-28,213.40060424804688,212.8415082817301,-1.2987666728969671,42845580.56590149,80.04261860222407,0.24007751624518736,46.509227748208026,3.502980954619747,43278095108.990074,210.892313780874,209.02205162516657,5.448904708611004,210.6290283203125
2025-07-29,210.6290283203125,212.17776429330482,-1.0507843356575286,45415416.39613104,73.97590732883211,0.1407808625854905,47.042709671587275,3.4510759295262043,43232679692.59394,211.19167897278365,209.3225956887988,4.390765538184045,208.415771484375
2025-07-30,208.415771484375,211.04916645062588,-0.7079644851470834,45444541.477291726,64.96014740598403,-0.022048156409855135,45.84567093613446,3.443457425488669,43187235151.116646,211.36803575458134,209.487030999449,3.351506107236792,206.9402618408203
2025-07-31,206.9402618408203,209.8164950676842,-2.500361855671096,56020699.034104206,56.815510423561626,-0.2227537429296289,43.60869743641101,3.422145438941967,43131214452.08254,211.41820806653703,209.5184085297571,2.769441474632316,201.76600646972656
2025-08-01,201.76600646972656,207.4013484882969,0.47930350118132736,70544839.32387294,44.92947678535647,-0.5116334134079601,41.33223797930751,3.5938181418033115,43060669612.75867,211.19012967977903,209.31678376390374,2.851825798244806,202.7330780029297
2025-08-04,202.7330780029297,206.00086734268672,-0.21146570738387327,71914177.52671105,39.73796207371563,-0.7747156482359714,40.122600712531245,3.7612524143466404,42988755435.23196,210.75740641915587,209.00098219997832,3.2695412134543433,202.3043670654297
2025-08-05,202.3043670654297,204.8919172595096,5.0906762062084,63586454.26869773,36.17365931473636,-0.9874667796993459,39.46660759198536,3.857629125673402,42925168980.96326,210.1111448815927,208.60964268183844,3.894428805668305,212.60302734375
2025-08-06,212.60302734375,207.2052502847817,3.179366736256095,77055447.9880884,46.87788376658579,-0.9368658353445991,37.584660966420586,4.047396404162551,43002224428.95135,209.6318439281012,208.4758910249759,4.051015118415687,219.36245727539062
2025-08-07,219.36245727539062,210.85241238196437,4.235789890163821,81006253.59166187,58.651642137847,-0.6365963349131285,35.539281649613024,4.258700539874493,43083230682.54301,209.48386255753218,208.70222639230815,4.071352920268165,228.65419006347656
2025-08-08,228.65419006347656,216.192945686418,-0.8337359003931955,90860577.51416332,69.36036325058329,-0.08606211755928217,35.403069744278234,4.554166274903002,43174091260.05717,209.84296755370022,209.4156282298424,4.833522668548114,226.74781799316406
2025-08-11,226.74781799316406,219.3594073784418,1.0872370357086103,82144234.25991431,73.70820624437441,0.4539252442368118,35.997407041002965,4.712413027052072,43256235494.31708,210.4947574633714,210.36265481542333,6.115819120498625,229.21310424804688
2025-08-12,229.21310424804688,222.31551643932332,1.6024473911425474,74188823.98194002,76.99083650270767,0.9445362105550414,37.025272021899426,4.794221616673688,43330424318.29902,211.50853267797328,211.50102258912807,7.707761776252888,232.88612365722656
2025-08-13,232.88612365722656,225.48669860469428,-0.2357161460252888,72895726.78735802,79.89132196608142,1.3900530452115376,38.44884747698346,4.851758789372476,43403320045.08638,212.9522858933801,212.8329917334677,9.559552351795924,232.33717346191406
2025-08-14,232.33717346191406,227.54184106186023,-0.5112222817020617,66601898.75115061,81.51738956931538,1.7095597641323308,40.05402091226021,4.870275129434966,43469921943.83753,214.7248204927977,214.23383452664794,11.311171025592465,231.1494140625
2025-08-15,231.1494140625,228.62411296205215,-0.30225879499951036,63432939.12580542,82.32783534098228,1.8673539549120912,41.69728137493031,4.883804907160684,43533354882.96334,216.8470969401732,215.6043372347817,12.803110491955346,230.45074462890625
2025-08-18,230.45074462890625,229.17210246210837,-0.14292032878627792,55645917.388063796,82.7405112494446,1.8771653017364094,43.28749097214912,4.85244618267544,43589000800.3514,219.16422045211536,216.89650535166996,14.028876840670447,230.1213836669922
2025-08-19,230.1213836669922,229.4568868235735,-1.9734590701623533,50772922.17164466,82.96316846760104,1.7726339653766994,44.80139544007177,4.803510358138526,43639773722.52305,221.62071740852176,218.09273215851792,15.03971605109799,225.5800323486328
2025-08-20,225.5800323486328,228.29383048109128,-0.4911316333835347,48220215.52015126,78.5086995237534,1.505476553084839,45.81063252884011,4.769483927691755,43591553507.0029,223.7295754281527,219.06426533209634,15.68443373133123,224.47213745117188
2025-08-21,224.47213745117188,227.14732257211546,1.2716805363276906,42940510.86410588,74.27505332088901,1.1480178967735633,46.12731535662075,4.703877924304332,43548612996.138794,225.35906644716783,219.83408030733625,16.056470253160466,227.3267059326172
2025-08-22,227.3267059326172,227.20113758026594,-0.2634298654397349,42801697.60487412,74.34498598508225,0.8266839829638313,46.27105089160417,4.639293623919868,43591414693.74367,226.45988563655263,220.53570480952004,16.32388647323119,226.7278594970703
2025-08-25,226.7278594970703,227.05915415530723,0.9464670754514737,39256118.32341188,73.7751438266286,0.5304576340442528,46.4045196026602,4.563686265104942,43552158575.42026,227.22986031423918,221.156985699595,16.480173480721124,228.87376403808594
2025-08-26,228.87376403808594,227.6035371201408,0.5145914812595631,43851812.826388314,74.57966184947196,0.3080901743555948,46.25774823536493,4.519605413017801,43596010388.24664,227.75866238232095,221.7709429777422,16.522114579899,230.05152893066406
2025-08-27,230.05152893066406,228.33793466329777,0.8980837064874514,40074118.978471816,75.66428326770689,0.15509699188640713,46.22104621100693,4.4506755872318156,43636084507.22511,228.04378598818127,222.39637075731892,16.392866633059764,232.11758422851562
2025-08-28,232.11758422851562,229.47182953286313,-0.18060015285242814,39474293.284930274,77.27641303791505,0.0787479064649661,46.444759072115346,4.397714023406357,43675558800.51004,228.23678483528155,223.07022397403742,16.053724295779343,231.69837951660156
2025-08-29,231.69837951660156,230.13979452798463,-1.0424716908628007,39457525.29945119,78.19288598024824,0.024526162951062247,46.82317371406189,4.312123915681635,43715016325.809494,228.3883529918748,223.74351640774668,15.199577791228633,229.28298950195312
2025-09-02,229.28298950195312,229.88275302017516,3.808984120498149,40842947.70961583,76.90746467093261,-0.0720718520605832,46.822847362090634,4.247230652099084,43674173378.09988,228.45941804768148,224.32820560893035,13.723895490672508,238.01634216308594
2025-09-03,238.01634216308594,232.3228297630484,0.5493363876168944,48518403.39673108,80.23000146191936,-0.01787861338659269,47.36235437816849,4.215090799597616,43722691781.496605,228.74601234162895,225.08959838551303,11.62220696847315,239.3238525390625
2025-09-04,239.3238525390625,234.4231365958526,-0.037540658420298634,48227702.37771175,82.55646677529838,0.10634418974436244,48.235381491600684,4.168203642845517,43770919483.87431,229.3589429531051,225.97850678649775,9.518933024878798,239.2340087890625
2025-09-05,239.2340087890625,235.86639825381556,-0.7551389041256629,50220511.66439822,83.953827148046,0.22577473456960817,49.341779540854645,4.10905123784685,43821139995.53871,230.23085052127513,226.92021073576612,7.760819654764315,237.42745971679688
2025-09-08,237.42745971679688,236.33471669270995,-1.4839416284502027,49854208.16507875,84.3907814253111,0.2732076533354846,50.50392704326525,4.064193881470865,43870994203.70379,231.14420843251955,227.81683035071313,6.868468312329569,233.9041748046875
2025-09-09,233.9041748046875,235.60555412630322,-3.225946602106422,54792115.715555124,80.70578569157975,0.19598420720174747,51.29079742210241,4.064089548843784,43816202087.988235,231.99884842961913,228.558613567436,6.191475007443497,226.35855102539062
2025-09-10,226.35855102539062,232.83145319602943,1.4286365271970913,63386721.000888586,68.45821084227902,-0.08627312948881283,50.341429215885555,4.115576982747451,43752815366.98735,232.521640037208,228.96555067492108,5.553458591394505,229.59239196777344
2025-09-11,229.59239196777344,231.85973482755261,1.7563009555601639,59433284.70062201,64.75142415231882,-0.367024862303456,48.59172542451909,4.142281516263631,43693382082.28673,232.87382005363347,229.241187260886,5.256748914896598,233.62472534179688
2025-09-12,233.62472534179688,232.38923198182587,1.123583763910907,58350559.2904354,65.83694132564351,-0.5354748505712479,46.76904419249128,4.188518935580104,43751732641.57716,233.16556029852975,229.54100104383264,5.1652666987973745,236.24969482421875
2025-09-15,236.24969482421875,233.54737083454373,0.6125935389198034,53655241.50330478,68.14751652326012,-0.5833669541950144,45.430288440215655,4.19653364513287,43805387883.08047,233.50631792918566,229.92256007151943,5.197049394249774,237.6969451904297
2025-09-16,237.6969451904297,234.7922431413095,0.3527220020250743,56584999.05231334,70.46021763643081,-0.5463203904045937,44.68850447661066,4.216817354585418,43861972882.13278,233.9972669412991,230.38633941149942,5.3336518631443814,238.5353546142578
2025-09-17,238.5353546142578,235.915176583194,-0.46445731252398037,53561899.33661934,72.40646252053314,-0.4645146363111321,44.229584516583074,4.19042733047367,43915534781.4694,234.35650162331365,230.9128953326132,5.555784848488721,237.42745971679688
2025-09-18,237.42745971679688,236.36886152327486,3.203293872010393,50768209.535633534,73.17543003303368,-0.40059423475327893,44.04852983974185,4.180979008828554,43966302991.005035,234.55107411605587,231.43251116029526,5.669909954739889,245.032958984375
2025-09-19,245.032958984375,238.96809076160488,4.309567281585802,84660136.67494348,77.11095899368179,-0.21339817871660838,44.40231322247398,4.231315278299655,44050963127.67998,234.8612433668348,232.15018540803905,5.899806452320557,255.5928192138672
2025-09-22,255.5928192138672,243.95550929728358,-0.6443258425658294,90917315.67246044,82.43587515450584,0.19414658204333968,45.54551952018641,4.422085433150791,44141880443.35244,235.62332262729217,233.27450196891948,6.886253956824137,253.9459686279297
2025-09-23,253.9459686279297,246.9526470964774,-0.8332350414175016,81724680.9707223,84.73424099573305,0.5909799059891565,47.03756036144357,4.488766570037013,44223605124.323166,236.7580319243096,234.57718245725832,8.069984487641637,251.8300018310547
2025-09-24,251.8300018310547,248.41585351685058,1.8072966979806315,69898386.67950562,85.71689121954957,0.8610579704760184,48.62478653404991,4.529073816211257,44293503511.00267,238.3164719563917,235.89515112960044,9.12370148420637,256.3813171386719
2025-09-25,256.3813171386719,250.80549260339694,-0.5489100657377954,65489500.67565393,87.1694605500406,1.0946905987189153,50.268038484920126,4.575222088317142,44358993011.67832,240.21104773397616,237.31518365091438,10.272502294624044,254.97401428222656
2025-09-26,254.97401428222656,252.05604910704582,-0.4031962461707783,59665540.472957745,87.86498156427307,1.218043914513932,51.916128002919926,4.5890352916695765,44418658552.15128,242.17772944649818,238.71907559911736,11.310032210604307,253.9459686279297
2025-09-29,253.9459686279297,252.62302496331097,0.07861150085717306,53804188.331070416,88.17788227482612,1.2194092206730982,53.46273865113218,4.542320378166398,44472462740.48235,244.08529485937487,240.04326125285007,12.106709814978387,254.14559936523438
2025-09-30,254.14559936523438,253.07979728388796,0.3220341689919026,48974221.83174929,88.43656817021908,1.134431021621002,54.936542901132036,4.474834481112776,44521436962.3141,245.9140502736327,241.2848361129489,12.598858582709557,254.9640350341797
2025-10-01,254.9640350341797,253.64506860897546,0.657662791005964,48896125.2822245,88.76422730098923,1.0041276390925562,56.411279668092405,4.4177939634856624,44570333087.59633,247.68703947621086,242.4620011125705,13.114265406870379,256.6408386230469
2025-10-02,256.6408386230469,254.54379961319688,0.3461279462880995,47016347.697557144,89.28412811263011,0.8712380359802392,57.83700906773212,4.372407730223993,44617349435.293884,249.50453328520305,243.61264858882063,13.668120307480793,257.5291442871094
2025-10-03,257.5291442871094,255.43940301537063,-0.5154576259537191,47658123.38829,89.79108144666603,0.7415084085208026,59.229339251883026,4.362569226230528,44665007558.682175,251.15166451057962,244.73900615325397,14.210756144085439,256.2016906738281
2025-10-06,256.2016906738281,255.66808931290785,-0.08181444267610916,46759916.371803,89.92218544156789,0.5763088947884976,60.56570992993859,4.348833521054,44711767475.05398,252.32292251214204,245.77987121607813,14.608252960130194,255.99208068847656
2025-10-07,255.99208068847656,255.76528672557845,0.6160270999708617,42318681.4602621,89.98107746141645,0.38783273699857634,61.80662555956162,4.288930334824595,44754086156.51424,253.20418647505218,246.73086316936386,14.769652142706523,257.5690612792969
2025-10-08,257.5690612792969,256.30641909169395,-1.557780115054186,40572147.02218346,90.32022512810319,0.22209440364811162,62.98111675352966,4.209730549360155,44794658303.53642,253.99324303253653,247.64282087625242,14.487040070235043,253.55670166015625
2025-10-09,253.55670166015625,255.4815038622326,-3.4522045132806656,39897102.915528424,85.56517238452652,-0.00838818882920389,63.636284937478976,4.172185047258087,44754761200.620895,254.46084415842006,248.38936211301242,13.743299144725475,244.80340576171875
2025-10-10,244.80340576171875,252.27807443207843,0.9744359001401026,46527702.04086989,70.12553670727893,-0.4191410515366689,61.98835266705951,4.323662324510767,44708233498.580025,254.48304669092332,248.75971566720918,12.609114476505814,247.18885803222656
2025-10-13,247.18885803222656,250.75130951212287,0.04441421356069508,44012261.428608924,64.18137355987757,-0.8133953641220044,59.475663639629445,4.417972752402905,44664221237.15141,254.2958751458045,248.9493912714867,11.33965088377761,247.29864501953125
2025-10-14,247.29864501953125,249.7155101643454,0.6336473629484196,41451983.00002624,60.43840920433647,-1.1434550741816247,56.396408701462455,4.4735324534514485,44622769254.15139,253.95944643385025,249.02235497556848,9.994044004225318,248.8656463623047
2025-10-15,248.8656463623047,249.46055102373316,-0.7579986804138628,39184468.10001837,59.51830529165834,-1.3635390123876574,53.44513008742092,4.506999265920088,44583584786.05137,253.54099467532603,249.06408793253652,8.553359979005053,246.979248046875
2025-10-16,246.979248046875,248.7161601306757,1.9559457191237417,39362227.670012854,56.79946769697908,-1.531281713482846,50.28252023046044,4.51595960411185,44544222558.381355,252.95823072707392,249.0309519514069,6.824285211923752,251.81002807617188
2025-10-17,251.81002807617188,249.64432051432453,3.94388237214669,42297659.369008996,59.29621270178174,-1.5471961757360013,47.556798104979016,4.555941845498773,44586520217.75037,252.37872247696933,249.08936800501812,5.195332276664434,261.7411193847656
2025-10-20,261.7411193847656,253.27336017545684,0.2021049273656983,56753261.55830629,67.2629132185089,-1.2912231980834212,46.295812791205364,4.674224190471649,44643273479.30867,252.1392495632242,249.4878434498218,4.354610014816353,262.2701110839844
2025-10-21,262.2701110839844,255.97238544801507,-1.6440179021178225,53736053.090814404,71.69940037523628,-0.9346633536363402,45.8480522222566,4.726993392625832,44697009532.39948,252.1599594354679,250.10541887822117,4.080211268187009,257.9583435058594
2025-10-22,257.9583435058594,256.56817286536835,0.4372053262009956,51119827.16357008,72.58267024031964,-0.665842505533182,45.7074591057295,4.816481543861739,44748129359.56305,252.18613481283532,250.72091925794948,3.973976510310579,259.0861511230469
2025-10-23,259.0861511230469,257.32356634267194,1.2481779466614773,45610349.01449905,73.70330857190416,-0.4544035179811923,45.62198900398421,4.8273667809015235,44793739708.577545,252.37034106087927,251.34974278982781,4.131629484713368,262.32000732421875
2025-10-24,262.32000732421875,258.822498637136,2.279127405766279,43403354.310149334,75.81566829603251,-0.24152776226232042,45.803916624311114,4.837070301251593,44837143062.887695,253.02478348138501,252.06143382290477,4.488089890682275,268.2986145019531
2025-10-27,268.2986145019531,261.6653333965811,0.07068103233436318,43848808.01710454,79.22427733299827,0.0474044393735662,46.423240062884865,4.83797951088146,44880991870.9048,254.11618586983084,252.97609092515967,5.211102614346749,268.4882507324219
2025-10-28,268.4882507324219,263.7122085973333,0.26022346664624774,43154605.611973174,81.27109823226503,0.31795672056907787,47.306447882502894,4.770458285402562,44924146476.51678,255.51585571312967,253.99857832250956,6.109822070364898,269.1869201660156
2025-10-29,269.1869201660156,265.354622067938,0.6303229091240592,45534233.92838122,82.74046000668083,0.5362695356602032,48.3853304550971,4.716488632237226,44969680710.44516,257.1052628175501,255.08010629826464,7.071346088512449,270.8836669921875
2025-10-30,270.8836669921875,267.01333554521284,-0.3795042898427692,52839913.74986685,84.09739273555353,0.7102133085297684,49.65382284807057,4.701626536891304,45022520624.19503,258.9349803590038,256.2166043217835,8.088647747435811,269.85565185546875
2025-10-31,269.85565185546875,267.8660304382896,-0.4882257880291285,62838069.62490679,84.76068000435917,0.7941720624750772,51.09963299930608,4.766074256171126,45085358693.81994,260.75715135140035,257.32607347573645,9.022542617502387,268.53814697265625
2025-11-03,268.53814697265625,268.0676653985996,0.3679658451690937,59045028.73743475,84.92084484766347,0.7739694905518322,52.44217099688191,4.804406670431821,45144403722.55737,262.2365818737146,258.3490822302948,9.796980720924042,269.5262756347656
2025-11-04,269.5262756347656,268.5052484694494,0.03703646251622672,56113960.11620432,85.28235401757584,0.7028332938876565,53.68935193825422,4.809299634988897,45200517682.67358,263.489868175858,259.31633615783335,10.473842222466681,269.6260986328125
2025-11-05,269.6260986328125,268.8415035184583,-0.13697625428008564,52384702.081343025,85.56866745324282,0.5954335480818536,54.855661546294,4.811638345442306,45252902384.75492,264.717201241167,260.2234949540833,11.06743996505629,269.25677490234375
2025-11-06,269.25677490234375,268.9660849336239,-0.48188791892468386,52030491.456940114,85.67982039729966,0.45606895405697667,56.010169115619064,4.8281229551499765,45304932876.21186,265.8814531002622,261.0561225711824,11.52774799863513,267.9592590332031
2025-11-07,267.9592590332031,268.66403716349765,0.4548721603090611,50889564.01985808,83.99072978602825,0.2757091834169181,57.01406361945822,4.853664306662102,45254043312.192,266.86560695289836,261.7806858656886,11.64827718750563,269.1781311035156
2025-11-10,269.1781311035156,268.81826534550305,2.160110352909128,48016414.81390065,84.1624162725471,0.10759925581234864,58.01382694646204,4.900616654243299,45302059727.005905,267.58090014779054,262.45093153043285,11.49538333376576,274.99267578125
2025-11-11,274.99267578125,270.6705884762271,-0.6466791551621554,47473980.36973045,86.09162283859135,0.06410310479580161,59.07950116166835,4.95705137763316,45349533707.37563,268.2767381356799,263.23375600146085,11.19480287093694,273.21435546875
2025-11-12,273.21435546875,271.433718573984,-0.19014401037990014,47751186.25881131,86.80476085534282,0.03133673613180843,60.15421049177929,4.973868535015077,45397284893.634445,268.8846477862845,264.01470481789164,10.682717111064765,272.6948547363281
2025-11-13,272.6948547363281,271.8120594226872,-0.19784761402760198,48306670.38116792,87.15636534165357,-0.017614519331912604,61.248415763603965,4.977002844473159,45445591564.01561,269.364520174032,264.75731001834833,9.777734868466357,272.15533447265625
2025-11-14,272.15533447265625,271.91504193767787,-1.817114312581336,48044059.26681754,87.25590839776908,-0.09167662110653385,62.302730119621124,5.008675485058541,45493635623.282425,269.7694213239708,265.4389987725702,8.6554797467908,267.2099609375
2025-11-17,267.2099609375,270.5035176376245,-0.007469218596389826,47136331.48677228,78.2984325942518,-0.2740385943222732,62.144414607267905,5.023933496360217,45446499291.795654,270.0130065478733,265.9213339025753,7.721361476897924,267.19000244140625
2025-11-18,267.19000244140625,269.50946307875904,0.4187757744410714,46698622.040740594,72.64269449943848,-0.4874545798793717,61.17125225527368,5.041695145874147,45399800669.75491,270.11342800880425,266.2630604907833,6.927571480966255,268.3089294433594
2025-11-19,268.3089294433594,269.14930298813914,-0.8601393980195771,44816385.428518414,70.65143768805086,-0.6675823284799005,59.76032127542585,5.088989424684001,45354984284.32639,270.1442079557724,266.5379407286267,5.981867795367875,266.0010986328125
2025-11-20,266.0010986328125,268.20484168154115,1.968065895668869,45118549.79996289,65.57513197047976,-0.8531702442326088,58.70989628652445,5.214466202125323,45309865734.52643,270.0680836305641,266.69669320033285,4.8646070234804375,271.2361755371094
2025-11-21,271.2361755371094,269.1142418382116,1.6317525903571717,49292224.85997403,67.96209868448072,-0.9121980065694926,57.48759360286601,5.348429827656593,45359157959.386406,270.1131040980355,266.92693592774987,3.7194341271250884,275.6620788574219
2025-11-24,275.6620788574219,271.0785929439747,0.3805424506761135,54180297.401981816,72.41193550918253,-0.8194023949935367,56.700336146123796,5.451611390163187,45413338256.78839,270.33913685788264,267.32233183405697,2.9811743216530338,276.7110900878906
2025-11-25,276.7110900878906,272.76834208714945,0.20940152983219829,52000468.18138727,75.55695368498053,-0.6519682051787346,56.463843542400554,5.511787837777813,45465338724.96978,270.54891221897486,267.84099947720864,2.6398402951137268,277.29052734375
2025-11-26,277.29052734375,274.12499766412964,0.46838874009274,46429747.72697108,77.75007442838603,-0.46630046322326457,56.48309286401128,5.494935515699605,45511768472.696754,270.81804012798943,268.43947549501064,2.674643215060375,278.5893249511719
2025-11-28,278.5893249511719,275.4642958502423,1.524118957389331,38541503.40887976,79.68765444905554,-0.27898220891998005,56.624071602903925,5.430733097418598,45550309976.10564,271.18326377074493,269.1085060050327,3.0509940681050636,282.8353576660156
2025-12-01,282.8353576660156,277.6756143949743,1.0914820528252767,40955362.38621583,82.41115309993228,-0.04416281889718565,57.11630183103208,5.428628647290476,45591265338.49185,271.7593210164746,269.92442108978906,3.7543864875722126,285.9224548339844
2025-12-02,285.9224548339844,280.1496665266773,-0.7128107299873898,44769603.67035107,84.85744593458215,0.22498744202347787,57.97891604360993,5.413147048272514,45636034942.1622,272.7239359053799,270.8982539885403,4.692421762595819,283.8843688964844
2025-12-03,283.8843688964844,281.27007723761943,-1.2141483369261685,44400332.56924575,85.81932623274129,0.41464730128583493,59.055379427107944,5.4010881576811185,45680435274.731445,273.8999973212659,271.8860466789288,5.545192853014109,280.4375915527344
2025-12-04,280.4375915527344,281.0203315321539,-0.6840070477014848,44276962.79847202,84.53036428235444,0.4561565869190609,60.08696886722082,5.409084017884347,45636158311.932976,275.08710017566744,272.7559785697121,6.122152595927416,278.5193786621094
2025-12-05,278.5193786621094,280.2700456711405,-0.31924534677664207,45173613.95893041,80.61317601187046,0.3696490013048308,60.89707448958026,5.364587244964685,45590984697.974045,276.2936205746273,273.4716040079434,6.441572326609592,277.6302185058594
2025-12-08,277.6302185058594,279.47809752155615,-0.25550193698475887,43085069.77125128,76.57925393035117,0.20393649670432534,61.048236932640535,5.296137891558733,45547899628.2028,277.3300061429618,274.0436510092399,6.539233110452066,276.9208679199219
2025-12-09,276.9208679199219,278.71092864106583,0.5772445948890148,39817538.83987589,72.7798826376345,-0.0016166508078674369,60.96800031243978,5.204799685987801,45508082089.36292,278.0932397126709,274.48815364084237,6.494416701934847,278.5193786621094
2025-12-10,278.5193786621094,278.6534636473789,-0.26902907054526803,37783767.18791312,72.48976484406217,-0.1760703770701575,60.60472202108665,5.10482694963682,45470298322.17501,278.6817518686939,274.8848498319411,6.517056437089973,277.77008056640625
2025-12-11,277.77008056640625,278.3884487230871,0.08992558753764257,36423037.03153919,71.08249516323164,-0.3347304876791757,59.38493643455125,5.054312638787115,45433875285.14347,279.1080969745896,275.21852591681215,6.522580448619178,278.0198669433594
2025-12-12,278.0198669433594,278.27787418916876,-1.498503592968503,37355995.92207743,70.46779855998217,-0.4645552973951981,58.25227838991124,4.964600077971175,45396519289.22139,279.3894548084822,275.5098924189414,6.506560034713246,273.8537292480469
2025-12-15,273.8537292480469,276.95063070683216,0.1824120627094583,41271927.1454542,63.382653692448436,-0.6460872225283003,56.302483397637886,4.956545430882728,45355247362.075935,279.316956439668,275.64710558921666,6.420172383191747,274.353271484375
2025-12-16,274.353271484375,276.171422940095,-1.0086976563313366,40184929.00181794,59.59430337352128,-0.8140650398605374,53.68738730772188,4.92459803936514,45315062433.07412,278.91913208100976,275.6970405750146,6.192074903251371,271.58587646484375
2025-12-17,271.58587646484375,274.7957589975196,0.12875132341483297,43171060.301272556,53.51317466536019,-1.0009507510724465,50.708832310595525,4.895162041470995,45271891372.77285,278.2717002569998,275.6112042343008,5.835286758029246,271.935546875
2025-12-18,271.935546875,273.9376953607637,0.5437456457254575,45708952.210890785,50.08044610258651,-1.1545772945237518,47.409619721176774,4.914275013575022,45226182420.56196,277.56343663986075,275.4518224368211,5.414216582136084,273.4141845703125
2025-12-19,273.4141845703125,273.78064212362835,-0.9866019825797601,75385866.54762354,49.4551263587382,-1.2319359174794196,44.603911015349944,4.922107099588128,45150796554.014336,276.9144962851096,275.2926624069932,4.782703197490028,270.7166748046875
2025-12-22,270.7166748046875,272.86145192794606,0.5129726100470355,63741646.58333648,45.846951390051146,-1.3032659876318244,42.083527573951905,4.893938413016633,45087054907.431,276.2528317257486,275.0611185518459,4.286596244505707,272.1053771972656
2025-12-23,272.1053771972656,272.6346295087419,0.5323815835382772,53511752.60833553,44.97495972308681,-1.319922536727955,39.963621664754925,4.8337587102106525,45033543154.82266,275.6452018125162,274.83002435726456,4.092580671951905,273.55401611328125
2025-12-24,273.55401611328125,272.9104454901037,-0.14973530252399003,42831406.82583487,46.3121584309098,-1.266352039277658,37.79869918976575,4.7602752267840325,45076374561.6485,275.0708999967886,274.6472073222969,4.077834222522135,273.1444091796875
2025-12-26,273.1444091796875,272.9806345969788,0.13168132449112857,36438524.77808441,46.66735086690324,-1.1818091978670582,35.65987130049375,4.664290988389035,45112813086.42658,274.5301185841778,274.4884861103618,4.174074225080318,273.50408935546875
2025-12-29,273.50408935546875,273.1376710245258,-0.2483993295382736,32621527.344659086,47.50416306544375,-1.0740493914118965,33.67381683188403,4.54502312471067,45145434613.77124,274.0160982677135,274.3598370545679,4.3166645087757,272.82470703125
2025-12-30,272.82470703125,273.04378182654307,-0.4467601499789753,29476949.141261358,47.02904568488463,-0.970952099565596,31.82962339674644,4.4086768276395505,45115957664.62998,273.62541337968463,274.2344984614227,4.455866122224158,271.6058349609375
2025-12-31,271.6058349609375,272.61239776686136,-0.3126523879828924,28821944.398882948,44.81140609752541,-0.8955068493327096,30.161753295018947,4.266937074146358,45087135720.2311,273.26951086236124,274.08001268098826,4.44449105889993,270.75665283203125
2026-01-02,270.75665283203125,272.0556742864123,-1.3837113287258118,31526791.079218064,42.05524203893205,-0.8473061555242491,28.329742465814412,4.272800361456016,45055608929.151886,272.9955023912505,273.8872185481715,4.274256132519538,267.0101623535156
2026-01-05,267.0101623535156,270.54202070654327,-1.8334308830022295,35762913.75545265,35.637335900344304,-0.8778464431460847,27.112264679943323,4.300122814401542,45019846015.39643,272.6559349258285,273.56862827754026,4.1751343477652005,262.1147155761719
2026-01-06,262.1147155761719,268.0138291674318,-0.773747740562758,40739669.62881685,27.961830413392008,-1.0188837329187108,27.24146046146587,4.342093905845699,44979106345.76762,272.0792536302088,273.03959979086324,4.385299770915849,260.08660888671875
2026-01-07,260.08660888671875,265.6356630832179,-0.4955108337700187,43010708.74017179,22.953740528222827,-1.2098884790028488,28.26457663825407,4.359258712670299,44936095637.02744,271.35667474573603,272.33446296156364,4.902765986313959,258.7978515625
2026-01-08,258.7978515625,263.5843196270025,0.1273895414872772,45233286.11812025,19.679558947555726,-1.398584437081882,30.019435593569018,4.353931970335062,44890862350.909325,270.45164375756207,271.5011159773197,5.618589930948524,259.1275329589844
2026-01-09,259.1275329589844,262.2472836265971,0.33928502238405045,43662400.28268418,17.888489718296015,-1.5271684477261394,32.046623793443665,4.342670836332299,44847199950.62664,269.3853275712114,270.6197986105842,6.285606204783104,260.0067138671875
2026-01-12,260.0067138671875,261.5751126987742,0.30738623692765366,44142820.19787893,17.04844373500455,-1.5654240064743696,34.14087245797514,4.338722438451951,44803057130.428764,268.2447753813909,269.7583999523166,6.813480902499079,260.8059387207031
2026-01-13,260.8059387207031,261.3443605053529,-0.41753602144793955,44619214.13851525,16.75751290702973,-1.5133197915648082,36.14036928066505,4.316468704223385,44758437916.29025,267.0654443294736,268.9570628621296,7.1402087820851845,259.71697998046875
2026-01-14,259.71697998046875,260.8561463478876,-0.673187624656213,43239269.896960676,16.130325474430514,-1.4202926692790219,38.131502108275136,4.319008359080189,44715198646.393295,265.84668078160814,268.18554700363035,7.46045316386809,257.9685974121094
2026-01-15,257.9685974121094,259.9898816671541,-1.0379073276537754,42084068.92787247,15.053720099609338,-1.32738166383964,40.05465133131976,4.313609400298675,44673114577.46542,264.5844291716374,267.40500744777546,7.776355747229815,255.29112243652344
2026-01-16,255.29112243652344,258.5802538979649,-3.4555634923675638,51101688.24951073,13.477355675175179,-1.2710647782196887,42.008497480034066,4.302737044670787,44622012889.21591,263.2368871327926,266.56455472874586,8.213137826468095,246.46937561035156
2026-01-20,246.46937561035156,254.94699041168087,0.3850831106810837,59851431.77465751,10.44219482787277,-1.3796468250671352,44.39473027186877,4.447111257923731,44562161457.44125,261.6773841033064,265.4581200318825,9.03073924026456,247.41848754882812
2026-01-21,247.41848754882812,252.688439552825,0.28266120532465244,58288512.242260255,9.074149149295677,-1.4950168353514934,46.84096501720967,4.582373645642904,44503872945.19899,260.1448451418457,264.241959986258,9.921075461674612,248.1178436279297
2026-01-22,248.1178436279297,251.31726077535637,-0.12482895057522869,52714448.56958218,8.358217796456158,-1.5485560640847105,49.17817483115843,4.633172036043358,44451158496.62941,258.71300491105956,263.0110362518864,10.785499326467013,247.80812072753906
2026-01-23,247.80812072753906,250.26451876101117,2.9712962519965025,49406813.998707525,7.846363394117693,-1.536682979156458,51.47800033196329,4.668266110166897,44401751682.6307,257.38102482446044,261.7970822051364,11.526706074554701,255.17123413085938
2026-01-26,255.17123413085938,251.7365333719656,1.1197578028024013,51375529.799095266,15.626933844447047,-1.3198066491202933,52.913361008617024,4.73590000970439,44453127212.429794,256.3299497989973,260.8389346972154,11.796266968555019,258.0285339355469
2026-01-27,258.0285339355469,253.62413354103995,-0.7085445328186779,50857360.859366685,24.437209908205997,-0.9562774664566156,52.726481766929155,4.7585217745948025,44503984573.28916,255.53485188322387,260.15181077757967,11.661428183120215,256.2002868652344
2026-01-28,256.2002868652344,254.39697953829827,0.7175077196164281,47986552.60155667,27.76313316289132,-0.5888473745577611,52.15041525684879,4.764471687562107,44551971125.89072,254.8401137865184,259.6037316119338,11.253307626964206,258.0385437011719
2026-01-29,258.0385437011719,255.48944878716037,0.46461394466286166,53766486.82108967,32.29939124133355,-0.21649384939292027,51.192200611964545,4.778528814136849,44605737612.71181,254.3034440304457,259.21189515243157,10.578760458572082,259.2374267578125
2026-01-30,259.2374267578125,256.613842178356,4.058122413384724,65369560.774762765,36.70496279946934,0.14195695874413872,49.624930000309845,4.893554640836853,44671107173.48657,253.9658400815659,258.96446153585293,9.684966145208326,269.7575988769531
2026-02-02,269.7575988769531,260.5569691879351,-0.19629122599374993,67932712.54233393,49.191758704517866,0.6524646753398606,46.54005910052334,5.105173802587425,44739039886.02891,254.1635116105629,259.1161289312893,8.60795772898018,269.22808837890625
2026-02-03,269.22808837890625,263.1583049452264,2.6012954335186356,66871308.779633746,55.437591292321706,1.1443999762204982,43.78436515350185,5.224830094768064,44805911194.80854,254.98464306391742,259.5010980754738,7.717148403740946,276.23150634765625
2026-02-04,276.23150634765625,267.0802653659553,-0.20976508564164442,73973626.14574361,62.852093517786294,1.6805772471481872,42.37827912636055,5.333360403985654,44879884820.954285,256.42382564523047,260.22292353171014,7.583346632491368,275.6520690917969
2026-02-05,275.6520690917969,269.6518064837078,0.8009793893585249,67674758.30202052,66.75762655679249,2.126366248676659,41.73771261256076,5.423975718041792,44947559579.2563,258.25728021606557,261.1209123842813,8.143867898626656,277.8599853515625
2026-02-06,277.8599853515625,272.1142601440642,-1.166051394653178,62508350.81141436,70.00919819174655,2.480324512482763,41.6181008610687,5.4519335707844165,45010067930.06772,260.4422543543709,262.167897885213,9.205153514446396,274.6199951171875
2026-02-09,274.6199951171875,272.86598063600115,-0.3422920610733904,57142865.56799005,70.94356340468542,2.6433418163585967,41.67491720558038,5.492564741407458,45067210795.63571,262.55519908077446,263.1867629090976,10.273230285188843,273.67999267578125
2026-02-10,273.67999267578125,273.1101842479352,0.6650129249217152,50313075.89759303,71.25685107731509,2.639722136926318,41.727675239769795,5.453348458049016,45117523871.5333,264.50380415146395,264.1318506556535,11.218284488152241,275.5
2026-02-11,275.5,273.82712897355464,-4.998181130189428,50798543.12831512,72.20438657968974,2.556000146983486,42.018317464972235,5.4337857026667615,45168322414.66162,266.4468190949896,265.05521049545365,12.106824165856626,261.7300109863281
2026-02-12,261.7300109863281,270.1979935773867,-2.2733396848946263,59882140.18982058,61.205391520233846,2.143278104211555,40.784025295301674,5.637631829716624,45108440274.4718,267.91767357401227,265.5449993603997,12.499826602730009,255.77999877929688
2026-02-13,255.77999877929688,265.8725951379597,3.1667863563111576,58804708.13287441,51.19551014950113,1.4966619284260514,38.33322654466083,5.7946114310498045,45049635566.33893,268.84354886997266,265.5761989582626,12.577739634371284,263.8800048828125
2026-02-17,263.8800048828125,265.27481806141554,0.17811172199722058,58704025.69301208,49.978975670917606,0.9718190214647857,35.88207310185019,6.0028353967964945,44990931540.64592,269.3153337573207,265.5474960157057,12.583757766504885,264.3500061035156
2026-02-18,264.3500061035156,264.99737447404556,-1.4261469431454121,51353807.98510846,49.39233492788443,0.569042335499981,33.606002047811735,6.103191539968796,44939577732.66081,269.4992407102026,265.49510348792853,12.370320353417693,260.5799865722656
2026-02-19,260.5799865722656,263.6721581035116,1.5350373037534393,45201255.58957592,46.57991389779514,0.19572523765394423,31.659457025818618,6.132569425603448,44894376477.071236,269.15842998395823,265.32148964179356,11.88912092229735,264.5799865722656
2026-02-20,264.5799865722656,263.9445066441378,0.6047343656806037,44262028.91270314,47.24474216012622,-0.03805049892045087,30.131662457087977,6.161467056529269,44938638505.98394,268.58770000000123,265.1903484039216,11.168305843046026,266.17999267578125
2026-02-23,266.17999267578125,264.6151524536308,2.2390946489790453,42175880.2388922,48.93021502540185,-0.14660437721988373,28.455378831074537,6.1778616752690425,44980814386.22283,267.83778923095787,265.1355678372272,10.15799950035436,272.1400146484375
2026-02-24,272.1400146484375,266.8726111120728,0.7679856784716499,43627496.16722454,54.23098386705458,-0.06938021705945796,26.659426325670065,6.209993067123259,45024441882.39005,267.23845227856503,265.30100053006964,9.197921295793996,274.2300109863281
2026-02-25,274.2300109863281,269.0798310743494,-0.4667610137537803,40653537.31705718,58.74030666432135,0.11718981573281106,25.450831503811962,6.181164648570947,45065095419.70711,266.8354169612064,265.6608891533344,8.386684957935971,272.95001220703125
2026-02-26,272.95001220703125,270.2408854141539,-3.2130496937285313,38161006.121940024,60.92138148910706,0.29548446841015175,24.731262765416343,6.143758310298148,45103256425.82905,266.4767926052664,266.0970792734124,7.519410614672309,264.17999267578125
2026-02-27,264.17999267578125,268.4226175926421,0.2044093269336189,48422654.28535801,55.93465527072113,0.268438923871679,23.59164794568378,6.200363288989219,45054833771.54369,266.29925500679195,266.31855911333906,6.500925900130597,264.7200012207031
2026-03-02,264.7200012207031,267.3118326810604,-0.36642536122324376,46444227.99975061,53.07638107877387,0.15864597384986157,21.944313614463134,6.239934166922908,45008389543.543945,266.443178761102,266.4131565959792,5.399876709704959,263.75
2026-03-03,263.75,266.2432828767423,-0.4663548763329417,44081629.59982543,50.40785985100729,0.00507784063062533,20.73379196168356,6.248299348483913,44964307913.94412,266.54002524263467,266.3969781465281,4.851674129133445,262.5199890136719
2026-03-04,262.5199890136719,265.1262947178211,-0.8494516844711031,42798070.719877794,47.70765971556987,-0.1709802301037664,19.759277477148903,6.22120131193284,44921509843.22424,266.5529172670122,266.27596067712744,4.673403336558582,260.2900085449219
2026-03-05,260.2900085449219,263.67540886595134,-1.0872553678353492,44856229.50391445,44.38202767734127,-0.37282417516801236,19.351486930682533,6.162633222031663,44876653613.72033,266.55324234325616,266.02828907606306,4.880026843851636,257.4599914550781
2026-03-06,257.4599914550781,261.81078364268933,0.9399570838394267,43735360.65274011,40.47689113446017,-0.6058033519771295,19.534756152567486,6.086793120905602,44832918253.06759,266.3398700431113,265.62662189193225,5.221745324718833,259.8800048828125
2026-03-09,259.8800048828125,261.2315500147263,0.36554627966916,42080302.456918076,39.31949012433124,-0.7626728983426571,20.115105056622475,6.067137228740754,44790837950.61067,266.00150979922086,265.20804361791267,5.352183599887438,260.8299865722656
2026-03-10,260.8299865722656,261.1110809819881,-0.007663617950748325,38633451.71984265,39.06927222763909,-0.8325994714818987,20.686651836716763,6.042850789202659,44752204498.89083,265.42535678621243,264.81785670020554,5.2735753884265915,260.80999755859375
2026-03-11,260.80999755859375,261.0207559549698,-1.9362766377938656,34909086.203889854,38.86954498399107,-0.8405448242198416,21.217373846804318,5.952861024230922,44717295412.68694,264.6194492742745,264.45622805780215,5.009971009033566,255.75999450683594
2026-03-12,255.75999450683594,259.4425275205296,-2.2051921765652405,36674560.34272289,35.45863364615599,-0.9022637880353339,22.02354336327489,5.8690210735782715,44680620852.34422,263.5396134849121,263.9787327685381,4.591734532612666,250.1199951171875
2026-03-13,250.1199951171875,256.645767799527,1.079486750256109,36751192.23990603,30.3722620212769,-1.0701589777522766,23.317368619851166,5.834688560501759,44643869660.10432,262.36192850560053,263.2803551524418,5.006374723172159,252.82000732421875
2026-03-16,252.82000732421875,255.4980396569345,0.5577044389181385,35348094.567934215,28.561600825748833,-1.1881255739334433,24.83272648558254,5.7732718401377605,44608521565.536385,261.1805492031879,262.5391822481078,5.765247400800925,254.22999572753906
2026-03-17,254.22999572753906,255.11762647811585,-1.6874457610149385,34452146.19755395,27.966488155158405,-1.2169376641451286,26.306103043071243,5.672852551191739,44574069419.33883,260.0679835633253,261.8323674128705,6.422355922424934,249.94000244140625
2026-03-18,249.94000244140625,253.56433926710298,-0.39209238936004365,34843872.33828776,25.619216316619433,-1.2604354934356312,27.924809537397532,5.6133046538814195,44539225547.00054,258.9117880182535,261.04493616089263,7.164526260255103,248.9600067138672
2026-03-19,248.9600067138672,252.1830395011322,-0.3896213024359163,34849940.63680144,23.71315994777104,-1.2970092069845078,29.69391761042126,5.551384823317186,44504375606.36374,257.7625510817716,260.2009460028202,7.9773946539057,247.99000549316406
2026-03-20,247.99000549316406,250.92512929874175,1.411347200480817,50894288.445761,22.10058449771651,-1.3164951844016706,31.581454551190113,5.460750050413115,44453481317.91798,256.67398564737687,259.31753488814604,8.794973161907516,251.49000549316406
2026-03-23,251.49000549316406,251.09459215706846,0.059642090424327776,47789831.9120327,22.86163003173867,-1.230157239764591,33.09439306814835,5.377392961035589,44501271149.83001,255.66028986161103,258.5343974851863,9.39632626134631,251.63999938964844
2026-03-24,251.63999938964844,251.25821432684245,0.389443542328749,46998572.33842289,23.637358427997228,-1.0795858505723772,34.27998514033987,5.32112383476008,44548269722.168434,254.67500319609644,257.8414276605821,9.690304051622622,252.6199951171875
2026-03-25,252.6199951171875,251.66674856394593,0.10688159198788405,41442010.636896014,25.647856764244185,-0.8785570732615886,35.18665071625878,5.243381832575093,44589711732.80533,253.73960245699405,257.253362984712,9.5597208477107,252.88999938964844
2026-03-26,252.88999938964844,252.03372381165667,-1.6173025219509918,41548417.44582721,27.494515442860063,-0.6570906316209397,35.477411785897075,5.213991257475509,44631260150.25115,252.99872208610677,256.75625449204006,9.02748287586213,248.8000030517578
2026-03-27,248.8000030517578,251.063607583687,-0.8721857485242457,43453892.21207905,25.67883218409101,-0.5182563065716241,35.94469822731888,5.242158960335137,44587806258.03907,252.4405060645228,256.21409764362545,8.605110609151202,246.6300048828125
2026-03-30,246.6300048828125,249.73352677342467,2.9031294901536553,42251584.54845533,23.397433521102222,-0.460283003827449,36.721553521775185,5.26299314540853,44545554673.490616,251.86405477617183,255.59690041789204,8.239214425727043,253.7899932861328
2026-03-31,253.7899932861328,250.95046672723709,0.7250134541771258,44455539.18391873,29.563386213377278,-0.2924368867222311,37.10361983438119,5.343328147390842,44590010212.67454,251.44733880108393,255.15438292354395,7.6876998606397455,255.6300048828125
2026-04-01,255.6300048828125,252.35432817390966,0.11344258521832629,43136697.42874311,35.966669822269644,-0.05192797316648434,37.06666379019917,5.342117242193679,44633146910.10328,251.3263376917646,254.8877110426264,7.002124907057451,255.9199981689453
2026-04-02,255.9199981689453,253.42402917242032,1.1487914987700076,39582508.20012017,40.41182751002034,0.20030971403422315,36.76721770614297,5.344285019761265,44672729418.3034,251.45043665889338,254.7483127692734,6.316524652590961,258.8599853515625
2026-04-06,258.8599853515625,255.05481602616294,-2.0706117804507373,36506725.74008412,46.50840520875667,0.48202669509070484,35.12561323516772,5.353316800621695,44709236144.04348,251.8634053316355,254.77750355564385,5.77276410965834,253.5
2026-04-07,253.5,254.58837121831402,2.130175107094434,44199108.01805888,45.087484646511705,0.632513595295662,34.353892601538355,5.469473853713134,44665037036.02542,252.21278323776008,254.7594909520886,5.209247792733052,258.8999938964844
2026-04-08,258.8999938964844,255.8818580217651,0.6141353323192211,43249215.612641215,49.67878682179255,0.8037323486794206,33.14714368118868,5.496772953229496,44708286251.63806,252.67514760725237,254.86638305396255,4.5927714929059285,260.489990234375
2026-04-09,260.489990234375,257.26429768554806,-0.0038309525974056235,38710930.92884885,54.09633010649577,0.9828147511503085,31.468266170759467,5.504943400195256,44746997182.56691,253.23490251941257,255.09475587601833,3.990345101592853,260.4800109863281
2026-04-10,260.4800109863281,258.22901167578203,-0.4914000020385667,36485101.65019419,56.93730865250488,1.1285398308441992,29.37329953171474,5.460219977027413,44783482284.2171,253.8544313058251,255.39325642837676,3.7821112637563328,259.20001220703125
2026-04-13,259.20001220703125,258.5203118351568,-0.1427567968129817,36409981.15513593,57.78687035549742,1.2001701693608273,27.372389934612283,5.389573374182124,44819892265.37224,254.60010173097209,255.6910712290225,4.0263544855408115,258.8299865722656
2026-04-14,258.8299865722656,258.61321425628944,2.9362927395561567,39998196.80859515,58.07097576756164,1.2062076681059095,25.64244615868658,5.3297334436225325,44859890462.18083,255.48807047925857,255.9693705649527,4.34391001735256,266.42999267578125
