Date,Open,High,Low,Close,Volume
2016-11-15,24.539872896498174,24.7954727273236,24.445463113635245,24.66421890258789,129058000
2016-11-16,24.569798642943375,25.38265289927404,24.54677200335548,25.3273868560791,235362000
2016-11-17,25.285944336968594,25.410290329096046,25.060280754708725,25.31818199157715,110528000
2016-11-18,25.265218735769338,25.454040021063754,25.251403101203,25.343509674072266,113715600
2016-11-21,25.35732692477656,25.787930596694206,25.331997090331967,25.72806167602539,117058400
2016-11-22,25.77871976578358,25.88694692155281,25.652072349507886,25.74418067932129,103862000
2016-11-23,25.64285903365308,25.677399873827863,25.405681291577086,25.612924575805664,109705600
2016-11-25,25.589901391862735,25.760302436292914,25.548452726571675,25.741880416870117,45903600
2016-11-28,25.65898167602616,25.89846264489884,25.649770666821013,25.691219329833984,108776000
2016-11-29,25.509300408504494,25.797137796679205,25.345808982839657,25.665884017944336,114115200
2016-11-30,25.698130101759943,25.83629174207929,25.391870598557997,25.449438095092773,144649200
2016-12-01,25.414894151392858,25.54614794816539,25.106331515318686,25.212255477905273,148347600
2016-12-02,25.13856949489034,25.350417422829416,25.064883182701955,25.30666732788086,106112000
2016-12-05,25.32969214054196,25.336599957307254,24.926719765578795,25.124752044677734,137298000
2016-12-06,25.214561209881143,25.412593520659634,25.143178082793696,25.31818199157715,104782000
2016-12-07,25.15928898369307,25.603709947148566,25.136262345772963,25.566865921020508,119994800
2016-12-08,25.527728537713447,25.889252313584898,25.467857854722514,25.817869186401367,108273200
2016-12-09,25.86162090765732,26.41196601965301,25.86162090765732,26.2392635345459,137610400
2016-12-12,26.0872849736857,26.48104640947774,25.90306829593507,26.089588165283203,105497600
2016-12-13,26.213931585950814,26.692893527728142,26.193208132680063,26.524797439575195,174935200
2016-12-14,26.49025659397022,26.757368835886556,26.476440958456386,26.524797439575195,136127200
2016-12-15,26.568551018025296,26.87941691237197,26.53401192471621,26.669870376586914,186098000
2016-12-16,26.819537883670613,26.8264457001846,26.630716619401344,26.704402923583984,177404400
2016-12-19,26.66525296070558,27.029078038023457,26.653738763911186,26.858678817749023,111117600
2016-12-20,26.881714396728537,27.05672005666432,26.867898761435306,26.930070877075195,85700000
2016-12-21,26.895531543314586,27.03369316544668,26.890925160378657,26.955400466918945,95132800
2016-12-22,26.791910881493962,26.82875492027494,26.628419412249425,26.778095245361328,104343600
2016-12-23,26.61690544877681,26.831056594848633,26.61690544877681,26.831056594848633,56998000
2016-12-27,26.831056171390763,27.125803209159262,26.824148353371736,27.00145721435547,73187600
2016-12-28,27.061322093155326,27.17645706110187,26.75736584804925,26.88631820678711,83623600
2016-12-29,26.814934636472096,26.966913644828455,26.803422193209514,26.879411697387695,60158000
2016-12-30,26.86099489139338,26.987642332774787,26.580065220342068,26.669870376586914,122345200
2017-01-03,26.665263101019615,26.78730590344384,26.42578212254811,26.74585723876953,115127600
2017-01-04,26.67677592833996,26.828754953267687,26.653749282483766,26.71592140197754,84472400
2017-01-05,26.692893104572285,26.90934742723303,26.667563268651545,26.85177993774414,88774400
2017-01-06,26.8909282862701,27.20870198661537,26.81954515384844,27.151134490966797,127007600
2017-01-09,27.160337482901994,27.50113775157672,27.158036048517403,27.399818420410156,134247600
2017-01-10,27.34915939598723,27.489624196826544,27.24093400230956,27.427452087402344,97848400
2017-01-11,27.342252155792867,27.616273946295752,27.310014504771377,27.574825286865234,110354400
2017-01-12,27.37909406534432,27.47120238546857,27.220207257050482,27.459688186645508,108344800
2017-01-13,27.427451909172433,27.544890067121873,27.35837022642096,27.411333084106445,104447600
2017-01-17,27.250149581365502,27.68766291064761,27.222518307125334,27.63239860534668,137759200
2017-01-18,27.63239962742561,27.747534625873215,27.56562111750752,27.630096435546875,94852000
2017-01-19,27.494231757055484,27.653116824309897,27.487323939803588,27.58173370361328,102389200
2017-01-20,27.736019397388496,27.736019397388496,27.57022648148571,27.63239860534668,130391600
2017-01-23,27.632392040066264,27.818910124154257,27.579429182321928,27.650814056396484,88200800
2017-01-24,27.528779117882305,27.65542656339956,27.51726491518952,27.625492095947266,92844000
2017-01-25,27.729111735723393,28.115965388659937,27.69687407771373,28.065305709838867,129510400
2017-01-26,28.016946760417436,28.194255620707516,28.000827932829285,28.079120635986328,105350400
2017-01-27,28.12517848394861,28.173534974547707,28.000832469484905,28.0814266204834,82251600
2017-01-30,27.846542238438513,28.00773048400879,27.78437013138144,28.00773048400879,121510000
2017-01-31,27.897208806323995,27.952473110362984,27.775165996361807,27.943262100219727,196804000
2017-02-01,29.2511960093045,30.047931706017216,29.246591382590463,29.647260665893555,447940000
2017-02-02,29.469944550066973,29.794624217280543,29.42388951288843,29.59659194946289,134841600
2017-02-03,29.54593677509147,29.748575455818408,29.511397687986015,29.72324562072754,98029200
2017-02-06,29.734756848899746,30.050225525066214,29.681792235777884,30.001867294311523,107383600
2017-02-07,30.05944407984251,30.4163632805029,30.0387206232365,30.287412643432617,152735200
2017-02-08,30.24596475625045,30.446298524273466,30.216028533022655,30.404848098754883,92016400
2017-02-09,30.446474171247278,30.63148954064726,30.323902238905653,30.62455177307129,113399600
2017-02-10,30.633802059621765,30.74480986093238,30.53898120508331,30.55516815185547,80262000
2017-02-13,30.777185983811883,30.948325797298406,30.70086702086009,30.82575035095215,92141600
2017-02-14,30.867382554461336,31.24203609878774,30.816503242407816,31.225849151611328,132904800
2017-02-15,31.341485397736633,31.51493664705215,31.13334178123319,31.339170455932617,142492400
2017-02-16,31.37617383020724,31.429364557891073,31.184220693315968,31.302169799804688,90338400
2017-02-17,31.244361535439666,31.41318647548505,31.244361535439666,31.387746810913086,88792800
2017-02-21,31.505681585032608,31.62594209699634,31.44786450624468,31.614377975463867,98028800
2017-02-22,31.551929917085136,31.7115055957675,31.477925902099557,31.70919418334961,83347600
2017-02-23,31.77164127137798,31.794765984845448,31.521871075358764,31.575061798095703,83152800
2017-02-24,31.431678003129807,31.60512924194336,31.285977833286587,31.60512924194336,87106400
2017-02-27,31.71613037409582,31.785511560799364,31.517239520944983,31.66756248474121,81029600
2017-02-28,31.702272735976305,31.785529501237722,31.614389614623764,31.681459426879883,93931600
2017-03-01,31.889578858039172,32.41224383275445,31.822512618229407,32.32898712158203,145658400
2017-03-02,32.377564310423224,32.442319156734115,32.09079032756467,32.137046813964844,104844000
2017-03-03,32.095418529316575,32.338250981396506,32.051476982031915,32.32668685913086,84432400
2017-03-06,32.23185994645789,32.32436937834266,32.05378590671845,32.22492218017578,87000000
2017-03-07,32.160170810212044,32.3729372331792,32.09772737806563,32.26655578613281,69785200
2017-03-08,32.13474095935838,32.331320495524345,32.10467846934657,32.146305084228516,74828800
2017-03-09,32.08617902550467,32.09773962238214,31.695334865626265,32.07229995727539,88623600
2017-03-10,32.204120081428464,32.229559742935045,32.06304623650561,32.178680419921875,78451200
2017-03-13,32.111605056328585,32.245737565712,32.104667289597515,32.19254684448242,69686800
2017-03-14,32.215674541184775,32.296616327969346,32.109289571651075,32.14398193359375,61236400
2017-03-15,32.24113047199923,32.551029300110905,32.15324734535898,32.48396301269531,102767200
2017-03-16,32.54408910626947,32.6134703311406,32.43770409095031,32.53715133666992,76928000
2017-03-17,32.60884301781536,32.60884301781536,32.35213496354137,32.37526321411133,175540000
2017-03-20,32.47006642458355,32.72446295450743,32.43075123884514,32.715213775634766,86168000
2017-03-21,32.86554098580492,33.02511669068808,32.31512125681653,32.34056091308594,158119600
2017-03-22,32.342877504775444,32.747597084061425,32.322060673038834,32.70596694946289,103440800
2017-03-23,32.66895859115008,32.742966140564654,32.51863560860373,32.590328216552734,81385200
2017-03-24,32.7244646105998,32.77997027326692,32.458507475844264,32.52557373046875,89582400
2017-03-27,32.23649033017133,32.65971177065704,32.058412739296315,32.58108139038086,94300400
2017-03-28,32.58802422391429,33.31189176374392,32.520954425876965,33.25638961791992,133499200
2017-03-29,33.228624693216595,33.41595496380093,33.11530549478005,33.33038330078125,116760000
2017-03-30,33.346581457356166,33.41827407587476,33.18700574316975,33.28644943237305,84829200
2017-03-31,33.237882186975554,33.36508046474853,33.073680132236916,33.22400665283203,78646800
2017-04-03,33.23556842044681,33.33038574000391,33.082930497929304,33.233253479003906,79942800
2017-04-04,33.12918408536911,33.50846395747771,33.11068219784257,33.480712890625,79565600
2017-04-05,33.3535115560882,33.640285493099675,33.25869071455128,33.30725860595703,110871600
2017-04-06,33.36970329021344,33.42289754292948,33.1754387544553,33.22400665283203,84596000
2017-04-07,33.240192208213244,33.34426223880752,33.13381076498328,33.14999771118164,66688800
2017-04-10,33.21012299693304,33.27487782634953,33.04823239451827,33.11067581176758,75733600
2017-04-11,33.05748893171937,33.15230977466501,32.39143514753885,32.7545280456543,121517600
2017-04-12,32.74759317546245,32.87478791924265,32.61114219450171,32.793846130371094,81400000
2017-04-13,32.81929422302548,32.92799063588841,32.62040328979492,32.62040328979492,71291600
2017-04-17,32.71983213350341,32.81234155397029,32.57875835505578,32.800777435302734,66328400
2017-04-18,32.70365823826272,32.849354899207185,32.6342770274499,32.65509033203125,58790000
2017-04-19,32.81235686274012,32.840107937390805,32.481641264693536,32.53483200073242,69313600
2017-04-20,32.659708783096434,33.05286417738773,32.6458332500669,32.941856384277344,93278400
2017-04-21,32.941861121150126,32.997363261249184,32.8054136549071,32.90254592895508,69283600
2017-04-24,33.186998192294524,33.2910682125583,33.11299064880763,33.21937561035156,68537200
2017-04-25,33.28182761870944,33.51078101657076,33.272574908950006,33.42521286010742,75486000
2017-04-26,33.411349355058235,33.441415379290326,33.15926762090387,33.22864532470703,80164800
2017-04-27,33.284143929206884,33.33964960930629,33.14307008005347,33.25407791137695,56985200
2017-04-28,33.32344975203475,33.3720176495641,33.13381157392462,33.2216911315918,83441600
2017-05-01,33.55702738480217,34.04268863442368,33.52464996816074,33.8993034362793,134411600
2017-05-02,34.12132527927324,34.24852355694448,33.95943816627095,34.11438751220703,181408800
2017-05-03,33.670357818144886,34.1097697951006,33.365085434890055,34.01032257080078,182788000
2017-05-04,33.885437305315286,34.0288225432381,33.72123523537567,33.88774871826172,93487600
2017-05-05,33.94093680090705,34.45435274496605,33.94093680090705,34.449729919433594,109310800
2017-05-08,34.46592449871822,35.54594735061656,34.46592449871822,35.38637161254883,195009600
2017-05-09,35.58525199631485,35.81883523651143,35.48811973431324,35.613006591796875,156521600
2017-05-10,35.52974738440952,35.601439987394336,35.178218606779424,35.444175720214844,103222800
2017-05-11,35.402375234480175,35.778578687167325,35.36986417495805,35.750709533691406,109020400
2017-05-12,35.924874437570665,36.32429802583939,35.9179080354971,36.2499885559082,130108000
2017-05-15,36.229085378997176,36.37770786054635,36.00615342839315,36.15709686279297,104038800
2017-05-16,36.21283996336312,36.24070557774728,35.92952773898997,36.103694915771484,80194000
2017-05-17,35.66943127386498,35.89468772244948,34.76608452665892,34.891483306884766,203070800
2017-05-18,35.12835071764186,35.609050163687876,35.095839661114304,35.42327117919922,134272800
2017-05-19,35.61834224948902,35.75767383492193,35.44417511011823,35.544029235839844,107843200
2017-05-22,35.762330719253846,35.8970204419808,35.50920857952385,35.760009765625,91865600
2017-05-23,35.97132055973454,35.97132055973454,35.60208705287404,35.715877532958984,79675600
2017-05-24,35.72516982929401,35.80180381095709,35.453469463455924,35.60905838012695,76712000
2017-05-25,35.69963233154739,35.8436129669423,35.5370769787863,35.73214340209961,76942400
2017-05-26,35.76231970147964,35.81805446236694,35.60208536443827,35.6717529296875,87710400
2017-05-30,35.62763610977203,35.862179957978796,35.606736899657,35.685691833496094,80507600
2017-05-31,35.755368007968826,35.8018118894274,35.38613436672782,35.4743766784668,97804800
2017-06-01,35.569589904222724,35.606746427774596,35.34897880372531,35.5719108581543,65616400
2017-06-02,35.66480046881506,36.099056243896484,35.50456606913834,36.099056243896484,111082800
2017-06-05,35.84128693027032,35.86683159485282,35.63693315705113,35.74607467651367,101326800
2017-06-06,35.73910180396234,36.18264837987697,35.71123619071204,35.866825103759766,106499600
2017-06-07,35.999195149432616,36.22212715034009,35.87379279841193,36.08047103881836,84278400
2017-06-08,36.05259085718083,36.11993391222931,35.85520005346969,35.99221420288086,85003200
2017-06-09,36.03868287732471,36.03868287732471,33.90919869150518,34.59657669067383,259530800
2017-06-12,33.8441647090024,33.92544059310496,33.094082235331136,33.76985168457031,289229200
2017-06-13,34.173929908036584,34.24127300390154,33.70715951434555,34.041561126708984,136661600
2017-06-14,34.25288107395131,34.25288107395131,33.4029443270465,33.70948028564453,126124800
2017-06-15,33.2821781421212,33.55155393551454,33.024410655631954,33.50743103027344,128661600
2017-06-16,33.389012124760995,33.55621291549686,33.022099475281784,33.03835678100586,201444400
2017-06-19,33.36116068577633,34.07640802935831,33.36116068577633,33.983516693115234,130165600
2017-06-20,34.10657151739421,34.10657151739421,33.65838308263558,33.67463684082031,99600400
2017-06-21,33.79308322790719,33.9208065536216,33.58175950203796,33.874359130859375,85063200
2017-06-22,33.85112219878809,34.06708772522799,33.700175236446206,33.81861114501953,76425200
2017-06-23,33.70250763646279,34.17391979838276,33.69786218670951,33.96956253051758,141757600
2017-06-26,34.17624215179792,34.434009700347254,33.76056473956652,33.86274337768555,102769600
2017-06-27,33.67463680265872,33.94169522684023,33.35184715797583,33.37739181518555,99047600
2017-06-28,33.55389624655837,33.93009630203288,33.245039289327146,33.865074157714844,88329600
2017-06-29,33.60498805819685,33.702521281865195,33.040684389936885,33.36579513549805,125997600
2017-06-30,33.544594433334126,33.66303037038063,33.38900552836239,33.444740295410156,92096400
2017-07-03,33.644466342586206,33.7419995685856,33.23110972330435,33.323997497558594,57111200
2017-07-05,33.36810698363725,33.62355003161704,33.142850501232495,33.460994720458984,86278400
2017-07-06,33.21251491916274,33.323980901443484,33.07085883073609,33.14516830444336,96515200
2017-07-07,33.18464286168929,33.614256538801015,33.18464286168929,33.48188781738281,76806800
2017-07-10,33.46564913178166,33.89293850508548,33.29380287486033,33.68626022338867,84362400
2017-07-11,33.60962726895315,33.869719387969006,33.52835136080657,33.795406341552734,79127200
2017-07-12,33.87436382294144,33.94635237737714,33.630532536869914,33.84417724609375,99538000
2017-07-13,33.788431492665154,34.482779229905475,33.77449868580418,34.31557846069336,100797600
2017-07-14,34.36202366897313,34.677846962729916,34.21340115093702,34.61050033569336,80528400
2017-07-17,34.55941190824262,35.04243239726825,34.50135618621704,34.73125457763672,95174000
2017-07-18,34.647659144358606,34.863628303726074,34.524581279562305,34.85201644897461,71475200
2017-07-19,34.94490251484222,35.163192617256435,34.82182465598151,35.07030487060547,83692000
2017-07-20,35.18177493447977,35.23750971496516,34.877563454142056,34.91239547729492,68974800
2017-07-21,34.831126529812465,34.93562616357618,34.57335887669316,34.896148681640625,105010400
2017-07-24,34.968123698453404,35.40005842173057,34.81021028841995,35.31877899169922,85972800
2017-07-25,35.251440263595825,35.725173465298916,35.251440263595825,35.469730377197266,75415600
2017-07-26,35.611383897063476,35.74607006372819,35.544037270290794,35.63692855834961,63124000
2017-07-27,35.704273577089516,35.760008352946,34.206436467421675,34.96348190307617,129905200
2017-07-28,34.80788626719265,34.88684119353029,34.64533096489755,34.71731948852539,68854800
2017-07-31,34.81021356914964,34.91007126526908,34.39918156054586,34.53851318359375,79383600
2017-08-01,34.62443594985058,34.88452446501993,34.4642015812408,34.84504699707031,141474400
2017-08-02,36.98846924366249,37.0976143078871,36.26393481173815,36.491512298583984,279747200
2017-08-03,36.47061154867575,36.50776806757906,35.99919928834219,36.126922607421875,108389200
2017-08-04,36.24302755512729,36.55188087558903,36.1547817244582,36.31733703613281,82239600
2017-08-07,36.47293570701855,36.90487053275964,36.38236889888449,36.87932586669922,87481200
2017-08-08,36.83056257058554,37.58064173305547,36.75392856920262,37.174251556396484,144823600
2017-08-09,36.98381164768275,37.45058186710962,36.948979635832835,37.40181350708008,104526000
2017-08-10,37.27826484389665,37.30157975418536,36.04964662203939,36.21051025390625,163217200
2017-08-11,36.50890935657249,36.96818517519184,36.385348203071295,36.71406555175781,105028400
2017-08-14,37.14305180141279,37.35054170797339,37.01016320866023,37.2666130065918,88490800
2017-08-15,37.45544374859917,37.81446983217427,37.33421263735661,37.674591064453125,117862000
2017-08-16,37.75385699046317,37.88674200095783,37.33654362997252,37.52305221557617,110686400
2017-08-17,37.42279747604051,37.46709365530444,36.79799438919675,36.80265808105469,111762400
2017-08-18,36.80266342005648,37.185004388718376,36.53688986327145,36.71873474121094,109712400
2017-08-21,36.718734394586384,36.809656832697826,36.16154231336909,36.651126861572266,105474000
2017-08-22,36.888930150492534,37.30157987390728,36.83997381902732,37.25028991699219,86418400
2017-08-23,37.084759339285874,37.411146680312214,37.040463152141896,37.29690933227539,77596400
2017-08-24,37.401811820626165,37.47408659209715,36.96352084417168,37.131378173828125,79275600
2017-08-25,37.21998008462911,37.43213366731331,37.131391254192394,37.26893997192383,101920400
2017-08-28,37.334198394234235,37.767829167713245,37.28523853192924,37.64426803588867,103864000
2017-08-29,37.3248911781703,38.028955868971686,37.3015762700593,37.97999954223633,118067600
2017-08-30,38.18748289086875,38.20846417016917,37.91005189560232,38.08257293701172,109078400
2017-08-31,38.15017549288083,38.35533523890325,38.11287307408504,38.23410415649414,107140400
2017-09-01,38.42062445503937,38.45326319213896,38.14785710413093,38.24577331542969,66364400
2017-09-05,38.17582996377826,38.29239738351499,37.43212925668109,37.786495208740234,117874000
2017-09-06,37.933361409195015,37.99863886264556,37.42279567464267,37.74685287475586,86606800
2017-09-07,37.78882782667486,37.8238001893692,37.38550552322698,37.5953254699707,87714000
2017-09-08,37.502067388313236,37.56967492105878,36.958862829370304,36.982177734375,114446000
2017-09-11,37.41813701003698,37.7794966770566,37.27592463362364,37.65127182006836,126323200
2017-09-12,37.91006121634185,38.224794712649675,37.01482417253426,37.5020751953125,286856000
2017-09-13,37.27126446546717,37.29224930394388,36.81432218671921,37.219974517822266,179629600
2017-09-14,37.066112489582196,37.16169507812137,36.856288982201704,36.90058517456055,95042800
2017-09-15,36.944869191475775,37.52770614652858,36.83529555933749,37.273590087890625,196458400
2017-09-18,37.32721555895089,37.4181379949622,36.835300954542234,36.99150085449219,113077600
2017-09-19,37.187330392736726,37.24794771699612,36.93787800840331,37.00548553466797,83242400
2017-09-20,36.811986678781416,36.8959153563297,35.86312981059454,36.385353088378906,211805600
2017-09-21,36.322407247035535,36.322407247035535,35.611345303642345,35.76055145263672,150046800
2017-09-22,35.329248102469,35.499439077763675,35.10077698110493,35.41084671020508,186581600
2017-09-25,34.967898570654704,35.396865854855974,34.774396211971876,35.098453521728516,177549200
2017-09-26,35.38519562953558,35.88410390242275,35.36421435369019,35.7022590637207,146640000
2017-09-27,35.856132681053886,36.070616268553735,35.79551535680401,35.95637893676758,102016800
2017-09-28,35.87710996692245,35.9680323858252,35.59967901870899,35.73489761352539,88022000
2017-09-29,35.718597940254405,35.93308161143979,35.4365031590803,35.930747985839844,105199200
2017-10-02,35.963377062526,36.00767324874679,35.604350994879546,35.85846710205078,74795200
2017-10-03,35.90510146257561,36.156887558977715,35.881790109070714,36.01467514038086,64921200
2017-10-04,35.81650464609564,35.87012466029969,35.543737325116126,35.781532287597656,80655200
2017-10-05,35.9447271835859,36.23847935264511,35.9144220740115,36.22682189941406,85135200
2017-10-06,36.12889852782328,36.250129614135396,36.0333124105896,36.205833435058594,69630400
2017-10-09,36.324739942791545,36.539223575154196,36.25013864157454,36.33173370361328,65051600
2017-10-10,36.38303226599616,36.83531454541433,36.15922475201697,36.34572982788086,62468000
2017-10-11,36.36203860851548,36.59750349897214,36.31074866289442,36.497257232666016,67622400
2017-10-12,36.45063625092287,36.68843124334951,36.306090220834726,36.36903762817383,64500400
2017-10-13,36.5392323494425,36.667457257557835,36.464631030311224,36.599849700927734,65576800
2017-10-16,36.81198065819359,37.30156512337973,36.75369696268831,37.273590087890625,96486000
2017-10-17,37.25028446246104,37.50440058437659,37.12205958894918,37.41114807128906,75989200
2017-10-18,37.399486745122914,37.46709783386233,37.208318045882265,37.2456169128418,65496800
2017-10-19,36.543887080751354,36.62082200675138,36.14056479355921,36.36437225341797,170336800
2017-10-20,36.51123961031176,36.77701312866211,36.359703419728206,36.427310943603516,95896400
2017-10-23,36.576522059698476,36.763030628659415,36.25246479960394,36.40866470336914,87937200
2017-10-24,36.43664605465474,36.70008958734267,36.415664770818275,36.62548828125,71028800
2017-10-25,36.581182267992716,36.730388397479196,36.19884133884892,36.46461486816406,84828400
2017-10-26,36.65579159797525,36.795673931407954,36.55088162657848,36.697757720947266,68002000
2017-10-27,37.13604877730256,38.1408629713092,36.998500069249204,38.012638092041016,177816800
2017-10-30,38.208472089995574,39.18297765530634,38.168839590650364,38.86824417114258,178803200
2017-10-31,39.14333366383427,39.551319586418295,38.91952623556408,39.40910720825195,144187200
2017-11-01,39.60261203671337,39.618933182180236,38.609458951518015,38.90787124633789,134551200
2017-11-02,38.84026655427204,39.283221336309026,38.532526851703295,39.192298889160156,165573600
2017-11-03,40.56546153192935,40.62607530874295,39.89403206477131,40.21575927734375,237594400
2017-11-06,40.18545033681438,40.796266023002474,40.033914117133875,40.62374496459961,140105200
2017-11-07,40.54448303429965,40.85688288274763,40.47221179923316,40.754302978515625,97446000
2017-11-08,40.71934250638824,41.08769607543945,40.6424075624703,41.08769607543945,97638000
2017-11-09,40.82423505498039,41.05503978810688,40.36495921343929,41.00374984741211,117930400
2017-11-10,40.97099827789114,41.0341719661069,40.77446188137926,40.86804962158203,100582000
2017-11-13,40.59430565493508,40.82827859819119,40.57090693255195,40.70427322387695,67928400
2017-11-14,40.48667770904722,40.58962637830053,40.05148787911344,40.088924407958984,99130000
2017-11-15,39.768374442386936,39.8502663861521,39.39635838500541,39.56013870239258,116632400
2017-11-16,40.051482941483414,40.21292482835104,39.8455891985037,40.03276824951172,94550000
2017-11-17,40.01872540396868,40.10061735144364,39.6911647543555,39.810489654541016,87598000
2017-11-20,39.843241014580016,39.90641469316812,39.67244180817521,39.77070999145508,65049600
2017-11-21,39.95789457257142,40.641095063383005,39.95789457257142,40.51007080078125,100525200
2017-11-22,40.56154734000195,40.94526280289188,40.48901630283123,40.93590545654297,102355600
2017-11-24,40.96865767179468,41.062245407058306,40.863367006944024,40.93824005126953,56106800
2017-11-27,40.956957323769124,40.96397622523732,40.55686208936625,40.73234176635742,82867200
2017-11-28,40.78147230898322,40.91483498956653,40.21057793000543,40.49368667602539,105715200
2017-11-29,40.390753077862556,40.45860366514823,39.11092070578444,39.65373611450195,166665600
2017-11-30,39.87599966375106,40.27609489391926,39.41039587728747,40.20824432373047,166108800
2017-12-01,39.76369314346366,40.16612681204002,39.424433156736974,40.02106475830078,159037200
2017-12-04,40.35563746339928,40.388393520644755,39.68881696158599,39.72859191894531,130169600
2017-12-05,39.555461202335145,40.131036155210275,39.40103821861945,39.691165924072266,109400800
2017-12-06,39.190456819322876,39.82218287193415,38.94712659859109,39.54375457763672,114240000
2017-12-07,39.54844071761512,39.87834337776579,39.52036511084257,39.616294860839844,102693200
2017-12-08,39.89003897028129,40.009363857939476,39.499304675641376,39.627986907958984,93420800
2017-12-11,39.588229401626656,40.45159031047844,39.492299618388785,40.400115966796875,141095200
2017-12-12,40.27845150621973,40.33460631284405,40.1170131311962,40.17316436767578,77636800
2017-12-13,40.36033514994437,40.60366545476763,40.24334867124888,40.306522369384766,95273600
2017-12-14,40.33692847383528,40.507731269561084,40.16144879038737,40.29481506347656,81906000
2017-12-15,40.62472328000438,40.75106709849942,40.35097536481199,40.70427322387695,160677200
2017-12-18,40.91718722520547,41.46000256744993,40.91250676695561,41.277503967285156,117684400
2017-12-19,40.952283065190386,41.03651346570218,40.732347932179394,40.8376350402832,109745600
2017-12-20,40.914834249708285,41.04352004102671,40.53579934631823,40.79317092895508,93902400
2017-12-21,40.75105732062149,41.18390858984374,40.734681074997674,40.947593688964844,83799600
2017-12-22,40.870382207799324,41.04352342951681,40.828268801787004,40.947593688964844,65397600
2017-12-26,39.962565199563024,40.11932658733625,39.70051316868228,39.90875244140625,132742000
2017-12-27,39.79880026803186,39.957900160542586,39.70755096023451,39.91578674316406,85992800
2017-12-28,40.00936935393371,40.20824776415976,39.88770243579035,40.0280876159668,65920800
2017-12-29,39.89706096551949,39.91343721247929,39.59289547342585,39.59523391723633,103999600
2018-01-02,39.812831542998936,40.31353343162475,39.60225378021744,40.30417251586914,102223600
2018-01-03,40.36733841756425,40.839964608071945,40.233975739981666,40.29714584350586,118071600
2018-01-04,40.36970404464927,40.58730081373873,40.262078452745044,40.484352111816406,89738400
2018-01-05,40.58026192724971,41.03182792816311,40.48901263550257,40.94525909423828,94640000
2018-01-08,40.79317092895508,41.0879754571315,40.69489918275364,40.79317092895508,82271200
2018-01-09,40.83997607024875,40.959300980537996,40.57324707008062,40.78850173950195,86336000
2018-01-10,40.514745908802524,40.781474856775525,40.47730939010454,40.77913284301758,95839600
2018-01-11,40.84933462041617,41.05991240789748,40.82593946856962,41.01077651977539,74670800
2018-01-12,41.22134511941513,41.497435006670855,41.09733976408248,41.434261322021484,101672400
2018-01-16,41.62378943698637,41.972410443367636,41.21199829996464,41.223697662353516,118263600
2018-01-17,41.21432947214807,41.939646970546875,40.961641853884466,41.9045524597168,137547200
2018-01-18,41.96772324905173,42.13852605820033,41.70567471028857,41.941986083984375,124773600
2018-01-19,41.78990866232449,42.01686270900164,41.50914183689063,41.75481414794922,129700400
2018-01-22,41.48340442098347,41.59571043645508,41.3196240713074,41.413211822509766,108434400
2018-01-23,41.483408346767774,41.98411036038649,41.37110232066807,41.42257308959961,130756400
2018-01-24,41.47169778528601,41.48339714467017,40.52410679746099,40.762760162353516,204420400
2018-01-25,40.83062483384252,40.93357351974331,39.899413341625795,40.035118103027344,166116000
2018-01-26,40.24334446403802,40.24334446403802,39.78943640292996,40.12869644165039,156572000
2018-01-29,39.81282771637196,39.81282771637196,39.08985234497419,39.29808807373047,202561600
2018-01-30,38.72954563542,39.160055045574445,38.53534764091524,39.06646728515625,184192800
2018-01-31,39.04306324959199,39.41040247806591,38.95649440447249,39.17408752441406,129915600
2018-02-01,39.113246399868274,39.452506365991724,39.017316661059965,39.2559700012207,188923200
2018-02-02,38.839509292555,39.026688364620185,37.45907033009402,37.55265808105469,346375200
2018-02-05,37.22509515859577,38.3434854954354,36.499777636480054,36.61442565917969,290954000
2018-02-06,36.22603017907835,38.30604944131928,36.03183221340703,38.14460754394531,272975200
2018-02-07,38.15864182365693,38.231172856032934,37.218073276522176,37.32803726196289,206434400
2018-02-08,37.50352025097628,37.66964260600261,36.27282389580829,36.300899505615234,217562000
2018-02-09,36.89996378245455,37.09260194445449,35.295412891463684,36.744911193847656,282690400
2018-02-12,37.23590527913192,38.50216084208162,37.00332640992512,38.22494888305664,243278000
2018-02-13,38.04640834113016,38.70420433662891,37.975929558630334,38.60788345336914,130196800
2018-02-14,38.30247598263867,39.359646916272006,38.26489040714786,39.31970977783203,162579600
2018-02-15,39.88824179141258,40.663501375875185,39.70265109433449,40.640010833740234,204588800
2018-02-16,40.49199890679154,41.06992063350234,40.35339290200922,40.50844192504883,160704400
2018-02-20,40.41917323044115,40.938359663897515,40.27116813864954,40.372188568115234,135722000
2018-02-21,40.60242352411333,40.90547769984624,40.17485477209102,40.1889533996582,149886400
2018-02-22,40.36042378787491,40.865514959365235,40.339281236814955,40.524871826171875,123967600
2018-02-23,40.799743490838885,41.2648976259703,40.76920185482098,41.22966003417969,135249600
2018-02-26,41.4293423310573,42.143518220914565,41.396452722669764,42.04484939575195,152648800
2018-02-27,42.075399491200336,42.399596100612726,41.85456768273009,41.908599853515625,155712400
2018-02-28,42.1129932092507,42.43249392454348,41.82873367844383,41.845176696777344,151128400
2018-03-01,41.94383343816568,42.235143989434334,40.56246615530191,41.1121940612793,195208000
2018-03-02,40.595371296980964,41.41761549275726,40.51314544352325,41.3964729309082,153816000
2018-03-05,41.161528279154766,41.75589282632542,40.99942820543574,41.53976058959961,113605600
2018-03-06,41.79583864338566,41.875712915688,41.37766911815642,41.5045280456543,95154000
2018-03-07,41.09810869248664,41.3118930122191,40.94070811407803,41.1192512512207,126814000
2018-03-08,41.2249716082499,41.61025158273074,41.12865430315472,41.56796646118164,95096400
2018-03-09,41.80758156446404,42.28683073553249,41.673671546479305,42.28213119506836,128740800
2018-03-12,42.35495927254413,42.848307080513344,42.336168279495034,42.6909065246582,128828400
2018-03-13,42.895292351414525,43.109076643598875,42.10828956078416,42.27978515625,126774000
2018-03-14,42.362016616189074,42.409001275131494,41.77234785465769,41.920352935791016,117473600
2018-03-15,41.934443192119986,42.34321720616517,41.83342636615037,41.96968078613281,90975200
2018-03-16,41.96968729351634,42.08010321814218,41.72771288457882,41.821685791015625,157618800
2018-03-19,41.65723147144648,41.692469065666344,40.79739832548874,41.18267822265625,133787200
2018-03-20,41.16858673095703,41.53507208120745,41.09810795174742,41.16858673095703,78597600
2018-03-21,41.12160323355802,41.13335029556511,40.23357983326294,40.235931396484375,148219600
2018-03-22,39.937564805796335,40.56716704796147,39.60866864715772,39.66740036010742,165963200
2018-03-23,39.55933735467391,39.91877519588673,38.74884033203125,38.74884033203125,164115200
2018-03-26,39.48415483536228,40.66583652732721,39.101222947632834,40.58831024169922,150164800
2018-03-27,40.802089099688025,41.14743181798112,39.213985058848884,39.54758071899414,163690400
2018-03-28,39.29152475547946,39.942273284293705,38.80757590603423,39.11063003540039,166674000
2018-03-29,39.42307458789862,40.34868696132009,39.2092902915603,39.4160270690918,153594000
2018-04-02,39.14821634870157,39.68854890632688,38.63842543352329,39.15761184692383,150347200
2018-04-03,39.38313485861057,39.643903791381845,38.734738078203186,39.559329986572266,121112000
2018-04-04,38.73473557473187,40.409761378700175,38.70889348091307,40.315792083740234,138422000
2018-04-05,40.54368322890842,40.93131116470009,40.426219783553385,40.595367431640625,107732800
2018-04-06,40.16545137256232,40.52018969217468,39.51470287216489,39.55699157714844,140021200
2018-04-09,39.90937698053834,40.66349020989333,39.90232946136302,39.94931411743164,116070800
2018-04-10,40.64234479543622,40.87727164396476,40.297002041323346,40.70107650756836,113634400
2018-04-11,40.46145936652641,40.85848640483897,40.336948395123066,40.51079559326172,89726400
2018-04-12,40.7386644739953,41.11219729191981,40.651739104982695,40.910160064697266,91557200
2018-04-13,41.060525596533935,41.30954755093881,40.84204528794482,41.04877853393555,100497200
2018-04-16,41.11925726342559,41.39177334262031,41.07227259780241,41.30485153198242,86313600
2018-04-17,41.462241502852926,42.03781157474124,41.44344692448237,41.87336349487305,106421600
2018-04-18,41.77233709524598,42.00961547654327,41.5538568743234,41.77938461303711,83018000
2018-04-19,40.82089523929037,41.203827218251746,40.56247781032921,40.595367431640625,139235200
2018-04-20,40.07852353288215,40.22417703818973,38.863948518722765,38.93207931518555,261964400
2018-04-23,39.192849722893605,39.21399228063409,38.549148815653716,38.81931686401367,146062000
2018-04-24,38.9203295308435,39.075382107078006,37.87490579962444,38.27898025512695,134768000
2018-04-25,38.203807312988204,38.86160328074757,38.154474676608544,38.44578170776367,113528400
2018-04-26,38.556187281378676,38.93441959250887,38.37999217218198,38.579681396484375,111852000
2018-04-27,38.5279951576472,38.60552143172579,37.73629298962101,38.13331985473633,142623200
2018-04-30,38.08869035766404,39.29386262956207,38.02055956548532,38.82400894165039,169709600
2018-05-01,39.09416262834553,39.74960670538273,38.82634626782418,39.72611618041992,214277600
2018-05-02,41.166239996519735,41.75825679274042,40.83029624761953,41.48104476928711,266157600
2018-05-03,41.31893474070514,41.69951508337644,40.980639509575454,41.556209564208984,136272800
2018-05-04,41.875711284464984,43.28527239361948,41.85691670617901,43.18660354614258,224805200
2018-05-07,43.50375372593912,44.0887228912663,43.402736897928456,43.49905776977539,169805600
2018-05-08,43.45911185257509,43.74807082502772,43.14900674286115,43.708133697509766,113611200
2018-05-09,43.82560946207637,44.02529515598114,43.51315628663752,44.015899658203125,92844800
2018-05-10,44.10516748877199,44.72302265798103,44.08402134819816,44.6454963684082,111957200
2018-05-11,44.687940527757824,44.822363298261855,44.20683979479661,44.47568893432617,104848800
2018-05-14,44.5747493038135,44.69738334833763,44.30354306537909,44.37193298339844,83115200
2018-05-15,44.048840718550096,44.117234231162634,43.652643426187645,43.968658447265625,94780800
2018-05-16,43.88140932509462,44.44504955390993,43.86489930236729,44.37901306152344,76732400
2018-05-17,44.33655172267472,44.55116036327544,43.949786202651836,44.09836196899414,69176000
2018-05-18,44.14554136536321,44.29175654638332,43.89555917902967,43.93800735473633,73190800
2018-05-21,44.33656270229301,44.63607134090016,44.079505835377276,44.249305725097656,73603200
2018-05-22,44.426174494172024,44.54409086890035,44.0488406556325,44.138458251953125,60962800
2018-05-23,43.947444189787284,44.45448327580504,43.80830010142055,44.42146682739258,80233600
2018-05-24,44.51815174366573,44.53465816586804,43.914420445273656,44.37193298339844,92936000
2018-05-25,44.39079237378272,44.725674408100176,44.254008962832486,44.47333526611328,69844000
2018-05-29,44.24222988370924,44.51343613465707,44.07006936758996,44.3129768371582,90056400
2018-05-30,44.27053432271257,44.33656722005208,44.04885091084863,44.218650817871094,74762000
2018-05-31,44.152607446031645,44.39079722646225,43.8979076459214,44.070064544677734,109931200
2018-06-01,44.334210023930105,44.86954789692039,44.27760885562374,44.86483383178711,93770000
2018-06-04,45.194986887719175,45.614768883892694,45.12659697535202,45.23979568481445,105064800
2018-06-05,45.53223148269539,45.73740482688072,45.36478864422395,45.588829040527344,86264000
2018-06-06,45.66429830937113,45.7704223312926,45.261022707842756,45.7468376159668,83734400
2018-06-07,45.784567261595775,45.79871665000415,45.360067616734455,45.624202728271484,85388800
2018-06-08,45.084138286332454,45.27987986549023,44.75397393505521,45.209129333496094,106627200
2018-06-11,45.12659949697931,45.27281465481039,44.85775029790672,45.098297119140625,73234000
2018-06-12,45.13603715474393,45.423753444007204,45.07943599015152,45.34592819213867,67644400
2018-06-13,45.37893736680692,45.48742201526099,44.91198952894419,44.973304748535156,86553600
2018-06-14,45.17376559052578,45.17848325327996,44.86010759003595,44.996891021728516,86440400
2018-06-15,44.81530191719264,44.84596132945059,44.39787689811876,44.53466033935547,246876800
2018-06-18,44.308242570075,44.62425747980051,44.14787448549192,44.51105880737305,73939600
2018-06-19,43.662077454917885,43.94271901773257,43.26351951098928,43.791786193847656,134314000
2018-06-20,43.947441310166745,44.147897020063795,43.801222535187,43.98281478881836,82514800
2018-06-21,44.15967636513542,44.419093793871994,43.614903363310304,43.7375373840332,102847600
2018-06-22,43.89319376267183,43.90026845785163,43.558311662911876,43.61019515991211,108801600
2018-06-25,43.25173179889428,43.61019864357019,42.62205868793474,42.9616584777832,126652400
2018-06-26,43.15504036576329,43.989886797653796,43.04891273924521,43.49463653564453,98276800
2018-06-27,43.68330846262306,44.166766421510985,43.400309822805696,43.43096923828125,101141200
2018-06-28,43.41680674992798,43.9144139509313,43.34605621168392,43.746971130371094,69460800
2018-06-29,43.93327968606021,44.145531311824726,43.136167469409244,43.654998779296875,90950800
2018-07-02,43.350771125550494,44.171467960995365,43.25643588103166,44.143165588378906,70925200
2018-07-03,44.287030725676225,44.32476482948047,43.28474153395483,43.374359130859375,55819200
2018-07-05,43.690395103029076,43.96160505582945,43.45927990382247,43.723411560058594,66416800
2018-07-06,43.728105027214696,44.43796025980042,43.676221537946965,44.3294792175293,69940800
2018-07-09,44.69031130755683,44.96859225753732,44.64314547179164,44.945011138916016,79026400
2018-07-10,44.97565843531915,45.11008121096338,44.850663786356435,44.8907585144043,63756400
2018-07-11,44.45448086414058,44.7563465471134,44.244589825221624,44.308265686035156,75326000
2018-07-12,44.69738684416554,45.14075362545193,44.64550334429064,45.0511360168457,72164400
2018-07-13,45.062925201040784,45.24215680710404,45.02047343207802,45.121883392333984,50055600
2018-07-16,45.16669673769916,45.43318534216058,44.90727923050014,45.0228385925293,60172400
2018-07-17,44.749269628425964,45.24923396629142,44.61956088081296,45.150184631347656,62138000
2018-07-18,45.228000058165804,45.23271772028795,44.791708074173755,44.902549743652344,65573600
2018-07-19,44.735116413293575,45.40959824469999,44.735116413293575,45.251590728759766,81147200
2018-07-20,45.227994142628475,45.38128395559156,44.84830335819788,45.14781188964844,82704800
2018-07-23,44.968585665291265,45.270454886685215,44.70445414490889,45.18791198730469,63957600
2018-07-24,45.38601924397004,45.671378500253525,45.29168756835982,45.51572799682617,74791600
2018-07-25,45.52985937069219,45.95200190852112,45.38128362180565,45.94492721557617,66839600
2018-07-26,45.89542192224151,46.21379764560685,45.65958911931103,45.801090240478516,76304000
2018-07-27,45.98503656933422,46.03220240716992,44.83181438141604,45.039344787597656,96096000
2018-07-30,45.25629591237076,45.32704644554842,44.5888925053046,44.786991119384766,84118000
2018-07-31,44.87897424756083,45.31290565554583,44.65257321814302,44.87661361694336,157492000
2018-08-01,46.96137932119036,47.58161704185553,46.53216196456808,47.520301818847656,271742800
2018-08-02,47.30333835907744,49.142834720583664,47.24909782850807,48.909358978271484,249616000
2018-08-03,48.82445271161577,49.227728287281295,48.458911238642635,49.05085372924805,133789600
2018-08-06,49.053214468487354,49.34800542082201,48.8338917272411,49.30555725097656,101701600
2018-08-07,49.364518588912105,49.40696676146404,48.760783657277955,48.843326568603516,102349600
2018-08-08,48.59334795485617,49.00841237709659,48.23252406768446,48.876346588134766,90102000
2018-08-09,49.41403967695169,49.472997869054055,48.86454889473496,49.26074981689453,93970400
2018-08-10,49.07378955771502,49.48557902120588,48.9104936737248,49.11402130126953,98444800
2018-08-13,49.535267986992444,49.9233899602011,49.154245519727546,49.43113708496094,103563600
2018-08-14,49.73644334784153,49.83110585938184,49.28678739016667,49.63941192626953,82992000
2018-08-15,49.513984613795685,49.87370867325662,49.3033574470419,49.75537872314453,115230400
2018-08-16,50.11272573092973,50.600244468404085,50.04646125852407,50.484283447265625,114001600
2018-08-17,50.51267533520291,51.580009882061766,50.44641087085181,51.49244689941406,141708000
2018-08-20,51.61551211353429,51.87110156077517,50.90789789788546,50.99073028564453,121150800
2018-08-21,51.307850505178855,51.400147691984785,50.6523017823488,50.891326904296875,104639200
2018-08-22,50.668869720913406,51.20371962269942,50.60733585559325,50.89369583129883,76072400
2018-08-23,50.799036230072055,51.36702204650788,50.78720612628316,50.997833251953125,75532800
2018-08-24,51.26051822721865,51.33151328398734,50.907893796984375,51.15638732910156,73905600
2018-08-27,51.390681058681736,51.76697293591533,51.19662187429495,51.57764434814453,82100400
2018-08-28,51.83087525943924,52.192964560685056,51.80957673845841,51.994171142578125,91107200
2018-08-29,52.100657102357275,52.89110363309091,51.92553114946539,52.77040481567383,109019200
2018-08-30,52.83431518462097,54.019979815516336,52.63315285368258,53.25556945800781,195175200
2018-08-31,53.605818652582734,54.164336015200355,53.485123435107745,53.870880126953125,173360400
2018-09-04,54.0554776662455,54.23770315227704,53.63422341854379,54.043643951416016,109560400
2018-09-05,54.19273077035824,54.35365770655821,53.272124261065116,53.691009521484375,133332000
2018-09-06,53.539559593731255,53.80462109487018,52.37282820688396,52.7988166809082,137160000
2018-09-07,52.50299691088014,53.33603710572654,52.233204786532895,52.372833251953125,150479200
2018-09-10,52.290003987392694,52.50300006328295,51.229768650474384,51.66995620727539,158066000
2018-09-11,51.59421069773185,53.08280312163129,51.25105465010244,52.9763069152832,142996000
2018-09-12,53.234262271079686,53.248461282972364,52.02729570420869,52.318389892578125,197114800
2018-09-13,52.89821031768042,54.041277818620834,52.67338418396215,53.582157135009766,166825600
2018-09-14,53.425970693396906,53.683929109361706,52.66156025229259,52.97394943237305,127997200
2018-09-17,52.57398872003908,52.76331733842613,51.41909100904988,51.563453674316406,148780400
2018-09-18,51.542147486225396,52.502989516991164,51.383585819005404,51.64864730834961,126286800
2018-09-19,51.71016832847742,51.975226159309635,50.95285766099817,51.67940139770508,108495200
2018-09-20,52.12196959989954,52.60475413219068,51.864007604400776,52.072269439697266,106435200
2018-09-21,52.24976449154423,52.387027646018495,51.42382026606977,51.51138687133789,384986800
2018-09-24,51.31259228450954,52.36335902352826,51.267626333584346,52.25212860107422,110773600
2018-09-25,52.00599973120798,52.73254717183654,51.99416601700422,52.58345031738281,98217600
2018-09-26,52.30183301725907,52.952647681500984,52.00837346864391,52.16456985473633,95938800
2018-09-27,52.969210122012925,53.589257782363156,52.902942040808725,53.23663330078125,120724800
2018-09-28,53.198765683780366,53.44725924659931,53.016540200703474,53.4235954284668,91717600
2018-10-01,53.946613444314615,54.294503721470214,53.56795984146107,53.78331756591797,94403200
2018-10-02,53.78095239271763,54.43176699813006,53.634224437244896,54.26137161254883,99152800
2018-10-03,54.44359983400097,55.25297609687015,54.37970066265418,54.921653747558594,114619200
2018-10-04,54.616356932476414,54.9879146101768,53.65788386972213,53.956077575683594,128168000
2018-10-05,53.94898929690006,54.055485523559796,52.202438179564524,53.0804443359375,134322000
2018-10-08,52.588185792016155,53.201133924424155,52.112497192021806,52.957374572753906,118655600
2018-10-09,52.92659935225034,53.78567561143326,52.59764236335491,53.691009521484375,107564000
2018-10-10,53.357325953618734,53.56795305429234,51.13035612450343,51.20372009277344,167962400
2018-10-11,50.76827690881467,51.946842063881995,50.24762591104082,50.751708984375,212497600
2018-10-12,52.16456604729884,52.74675089335789,51.31732331289701,52.56452178955078,161351600
2018-10-15,52.33968039770637,52.498242024804284,51.419073952462604,51.440372467041016,123164000
2018-10-16,51.811933502380235,52.77277542057539,51.29838211796035,52.573978424072266,116736000
2018-10-17,52.609475211511864,52.68993867828967,51.90896060196934,52.34678268432617,91541600
2018-10-18,51.55870604983427,52.003627645600474,50.40853923550798,51.123252868652344,130325200
2018-10-19,51.606053503217865,52.363364406501475,51.456956621379305,51.901878356933594,132314800
2018-10-22,52.015458926758086,52.86033619603111,51.81430025155654,52.21898651123047,115168400
2018-10-23,51.078302390515155,52.83431826872994,50.810875570252065,52.71125411987305,155071200
2018-10-24,52.68048950792541,53.066242647781394,50.77300788610359,50.90317153930664,163702000
2018-10-25,51.52322684458672,52.39176821772767,51.29603175862123,52.017845153808594,119423200
2018-10-26,51.09485188352168,52.110124497595585,50.330441703120535,51.189517974853516,189033600
2018-10-29,51.87347250273323,51.99180242637242,48.77322705892924,50.22868728637695,183742000
2018-10-30,49.97072476050618,50.924463645690075,49.52580670807782,50.47954559326172,146640000
2018-10-31,51.32677898331654,52.17165259816873,51.26524512370163,51.79536437988281,153435600
2018-11-01,51.84034949700051,52.62369315315729,51.3102300447155,52.59056091308594,233292800
2018-11-02,49.59206420928688,50.56236726950181,48.61702333058123,49.102176666259766,365314800
2018-11-05,48.349601650275304,48.3709001672699,46.89887580704983,47.708251953125,264654800
2018-11-06,47.78635615026074,48.449004447935366,47.731925396254766,48.224178314208984,127531600
2018-11-07,48.74483182553473,49.712769789684685,48.30937854826853,49.686737060546875,133697600
2018-11-08,49.86722171346018,49.900469550137,49.1001442948678,49.513370513916016,101450400
2018-11-09,48.815166373876544,48.92440772185427,48.03146315999094,48.55868148803711,137463200
2018-11-12,47.259635249162585,47.46149946228675,46.02233365648393,46.112579345703125,204542000
2018-11-13,45.509370087049234,46.82741236651,45.46662079150977,45.651859283447266,187531600
2018-11-14,46.04845004074686,46.18619210460232,44.155689779845716,44.3623046875,243204000
2018-11-15,44.73991897952376,45.59011799426368,44.386064076083116,45.45712661743164,185915200
2018-11-16,45.24099798063293,46.30255869558967,44.99401459922713,45.96057891845703,147713200
2018-11-19,45.122258727684965,45.288497903512194,43.9324573152548,44.139068603515625,167701200
2018-11-20,42.36031733508425,43.09652435353119,41.68110818136177,42.03021240234375,271300800
2018-11-21,42.68328595925916,42.81153021281317,41.92808348913567,41.982704162597656,124496800
2018-11-23,41.545728433984664,41.939955371122814,40.871270248544576,40.91638946533203,94496000
2018-11-26,41.37949212830179,41.548104874515914,40.434296833953724,41.46973419189453,179994000
2018-11-27,40.73115539333304,41.50536079593518,40.58154192418176,41.379493713378906,165549600
2018-11-28,41.97082618812788,43.05375986988433,41.54335141276549,42.97064208984375,184250000
2018-11-29,43.379125333484275,43.41237317618883,42.201195033571544,42.64054489135742,167080000
2018-11-30,42.816269784882905,42.82577123652674,42.04206816804442,42.41017150878906,158126000
2018-12-03,43.80660249828381,43.92059459018368,43.034774172698484,43.89209747314453,163210000
2018-12-04,42.97302165192976,43.31500152005368,41.86159070426997,41.961334228515625,165377200
2018-12-06,40.790533023797565,41.50774068534604,40.47230312963953,41.493492126464844,172393600
2018-12-07,41.20139014048303,41.438875810181194,39.96883893495053,40.01396179199219,169126400
2018-12-10,39.185118502126784,40.3939191668276,38.788518040620986,40.27755355834961,248104000
2018-12-11,40.766780351835095,40.79765101673973,39.6600965485078,40.04719924926758,189126800
2018-12-12,40.467537990997414,40.828517056992325,40.13981038220844,40.158809661865234,142510800
2018-12-13,40.48891845088322,40.98288889960045,40.2656814225094,40.59815979003906,127594400
2018-12-14,40.13507230635754,40.15407159200264,39.25162545444832,39.29912185668945,162814800
2018-12-17,39.29199353840662,39.98070398320627,38.64603238784971,38.93339157104492,177151600
2018-12-18,39.275366243130854,39.78595878885459,39.04025421520292,39.439231872558594,135366000
2018-12-19,39.42262018513315,39.76697367284492,37.78159337881256,38.209068298339844,196189200
2018-12-20,38.09268708722474,38.498789039513056,36.88151275562685,37.24486541748047,259092000
2018-12-21,37.25198753673331,37.56071950978802,35.53496783964715,35.796199798583984,382978400
2018-12-24,35.18349717525792,35.990950549802086,34.81302014550831,34.870018005371094,148676800
2018-12-26,35.21910781471175,37.33985203831882,34.84388021059676,37.32560348510742,234330000
2018-12-27,37.00975026203208,37.23061372589875,35.63946113582049,37.083370208740234,212468400
2018-12-28,37.40398276332058,37.646219094911956,36.70340095377201,37.10237503051758,169165600
2018-12-31,37.64858765548356,37.84570111622469,37.16174150533906,37.460975646972656,140014000
2019-01-02,36.784134628944,37.72457894857997,36.627393305047725,37.50371551513672,148158800
2019-01-03,34.193187065618154,34.60641345184163,33.72296643560102,33.768089294433594,365248800
2019-01-04,34.32378608802359,35.27847900912154,34.15042265199752,35.2096061706543,234428400
2019-01-07,35.314117263459316,35.34499155915994,34.64915668419154,35.13125228881836,219111200
2019-01-08,35.51834447775036,36.05506423362693,35.271361057087084,35.80095291137695,164101200
2019-01-09,35.92920207933708,36.698656883144814,35.53497865783523,36.4089241027832,180396400
2019-01-10,36.2165556097032,36.56565974711911,35.82707935334201,36.52528762817383,143122800
2019-01-11,36.306794806835,36.501531088310195,35.98143711442818,36.16667556762695,108092800
2019-01-14,35.82471660478118,35.92446015644314,35.43761378324668,35.62285232543945,129756800
2019-01-15,35.68696444823326,36.42791840883774,35.634717322934954,36.351924896240234,114843600
2019-01-16,36.354297134089684,37.01925755806657,36.33529785069117,36.7960205078125,122278800
2019-01-17,36.62027653760977,37.4419782573986,36.39703950757352,37.014503479003906,119284800
2019-01-18,37.403992634389624,37.49423834764518,37.04301340511108,37.24250411987305,135004000
2019-01-22,37.14511631915699,37.221109811985436,36.24504404145378,36.40653610229492,121576000
2019-01-23,36.60840409054777,36.84351614102213,36.02656509052752,36.55378341674805,92522400
2019-01-24,36.598908937659715,36.6867774572087,36.03606917947976,36.26405334472656,101766000
2019-01-25,36.92425433639867,37.553593252863344,36.64877383724475,37.465721130371094,134142000
2019-01-28,36.997883309964045,37.1261275746307,36.49204140125868,37.11900329589844,104768400
2019-01-29,37.107118439253085,37.55359244791163,36.598899490058756,36.7342643737793,166348800
2019-01-30,38.76953172900132,39.4582386532504,38.05232406307242,39.244503021240234,244439200
2019-01-31,39.44872512778767,40.13505822707616,39.08062179799805,39.527095794677734,162958400
2019-02-01,39.65059102884413,40.130309255024635,39.405977566123646,39.54609680175781,130672400
2019-02-04,39.757470562179186,40.766784499178435,39.72659627039081,40.66941452026367,125982000
2019-02-05,41.05175531049415,41.57897355982607,40.930638975712235,41.365234375,144406400
2019-02-06,41.476860058781234,41.695350007409324,41.04938886264292,41.379493713378906,112958400
2019-02-07,40.942525519836124,41.30825545825531,40.453305649769504,40.59579849243164,126966800
2019-02-08,40.30481062542633,40.70311205010361,40.16886153665804,40.64348602294922,95280000
2019-02-11,40.796127195647315,40.834288725227694,40.36681908607748,40.40974807739258,83973600
2019-02-12,40.569552249159045,40.784204501347254,40.47414841763224,40.75796890258789,89134000
2019-02-13,40.877218430046,41.137187031192965,40.52661710438461,40.588626861572266,89960800
2019-02-14,40.476534988953155,40.84621345605926,40.39782819422876,40.73650360107422,87342800
2019-02-15,40.84382905782214,40.95115518004431,40.486072890892316,40.645870208740234,98507200
2019-02-19,40.47654155555973,40.8891527227653,40.424070350564264,40.767513275146484,75891200
2019-02-20,40.82952266876856,41.33753763113266,40.78182257054154,41.02986526489258,104457600
2019-02-21,40.97501734607539,41.11096283125137,40.61726108922249,40.79852294921875,68998800
2019-02-22,40.92253824934637,41.26121367050578,40.87483815215059,41.254058837890625,75652800
2019-02-25,41.53788728893703,41.94572738329007,41.48779981174876,41.55458068847656,87493600
2019-02-26,41.430558762837144,41.809779499488094,41.30176447990518,41.57843017578125,68280800
2019-02-27,41.311307838567444,41.73822869074752,41.19682321958781,41.70722198486328,111341600
2019-02-28,41.57604632138093,41.71676290033313,41.24213831860219,41.296993255615234,112861600
2019-03-01,41.56650682581731,41.774004290989986,41.234986172142804,41.731075286865234,103544800
2019-03-04,41.902779333495985,42.3940971200848,41.4925520547497,41.940940856933594,109744800
2019-03-05,41.962415400636054,41.97672506553204,41.62850744949889,41.864627838134766,78949600
2019-03-06,41.65950767718971,41.85508277180671,41.48540071586533,41.62373352050781,83241600
2019-03-07,41.468701929469475,41.60465099767823,41.027471578824404,41.14195251464844,99185600
2019-03-08,40.62202508642293,41.27791144259841,40.42644995336146,41.239749908447266,95997600
2019-03-11,41.855088288867776,42.7208557482408,41.821697858468866,42.66838455200195,128044000
2019-03-12,42.93074174869042,43.56754731458191,42.7804829879991,43.14778137207031,129870400
2019-03-13,43.46738700048797,43.71781711847124,43.15017600294716,43.33859634399414,124130000
2019-03-14,43.86091499226116,43.908618737237624,43.54132028091361,43.820369720458984,94318000
2019-03-15,44.087475702611776,44.67896473572131,43.82273605791112,44.39037322998047,156171600
2019-03-18,44.31406458834656,44.931789362919865,44.311677218092875,44.843544006347656,104879200
2019-03-19,44.92224984377744,45.074892326124115,44.34268297347357,44.4881706237793,126585600
2019-03-20,44.416623003991106,45.19414879506152,44.05886680985221,44.87693786621094,124140800
2019-03-21,45.32054841838831,46.82550865122841,45.27046095796305,46.529762268066406,204136800
2019-03-22,46.58938884769909,47.14987492430253,45.50181076136391,45.56620788574219,169630800
2019-03-25,45.67592791524002,45.78802515555478,44.50487531846958,45.01527404785156,175381200
2019-03-26,45.71170377934582,46.00267911768265,44.0230940523578,44.55018615722656,199202000
2019-03-27,45.01764373375207,45.25853153709928,44.49293550153321,44.950862884521484,119393600
2019-03-28,45.065356795101245,45.210844466944145,44.72668135098658,45.010501861572266,83121600
2019-03-29,45.27523656677985,45.334862595503004,44.96756422056934,45.303855895996094,94256000
2019-04-01,45.70692285315882,45.71646141530523,44.92940084366063,45.61152267456055,111448000
2019-04-02,45.575762771064326,46.37952433040807,45.56622420517309,46.27458190917969,91062800
2019-04-03,46.09093282614167,46.86607141183357,46.067080952406386,46.591793060302734,93087200
2019-04-04,46.45821474988475,46.83505168659805,46.06468441762447,46.67287063598633,76457200
2019-04-05,46.85414302480752,47.00917291740986,46.7301198385826,46.985321044921875,74106400
2019-04-08,46.84696971195586,47.75566965032235,46.8278889493489,47.724666595458984,103526800
2019-04-09,47.77714861794036,48.380563770007704,47.51717635283578,47.581573486328125,143072800
2019-04-10,47.38600662091069,47.87732826678451,47.2667545362324,47.84870529174805,86781200
2019-04-11,47.90354983462724,47.93932399383451,47.32875408147207,47.45038986206055,83603200
2019-04-12,47.51001553529511,47.7342099694247,46.796890612294,47.43130874633789,111042800
2019-04-15,47.36214754820143,47.66504879296179,47.226198455924894,47.517173767089844,70146400
2019-04-16,47.572041057335646,48.02758123423002,47.357385131107456,47.52195358276367,102785600
2019-04-17,47.59111312973718,48.50697176693292,47.369306032753535,48.44734573364258,115627200
2019-04-18,48.44495796431432,48.69061692830525,48.30185766916621,48.62145233154297,96783200
2019-04-22,48.3757861360363,48.879029923206865,48.25891781907729,48.78124237060547,77758000
2019-04-23,48.75738696778805,49.549222254401556,48.63098009746342,49.484825134277344,93292000
2019-04-24,49.45621602782266,49.72333948607253,49.38228033057737,49.40851593017578,70162400
2019-04-25,49.32980323611612,49.55161030134446,48.92195962551455,48.960121154785156,74172800
2019-04-26,48.86949494823866,48.89334681703382,48.206453755716254,48.72639465332031,74596400
2019-04-29,48.75023602461829,49.12468920417565,48.6214454133817,48.800323486328125,88818800
2019-04-30,48.43064712012503,48.51173764933064,47.48855655267741,47.86062240600586,186139600
2019-05-01,50.05724976982913,51.352325495464314,49.90221989618125,50.20989227294922,259309200
2019-05-02,50.047701352042424,50.717897315952065,49.63986136370917,49.88313293457031,127985200
2019-05-03,50.29813262307989,50.52471080427624,50.140719033888494,50.50324630737305,83569600
2019-05-06,48.72400995039716,49.80920453287324,48.53559327802315,49.72334289550781,129772400
2019-05-07,49.10322560559148,49.47052032079765,47.898779164566115,48.38294219970703,155054800
2019-05-08,48.153986237910765,48.9744410929356,48.11821207126675,48.39249038696289,105358000
2019-05-09,47.79622027595835,48.10150523340118,46.904217269389115,47.87254333496094,139634400
2019-05-10,47.26682096876189,47.609197271335866,46.153507064144826,47.20935821533203,164834800
2019-05-13,44.94202857472407,45.36580404744378,43.7784343150076,44.465576171875,229722400
2019-05-14,44.63077462238211,45.41847349035006,44.39135198547642,45.16947555541992,146118800
2019-05-15,44.59725372096499,45.909288693023,44.53739806425962,45.710567474365234,106178800
2019-05-16,45.46876284598661,46.08168433318275,45.21257882023653,45.509464263916016,132125600
2019-05-17,44.75525946053676,45.7057673600336,44.71455806184704,45.2508659362793,131516400
2019-05-20,43.93883389096766,44.13755507522487,43.1631033991647,43.835880279541016,154449200
2019-05-21,44.3458613070241,45.011455948466185,44.221360512327884,44.676265716552734,113459200
2019-05-22,44.21179259198245,44.46318713451809,43.70661059531946,43.76167678833008,118994400
2019-05-23,43.048190348330664,43.22536075947972,42.57173799121202,43.014671325683594,146118800
2019-05-24,43.14394936030299,43.608429762680224,42.76566123520502,42.84946060180664,94858800
2019-05-28,42.83748915813703,43.237324443115924,42.595673658588964,42.67228698730469,111792800
2019-05-29,42.23892942786569,42.94043945879135,42.138372386702336,42.46877670288086,113924800
2019-05-30,42.60524559159138,42.91170618886097,42.29878499432178,42.68904495239258,84873600
2019-05-31,42.19345320960093,42.614839417934895,41.89657145732902,41.91572570800781,108174400
2019-06-03,42.042612284986966,42.59807084717863,40.766489319881806,41.491939544677734,161584400
2019-06-04,42.00430577492002,43.055370949044665,41.78403739904803,43.00988006591797,123872000
2019-06-05,44.12079739285381,44.290789049992995,43.36901055867717,43.704200744628906,119093600
2019-06-06,43.8334914782854,44.4057113648459,43.61082655329625,44.345855712890625,90105200
2019-06-07,44.65470134906222,45.949978304421165,44.477530988810955,45.52619934082031,122737600
2019-06-10,45.92365669453953,46.776000721416004,45.87816580771754,46.10801315307617,104883600
2019-06-11,46.65387478085619,46.92681632149214,46.35220370540528,46.641902923583984,107731600
2019-06-12,46.43601031654152,46.91964496831461,46.3019342514873,46.493473052978516,73012800
2019-06-13,46.61558897970521,47.11598143878726,46.35222625806714,46.48390579223633,86698400
2019-06-14,45.86140302948494,46.34982356084615,45.56212475815353,46.14631652832031,75046000
2019-06-17,46.18461643739985,46.67783004464345,46.009838968534694,46.42164611816406,58676400
2019-06-18,46.93879971823583,47.95394916644094,46.73768561849317,47.51341247558594,106204000
2019-06-19,47.8079041979227,47.85579164174734,47.240473790931375,47.374549865722656,84496800
2019-06-20,47.97311321999092,48.03057596879343,47.41286511903979,47.75524139404297,86056000
2019-06-21,47.597211960109185,48.08802900374868,47.44158508352656,47.59242248535156,191202400
2019-06-24,47.53496526934287,47.92283239718668,47.446380069181274,47.5445442199707,72881600
2019-06-25,47.50863210598545,47.70735333308996,46.75684517194282,46.82388687133789,84281200
2019-06-26,47.350600458294885,48.12154138959347,47.25004342203398,47.83662796020508,104270000
2019-06-27,47.953952766753574,48.26041706742118,47.78157184924549,47.82227325439453,83598800
2019-06-28,47.56848407525534,47.76481237594813,47.178227691464755,47.38652420043945,124442400
2019-07-01,48.64349012878817,48.95952972038265,48.04014414238902,48.2556266784668,109012000
2019-07-02,48.222111012389796,48.63391821311523,48.21013915067002,48.53814697265625,67740800
2019-07-03,48.66983894589687,48.94757011350087,48.52858045063792,48.94038772583008,45448000
2019-07-05,48.68658842285855,49.100788508582276,48.57884532744974,48.89727783203125,69062000
2019-07-08,48.07845500360109,48.21971347045251,47.5038421856941,47.889312744140625,101354400
2019-07-09,47.69298375237137,48.2460494035654,47.599609079485354,48.1814079284668,82312000
2019-07-10,48.3274439037437,48.77755582025273,48.258009317355175,48.65784454345703,71588400
2019-07-11,48.677007423897294,48.93558426605638,48.29393346215335,48.30350875854492,80767200
2019-07-12,48.47110708574294,48.84221286513295,48.41125143272195,48.674617767333984,70380800
2019-07-15,48.86375644132579,49.28992836732956,48.84220928460961,49.13191223144531,67789600
2019-07-16,48.98347648185129,49.34739991342239,48.72250668402115,48.96192932128906,67467200
2019-07-17,48.854183380535474,49.103181282791674,48.66743404051857,48.686588287353516,56430000
2019-07-18,48.84221213411293,49.29232780714967,48.770384620902945,49.239654541015625,74162400
2019-07-19,49.27077499857013,49.44076665116611,48.44955723828679,48.50462341308594,83717200
2019-07-22,48.75841111322735,49.615544461109494,48.74883581666229,49.61315155029297,89111600
2019-07-23,49.91003660607573,50.017776044989866,49.62990895028045,50.001014709472656,73420800
2019-07-24,49.720893093799184,50.07523753448428,49.60118178852593,49.9603157043457,59966400
2019-07-25,50.01299242853102,50.096791809335336,49.495838677205825,49.56527328491211,55638400
2019-07-26,49.675403421281054,50.21410430811092,49.594000608507464,49.73765563964844,70475600
2019-07-29,49.910037151014635,50.43197666906582,49.90524767605758,50.20212936401367,86693600
2019-07-30,49.98187052779291,50.3170644259433,49.634708419919015,49.98666000366211,135742800
2019-07-31,51.81582977111388,53.00097070729219,50.58998743830866,51.0065803527832,277125600
2019-08-01,51.21248911312201,52.201305551333476,49.49822619298105,49.90284729003906,216071600
2019-08-02,49.20853077764251,49.42400967424095,48.274784021316925,48.84700393676758,163448400
2019-08-05,47.40328391275704,47.56130005899529,46.108006714672,46.28996658325195,209572000
2019-08-06,47.001057560598184,47.422443742301255,46.45756714849681,47.166259765625,143299200
2019-08-07,46.785580433088036,47.77918295906988,46.40489930028725,47.65468215942383,133457600
2019-08-08,47.932400333607646,48.72967797252302,47.73846862611717,48.70573425292969,108038000
2019-08-09,48.378888558753715,48.729771632927324,47.89581833034356,48.304386138916016,98478800
2019-08-12,47.97512638824654,48.55913570914154,47.86216992838576,48.18181228637695,89927600
2019-08-13,48.311599418361524,50.984093390193046,48.18181792423024,50.22224044799805,188874000
2019-08-14,48.825904511255764,49.61419405795877,48.68891335806939,48.72736740112305,146189600
2019-08-15,48.897998510671115,49.30175490823095,47.9871372796202,48.48462677001953,108909600
2019-08-16,49.09507082514442,49.78722886579138,48.989324050359016,49.62860870361328,110481600
2019-08-19,50.61878493455606,51.125886205011135,50.476989765853084,50.553897857666016,97654400
2019-08-20,50.68127493565582,51.27489599056535,50.546689438817666,50.55630111694336,107537200
2019-08-21,51.18837344081834,51.34698995795277,50.85431171958834,51.10425567626953,86141600
2019-08-22,51.23644619968191,51.53686158978541,50.650034771451054,51.061004638671875,89014800
2019-08-23,50.33278606566632,50.96245911325128,48.306786768888905,48.700931549072266,187272000
2019-08-26,49.47479876304336,49.794441106144575,49.28253222326784,49.6262092590332,104174400
2019-08-27,49.95547874357522,50.121308639627706,48.91483930455021,49.06624984741211,103493200
2019-08-28,49.0518153700021,49.441152454824554,48.86435650196321,49.39548873901367,63755200
2019-08-29,50.109285330383344,50.30635957969884,49.66707477161969,50.23185348510742,83962000
2019-08-30,50.508229228326634,50.577923970977196,49.79684411690572,50.16695785522461,84573600
2019-09-03,49.611789494397975,49.74397297835489,49.08065722319765,49.43634796142578,80092000
2019-09-04,50.0828531875686,50.344814542362265,49.82569950609764,50.27511978149414,76752400
2019-09-05,50.950450645100226,51.42390559777108,50.83268649087719,51.25807571411133,95654800
2019-09-06,51.443122295315995,51.532044060281095,51.073008551878715,51.253257751464844,77449200
2019-09-09,51.63297650314114,52.01750954613083,50.72692661728154,51.471954345703125,109237600
2019-09-10,51.397459068892765,52.09922885258903,50.88074615868259,52.08000183105469,127111600
2019-09-11,52.40925799253917,53.764731799858204,52.32754223662438,53.73588943481445,177158400
2019-09-12,54.02669627568618,54.41603338856972,53.56045107438245,53.615726470947266,128906800
2019-09-13,52.873108258928575,53.06296917048097,52.156919001140764,52.57269287109375,159053200
2019-09-16,52.32754329567108,52.904342934889065,52.286687250476454,52.849063873291016,84632400
2019-09-17,52.86349251065767,53.07017842826459,52.661610598516674,53.04133605957031,73274800
2019-09-18,53.12784858296348,53.558045380154766,52.73851149691622,53.538818359375,101360000
2019-09-19,53.35617442002631,53.77675595935053,52.96202958128968,53.10382843017578,88242400
2019-09-20,53.204767926646866,53.48835829201576,52.26506771503566,52.327552795410156,221652400
2019-09-23,52.62075086028852,52.8346464382801,52.308318169456676,52.56547546386719,76662000
2019-09-24,53.12063572645369,53.47152241710132,52.19776078738406,52.315521240234375,124763200
2019-09-25,52.5246205874519,53.233600080826086,52.1857511921416,53.120643615722656,87613600
2019-09-26,52.87310494256668,53.09901788679732,52.591916597251874,52.8466682434082,75334000
2019-09-27,53.002883868542426,53.10382666173709,52.21940189013441,52.589515686035156,101408000
2019-09-30,53.08939905865949,53.973823753885995,53.06296236123528,53.82722091674805,103909600
2019-10-01,54.09158894337955,54.84863417143314,53.882497362527516,53.976226806640625,139223200
2019-10-02,53.60852541852388,53.73349924871789,52.37561947318438,52.623165130615234,138449200
2019-10-03,52.49578882856634,53.103832994340806,51.70269507713419,53.070186614990234,114426000
2019-10-04,54.228580544588866,54.67319677071832,53.807999015561506,54.55783462524414,138478800
2019-10-07,54.3799748143324,55.259587990781746,54.276630048299076,54.5698356628418,122306000
2019-10-08,54.27182844576076,54.81017031883332,53.913732086335266,53.9305534362793,111820000
2019-10-09,54.562644958496094,54.745296196966166,54.22858318869605,54.562644958496094,74770400
2019-10-10,54.77893513356194,55.38217150680817,54.62752828997779,55.29805374145508,113013600
2019-10-11,55.98540102647654,57.11255994872208,55.83158852183792,56.76888656616211,166795600
2019-10-14,56.45405313736609,57.230329070079826,56.39877773778656,56.68717575073242,96427600
2019-10-15,56.812142470885,57.11495979657442,56.449242080538056,56.554988861083984,87360000
2019-10-16,56.08633933608511,56.53576316392705,56.04548329122299,56.3266716003418,73903200
2019-10-17,56.49971972945663,56.754471381621265,56.12239992403728,56.54538345336914,67585200
2019-10-18,56.37954526837045,57.098140062206895,56.307444855303956,56.816951751708984,97433600
2019-10-21,57.083727362633255,57.91768071421455,57.03566163738293,57.80231857299805,87247200
2019-10-22,57.95853350048938,58.208477458025,57.58841973582485,57.670135498046875,82293600
2019-10-23,58.18445601032442,58.458434707831906,57.97296239569402,58.44401168823242,75828800
2019-10-24,58.763641679499884,58.833340091019444,58.1147452876683,58.54013442993164,69275200
2019-10-25,58.43920289088229,59.29718729410837,58.37191014032259,59.261138916015625,73477200
2019-10-28,59.46301639925722,59.90282494220439,59.29478452503203,59.854759216308594,96572800
2019-10-29,59.835537001961505,60.02299591504851,58.29741164658606,58.4704475402832,142839600
2019-10-30,58.82372855934893,58.953510046434744,57.97055188420088,58.46323013305664,124522000
2019-10-31,59.4197508487146,59.883590362494004,57.02123219032763,59.78505325317383,139162000
2019-11-01,59.97252128655309,61.50824455627897,59.88119750508098,61.4818115234375,151125200
2019-11-04,61.844710805841714,61.969688302448056,61.376067196648314,61.88557052612305,103272000
2019-11-05,61.7774039861912,62.051386280807854,61.601966131837685,61.796634674072266,79897600
2019-11-06,61.710121681781736,61.883161230177926,61.37365793055572,61.82307815551758,75864400
2019-11-07,62.370270461445436,62.75837098318758,62.21840535973675,62.536598205566406,94940400
2019-11-08,62.358224995286456,62.780069259509496,61.914686765954706,62.70775604248047,69986400
2019-11-11,62.26421066680897,63.26940852518434,62.259392237784176,63.20432662963867,81821200
2019-11-12,63.04763995642553,63.34655177273775,62.89578218997625,63.1464729309082,87388800
2019-11-13,62.94640672744228,63.82625200015958,62.93194408180495,63.75152587890625,102734400
2019-11-14,63.57792991507971,63.85032184396369,63.18019267788163,63.31036376953125,89182800
2019-11-15,63.56108095621039,64.06729554078912,63.399578987253335,64.0624771118164,100206400
2019-11-18,64.07210837908097,64.46502731928551,63.69365943729218,64.38548278808594,86703200
2019-11-19,64.5783168124191,64.60242366565966,63.97327672744023,64.19022369384766,76167200
2019-11-20,64.00942526376622,64.13958901338246,62.77040525583335,63.44294738769531,106234400
2019-11-21,63.56349611380853,63.64063511840121,62.95844854087911,63.15852737426758,121395200
2019-11-22,63.29832996596771,63.44055085554972,62.876485725953685,63.10307693481445,65325200
2019-11-25,63.327245332981434,64.22637870631682,63.2814445198713,64.20950317382812,84020400
2019-11-26,64.34691346636443,64.39994560610221,63.276633814477755,63.70812225341797,105207600
2019-11-27,64.01908914324333,64.59762436682284,63.95400724096207,64.56387329101562,65235600
2019-11-29,64.2649321321405,64.60240591564839,64.09619156219819,64.42161560058594,46617600
2019-12-02,64.42646230113999,64.66269773145665,63.505642149829725,63.676788330078125,94487200
2019-12-03,62.26662267779835,62.560708684511056,61.77969652350162,62.54142761230469,114430400
2019-12-04,62.93192380768448,63.4718820212091,62.837909284948175,63.09342575073242,67181600
2019-12-05,63.58757726755583,64.09379166553936,63.33206085496577,64.01905822753906,74424400
2019-12-06,64.4770771543204,65.32558393574297,64.43368187672564,65.25567626953125,106075600
2019-12-09,65.08451386193346,65.2773539234181,63.857551131523714,64.34207153320312,128042400
2019-12-10,64.74704966751833,65.10139903418028,64.08655727851827,64.71812438964844,90420400
2019-12-11,64.79765544144777,65.34967056737132,64.72292937034965,65.2701187133789,78756800
2019-12-12,64.54940123697496,65.70163837389192,64.43851852305019,65.43647766113281,137310400
2019-12-13,65.43646152513958,66.36210722075081,65.30870330727501,66.3259506225586,133587600
2019-12-16,66.77190101970982,67.68549695987365,66.76708259212,67.46131134033203,128186000
2019-12-17,67.39141065519956,67.92172458582058,67.20579452656094,67.5938949584961,114158400
2019-12-18,67.44685857632358,67.95307308973534,67.28294373773436,67.4323959350586,116028400
2019-12-19,67.3745402255633,67.77950886281938,67.24196357196422,67.49988555908203,98369200
2019-12-20,68.0326267960508,68.13386528761846,67.14795598094871,67.3600845336914,275978000
2019-12-23,67.62283998023321,68.5195606460034,67.58427047933793,68.45929718017578,98572000
2019-12-24,68.62561412958978,68.6738278372129,68.19895150700309,68.52436828613281,48478800
2019-12-26,68.65694062384628,69.90077903385306,68.62801534674483,69.88390350341797,93121200
2019-12-27,70.17559181703608,70.86259672343512,69.45243030638008,69.8573989868164,146266000
2019-12-30,69.7754404953618,70.55404702486167,68.75337459667797,70.27201080322266,144114400
2019-12-31,69.88873327875099,70.79268511683624,69.78990032835488,70.78545379638672,100805600
2020-01-02,71.40977019424241,72.46076851156026,71.15666666509587,72.40050506591797,135480400
2020-01-03,71.6291376132339,72.45595040957373,71.47245410922795,71.6966323852539,146322800
2020-01-06,70.81920068576198,72.30649856939735,70.5685026643333,72.26792907714844,118387200
2020-01-07,72.27757077764687,72.53308721808551,71.70868733859578,71.92804718017578,108872000
2020-01-08,71.63155918060959,73.38643082203993,71.63155918060959,73.08511352539062,132079200
2020-01-09,74.06136720541696,74.83032941641996,73.81067654984861,74.63748931884766,170108400
2020-01-10,74.87131024106992,75.37029336253585,74.30483235122053,74.80622100830078,140644800
2020-01-13,75.12204068055395,76.43096158772731,75.00391926760233,76.4044418334961,121532000
2020-01-14,76.34175230410106,76.5514679630278,75.24977872842311,75.37271118164062,161954400
2020-01-15,75.17265296599935,76.05249814521463,74.61822463542303,75.04971313476562,121923600
2020-01-16,75.5920697800867,76.10069718746519,75.23048903454546,75.98980712890625,108829200
2020-01-17,76.23809509330889,76.83349837052724,75.93195936574989,76.83109283447266,137816400
2020-01-21,76.45987702591754,76.90100236781842,76.1730223343127,76.3104248046875,110843200
2020-01-22,76.79492300181599,77.13480977194556,76.48878729766383,76.58280181884766,101832400
2020-01-23,76.6358420591075,77.03116654175618,76.0886451198764,76.95162200927734,104472000
2020-01-24,77.1974804769854,77.93992295405599,76.5394009459346,76.7298355102539,146537600
2020-01-27,74.74114561147599,75.15334557711078,73.49248860994267,74.47357940673828,161940000
2020-01-28,75.35341281852345,76.75152179476333,75.25457988632637,76.58037567138672,162234000
2020-01-29,78.20991513135742,79.0294966511186,77.46987813568431,78.18339538574219,216229200
2020-01-30,77.26740045058162,78.1231386457578,76.83591201430718,78.07010650634766,126743200
2020-01-31,77.36139664518089,77.78324080814086,74.31448034488959,74.60856628417969,199588400
2020-02-03,73.35267280813538,75.56795795185045,72.85128411079334,74.40367126464844,173788400
2020-02-04,76.00666815397705,77.05043515977154,75.60169956180454,76.86000061035156,136616400
2020-02-05,77.98573120045752,78.28464294726993,76.88412080562057,77.48675537109375,118826800
2020-02-06,77.7567339114429,78.39552507490272,77.1999001655233,78.39311218261719,105425600
2020-02-07,77.89294895065062,78.141823360646,76.83704482888538,77.32754516601562,117684000
2020-02-10,75.91404207954616,77.69482421875,75.83430875751218,77.69482421875,109348800
2020-02-11,78.19013597325772,78.26262078747321,77.00858188468877,77.22604370117188,94323200
2020-02-12,77.67548599053883,79.06483505188083,77.67548599053883,79.06000518798828,113730400
2020-02-13,78.33272065286425,78.82322105727773,78.12975573109031,78.49702453613281,94747600
2020-02-14,78.4655954129786,78.7652165546687,78.00892627887556,78.51634216308594,80113600
2020-02-18,76.19914481922879,77.25988612279623,76.01792538344428,77.07866668701172,152531200
2020-02-19,77.32029972520789,78.42453202537972,77.32029972520789,78.19498443603516,93984000
2020-02-20,77.95576899229526,78.44385067885128,76.88777921917897,77.39277648925781,100566000
2020-02-21,76.9868493533589,77.4290289157497,75.0248480652508,75.6409912109375,129554000
2020-02-24,71.8257352845529,73.49778279969091,69.88547911921196,72.04802703857422,222195200
2020-02-25,72.71731344350151,73.0990790994302,69.13641603822464,69.60758209228516,230673600
2020-02-26,69.23306562077462,71.9755209333374,69.22581713906433,70.7118148803711,198054800
2020-02-27,67.92103635676665,69.10500169424336,65.95419815371966,66.08950805664062,320605600
2020-02-28,62.1606861550344,67.27107285671417,61.94563554811998,66.05085754394531,426510000
2020-03-02,68.20616489725688,72.83571844288954,67.10435128397388,72.20024108886719,341397200
2020-03-03,73.37452863350472,73.45426192334152,69.05666829287019,69.90719604492188,319475600
2020-03-04,71.62760069893737,73.30931532822694,70.82781935536424,73.14984130859375,219178400
2020-03-05,71.40529059680607,72.37904277817594,70.41221158595323,70.77706909179688,187572800
2020-03-06,68.13851293457299,70.26965542799252,67.95246362121284,69.83714294433594,226176800
2020-03-09,63.72884532127841,67.19376061426469,63.54762585590985,64.31358337402344,286744800
2020-03-10,66.96422060751131,69.21133903609883,65.08678222072572,68.94554901123047,285290000
2020-03-11,67.02462518678024,67.95004932218703,65.68842661681832,66.55103302001953,255598800
2020-03-12,61.8417392125565,65.23899909398826,59.92322879744106,59.97880172729492,418474000
2020-03-13,64.00430027982446,67.6359379478289,61.119282212065336,67.16476440429688,370732000
2020-03-16,58.46138678881957,62.60043602101579,57.9902170129729,58.52421188354492,322423600
2020-03-17,59.80483021639644,62.245249799692694,57.60361793460999,61.097530364990234,324056000
2020-03-18,57.934642818544056,60.40647473225053,57.29433197423103,59.60186004638672,300233600
2020-03-19,59.775834978401704,61.09269547807698,58.62086339938416,59.14519119262695,271857200
2020-03-20,59.72509749228031,60.84866031438535,55.09071377836536,55.39033126831055,401693200
2020-03-23,55.1100377172106,55.21152015646839,51.372084613414366,54.21360397338867,336752800
2020-03-24,57.11069765855371,59.8483195377774,56.612948896316425,59.65260314941406,287531200
2020-03-25,60.58770003932158,62.399894457247456,59.029213577289134,59.323997497558594,303602000
2020-03-26,59.565624014727966,62.503792458271775,59.52696298189895,62.445804595947266,252087200
2020-03-27,61.07094946417779,61.82482113234886,59.69368249851185,59.86040496826172,204216800
2020-03-30,60.585287078823825,61.74025873047765,60.26150553022684,61.568702697753906,167976400
2020-03-31,61.7595949233472,63.424393901395085,60.8897400197262,61.44306182861328,197002000
2020-04-01,59.56078230159109,60.09719207609643,57.78000065964953,58.2100944519043,176218400
2020-04-02,58.07237254686632,59.23459262853542,57.241178794751,59.181434631347656,165934000
2020-04-03,58.6667810943843,59.36749487099752,57.741353268233574,58.3309211730957,129880000
2020-04-06,60.62393470039306,63.57418477082714,60.256665999907646,63.41954803466797,201820400
2020-04-07,65.43228649705053,65.64975569191732,62.58110401279755,62.685001373291016,202887200
2020-04-08,63.484794969799864,64.60352421399418,63.1199448269442,64.28941345214844,168895200
2020-04-09,64.9248861243381,65.25591244712727,63.95838246710248,64.75332641601562,161834800
2020-04-13,64.83062173107986,66.13298841132821,64.23138705623904,66.02425384521484,131022800
2020-04-14,67.65525160710325,69.64866527052683,67.1840781553046,69.35871124267578,194994800
2020-04-15,68.23513915845088,69.18472698748576,67.80746405481365,68.72563934326172,131154400
2020-04-16,69.43848156432168,69.63661665548292,68.22310307044494,69.27175903320312,157125200
2020-04-17,68.78847886393716,69.33455576393993,66.89654391550201,68.33180236816406,215250000
2020-04-20,67.15992291899424,68.06118282102301,66.89413295001411,66.91345977783203,130015200
2020-04-21,66.75639235940385,66.99076973874533,64.13475030153334,64.84513092041016,180991600
2020-04-22,66.11125243793057,67.14782951135057,65.77056644151477,66.71290588378906,116862400
2020-04-23,66.65733345514633,68.07809487584751,66.41570756383898,66.4543685913086,124814400
2020-04-24,66.97872270602501,68.38256902010487,66.9303945618597,68.3729019165039,126161200
2020-04-27,68.09020033392981,68.75226055394899,67.6431981560876,68.42123413085938,117087600
2020-04-28,68.88270980207805,69.06392923095741,67.22032976851494,67.31214141845703,112004800
2020-04-29,68.79814023520653,69.991772685642,68.59517537860054,69.52301788330078,137280800
2020-04-30,70.06185756526263,71.16608991336996,69.67284332982524,70.98970031738281,183064000
2020-05-01,69.16542249456992,72.24615310349837,69.06877359729275,69.84680938720703,240616800
2020-05-04,69.87096747127923,70.96311392727311,69.1823321546666,70.83505249023438,133568000
2020-05-05,71.29414381435919,72.7294023781066,71.14916678667844,71.89820861816406,147751200
2020-05-06,72.59892736503848,73.27064717863384,72.21474300795924,72.64000701904297,142333600
2020-05-07,73.2658213930559,73.7369949485584,72.9637889533335,73.39146423339844,115215200
2020-05-08,74.05047071308249,75.19160756554702,73.72339119914562,75.1383056640625,133838400
2020-05-11,74.64646215282984,76.81486350373997,74.4380975285037,76.32061767578125,145946400
2020-05-12,77.00382780374734,77.45447232361859,75.32725480896673,75.44839477539062,162301200
2020-05-13,75.62769739388037,76.54836579208815,73.46171369194431,74.53743743896484,200622400
2020-05-14,73.77667808210235,75.0559160635201,73.05468108965971,74.99534606933594,158929200
2020-05-15,72.76880175811006,74.59801285788724,72.73487900802405,74.5519790649414,166348400
2020-05-18,75.8748339325949,76.68162311206635,75.18433442581173,76.30850982666016,135178400
2020-05-19,76.32544366072712,77.17099822391936,75.83604087922785,75.86753845214844,101729600
2020-05-20,76.7252145142633,77.41328870045753,76.68644883413718,77.34303283691406,111504800
2020-05-21,77.20493698671349,77.7452239875939,76.5289737926269,76.76641082763672,102688800
2020-05-22,76.5047612593345,77.3430554740474,76.40300778879455,77.26068115234375,81803200
2020-05-26,78.37756788987811,78.55685269616119,76.68160815192094,76.73733520507812,125522000
2020-05-27,76.59441646239908,77.21707055459125,75.8554578938175,77.07170104980469,112945200
2020-05-28,76.74702903556799,78.36303980666368,76.47083369438819,77.10560607910156,133560800
2020-05-29,77.34788852176631,77.80821903420895,76.67435043039059,77.03050231933594,153532400
2020-06-01,76.98447184749915,78.09896135300481,76.8536385740957,77.97782135009766,80791200
2020-06-02,77.71129433668344,78.36302799682535,77.27034305104888,78.33879852294922,87642800
2020-06-03,78.65863382513984,79.03174713400516,78.08684912120862,78.77008056640625,104491200
2020-06-04,78.59321910796065,78.8912188000404,77.71858439241902,78.0916976928711,87560400
2020-06-05,78.34124573703636,80.37639642085425,78.31217331772173,80.31582641601562,137250400
2020-06-08,80.01296326734492,80.82460267780965,79.30308470158906,80.79067993164062,95654400
2020-06-09,80.47088393003234,83.7343884798814,80.43938634656227,83.3418960571289,147712400
2020-06-10,84.28921253488384,85.95367499163955,83.8506863159115,85.48607635498047,166651600
2020-06-11,84.63084277845434,85.05483286146779,81.28011297568305,81.38186645507812,201662400
2020-06-12,83.5187504243347,84.26496946856898,80.97481077374836,82.0844497680664,200146000
2020-06-15,80.73980469603605,83.75134312369018,80.57747385342842,83.099609375,138808800
2020-06-16,85.15172849785749,85.57330073439438,83.51876362996565,85.30194091796875,165428800
2020-06-17,86.04574378022643,86.10631378252053,85.06208753447432,85.1832275390625,114406400
2020-06-18,85.1396240743936,85.63387739334637,84.60903023062069,85.21715545654297,96820400
2020-06-19,85.92216897764727,86.38734236256319,83.62292711838043,84.73014831542969,264476000
2020-06-22,85.12266086900618,87.08997343752344,85.07662707395669,86.94702911376953,135445200
2020-06-23,88.18990371305667,90.22021092110661,87.77075672869731,88.80287170410156,212155600
2020-06-24,88.43220009652119,89.3504433677871,86.86222303304002,87.23533630371094,192623200
2020-06-25,87.39039728120305,88.43219830369976,86.63205971274161,88.3934326171875,137522400
2020-06-26,88.28925300034977,88.50972868089589,85.52968033530838,85.67747497558594,205256800
2020-06-29,85.58542072848591,87.74656185266537,85.10812877290344,87.65206909179688,130646000
2020-06-30,87.24016629998945,88.66962400453063,87.22078715611465,88.38372802734375,140223200
2020-07-01,88.46125786012283,89.00396260480164,88.16810117862731,88.216552734375,110737200
2020-07-02,89.12268481304834,89.75745712558465,88.10268825115901,88.216552734375,114041600
2020-07-06,89.6436059572989,91.0439841546096,89.61210837219791,90.57638549804688,118655600
2020-07-07,90.95435112872555,91.73206799049615,90.18390237243692,90.29534912109375,112424400
2020-07-08,91.27172253001288,92.42982064230873,91.18449788463136,92.39832305908203,117092000
2020-07-09,93.2899001154489,93.34320200495762,91.74900304495738,92.795654296875,125642800
2020-07-10,92.39105063414506,93.01613714978424,91.78050772022172,92.9579849243164,90257200
2020-07-13,94.26144459491981,96.8683794397454,92.31593673037001,92.52914428710938,191649200
2020-07-14,91.91133403395911,94.25175963929699,90.97856198164641,94.06036376953125,170989200
2020-07-15,95.93317328027695,96.18272134953932,93.51037361994408,94.70723724365234,153198000
2020-07-16,93.58065869622936,94.39714118909534,92.94346105400828,93.5418930053711,110577600
2020-07-17,93.99254337939139,94.14759875840713,92.88047150221618,93.35292053222656,92186800
2020-07-20,93.44011069251526,95.45829940379683,93.09606991347445,95.32019805908203,90318000
2020-07-21,96.11003683309417,96.18514302833793,93.75507535287011,94.00462341308594,103433200
2020-07-22,93.70661600246667,94.94951336084341,93.61939876725305,94.26870727539062,89001600
2020-07-23,94.00221048521436,94.0797418561393,89.16872914510222,89.97794342041016,197004400
2020-07-24,88.177812817912,90.09909152751315,86.39220292894763,89.75505065917969,185438800
2020-07-27,90.81623268150157,91.97433076494785,90.59333922603253,91.88226318359375,121214000
2020-07-28,91.45343820318753,91.63030527715343,90.36802106656002,90.37287139892578,103625600
2020-07-29,90.85499791564365,92.28929873601002,90.81865739523712,92.10516357421875,90329200
2020-07-30,91.27898520449537,93.32382888856975,90.87195660039106,93.21965026855469,158130000
2020-07-31,99.70788900875579,103.12888059333225,97.71149726674632,102.97866821289062,374336800
2020-08-03,104.85876510860703,108.19011460238991,104.56076548592098,105.57349395751953,308151200
2020-08-04,105.76246881725352,107.36878610733102,105.04047188715032,106.27852630615234,173071600
2020-08-05,105.99992015103618,106.98357631299436,105.53473931977294,106.66376495361328,121776800
2020-08-06,106.99569046941184,110.87943850296628,106.40695185464003,110.38518524169922,202428800
2020-08-07,109.90704232526846,110.363351174005,107.07939259345517,107.87550354003906,198045600
2020-08-10,109.31964010708016,110.46041197638358,106.79538698699508,109.44342803955078,212403600
2020-08-11,108.7080157903305,109.20558233257063,105.9289051039155,106.18861389160156,187902400
2020-08-12,107.27841885849969,109.97500693123462,107.0842483400898,109.71772766113281,165598000
2020-08-13,111.096349513322,112.66187605488997,110.60848630688241,111.65945434570312,210082000
2020-08-14,111.48469489954057,111.64974056440289,109.75169319709691,111.5599365234375,165565200
2020-08-17,112.68127506102117,112.70554822258934,110.64245541048665,111.26866149902344,119561600
2020-08-18,111.02111317320909,112.62061629597079,110.68616274132592,112.19586181640625,105633600
2020-08-19,112.60360648521876,113.74923011045664,112.24196081309763,112.33661651611328,145538000
2020-08-20,112.37789651709356,114.94341528440668,112.36090456064325,114.82933807373047,126907200
2020-08-21,115.78806223773633,121.22977689357654,115.77592935893642,120.74677276611328,338054800
2020-08-24,124.9481850882098,125.03314486284968,120.32686221834298,122.19092559814453,345937600
2020-08-25,121.06472653687041,121.53316822878249,119.4676456893335,121.18850708007812,211495600
2020-08-26,122.50404983764719,123.29287960664668,121.43851930194522,122.8365707397461,163022400
2020-08-27,123.43850018201364,123.77102105443406,120.22492431150832,121.36812591552734,155552400
2020-08-28,122.3414135230096,122.75888676117691,120.94822130817289,121.17152404785156,187630000
2020-08-31,123.86326545477932,127.1836302061131,122.32929317534541,125.28072357177734,225702700
2020-09-01,128.8923056104839,130.87288270975856,126.72727621370097,130.27093505859375,151948100
2020-09-02,133.5816315551226,133.96026921891615,123.30015014927834,127.57196044921875,200119000
2020-09-03,123.2127566068483,125.08652314181086,116.98949446613267,117.3584213256836,257599600
2020-09-04,116.57203254505438,120.0962780604988,107.65947073062564,117.43610382080078,332607200
2020-09-08,110.63032628792358,115.52349838716887,109.39732807142673,109.53324890136719,231366600
2020-09-09,113.84389572106855,115.66912348309229,111.90216122256825,113.90214538574219,176940500
2020-09-10,116.85360038621577,116.98952122909824,109.22258206036143,110.1837387084961,182274400
2020-09-11,111.23227329257654,111.87304930648419,106.79540974753245,108.73714447021484,180860300
2020-09-14,111.37789025284532,112.55263871695288,109.51382694155708,111.9992446899414,140150100
2020-09-15,114.88272413305843,115.36815776085928,110.30022950147779,112.17400360107422,184642000
2020-09-16,111.87303669164397,112.62060121644382,108.77596778791039,108.86334228515625,154679000
2020-09-17,106.52357050283204,108.93131746592069,105.5429923714999,107.12550354003906,178011000
2020-09-18,107.18375552641913,107.64976770036112,102.99931226553164,103.72746276855469,287104900
2020-09-21,101.49446425369291,106.97986575435861,100.0964130289504,106.8730697631836,195713800
2020-09-22,109.39734595747215,109.57210239698612,105.97989574902564,108.55268859863281,183055400
2020-09-23,108.36821643604246,108.84393936425928,103.65950385577868,103.99931335449219,150718700
2020-09-24,102.1060976756968,107.03810463761715,101.94105203582586,105.06724548339844,167743300
2020-09-25,105.2711347875361,109.16431448128618,104.53327361353669,109.00897216796875,149981400
2020-09-28,111.65943957272272,111.96040603666982,109.49440244155606,111.61089324951172,137672400
2020-09-29,111.21285610238571,111.9507099432901,110.26140285567331,110.76625061035156,99382200
2020-09-30,110.47498574403602,113.84389630124348,110.30994008853341,112.4361343383789,142675200
2020-10-01,114.2128318777771,114.29050304173128,112.45556438431055,113.3875961303711,116120400
2020-10-02,109.60121453266758,112.00896881944756,108.9507351859753,109.72742462158203,144712000
2020-10-05,110.59149819179417,113.25167253166546,110.24198536966455,113.10604095458984,106243800
2020-10-06,112.32934639868184,112.73711630408881,108.97985709448719,109.86334991455078,161498200
2020-10-07,111.28082649663705,112.18373349473666,110.80509612706318,111.72742462158203,96849000
2020-10-08,112.86333746821694,113.00896906250527,111.25169399711908,111.6206283569336,83477200
2020-10-09,111.9215718124515,113.59146461414193,111.57205902106843,113.56233978271484,100506900
2020-10-12,116.56233357489269,121.53317715466372,115.80505821466257,120.7759017944336,240226800
2020-10-13,121.62053610441286,121.73704283997935,116.16426694681041,117.572021484375,262330500
2020-10-14,117.4749490324475,119.44580856247916,116.13515475963598,117.65941619873047,150712000
2020-10-15,115.26135855246798,117.66910513115165,114.70796452850907,117.1933822631836,112559200
2020-10-16,117.74679760043794,118.00893594757436,115.34875392683747,115.5526351928711,115393800
2020-10-19,116.46525200898868,116.91185012257559,112.29052664782569,112.60120391845703,120639300
2020-10-20,112.81478288268985,115.51380033230909,112.26138879057609,114.08662414550781,124423700
2020-10-21,113.27108546353527,115.25165563302974,113.05749347361974,113.46526336669922,89946000
2020-10-22,114.02836301066806,114.60117857735534,111.25168190141596,112.37789154052734,101988000
2020-10-23,112.99923740706663,113.15457972080071,110.95070693925585,111.68856811523438,82572600
2020-10-26,110.68856238241843,113.15456575512079,109.5914777966803,111.6982650756836,111850700
2020-10-27,112.12545415431511,113.86330738232272,111.203133250019,113.20311737060547,92276800
2020-10-28,111.69827875394513,112.06720563801413,107.86334871753533,107.96043395996094,143937800
2020-10-29,109.09635564462052,113.52350793821675,108.9313025825577,111.96041107177734,146129200
2020-10-30,107.82451896896531,108.72742584588708,104.58182577242385,105.68861389160156,190272600
2020-11-02,105.93132552110745,107.45558679697702,104.19347226654686,105.60122680664062,122866900
2020-11-03,106.4653046968192,108.24198610997585,105.56239787070092,107.22257995605469,107624400
2020-11-04,110.8147809731129,112.22253544210156,109.07692780633057,111.60118103027344,138235500
2020-11-05,114.51380882447592,116.13516303960806,113.46527764397302,115.56234741210938,126387100
2020-11-06,115.07120221763194,115.92703675245446,112.94133225108231,115.43104553222656,114457900
2020-11-09,117.19134078148167,118.64042665215963,112.86353074963101,113.12611389160156,154515300
2020-11-10,112.37724727765978,114.36122671431826,110.99623179932811,112.78571319580078,138023400
2020-11-11,113.97224808212631,116.34524653114283,113.24284127027532,116.20909118652344,112295000
2020-11-12,116.33551348572685,117.22052312713384,115.31434109496367,115.936767578125,103162300
2020-11-13,116.16044760960408,116.38412816982795,114.63355658842221,115.98538970947266,81581900
2020-11-16,115.65472076865481,117.66788289766848,114.90586651270257,116.99683380126953,91183000
2020-11-17,116.26742672482064,117.35666927518157,115.6936229499769,116.11181640625,74271000
2020-11-18,115.35324564020682,116.53002096182686,114.75999422898965,114.78916931152344,76322100
2020-11-19,114.36125096903965,115.7908894056509,113.60266912591757,115.3824234008789,74113000
2020-11-20,115.38242633677936,115.50885417388024,114.06949561951376,114.11811828613281,73604300
2020-11-23,113.96251344016258,114.39043445067523,110.6266928661709,110.72394561767578,127959300
2020-11-24,110.78229252304031,112.66901946402936,109.49852961528087,112.0076904296875,113874200
2020-11-25,112.37727712657373,113.54432503693381,112.0077062663623,112.8440933227539,76499200
2020-11-27,113.36925481147574,114.26399194036229,113.02886649286769,113.38870239257812,46691300
2020-11-30,113.75827627180732,117.64844554887398,113.6026659391683,115.78116607666016,169410200
2020-12-01,117.68734119570294,120.07979426970195,116.7147989337566,119.35038757324219,127728200
2020-12-02,118.66960066999447,119.98253862781858,117.57063061172147,119.70050048828125,89004200
2020-12-03,120.1284151780445,120.38127824003541,118.85438720785504,119.56434631347656,78967600
2020-12-04,119.23368360656494,119.48654668025314,118.18333614962214,118.89329528808594,78260400
2020-12-07,118.95164096391939,121.14958854018184,118.89329080292673,120.35210418701172,86712000
2020-12-08,120.9550855226028,121.54833690448348,119.7102251767506,120.96480560302734,82225500
2020-12-09,121.11068659164964,122.49169482167979,117.67761359703715,118.43619537353516,115089200
2020-12-10,117.19133836507719,120.46880834155796,116.85095006957522,119.8561019897461,81312200
2020-12-11,119.06836726112641,119.38930803641776,117.23999020597732,119.04891967773438,86939800
2020-12-14,119.2336797308675,119.9630864267169,118.20278730843776,118.43619537353516,79184500
2020-12-15,120.92589030573652,124.3881454893434,120.72165733966631,124.36869049072266,157243700
2020-12-16,123.91161767905837,124.84524997430788,123.08495079030278,124.30062866210938,98208600
2020-12-17,125.3606965932024,126.02203307421959,124.52430962121518,125.16619110107422,94359800
2020-12-18,125.41906311570027,125.55521844582084,122.65703909059238,123.18221282958984,192541500
2020-12-21,121.5872313887212,124.78689634893868,120.06034032088816,124.70909118652344,121251600
2020-12-22,127.99629004452623,130.71941139606707,126.09010064650239,128.25888061523438,168904800
2020-12-23,128.5311757396674,128.79375143883854,127.18906280686316,127.36412811279297,88223700
2020-12-24,127.71427367104259,129.79551379030826,127.5003131582361,128.34642028808594,54930100
2020-12-28,130.3109520335808,133.56895993255333,129.84412103088945,132.9368133544922,124486200
2020-12-29,134.25947087325437,134.97914269594398,130.6513323196226,131.16677856445312,121047300
2020-12-30,131.85728434018318,132.2560302372561,129.73713444926724,130.04835510253906,96452100
2020-12-31,130.39846396533886,131.04034539862676,128.10326370918978,129.046630859375,99116600
2021-01-04,129.85387784053697,129.94140310336348,123.2794885092681,125.85672760009766,143301900
2021-01-05,125.35098050896518,128.1227320895685,124.9036045069711,127.41276550292969,97664900
2021-01-06,124.21309795786028,127.45166544679954,122.90988747820573,123.12384796142578,155088000
2021-01-07,124.83557247942518,128.0157910321034,124.34930116481848,127.32527923583984,109578200
2021-01-08,128.79376556588605,128.98828589154797,126.65417554196101,128.42420959472656,105158200
2021-01-11,125.64276278499334,126.5958502406681,124.97170611320489,125.43852233886719,100384500
2021-01-12,124.9717001892066,126.12902803614703,123.37673122396438,125.26346588134766,91951100
2021-01-13,125.22453134083729,127.84067229611607,124.96195562519107,127.29605102539062,88636800
2021-01-14,127.2085188421458,127.40302430824103,125.22452450445344,125.37041473388672,90221800
2021-01-15,125.2439937099894,126.64445696844105,123.51286963768597,123.6490249633789,111598500
2021-01-19,124.27144590893572,125.17591790643084,123.4545139910682,124.32007598876953,90757300
2021-01-20,125.127277070296,128.85211530015263,125.02029683978466,128.4047393798828,104319500
2021-01-21,130.12617990258715,135.8349992091979,129.92193946307938,133.11187744140625,120150900
2021-01-22,132.53807846792435,136.01006199526975,131.31268037347158,135.25148010253906,114459400
2021-01-25,139.14161777095364,141.1061423033731,132.79090363932372,138.9957275390625,157611700
2021-01-26,139.65707747210416,140.3378541007655,137.48829750104505,139.22915649414062,98390600
2021-01-27,139.4917564593141,140.33787848176394,136.55468894542827,138.1593780517578,140843800
2021-01-28,135.6891219680526,138.09130292156465,132.94654523318187,133.32583618164062,142621100
2021-01-29,132.10041903740844,132.98543606950525,126.63473619885515,128.33668518066406,177523800
2021-02-01,130.07754195512933,131.66279076657688,127.33496534929878,130.4568328857422,106239800
2021-02-02,132.0031648608857,132.56724118693242,130.91392221186754,131.2834930419922,83305400
2021-02-03,132.0323330550851,132.0420679752551,129.9413731133275,130.26231384277344,89880900
2021-02-04,132.55751669715318,133.6273043090521,130.8944628567243,133.61758422851562,84183100
2021-02-05,133.77831254493844,133.84648451427685,132.32705363193958,133.20364379882812,75693800
2021-02-08,132.49261062393538,133.39843419416206,131.411474992241,133.3497314453125,71297200
2021-02-09,133.06725182462114,134.29449558670797,132.3172860388913,132.47311401367188,76774200
2021-02-10,132.93091432442992,133.42766158836056,130.90500170826476,131.8692626953125,73046600
2021-02-11,132.36602442146648,132.84328771791823,130.29142345565842,131.61605834960938,64280000
2021-02-12,130.85631242835694,132.0056200817279,130.21347177715296,131.8497772216797,60145100
2021-02-16,131.96666370650627,132.47313069680968,129.33686380627134,129.72647094726562,80576300
2021-02-17,127.83690273629607,128.78167951119218,126.10319202528883,127.43756103515625,97918500
2021-02-18,125.84021263400942,126.61941198787154,124.09676726976038,126.33695983886719,96856700
2021-02-19,126.85316335933045,127.31094237587132,125.45060763733204,126.4927749633789,87668800
2021-02-22,124.68116007602796,126.34669893995918,122.33383475744539,122.72343444824219,103916400
2021-02-23,120.54170021925478,123.41498433079913,115.31134105569778,122.58708953857422,158273000
2021-02-24,121.69099774824254,122.29487019049711,119.05147088701199,122.09033203125,111039900
2021-02-25,121.43777330096201,123.17148430278391,117.40543205845579,117.8437271118164,148199500
2021-02-26,119.40212088348072,121.60335309106918,118.04826755034811,118.1067123413086,164560400
2021-03-01,120.53195302229754,124.60325484384613,119.5969181572381,124.4668960571289,116307900
2021-03-02,125.07076378614747,125.37270000855568,121.75917765120198,121.86631774902344,102260900
2021-03-03,121.56437474382311,122.4409721711293,118.6716069492106,118.8858871459961,112966300
2021-03-04,118.58395606502583,120.38584631369558,115.53535272389263,117.0060806274414,178155000
2021-03-05,117.83398211644732,118.7690169305712,114.5126538027712,118.26253509521484,153766600
2021-03-08,117.78528102761602,117.85346041822143,113.18802088680535,113.33412170410156,154376600
2021-03-09,115.93468789918522,118.8858931954571,115.7009310503409,117.94111633300781,129525800
2021-03-10,118.52553226949556,118.99304601715157,116.34377667711071,116.86000061035156,111943300
2021-03-11,119.35341713456053,120.00599237807343,118.10670400337277,118.78849792480469,103026500
2021-03-12,117.26905308619719,118.01902630934984,116.06130081484937,117.8826675415039,88105100
2021-03-15,118.25281346511821,120.77545858975141,117.28855243734995,120.76571655273438,92403800
2021-03-16,122.43124321692929,123.91172068145192,121.47673169598399,122.30462646484375,115227900
2021-03-17,120.82415767726631,122.58708734300565,119.15861865475401,121.51569366455078,111932600
2021-03-18,119.68457913932171,119.97678079779097,117.19115272943903,117.39569091796875,121229700
2021-03-19,116.78205680531912,118.27226866588653,116.56777661577428,116.86971282958984,185549500
2021-03-22,117.20089594056832,120.64884136246526,117.13271654370864,120.18132019042969,111912300
2021-03-23,120.12287382459728,121.0092059173222,118.96381673388366,119.3534164428711,95467100
2021-03-24,119.62614392900645,119.7040653634643,116.94765592524341,116.96713256835938,88530500
2021-03-25,116.43143354135354,118.49630686413842,115.9054750318424,117.4541244506836,98844700
2021-03-26,117.22036189731419,118.32098161470867,115.82754797615723,118.05799865722656,94071200
2021-03-29,118.48654778202403,119.3923638462603,117.59047375295034,118.23330688476562,80819200
2021-03-30,116.98661215897457,117.26907177481125,115.76911765846987,116.78207397460938,85671900
2021-03-31,118.48657394561577,120.3079410804402,117.9995761138878,118.97357177734375,118323800
2021-04-01,120.44429326652572,120.95076768283118,119.30471282559485,119.80145263671875,75089100
2021-04-05,120.6488353850815,122.87928615898178,119.86963594729222,122.62604522705078,88651200
2021-04-06,123.21044576616356,123.82406033078875,122.3825509764638,122.92798614501953,80171300
2021-04-07,122.55786509964642,124.59351228641088,121.88580577435263,124.57403564453125,83466700
2021-04-08,125.59670985066151,126.9992656715053,125.17789894243262,126.97004699707031,88844600
2021-04-09,126.42461457311639,129.58035037412546,126.1031942856078,129.54139709472656,106686700
2021-04-12,129.07389975073812,129.39532007888374,127.23304868008105,127.82718658447266,91420000
2021-04-13,128.99596262492872,131.15823376064404,128.49921542278324,130.9342041015625,91266500
2021-04-14,131.43094899145666,131.48938634080065,128.2362450900617,128.59661865234375,87222800
2021-04-15,130.34013136412574,131.4894393296933,130.16480438344763,131.00244140625,89347100
2021-04-16,130.8076234498389,131.16799709740084,129.81414368991753,130.6712646484375,84922400
2021-04-19,130.0381714732957,131.9472097448359,129.87259397383497,131.33358764648438,94264200
2021-04-20,131.50891027779352,132.00564275979164,128.38237738217003,129.64857482910156,94812300
2021-04-21,128.91807261047788,130.27192605122198,127.88563953707525,130.02842712402344,68847100
2021-04-22,129.58035833012048,130.66149395921403,127.99275572778816,128.50897216796875,84566500
2021-04-23,128.72326849315886,131.60628729046172,128.72326849315886,130.8271026611328,78657500
2021-04-26,131.32383017529745,131.5478450047434,130.08685158645528,131.21669006347656,66905100
2021-04-27,131.49915149684074,131.88875868630524,130.62256132903624,130.89527893066406,66015800
2021-04-28,130.81732046769145,131.50886374451756,129.61931028089822,130.10630798339844,107760100
2021-04-29,132.92117853809344,133.50558183329358,129.00571212903608,130.00892639160156,151101000
2021-04-30,128.35317485713367,130.08688632079222,127.66164611054948,128.04150390625,109839500
2021-05-03,128.6064163405703,130.5836417558544,128.4018855175399,129.09341430664062,75135100
2021-05-04,127.77848641989287,128.070688075214,123.40524078183631,124.52533721923828,137564700
2021-05-05,125.84022317213565,127.05771762012843,124.64221279666873,124.76883697509766,84000900
2021-05-06,124.56429033642047,126.37592265450229,123.82405163749547,126.3661880493164,78128300
2021-05-07,127.66379062246624,128.0637957522919,126.3271401858517,127.03937530517578,78973300
2021-05-10,126.25886120807223,126.38568557584613,123.72216543128324,123.76119232177734,88071200
2021-05-11,120.4927732833166,123.19532046962064,119.78054551827158,122.8440933227539,126142800
2021-05-12,120.39521236408822,121.60501628867115,119.27321336720668,119.78054809570312,112172300
2021-05-13,121.5464761686261,123.0782463378904,121.23426847309511,121.9269790649414,105861300
2021-05-14,123.17581868284023,124.7758841676664,122.7855571745272,124.34659576416016,81918000
2021-05-17,123.73192293508849,123.83924502210618,122.12209907344122,123.1953125,74244600
2021-05-18,123.47826668103308,123.89779649597985,121.74161080080381,121.80990600585938,63342900
2021-05-19,120.16105765432343,121.87819629608094,119.86835967667767,121.65380096435547,92612000
2021-05-20,122.18065274217139,124.61001915730156,122.05381347828964,124.20999908447266,76857100
2021-05-21,124.70757329750661,124.88319058200729,122.16112639405591,122.37577056884766,79295400
2021-05-24,122.94165678285485,124.82466155300955,122.87336158160026,124.00511169433594,63092900
2021-05-25,124.70759385237946,125.19542633961541,123.24411872152993,123.80999755859375,72009500
2021-05-26,123.86851440973157,124.28804417802037,123.34166255348855,123.76119232177734,56575900
2021-05-27,123.3611810284224,124.5319579811851,122.03429651202822,122.22942352294922,94625600
2021-05-28,122.51236002849775,122.736762785055,121.51720038633076,121.57573699951172,71311100
2021-06-01,122.03429950032661,122.29772171588232,120.92205913488071,121.25377655029297,67637100
2021-06-02,121.253779962891,122.19040306312083,121.02938463288338,122.01478576660156,59278900
2021-06-03,121.64403199734149,121.80989069682863,120.13177164794705,120.53179168701172,76229200
2021-06-04,121.04890215666704,123.08801464449839,120.83425795335646,122.8245849609375,75169300
2021-06-07,123.09775754946514,123.24410653680496,121.7903901347652,122.83433532714844,71057600
2021-06-08,123.51728685562117,125.33200387040455,123.13678395621102,123.65387725830078,74403800
2021-06-09,124.11242420165917,124.63927604647924,123.43922338156383,124.03437042236328,56877900
2021-06-10,123.9270603510902,125.06857651400928,122.87336400291547,123.03922271728516,71186400
2021-06-11,123.44898317154788,124.3368281715762,123.02945340825438,124.24901580810547,53522400
2021-06-14,124.70757800792384,127.36133965538929,123.97584053546844,127.30280303955078,96906500
2021-06-15,126.775974370004,127.41990699875254,126.23936384604688,126.4832763671875,62746300
2021-06-16,127.19549442536886,127.70283662845416,125.33201411236685,126.98085021972656,91815000
2021-06-17,126.63936820067508,129.32240559947226,126.49301177385304,128.58090209960938,96721700
2021-06-18,127.52718422485502,128.30769210804172,127.06862765550436,127.28327178955078,108953300
2021-06-21,127.12717628510836,129.18579802932504,126.06372153950791,129.07847595214844,79663300
2021-06-22,128.91260151651892,130.81511548198895,128.4150106343884,130.71754455566406,74783600
2021-06-23,130.51271488266488,131.0493254021088,129.98585550457855,130.4444122314453,60214200
2021-06-24,131.17613794325877,131.36151382298493,129.69314579268672,130.16146850585938,68711000
2021-06-25,130.2102731739654,130.62979558487248,129.57609165578822,129.86878967285156,70783700
2021-06-28,130.1614570490265,131.95664929646315,130.10292043684166,131.4980926513672,62111300
2021-06-29,131.51761747124857,133.16646828417475,131.07857796707717,133.01036071777344,64556100
2021-06-30,132.8542586809143,134.0640700400228,132.56156070353867,133.62503051757812,63261400
2021-07-01,133.27379128495963,133.98601159157678,132.4542339993765,133.92747497558594,52485800
2021-07-02,134.54213509862615,136.59100614570704,134.39579354693674,136.55198669433594,78852600
2021-07-06,136.65931393358588,139.6643030810213,136.65931393358588,138.56182861328125,108181800
2021-07-07,140.0447648918188,141.36189806872017,139.18620319634806,141.04969787597656,104911600
2021-07-08,138.13249304147996,140.55210024692394,137.24464819829342,139.7520751953125,105575500
2021-07-09,139.27401905419063,142.1033977245654,139.17644811221814,141.57655334472656,99890800
2021-07-12,142.64979816390084,142.75712026323748,140.49360503622404,140.98143005371094,76299700
2021-07-13,140.52287651879445,143.8693639556699,140.1326224508896,142.0936737060547,100827100
2021-07-14,144.49373760521436,145.9279439651733,144.08395159902543,145.51815795898438,127050800
2021-07-15,145.6059901139749,146.34747864637848,143.50833398770226,144.86448669433594,106820300
2021-07-16,144.84502714125577,146.11336042052585,142.3278479795718,142.82542419433594,93251400
2021-07-19,140.24971726518362,140.56193247731903,138.22036304802546,138.9813690185547,121434600
2021-07-20,139.9667464752501,143.5181116494979,139.47892150687957,142.5912322998047,96350000
2021-07-21,141.98630578312776,142.57170158330715,141.10822697009226,141.85946655273438,74993500
2021-07-22,142.38635852395822,144.59132208932277,142.25951926436974,143.2254180908203,77338200
2021-07-23,143.95716474814094,145.0986734955369,143.34250046599004,144.94256591796875,71447400
2021-07-26,144.65960672609336,146.1816181027515,144.10347916841854,145.36207580566406,72434100
2021-07-27,145.48892025406204,145.5767400665626,142.00585756681636,143.19615173339844,104818600
2021-07-28,141.28383310707383,143.39124006828624,139.0691040815247,141.44969177246094,118931200
2021-07-29,141.16680912935195,142.9815188308623,141.05948702759235,142.0936737060547,56699500
2021-07-30,140.86434605990442,142.76686050541852,140.60091640214495,142.3083038330078,70440600
2021-08-02,142.7961201026742,143.37174997131473,141.71314811709883,141.97657775878906,62880000
2021-08-03,142.2595139229218,144.43520909857267,141.64484970305608,143.7717742919922,64786600
2021-08-04,143.6839649919127,144.191292221281,142.7180662311683,143.3717498779297,56368300
2021-08-05,143.40105691819448,144.2401166546182,142.61078266741262,143.47911071777344,46397700
2021-08-06,143.0003050001657,143.74290453377364,142.29678337483543,142.79510498046875,54126800
2021-08-09,142.853744492803,143.34230040071924,142.18931561461758,142.7462615966797,48908700
2021-08-10,143.08827226738262,144.3292085832048,141.97436527249621,142.2675018310547,69023100
2021-08-11,142.7071837820295,143.36184690994065,142.19908146277635,142.5215301513672,48493500
2021-08-12,142.84396383015653,145.6385039280885,142.50196876649986,145.48216247558594,72282600
2021-08-13,145.56034862237908,146.01959236929383,144.87637333214747,145.6873779296875,59375000
2021-08-16,145.14019753721752,147.72955306203514,143.11758362273994,147.66114807128906,103296000
2021-08-17,146.79145827137637,148.20826698185215,145.67755174409092,146.75238037109375,92229700
2021-08-18,146.37133747643588,147.2702784625577,142.8048707810112,143.01007080078125,86326000
2021-08-19,141.71052547158095,144.61254875765684,141.19265740190144,143.34230041503906,86960300
2021-08-20,144.06536865206095,145.10110479232438,143.4204712746936,144.79820251464844,60549600
2021-08-23,144.91542102572143,146.75239563031982,144.50503593715925,146.28338623046875,60131800
2021-08-24,146.02935786837372,147.40708910674365,145.7362213417673,146.19546508789062,48606400
2021-08-25,146.3811034364789,146.87943995254733,144.41711425947602,144.96429443359375,58991300
2021-08-26,144.95452843061085,145.70689371393732,144.13374326132688,144.16305541992188,48597200
2021-08-27,144.10444664756716,145.34538283026907,143.46932993010927,145.19882202148438,55802400
2021-08-30,145.58966053577964,149.97689795560206,145.20858752404757,149.6153564453125,90956700
2021-08-31,149.1658935130071,149.30268857096087,147.82724018566304,148.35488891601562,86453100
2021-09-01,149.3319699829077,151.43275399237308,148.85317992388826,149.019287109375,80313700
2021-09-02,150.34817499884036,151.17872592141705,148.91181958328025,150.13320922851562,71115500
2021-09-03,150.24070759279422,151.0908050119508,149.58604446464392,150.7683563232422,57808700
2021-09-07,151.4230043452141,153.66058362239795,150.8562777588282,153.1036376953125,82278300
2021-09-08,153.38697789342345,153.4456022050819,150.45564303417842,151.55978393554688,74420200
2021-09-09,151.93113726904932,152.53694188624507,150.42637656824454,150.54364013671875,57305700
2021-09-10,151.45231569560596,151.9213251437336,145.2965089144569,145.56033325195312,140893200
2021-09-13,147.18232700871462,147.9542386226374,145.3453524055779,146.12704467773438,102404300
2021-09-14,146.90876744705565,147.61228914708835,143.54750041568678,144.72979736328125,109296300
2021-09-15,145.1596986106003,146.01956159972383,143.01982179601146,145.6189422607422,83281300
2021-09-16,145.04246503666727,145.56033305169905,143.8503875542624,145.3844451904297,68034100
2021-09-17,145.41377207009813,145.41377207009813,142.42379770872697,142.71693420410156,129868800
2021-09-20,140.50866688674913,141.52485650500037,138.0365754530921,139.66835021972656,123478900
2021-09-21,140.6356810985669,141.29035906389458,139.51200859720305,140.14712524414062,75834000
2021-09-22,141.14379903633161,143.07847626004042,140.41096517330857,142.5117645263672,76404300
2021-09-23,143.29341147385273,143.71357721861844,142.30653411634987,143.46929931640625,64838200
2021-09-24,142.32609558654582,144.09466540021555,142.2283784515029,143.5572509765625,53477900
2021-09-27,142.14045701354505,142.6192471706429,140.52822848156046,142.04273986816406,74150700
2021-09-28,139.97125238193445,141.43691994614318,138.44696050068399,138.66192626953125,108972300
2021-09-29,139.2091217179658,141.14379894035906,138.77919013309102,139.56088256835938,74602000
2021-09-30,140.37190261492736,141.07542439314534,138.0463714641766,138.26133728027344,89056700
2021-10-01,138.65216064526572,139.64881887167329,135.9260252404235,139.38499450683594,94639600
2021-10-04,138.5153657120816,138.9550779570537,135.10525501528176,135.95533752441406,98322000
2021-10-05,136.29733265175278,138.98439014714222,136.1703033445533,137.8802490234375,80861100
2021-10-06,136.27775625309343,138.8964081885175,135.20292752763442,138.74984741210938,83221100
2021-10-07,139.78558344753552,140.91903648455812,139.453369081024,140.01031494140625,61732700
2021-10-08,140.73338282452485,140.87994360098938,139.29702757701324,139.62924194335938,58773200
2021-10-11,139.0137022391212,141.49555969160025,138.56422424355534,139.5413360595703,64452200
2021-10-12,139.9517211619384,139.97126757292082,137.8118439004276,138.27108764648438,73035900
2021-10-13,138.00726310614547,138.16358964828814,136.0139468710265,137.684814453125,78762700
2021-10-14,138.85733053427336,140.58682224669744,138.27105760850728,140.4695587158203,69907100
2021-10-15,140.4793699361988,141.58349614959462,140.22531132197605,141.52487182617188,67940300
2021-10-18,140.16667221392322,143.47908032380766,139.88331637742027,143.1957244873047,85589200
2021-10-19,143.64520263819782,145.75576773810008,143.19573955238386,145.3551483154297,76378900
2021-10-20,145.29652399244392,146.32249438069462,144.72979735027167,145.8437042236328,58418800
2021-10-21,145.40400691653662,146.21501151275598,144.48551942420278,146.0586700439453,61421000
2021-10-22,146.26383951681254,146.7426146643611,145.23786934278849,145.28672790527344,58883400
2021-10-25,145.27696242983234,145.95117189778182,144.24122639888336,145.23788452148438,50720600
2021-10-26,145.91212476055014,147.3875583918874,145.59944178965912,145.90235900878906,60893400
2021-10-27,145.94142163499626,146.30294823636,145.0913391249601,145.44309997558594,56094900
2021-10-28,146.39086968766787,149.6641846605071,146.2931525621037,149.0779266357422,100077900
2021-10-29,143.85040287273776,146.5081482073945,143.0589446865979,146.37135314941406,124953200
2021-11-01,145.57984926191588,146.27359008476768,144.41708417933333,145.550537109375,74588300
2021-11-02,145.25741606122364,148.10081443519022,145.2476354029817,146.58628845214844,69122000
2021-11-03,146.9478455977698,148.49168405814817,146.3908996149076,148.02267456054688,54511500
2021-11-04,148.11059575284676,148.94113176601576,147.192108353955,147.50479125976562,60394600
2021-11-05,148.6301118041856,148.9334561453401,146.83938576662882,148.033203125,65463900
2021-11-08,148.16037955280584,148.3169491501547,146.9372075697029,147.21119689941406,55020900
2021-11-09,146.9763488953236,148.17994599827716,146.83935422451017,147.57325744628906,56787900
2021-11-10,146.80023551358215,146.9078752619248,144.67681041564214,144.74530029296875,65187100
2021-11-11,145.76299817171153,146.22289720379737,144.51045604306032,144.69638061523438,41000000
2021-11-12,145.2443426792842,147.1720631299846,144.3147348567186,146.7708740234375,63804000
2021-11-15,147.14275496726236,148.62035691017905,146.22292685396968,146.78070068359375,59222800
2021-11-16,146.72198372154762,148.2387205417783,146.13485497458598,147.7592315673828,59256200
2021-11-17,147.75919078814144,151.67334153749616,147.7494107865361,150.1957550048828,88807000
2021-11-18,150.4110893484419,155.26462968629394,149.76525065573642,154.48179626464844,137827700
2021-11-19,154.2664794451428,157.5641620110988,153.1705218782956,157.104248046875,117305600
2021-11-22,158.210017461011,162.14374442137012,157.54461878472307,157.56419372558594,117467900
2021-11-23,157.66203166951047,158.3274452479913,155.6462458566702,157.94581604003906,96041900
2021-11-24,157.29999955243147,158.66016691398406,156.21382166433506,158.46446228027344,69463600
2021-11-26,156.1452930856568,157.00639624695634,153.00417999336176,153.44451904296875,76959800
2021-11-29,155.94958045222978,157.73052659848017,155.38202667808307,156.80091857910156,88748200
2021-11-30,156.556241122539,161.9675530331192,156.4877363212738,161.7522735595703,174048100
2021-12-01,163.8854710804495,166.64495424601967,160.99878818170458,161.233642578125,152052500
2021-12-02,155.33309702351337,160.6759050938818,154.4132690949476,160.24534606933594,136739200
2021-12-03,160.4997512359703,161.41957902573364,156.29203631008477,158.3665313720703,118023100
2021-12-06,160.7639885662799,164.27695105253582,160.75420856233345,161.7718963623047,107497000
2021-12-07,165.4511829707639,167.89752761795768,164.72705957992557,167.506103515625,120405400
2021-12-08,168.43571937748263,172.18352101189242,167.03640253357247,171.32240295410156,116998900
2021-12-09,171.15607763147332,172.9565838887255,170.1873196788355,170.81358337402344,108923700
2021-12-10,171.4495967498973,175.77473158616564,170.94075296583623,175.5985870361328,115402700
2021-12-13,177.2327699190323,178.22110269969062,171.76274694249355,171.96824645996094,153237000
2021-12-14,171.48873864529648,173.92530298904865,168.51399049049428,170.58848571777344,139380400
2021-12-15,171.35175229088827,175.6475325738547,168.611843504033,175.4518280029297,131063300
2021-12-16,175.4322672390144,177.25234826512832,167.0853404452438,168.56292724609375,150185800
2021-12-17,166.28294252078598,169.74697513874438,166.0481029746897,167.46697998046875,195432700
2021-12-20,164.66834446331637,166.91898445345717,163.8659512088188,166.10679626464844,107499100
2021-12-21,167.87790517319985,169.48270621037332,165.49027108419332,169.2772216796875,91185900
2021-12-22,169.32615733120278,172.08564081700152,168.4552593739479,171.870361328125,92135300
2021-12-23,172.07586375572322,173.0544014741378,171.50831008728667,172.4966278076172,68356600
2021-12-27,173.2892490658333,176.54778161213417,173.26968906108772,176.459716796875,74919600
2021-12-28,176.29338521436063,177.43827272382592,174.69836371754772,175.44204711914062,79144300
2021-12-29,175.48116046274254,176.7532624077505,174.31669825764985,175.53009033203125,62348900
2021-12-30,175.6181743920382,176.69457190920295,174.26778749437727,174.37542724609375,59773000
2021-12-31,174.26780109643352,175.38333364161016,173.45561289396153,173.75897216796875,64062300
2022-01-03,174.0133573614573,178.95497562988,173.89593761791699,178.1036376953125,104487900
2022-01-04,178.7103390737201,179.01368336177322,175.2756623032222,175.8432159423828,99310400
2022-01-05,175.7551772531539,176.3031560396219,170.89184312629723,171.16583251953125,94537600
2022-01-06,168.993506315213,171.5377110380755,167.95625844446747,168.30853271484375,96904000
2022-01-07,169.1793866130696,170.40255876885018,167.3593058480161,168.47483825683594,86709100
2022-01-10,165.4511773077938,168.79777487885306,164.56070430318124,168.4944305419922,106765600
2022-01-11,168.62164395189677,171.4202477771128,167.15383722500894,171.32240295410156,76138300
2022-01-12,172.34004419476074,173.37729170304524,171.0679572091586,171.76271057128906,74805200
2022-01-13,172.00737775161056,172.82934594142114,168.10300645305696,168.4944305419922,84505800
2022-01-14,167.66266389110206,170.05029852382498,167.4180294399018,169.3555450439453,80440800
2022-01-18,167.82900716362772,168.83689986985863,165.77408681023036,166.1557159423828,90956700
2022-01-19,166.35143003303915,167.40825267441707,162.37856885772902,162.66233825683594,94815000
2022-01-20,163.39620663076252,166.03825520272,160.65629832487,160.97921752929688,91420500
2022-01-21,160.89115642180548,162.76016689126735,158.81666141018044,158.92430114746094,122848900
2022-01-24,156.58562410189697,158.81668910799385,151.37979580013618,158.15127563476562,162294600
2022-01-25,155.56793581393717,159.26680751652682,153.65001008067688,156.35076904296875,115798400
2022-01-26,159.99099985628894,160.86189827966106,154.43290990292724,156.2627716064453,108275300
2022-01-27,158.9634528706825,160.3236197319786,154.88295228679408,155.8027801513672,121954600
2022-01-28,162.15349217595866,166.69390660020625,159.30594382680772,166.67433166503906,179935700
2022-01-31,166.5079991576081,171.24411862639118,165.87194061535732,171.02883911132812,115541600
2022-02-01,170.27534392743365,171.0875320298687,168.61183278338754,170.8624725341797,86213900
2022-02-02,170.99946801633135,172.10522042730014,169.60994623393472,172.06607055664062,84914300
2022-02-03,170.73526997176376,172.45750604377838,168.4259201826274,169.18917846679688,89418100
2022-02-04,168.20937580635172,170.58046717103358,167.22959142271642,168.905029296875,82465400
2022-02-07,169.36554243968104,170.4335039135459,167.4941505320522,168.18980407714844,77251200
2022-02-08,168.2583925780297,171.80522273077705,167.96445422996524,171.2957305908203,74829200
2022-02-09,172.4910539110368,173.07891560572492,171.36429283315064,172.71640014648438,71285000
2022-02-10,170.61968723864308,171.93259499604034,168.08204874852603,168.64051818847656,90865900
2022-02-11,168.84624166520766,169.58107994004882,164.64295836093538,165.2308349609375,98670700
2022-02-14,163.98653444619794,166.15186486791518,163.19291135712115,165.4660186767578,86185500
2022-02-15,167.51378153621621,169.45375094241317,166.80833539753965,169.29698181152344,62527400
2022-02-16,168.3759824121772,169.83585183660028,166.6123672162483,169.06182861328125,61177400
2022-02-17,167.57254946752525,168.43476465088062,165.06430342539218,165.4660186767578,69589300
2022-02-18,166.38698369504047,167.09241466512012,162.83036175887298,163.9179229736328,82772700
2022-02-22,161.6448765238355,163.32031494834902,158.87208401329053,160.99822998046875,91162800
2022-02-23,162.1934979328617,162.79116699621056,156.52055301215938,156.83409118652344,90009200
2022-02-24,149.4955488212337,159.5579417081335,148.92727191069304,159.45016479492188,141147500
2022-02-25,160.5279097890242,161.78203291625664,157.617948249187,161.5175018310547,91974200
2022-02-28,159.7636291111388,162.07592070846195,159.14636020433844,161.781982421875,95056600
2022-03-01,161.37052533149114,163.23212509592508,158.6957174816516,159.90084838867188,83474400
2022-03-02,161.06678613054137,163.97674752234462,159.65589394659725,163.1929168701172,79724800
2022-03-03,165.06432138955572,165.4954290281514,162.20335200198932,162.86959838867188,76678400
2022-03-04,161.16476749621853,162.20333673673338,158.82308299816066,159.87144470214844,83737200
2022-03-07,160.05761991470098,161.68406601052743,155.8249430798264,156.07969665527344,96418800
2022-03-08,155.6094012673305,159.58732445146612,152.65044751471495,154.25729370117188,131148300
2022-03-09,158.21564471885665,160.1066371498682,156.1874979647072,159.6559295654297,91454900
2022-03-10,156.961460328922,157.14762175986647,152.82676890064815,155.3154296875,105342000
2022-03-11,155.71714267170483,156.06007322521145,151.37670453340775,151.60205078125,96970100
2022-03-14,148.38835719355112,151.0043799732345,147.06565710961667,147.57513427734375,108732100
2022-03-15,147.84950323761805,152.42511088063213,147.3400259647883,151.95480346679688,92964300
2022-03-16,153.875139056129,156.76549997179433,151.3375011134131,156.36378479003906,102300200
2022-03-17,155.40362432397723,157.7453087439647,154.44343967423552,157.37298583984375,75615400
2022-03-18,157.2652159266267,161.15496186500974,156.53037749922927,160.66506958007812,123511700
2022-03-21,160.20458149296203,162.98718123956166,159.71468917177347,162.0367889404297,95811400
2022-03-22,162.16415722656538,165.99511891868582,161.57629538795769,165.40725708007812,81532000
2022-03-23,164.59399656875675,169.14998832074127,164.26085849061369,166.7691192626953,98062700
2022-03-24,167.60197064721902,170.61970935790146,166.76916261119956,170.55113220214844,90131400
2022-03-25,170.36494232979024,171.73663471959298,169.25778100424003,171.18795776367188,80546200
2022-03-28,168.6895021580393,172.1775327221898,168.52294058057433,172.0501708984375,90371900
2022-03-29,173.11812439551318,175.39121664425457,172.7751938429614,175.3422393798828,100589400
2022-03-30,174.9405154603071,175.97908457885987,173.12790825883917,174.17628479003906,92633200
2022-03-31,174.24485383998842,174.4310152677539,170.87439311711938,171.0801544189453,103049300
2022-04-01,170.5119011506989,171.34472398421482,168.46415506398156,170.78623962402344,78751300
2022-04-04,171.04097225778014,174.88172536504146,170.91359549990895,174.83273315429688,76468400
2022-04-05,173.9117489626708,174.6955795536943,170.8940109049415,171.5210723876953,73401800
2022-04-06,168.87566890286308,170.11999949152553,166.69075350018778,168.35638427734375,89058800
2022-04-07,167.69991063657648,169.85543344405016,166.41639539463952,168.66009521484375,77594700
2022-04-08,168.30737316185164,168.30737316185164,165.77952746373003,166.6515350341797,76575500
2022-04-11,165.29947642014864,165.61299973690032,162.1543610861938,162.39930725097656,72246700
2022-04-12,164.6233833916544,166.435975608999,163.27127610008927,164.27066040039062,79265200
2022-04-13,164.00614545081112,167.58235330112555,163.39868377604554,166.95529174804688,70618900
2022-04-14,167.1707997018646,167.80766849456361,161.70360127770223,161.94854736328125,75329400
2022-04-18,160.60625594535696,163.23208589340007,160.26334037791807,161.73301696777344,69023900
2022-04-19,161.6840380358106,164.4274375522312,160.59647667199232,164.0159149169922,67723800
2022-04-20,165.3484651886196,165.466049522113,162.7422491763838,163.84939575195312,67929800
2022-04-21,165.49540922825548,168.06243992326603,162.55605562621574,163.0557403564453,87227800
2022-04-22,163.09492410815207,164.47640880332085,158.23518671810965,158.51931762695312,84882400
2022-04-25,157.8628955248933,159.87145701566283,155.25667975939896,159.5873260498047,96046400
2022-04-26,158.97000966811646,159.05818667091813,153.55180344679445,153.63018798828125,95623200
2022-04-27,152.75821530720194,156.55976925790796,152.23893068313222,153.40487670898438,88063200
2022-04-28,156.03070106321982,161.194170207573,155.7171628080034,160.3319549560547,130216800
2022-04-29,158.56834326506834,162.84020491275837,154.071135335253,154.46304321289062,131747600
2022-05-02,153.54203875876948,155.03130046543404,150.17157761678854,154.7667694091797,123055300
2022-05-03,154.95291204808,157.46117291588328,153.15991957685017,156.2560272216797,88966500
2022-05-04,156.44221048032446,163.11454143572888,156.04049519291306,162.66384887695312,108256500
2022-05-05,160.537754419676,160.7631007501602,151.81766024281347,153.6008758544922,130525300
2022-05-06,153.0807608024048,156.44636712680793,151.2851189689877,154.32691955566406,116124600
2022-05-09,152.02103374851995,152.90414437032265,148.6456356183626,149.20492553710938,131577900
2022-05-10,152.59999379126018,153.79708852885074,150.05861170075954,151.60894775390625,115366700
2022-05-11,150.61789721596364,152.53128118939546,143.07228159830737,143.74932861328125,142689800
2022-05-12,140.08939498593494,143.45498708775622,136.19393338715008,139.88333129882812,182602000
2022-05-13,141.87516608975716,145.31927170624107,140.42295884876623,144.3478546142578,113990900
2022-05-16,142.8171643521235,144.7501769403197,141.4728772141811,142.80734252929688,86643800
2022-05-17,146.06499632256597,146.95791370140876,143.92592034755194,146.4378662109375,78336300
2022-05-18,144.0928072475896,144.59322629502935,137.2732857787909,138.176025390625,109742900
2022-05-19,137.25364468817165,139.00022255113117,134.03523053806913,134.77114868164062,136095600
2022-05-20,136.47847391127468,138.05824551298795,130.12014512321653,135.0066375732422,137426100
2022-05-23,135.202883911534,140.57018180016163,135.06551311431642,140.42300415039062,117726300
2022-05-24,138.1661418989175,139.30436527340177,134.75148674775386,137.72459411621094,104132700
2022-05-25,135.83088251729689,139.12779700339118,135.74257591724066,137.88165283203125,92482700
2022-05-26,134.81037721904417,141.62988165478208,134.56507119637524,141.0803985595703,90601500
2022-05-27,142.6601657784012,146.869610416665,142.5326018592053,146.8303680419922,90978500
2022-05-31,146.27108722583742,147.8312299883083,144.08294665114528,146.04539489746094,103718400
2022-06-01,147.08549081541827,148.8909545900905,144.90717205322113,145.9178466796875,74286600
2022-06-02,145.0543234657787,148.429735903567,144.10253513399695,148.37086486816406,72348100
2022-06-03,144.1417790773301,145.1916957944632,141.74760543511636,142.65032958984375,88570300
2022-06-06,144.2693764860653,145.78046996633253,142.17936438712687,143.39608764648438,71598400
2022-06-07,141.63970888221743,146.20239508903217,141.39440285018887,145.9178466796875,67808200
2022-06-08,145.79026939576806,147.05604181726716,144.6913032640919,145.18191528320312,53950200
2022-06-09,144.31844471982856,145.17210490927135,139.85387199936835,139.96180725097656,69473000
2022-06-10,137.64610169004794,138.117085018381,134.48655920841233,134.5552520751953,91437900
2022-06-13,130.37522601482007,132.6614796951245,128.9720829038409,129.40382385253906,122207100
2022-06-14,130.63035125622758,131.37607607962988,129.0113227305463,130.2672882080078,84784300
2022-06-15,131.76856647591572,134.76130271815364,129.67856950370555,132.8871612548828,91533000
2022-06-16,129.60006522049088,129.90424225906582,126.61713593346167,127.61798858642578,108123900
2022-06-17,127.62782938306579,130.58130861525225,127.37270152778396,129.08984375,134520300
2022-06-21,130.91492771438774,134.48658311474856,130.8168142802015,133.3189239501953,81000500
2022-06-22,132.25918724085466,135.17342395812105,131.39572023105475,132.80868530273438,73409200
2022-06-23,134.25108671150673,135.9878425646897,133.0834276529192,135.67385864257812,72433800
2022-06-24,137.27323450557805,139.24550436943025,137.14568556404583,139.0001983642578,89116800
2022-06-27,140.02066475796738,140.79584011879487,138.32315139441545,139.0001983642578,70207900
2022-06-28,139.46136345282662,140.72713574825013,134.74167869464102,134.8594207763672,67083400
2022-06-29,134.87905849783044,138.02877917366496,134.10388314834785,136.61581420898438,66242400
2022-06-30,134.67300165333307,135.77196780465343,131.2583461315228,134.1529541015625,98964500
2022-07-01,133.48570492012948,136.42937688810812,133.11284998534265,136.32144165039062,71051600
2022-07-05,135.18325151505502,138.951148551157,134.35901187342057,138.90208435058594,73353800
2022-07-06,138.69602774966668,141.41400763305737,138.43109305954474,140.23654174804688,74064300
2022-07-07,140.5995991745189,143.79839942455877,140.58979232323185,143.60215759277344,66253700
2022-07-08,142.53259722881296,144.77960864232728,142.27748437099987,144.2791748046875,64547800
2022-07-11,142.93491514840724,143.88670373849325,141.08040216848238,142.14993286132812,63141600
2022-07-12,143.0232094985196,145.66270453987497,142.32654882035914,143.121337890625,77588800
2022-07-13,140.3052405126538,143.7002675399076,139.45156535802397,142.75830078125,71185600
2022-07-14,141.3747693527097,146.1533259024835,140.56035155748177,145.68234252929688,78140700
2022-07-15,146.96775651820843,148.0274804295402,145.41742051675783,147.35043334960938,76259900
2022-07-18,147.90971463576915,148.7241323716371,143.9455611978647,144.30862426757812,81420900
2022-07-19,145.14266864096726,148.3905180514349,144.15163767930207,148.1648406982422,82982400
2022-07-20,148.2825708215841,150.8337592919261,147.54665279809592,150.16651916503906,64823400
2022-07-21,151.59910487340264,152.64902171844827,149.0871738807754,152.4331512451172,65086600
2022-07-22,152.47241748797757,153.34570636779952,150.5295978961148,151.1968231201172,66675400
2022-07-25,151.11832702232695,152.1289867062053,149.42081342303993,150.07823181152344,53623900
2022-07-26,149.40118236976926,150.21560020375307,147.96860350790257,148.7535858154297,55138700
2022-07-27,149.71517016840275,154.37598449377768,149.3030578563077,153.8461151123047,78620700
2022-07-28,154.03253631118739,154.68014773185416,151.5107984661639,154.39559936523438,81378700
2022-07-29,158.21258113398608,160.55770616166393,156.50524578988953,159.45872497558594,101786900
2022-08-01,157.98689646537588,160.5184565925083,157.86915435741844,158.47750854492188,67829400
2022-08-02,157.09396729027588,159.36059231885778,156.63279081571793,157.00564575195312,59907000
2022-08-03,157.82008857109244,163.46212742924678,157.73178199101062,163.01077270507812,82507500
2022-08-04,162.89303446062004,164.05088687619767,161.34269832888046,162.69679260253906,55474100
2022-08-05,160.36804367078585,162.96207295817032,160.1616937873522,162.4707794189453,56697000
2022-08-08,163.47299550022427,164.88792318870864,161.34078349494277,161.99911499023438,60276900
2022-08-09,161.16394115258205,162.9326009401167,160.40734488370262,162.0482635498047,63135500
2022-08-10,164.76018146628317,166.3912794896035,163.99376480339055,166.29302978515625,70170500
2022-08-11,167.0987759253846,168.01258981282774,165.26134266915503,165.55612182617188,57149200
2022-08-12,166.86294364369544,169.1720142653812,166.45024387983412,169.10324096679688,68039400
2022-08-15,168.53332166791955,170.370754508125,168.36628368181792,170.1742401123047,54091700
2022-08-16,169.77139729331643,170.6852110892498,168.67090454328755,170.0170440673828,56377100
2022-08-17,169.76161588282767,173.08275083711368,169.5651014169735,171.5106201171875,79542000
2022-08-18,170.7245248308653,171.85449410589086,170.10549010131544,171.1175537109375,62290100
2022-08-19,170.01701076373877,170.7146540623893,168.32696008976907,168.53330993652344,70346300
2022-08-22,166.73521001384654,166.9022480242965,164.22960987091767,164.65213012695312,69026800
2022-08-23,164.17065687050786,165.77227866474297,163.74813661491604,164.3180389404297,54147100
2022-08-24,164.40647334198977,165.1827105189657,163.35509799580043,164.61280822753906,53841500
2022-08-25,165.84104108991514,167.17736007756102,165.41853585512217,167.06927490234375,51218200
2022-08-26,167.59989722186273,168.07153485537452,160.71195171096292,160.77090454101562,78961000
2022-08-29,158.34389469961232,160.06342201093398,157.03706713692557,158.5699005126953,73314000
2022-08-30,159.30682979347176,159.72933499269527,154.9736176696823,156.1428985595703,77906200
2022-08-31,157.5185361319256,157.78383884788298,154.40373681361956,154.4823455810547,87991100
2022-09-01,153.91240502902684,155.66140843899763,151.97670771690994,155.2094268798828,74229900
2022-09-02,156.9682575855211,157.56763619543025,152.27149339367668,153.09686279296875,76957800
2022-09-06,153.7453935980758,154.35459275815265,151.0138028574181,151.83917236328125,73714800
2022-09-07,152.1241445003408,153.9419216691413,150.93520749298594,153.24429321289062,87449600
2022-09-08,151.94725947173376,153.6373103822705,150.02138227376568,151.77040100097656,84923800
2022-09-09,152.76282069447305,155.07190642293236,152.05535676886382,154.62973022460938,68028800
2022-09-12,156.81103743896202,161.39971639450192,156.52609383916058,160.58416748046875,104956000
2022-09-13,157.1156691952697,157.7445243311509,150.69937671737435,151.16119384765625,122656600
2022-09-14,152.09465656902455,154.36444545311878,150.93521094229624,152.60560607910156,87965400
2022-09-15,151.95709434204855,152.53683214610933,148.7440452074938,149.716796875,90481100
2022-09-16,148.57699569456918,148.71455728301882,145.78643705402317,148.07586669921875,162278800
2022-09-19,146.71009545075992,151.8686783568659,146.5037605306467,151.79006958007812,81474200
2022-09-20,150.72886783406594,155.32738364566532,150.41444773199837,154.1679229736328,107689800
2022-09-21,154.60024966459952,155.97588059110078,150.92538353116046,151.0432891845703,101696800
2022-09-22,149.7266056194288,151.78020876552435,148.28220159016286,150.08033752441406,86652500
2022-09-23,148.55735322020942,148.83247642204518,145.97314422465584,147.81057739257812,96029900
2022-09-26,147.0539508051786,151.0923833374164,147.03429487021683,148.14462280273438,93339400
2022-09-27,150.08036255735442,152.02588086273627,147.33893608818533,149.11741638183594,84442700
2022-09-28,145.06914652315353,148.01690757279204,142.31789987820665,147.2308349609375,146691400
2022-09-29,143.55595244325275,144.16515152497595,138.2303182381293,139.9989776611328,128138200
2022-09-30,138.819918971248,140.60823487907734,135.59703414181732,135.79354858398438,124925300
2022-10-03,135.8033685254817,140.57874239032802,135.29241903979042,139.9695281982422,114311700
2022-10-04,142.504593932989,143.67387488258018,141.7479977315321,143.55596923828125,87830100
2022-10-05,141.5613389023429,144.81369999304195,140.51978392175167,143.8507537841797,79471000
2022-10-06,143.271047261683,144.9709190386039,142.6913243714458,142.8976593017578,68402200
2022-10-07,140.05797036356424,140.60823177983056,137.0217795686969,137.650634765625,85925600
2022-10-10,137.97486877441406,139.4192729060871,136.15709176712548,137.97486877441406,74899000
2022-10-11,137.4638994009055,138.88866238055874,135.81316062854552,136.55992126464844,77033700
2022-10-12,136.70735883391194,137.91593686444165,135.7542480720767,135.9311065673828,70433700
2022-10-13,132.6394403890868,141.08968060374895,132.03022618093473,140.50013732910156,113224000
2022-10-14,141.79714775053986,142.00349764686453,135.78371925254498,135.9704132080078,88598000
2022-10-17,138.61357366022068,140.41169491464842,137.82750095740744,139.93023681640625,85250900
2022-10-18,142.95659405664904,144.1455159806622,138.1615644966325,141.24688720703125,99136600
2022-10-19,139.22276826600364,142.42599680685538,139.03607431855443,141.35498046875,61758300
2022-10-20,140.52962076392365,143.3496411342512,140.16605331698352,140.89317321777344,64522000
2022-10-21,140.3821753657461,145.27546856585172,140.16600506406664,144.70556640625,86548600
2022-10-24,144.62698448602487,147.6140424012265,143.45770354454174,146.84762573242188,75981900
2022-10-25,147.47648086131204,149.83469868322362,146.75919654145045,149.6873016357422,74732300
2022-10-26,148.33134005875115,149.34340346890698,145.4621728259598,146.74937438964844,88194300
2022-10-27,145.49165853167307,146.45458955551916,141.62026350591435,142.27859497070312,109180200
2022-10-28,145.6193777007102,154.75743900232175,145.24600486857483,153.02809143066406,164762400
2022-10-31,150.4930176480896,151.55421333060897,149.27460445858512,150.6698760986328,97943200
2022-11-01,152.37958612806426,152.74313850206963,146.53319676946654,148.02671813964844,80379300
2022-11-02,146.35631650525693,149.520247538893,142.47510122901483,142.50457763671875,93604600
2022-11-03,139.58627337777975,140.31339298108153,136.3339135859032,136.46165466308594,97918500
2022-11-04,139.84739003185524,140.41823769444377,132.25908536615194,136.19595336914062,140814800
2022-11-07,134.94597165427223,136.95376740177366,133.52869700052665,136.72740173339844,83374600
2022-11-08,138.1939045722533,139.19779504119253,135.31999290082103,137.2982635498047,89908500
2022-11-09,136.31404528196006,136.363259132224,132.46575346788492,132.7413330078125,74917800
2022-11-10,139.0108096143879,144.55194091796875,137.298266687944,144.55194091796875,118854000
2022-11-11,143.51855829432515,147.6424157179768,142.09143135008082,147.33731079101562,93979700
2022-11-14,146.61882473623606,147.90814675324938,145.10312196997452,145.93971252441406,73374100
2022-11-15,149.8175372526668,151.1659099557232,146.21529884381314,147.67193603515625,89868300
2022-11-16,146.7763108997982,147.5046219917799,144.96533989912186,146.44166564941406,64218300
2022-11-17,144.11885756056643,149.08915536088233,143.84327806040238,148.34115600585938,80389400
2022-11-18,149.90612748332487,150.2899716114857,147.60306271435985,148.9022216796875,74829600
2022-11-21,147.790025718782,147.99670287508093,145.3885338782466,145.6739501953125,58724100
2022-11-22,145.79208977743497,148.0459404204949,144.6110171948753,147.80972290039062,51804100
2022-11-23,147.09122719796105,149.43366845656658,146.98296272757275,148.6856689453125,58301400
2022-11-25,145.9692556043843,146.53026663651238,144.79803469278767,145.7724151611328,35195900
2022-11-28,142.84924916455952,144.32557460653223,141.11703271911014,141.9437713623047,69246000
2022-11-29,142.0126931655547,142.52449031453185,138.1348900130404,138.9419403076172,83763800
2022-11-30,139.16829999405587,146.3727767919922,138.3317244213744,145.69366455078125,111380900
2022-12-01,145.87082558028513,146.77630352615344,144.29607218523327,145.96923828125,71250400
2022-12-02,143.65630431626485,145.66410017016838,143.35118446433725,145.4770965576172,65447400
2022-12-05,145.43777233013495,148.5380503426706,143.46933803189978,144.31576538085938,68826400
2022-12-06,144.74881132681773,144.97517704731527,139.68008441838234,140.6544647216797,64727200
2022-12-07,139.9458322919547,141.10720126498546,137.79039443330282,138.71556091308594,69721100
2022-12-08,140.11314322681335,141.25483863673134,138.87303512029186,140.3985595703125,62128300
2022-12-09,140.09344213199822,143.27247380855323,138.67616726979998,139.91629028320312,76097000
2022-12-12,140.44774653895632,142.21933993621704,138.83363144766497,142.20950317382812,70462700
2022-12-13,147.14043487810696,147.6030180487257,141.9634590975565,143.17404174804688,93886200
2022-12-14,143.05597702965818,144.34529916781915,138.93210452988586,140.9497528076172,82291200
2022-12-15,138.88286801559113,139.5619801804679,133.88304361781863,134.3456268310547,98931900
2022-12-16,134.53264031194206,135.47748033551235,131.6193510336839,132.3870391845703,160156900
2022-12-19,132.9775676474043,133.06614357854048,129.24739159594094,130.2808074951172,79592600
2022-12-20,129.31624266704765,131.1468864862608,127.8399174908421,130.21188354492188,77432800
2022-12-21,130.8811625578248,134.65071518492888,130.6547968699711,133.3121795654297,85928000
2022-12-22,132.22957105725172,132.43624823454394,128.24348886904642,130.1430206298828,77852100
2022-12-23,128.8537182862033,130.33004413506166,127.59392142994787,129.7788848876953,63814900
2022-12-27,129.30640557151355,129.33593087352486,126.68838532816507,127.97770690917969,69007800
2022-12-28,127.62341762114275,128.96195335269854,123.88339749624971,124.05071258544922,85438400
2022-12-29,125.96990478190652,128.42060248517595,125.7140138231083,127.56433868408203,75703700
2022-12-30,126.38331908581098,127.8990067839709,125.41878304163788,127.87931823730469,77034200
2023-01-03,128.22377748695044,128.83398716375524,122.21021158237852,123.09600830078125,112117500
2023-01-04,124.8873030948284,126.62937150933897,123.10587260552037,124.36566925048828,89113600
2023-01-05,125.12352032753697,125.7534186864637,122.79093054834856,123.04682159423828,80962700
2023-01-06,124.02118700839063,128.23362708296847,122.91886125861728,127.57420349121094,87754700
2023-01-09,128.4108124086458,131.30441322455866,127.83996466106093,128.09585571289062,70790800
2023-01-10,128.20410381019116,129.18832083166095,126.09787998496417,128.66668701171875,63896200
2023-01-11,129.1784814447806,131.4028064616691,128.40095662151043,131.3831329345703,69458900
2023-01-12,131.76699610111268,132.14098840377943,129.36550386584642,131.30441284179688,71379600
2023-01-13,129.9461937075215,132.79058077087095,129.582038154894,132.6331024169922,57809700
2023-01-17,132.70193721574475,135.12310184668564,132.01298854100364,133.79441833496094,63646600
2023-01-18,134.66056331872014,136.42230495988363,132.8988066595986,133.0759735107422,69672800
2023-01-19,131.96381962844052,134.0995687562006,131.65871475561192,133.13504028320312,58280400
2023-01-20,133.14488168206822,135.84164181281548,132.10161400912494,135.69400024414062,80223600
2023-01-23,135.94005904305521,141.0579999020067,135.72353008280908,138.88287353515625,81760300
2023-01-24,138.0955084866108,140.90053342355856,138.0856717213938,140.2804718017578,66435100
2023-01-25,138.6663409653264,140.18202862963406,136.61916767862735,139.62103271484375,65799300
2023-01-26,140.91035682918778,141.9733130723702,139.66039693887691,141.68789672851562,54105100
2023-01-27,140.90049992434123,144.9062550377642,140.82176076743906,143.62677001953125,70555800
2023-01-30,142.6721140707524,143.2527985417942,140.59541543784155,140.7430419921875,64015300
2023-01-31,140.4477633640219,142.06187864867766,140.03439402480078,142.01266479492188,65874500
2023-02-01,141.69775584370586,144.2960887309056,139.08958619067016,143.13470458984375,77663600
2023-02-02,146.54991104174482,148.79392468833726,145.83143680858885,148.4396209716797,118339000
2023-02-03,145.69362375451536,154.89605760293438,145.4967833818238,152.06150817871094,154357300
2023-02-06,150.1620046015634,150.6836384438328,148.40024764766747,149.3352508544922,69858300
2023-02-07,148.26247720570987,152.780030512787,148.26247720570987,152.2091827392578,83322600
2023-02-08,151.45135018561032,152.14029923404468,148.78411491914525,149.52227783203125,64120100
2023-02-09,151.35289040745275,151.89421276586904,148.04592065726195,148.4888153076172,56007100
2023-02-10,147.32567733632254,149.17882019931434,147.08909918660703,148.85353088378906,57450700
2023-02-13,148.79440338379132,152.05713357186568,148.76483299254943,151.6529998779297,62199000
2023-02-14,149.94767374239032,151.57412024796835,148.70567235340334,151.0122528076172,61707600
2023-02-15,150.92357800911904,153.2794480234058,150.69686663828347,153.11187744140625,65573800
2023-02-16,151.3178586328593,154.0975960108758,151.16015487764588,151.5150146484375,68167900
2023-02-17,150.17444104857563,150.81515300249052,148.69586111717868,150.37158203125,59144100
2023-02-21,148.05508866222715,149.1393862953431,146.29065710385296,146.35964965820312,58867200
2023-02-22,146.74410160351695,147.8086807909047,145.0585291708209,146.78353881835938,51011300
2023-02-23,147.94665897626774,148.19308888929672,145.13736699227027,147.26651000976562,48394200
2023-02-24,145.0092263234326,145.0880857046954,143.6390765358812,144.6149444580078,55469600
2023-02-27,145.6006854773172,147.03982803359767,145.344388690471,145.80767822265625,44998500
2023-02-28,144.95007197860627,146.9510815880518,144.7332124606566,145.304931640625,50547000
2023-03-01,144.73322244168676,145.12750429739225,142.9392054041828,143.23492431640625,55479000
2023-03-02,142.31823534576338,144.6149643784106,141.8450789930105,143.82638549804688,52238100
2023-03-03,145.92596783194648,148.9521351539883,145.22611512366896,148.87327575683594,70732300
2023-03-06,151.59381779613093,154.06798373466975,151.26854354881283,151.6332550048828,87558000
2023-03-07,151.505091132307,151.83038038722225,148.97179972168095,149.43508911132812,56182000
2023-03-08,150.62784041964048,151.278419098267,149.66183922588297,150.68698120117188,47204800
2023-03-09,151.3671337581158,152.33313497413033,148.08468493947933,148.43954467773438,53833600
2023-03-10,148.0649820559655,148.78455331931613,145.50210448552664,146.37939453125,68572400
2023-03-13,145.69924028415588,150.9531285889032,145.59081050522525,148.32125854492188,84457100
2023-03-14,149.11968969699433,151.209410853691,147.95654755608294,150.41098022460938,73695900
2023-03-15,149.03095372752588,151.0615337650689,147.77908558210245,150.8052520751953,77167900
2023-03-16,149.98711209240733,154.22570978036399,149.47453364061312,153.62442016601562,76161100
2023-03-17,153.85115455030763,154.50173325502132,152.07685582876627,152.7865753173828,98944600
2023-03-20,152.85556893212473,155.5662982460434,151.94869352566715,155.15228271484375,73641400
2023-03-21,155.0734148747329,157.12369840917287,154.30453974820858,157.0054168701172,73938300
2023-03-22,157.02518131500096,159.824622189753,155.55645326577164,155.576171875,75701800
2023-03-23,156.5618527096425,159.2430113419942,155.4282660956086,156.66041564941406,67622100
2023-03-24,156.5914437450547,158.0503047976887,155.59587218901564,157.9615936279297,59196500
2023-03-27,157.6560281012329,158.47417734472043,155.61558088418133,156.0197296142578,52390300
2023-03-28,155.71413440722972,156.22671283698608,153.75254688783264,155.39869689941406,45992200
2023-03-29,157.09418046089732,158.75019776487642,157.07447689173614,158.4741973876953,51305700
2023-03-30,159.22332411879057,160.14990317241256,158.96704237580855,160.04147338867188,49501700
2023-03-31,160.120319104618,162.64375926608275,159.59788883873148,162.54518127441406,68749800
2023-04-03,161.92419649331373,163.91533966892132,161.87490749491164,163.79705810546875,56976200
2023-04-04,164.22090454094308,164.45746763773894,162.75217680448466,163.26475524902344,46278300
2023-04-05,162.38747921010668,162.69304993016723,159.48946069965245,161.4214630126953,51511700
2023-04-06,160.11047335808198,162.60435849941234,159.6866210280676,162.3086395263672,45390100
2023-04-10,159.11488161033475,159.71617126464844,157.7940207437735,159.71617126464844,47716900
2023-04-11,160.03159161422226,160.04144339602837,158.21785602238293,158.50372314453125,47644200
2023-04-12,158.9177372546322,159.7457382241708,157.49829842634344,157.81373596191406,50133100
2023-04-13,159.32188371142138,163.4323331532267,159.11487595150933,163.1957550048828,68445600
2023-04-14,162.23961256067847,163.94491858408577,161.48061917083933,162.85076904296875,49386500
2023-04-17,162.73246797792896,163.02818690758198,161.68760746192598,162.87046813964844,41516200
2023-04-18,163.72806193096773,165.01935243982652,163.2844759960185,164.0927734375,49923000
2023-04-19,163.43233711220313,165.7586363174907,163.17604035173306,165.2362060546875,47720200
2023-04-20,163.71820194187683,165.47278202514906,163.19577163848064,164.27020263671875,52456400
2023-04-21,162.69305305620966,164.07305473489896,162.14105238473394,162.66348266601562,58337300
2023-04-24,162.64375061086378,163.23518844762253,161.5496011414824,162.9690399169922,41949600
2023-04-25,162.83105575677226,163.93505711689548,161.3918982344198,161.43133544921875,48714100
2023-04-26,160.73146218660858,162.91976126426218,160.47518046288778,161.4214630126953,45498800
2023-04-27,162.83104713478986,166.1529178634098,162.83104713478986,166.00506591796875,64902300
2023-04-28,166.08393356927388,167.424513091262,165.4826438930684,167.25692749023438,55275900
2023-05-01,166.86264216717663,168.01593249804148,166.2317821133474,167.168212890625,52472900
2023-05-02,167.66107793363267,167.91737470896658,165.1474894240389,166.13320922851562,48425700
2023-05-03,167.07949000013943,168.47921017635485,164.77290950021637,165.0587615966797,65136000
2023-05-04,162.535328337613,164.65461977543495,161.96360907995128,163.42247009277344,81235400
2023-05-05,168.53837432535954,171.81097141948842,168.32151475691046,171.09140014648438,113453200
2023-05-08,170.0169462399646,171.36739258858663,169.65223472844943,171.0223846435547,55962800
2023-05-09,170.57879765359286,171.06179068201072,169.14950709207488,169.31707763671875,45326900
2023-05-10,170.5492760535155,171.54484782386203,169.44525944226615,171.08155822753906,53724500
2023-05-11,171.3673768150292,172.09679977091955,169.71135988855104,171.268798828125,49514700
2023-05-12,171.3773829679925,171.8117019924622,168.79122976444327,170.34095764160156,45533100
2023-05-15,170.9233138186056,170.97267098611968,169.25514096380277,169.84739685058594,37266700
2023-05-16,169.768428394902,170.9035679392614,169.58088019536424,169.84739685058594,42110300
2023-05-17,169.4920742376562,170.69630196545663,168.21872838992437,170.45941162109375,57951600
2023-05-18,170.76538642479474,172.97645812210007,170.35081330561755,172.78890991210938,65496700
2023-05-19,174.11161490131875,174.11161490131875,172.68034719263906,172.8975067138672,55809500
2023-05-22,171.73274586766902,172.45332751081392,171.2095929310653,171.9499053955078,43570900
2023-05-23,170.89370662105455,171.1404774028389,169.0675968111729,169.34397888183594,50747300
2023-05-24,168.88006417332414,170.19288666082696,168.317434571077,169.62037658691406,45143500
2023-05-25,170.18302884098296,171.65377326209193,169.47232768730396,170.7555389404297,56058300
2023-05-26,171.08127033696854,173.49962120538788,170.87397623432938,173.16400146484375,54835000
2023-05-30,174.6742524991613,176.67803022234617,174.28929064745816,175.00985717773438,55964400
2023-05-31,175.0394481918492,177.03336027410137,174.47680359439627,174.96047973632812,99625300
2023-06-01,175.40468096744894,177.79342049505456,174.64462268903534,177.76380920410156,68901800
2023-06-02,178.69165461361322,179.4319669478336,176.94451328757913,178.61268615722656,61996900
2023-06-05,180.27101332814428,182.56103856696868,175.74028990045602,177.26040649414062,121946500
2023-06-06,177.64536518975015,177.79342164547316,175.13816542041533,176.8951873779297,64848400
2023-06-07,176.135134367242,178.86935913776645,175.02960596689772,175.5231475830078,61944600
2023-06-08,175.6021146908698,178.5041420299357,175.1678106866245,178.23764038085938,50214900
2023-06-09,179.15556151894765,179.87612787968425,178.29680414297812,178.62254333496094,48900000
2023-06-12,178.92859184232086,181.51474523727245,178.63246384356634,181.41603088378906,54274900
2023-06-13,180.4388079672042,181.7713612206094,180.08345742062403,180.9422149658203,54929100
2023-06-14,181.00144926283193,182.00827838693002,179.66889592317074,181.57395935058594,57462900
2023-06-15,181.5838370156226,184.11076766616947,181.4061542027307,183.6073455810547,65433200
2023-06-16,184.31805138125782,184.57470266619666,181.88983501651188,182.53143310546875,101256200
2023-06-20,182.02801364300083,183.69618663444365,182.02801364300083,182.62025451660156,49799100
2023-06-21,182.51167734169172,183.015099412311,180.23151756348105,181.58383178710938,49515700
2023-06-22,181.36667829792557,184.63392138287654,181.29757524213758,184.58456420898438,51245300
2023-06-23,183.15329819733586,185.13733008755815,182.62026481317798,184.26869201660156,53117000
2023-06-26,184.41673933227065,185.62098193195177,182.83740033087778,182.87689208984375,48088700
2023-06-27,183.48892085931215,185.95662920109734,183.27176132029933,185.63088989257812,50730800
2023-06-28,185.5025240055518,187.4470789620611,185.17679982937508,186.80548095703125,51216800
2023-06-29,186.63770623646846,187.6149240946042,186.49951518133068,187.14111328125,46347300
2023-06-30,189.15475231695294,191.96793030893548,188.7895213028153,191.4645233154297,85213200
2023-07-03,191.2770175563338,191.37573191972734,189.28310489702244,189.9740753173828,31458200
2023-07-05,189.09551742767218,190.4872931571664,188.15777642969255,188.85861206054688,46920300
2023-07-06,187.3878577490578,189.53970680413252,186.75612514844465,189.33241271972656,45094300
2023-07-07,188.93757673504143,190.18129599874976,187.78269133409245,188.2169952392578,46815000
2023-07-10,186.8153345366687,187.53591601497686,184.62400893826026,186.17373657226562,59922200
2023-07-11,186.71667122446578,186.85486227702734,184.18974051380027,185.65061950683594,46638100
2023-07-12,187.229907181424,189.22381917553403,186.03554511598557,187.31875610351562,60750200
2023-07-13,188.0393349477294,188.72042471252908,187.32863389417258,188.0788116455078,41342300
2023-07-14,187.77283329330808,188.71055932283986,187.18059240914323,188.22689819335938,41616200
2023-07-17,189.42126802557274,191.81002272437502,189.33243414864154,191.48428344726562,50520200
2023-07-18,190.8525644573039,191.81990188608006,189.93456914478574,191.22764587402344,48288200
2023-07-19,190.60575926840173,195.6694855056854,190.1615598085878,192.57992553710938,80507300
2023-07-20,192.57006595398724,193.9322456468904,190.01352397351403,190.63539123535156,59581200
2023-07-21,191.59284231983003,192.4515998266043,188.75990348350925,189.4607391357422,71951700
2023-07-24,190.91179356457312,192.39241858357238,189.7667732684065,190.26031494140625,45377800
2023-07-25,190.83280156435973,191.92846454581797,190.42809382758358,191.11904907226562,37283200
2023-07-26,191.1684204714641,193.11297577300414,190.82295035426253,191.98770141601562,47471900
2023-07-27,193.4880330742484,194.65278390019768,190.06285351948284,190.7241973876953,47460200
2023-07-28,192.15548645475204,194.09017617119656,191.63233355900982,193.30050659179688,48291400
2023-07-31,193.52755945774223,193.95201313090922,192.737889764315,193.9125213623047,38824100
2023-08-01,193.7052413515144,194.1889025518439,192.7576347116685,193.0833740234375,35175100
2023-08-02,192.52069974591456,192.65889079076135,189.37191700535638,190.0924835205078,50389300
2023-08-03,189.09552588996192,189.8851803589987,188.22688789998924,188.70068359375,61235200
2023-08-04,183.12366926443607,184.9596445164711,179.57016391801557,179.63926696777344,115956800
2023-08-07,179.77748800777417,180.76457131743229,175.0592309925441,176.53985595703125,97576100
2023-08-08,177.3690050706545,177.94151520653074,175.2862586525361,177.4775848388672,67823000
2023-08-09,178.53371160261662,178.59293417746048,174.7235703168388,175.88833618164062,60378500
2023-08-10,177.1617092563292,178.41530928434332,175.30600286506225,175.6712188720703,54686900
2023-08-11,175.26594233781003,176.55087114534,174.50485775151037,175.73048400878906,52036700
2023-08-14,175.90843422608452,177.60851131506328,175.25607590732963,177.3811798095703,43675600
2023-08-15,176.8078826094104,177.40092323969566,174.99907927707545,175.39443969726562,43622600
2023-08-16,175.0781688700227,176.47182426987777,174.4554618287455,174.524658203125,46964900
2023-08-17,175.08804707675128,175.4537562487029,171.47044012349116,171.9844207763672,66062900
2023-08-18,170.30413115315332,173.07169980381985,169.968073231539,172.46876525878906,61172200
2023-08-21,173.0420157807921,174.08973444525807,171.7274205434044,173.80308532714844,46311900
2023-08-22,175.00895776189057,175.62177093693052,174.2083431088137,175.17698669433594,42038900
2023-08-23,176.45205395893973,179.44695366375947,176.264252478764,179.0219268798828,52722800
2023-08-24,178.57713623123834,179.0021629998802,173.97111355320405,174.3368377685547,54945800
2023-08-25,175.3252830926219,177.07476903438783,173.78335612196395,176.54103088378906,51449600
2023-08-28,178.0038440119186,178.49805204021447,176.48168992086147,178.10269165039062,43820700
2023-08-29,177.61837000977968,182.75813070921157,177.4206898063463,181.98716735839844,53003900
2023-08-30,182.79767343476072,185.67396786591692,182.5999932338842,185.4762725830078,60813900
2023-08-31,185.66408956621913,186.92926105598286,185.30825914209595,185.69374084472656,60794500
2023-09-01,187.29497110047913,187.7199827815663,186.09898099052413,187.26531982421875,45766500
2023-09-05,186.09898389331408,187.77928826308653,185.4367469097816,187.50253295898438,45280000
2023-09-06,186.21759365485326,186.66239298088038,179.3678770840619,180.79119873046875,81755800
2023-09-07,173.15073850258275,176.1456533918577,171.52973657694065,175.503173828125,112488800
2023-09-08,176.2840107997074,178.15211655476327,175.7304851357375,176.115966796875,65551300
2023-09-11,177.98410020535158,178.21143169284028,175.28571330476424,177.28231811523438,58953100
2023-09-12,177.4108165912451,178.043402311121,172.79491507430095,174.2577667236328,90370200
2023-09-13,174.46531572894506,175.24617287306006,171.96462426919445,172.1919708251953,84267900
2023-09-14,171.98438956640607,174.06006926639952,171.56925664281374,173.70423889160156,60895800
2023-09-15,174.4356540223445,174.45542656560403,171.80647888602266,172.98268127441406,109259500
2023-09-18,174.43567131089117,177.30208708635865,174.1292647291417,175.90841674804688,67257600
2023-09-19,175.46361863431386,177.54917706999674,175.07813698421282,176.99566650390625,51826900
2023-09-20,177.18345571133617,177.61836118650515,173.36816915467014,173.45713806152344,58436200
2023-09-21,172.5280351536478,174.25776334751873,171.846025624082,171.9152069091797,63149100
2023-09-22,172.6466689211189,175.02875576323612,172.0338556569529,172.76527404785156,56725400
2023-09-25,172.18210166869468,174.92001880772483,172.13267784152856,174.0403289794922,46172700
2023-09-26,172.79493440563715,173.17052232124786,169.6715354659317,169.9680633544922,64588900
2023-09-27,170.6203831944849,171.0355161486817,167.09174554279588,168.45574951171875,66921800
2023-09-28,167.37840061261642,170.03724268196555,165.6783234920371,168.7127685546875,56294400
2023-09-29,170.02734498983367,171.06518493104676,168.36679806748614,169.2267303466797,51861100
2023-10-02,169.23658298137698,172.28090596787308,168.94993390517055,171.73727416992188,52164500
2023-10-03,170.26454593815689,171.61868620307462,168.84123947337378,170.40292358398438,49594600
2023-10-04,169.10810929534875,172.19197782627828,168.98950418793981,171.64834594726562,53020300
2023-10-05,171.77684421895017,173.41761872545223,170.67970163713667,172.88388061523438,48527900
2023-10-06,171.78673241813826,175.92819856079907,171.17390414032383,175.43399047851562,57266700
2023-10-09,174.76185568517045,176.9759132731787,173.76356081110382,176.91661071777344,42390800
2023-10-10,176.03691333055846,177.6381425852869,175.88864186643335,176.32354736328125,43698000
2023-10-11,176.13573714899445,177.76663268122664,175.5426965680271,177.7172088623047,47551100
2023-10-12,177.98411345020415,180.2278073787141,176.96603088257305,178.61669921875,56743100
2023-10-13,179.31846581874476,179.82255265296823,176.0764618780152,176.7782440185547,51427100
2023-10-16,174.7025383958498,177.00554962273654,174.46531311220224,176.64971923828125,52517000
2023-10-17,174.60370757241088,176.35320838797153,172.77514673671925,175.09791564941406,57549400
2023-10-18,173.54610256783715,175.52293478970745,173.08154578913502,173.80308532714844,54764400
2023-10-19,174.0007735918687,175.77992569036093,173.16062890788183,173.42750549316406,59302900
2023-10-20,173.27923973046956,173.3879661145723,170.64017031492207,170.8773956298828,64244000
2023-10-23,168.93021596381925,171.99429712738208,167.96155723103598,170.99600219726562,55980100
2023-10-24,171.045411263789,171.65822442721412,169.4639394511676,171.43089294433594,43816600
2023-10-25,169.88899020331988,171.05531414118843,168.67322735441405,169.11802673339844,57157000
2023-10-26,168.39642470029793,169.3947344867521,163.75087263790635,164.9567413330078,70625300
2023-10-27,164.97653958977486,167.00279566914165,164.89746448966903,166.2713623046875,58499100
2023-10-30,167.06208999172168,169.18717852998205,166.91381853056686,168.31736755371094,51131000
2023-10-31,167.38827526603964,168.92030818010912,165.9550598323106,168.7918243408203,44846000
2023-11-01,169.01916053768616,172.2117404582064,168.14934950515965,171.9547576904297,56934900
2023-11-02,173.4868054165182,175.7206204672586,173.42750286114074,175.5130615234375,77334800
2023-11-03,172.22162738228718,174.77174274032964,171.34193765305042,174.60369873046875,79829200
2023-11-06,174.33684685023218,177.35150406781844,174.16881791314302,177.15382385253906,63841300
2023-11-07,177.1043884447924,180.32663456302825,176.89682951103612,179.7138214111328,70530000
2023-11-08,180.23768527185777,181.32493395317235,179.4864793691692,180.77142333984375,49340300
2023-11-09,180.84061367506283,181.98716487212562,179.7039261272927,180.29698181152344,53763500
2023-11-10,182.07848170612579,184.65175539538808,181.6430032262288,184.48348999023438,66133400
2023-11-13,183.9094650326421,184.11729742228064,182.31601793716675,182.8999481201172,43627500
2023-11-14,185.7701387274506,186.17592689168708,184.38453902262373,185.5128173828125,60108400
2023-11-15,185.91857611582427,187.55160515956638,185.84928859059917,186.07691955566406,53790500
2023-11-16,187.62090049490251,188.99660829200764,186.7103463929358,187.75946044921875,54412900
2023-11-17,188.29390964052354,188.42257785422723,186.63119011836693,187.7396697998047,50922700
2023-11-20,187.93759410143886,189.9368291546864,187.9277023558229,189.48155212402344,46505100
2023-11-21,189.442003783256,189.5508734120303,187.78917585688575,188.67991638183594,38134500
2023-11-22,189.52115946327928,190.9463411053134,188.8679417719912,189.34300231933594,39617700
2023-11-24,188.90754041885276,188.93723076179566,187.30420149232032,188.0167999267578,24048300
2023-11-27,187.9672912540552,188.7095799535061,186.95777439426936,187.838623046875,40552600
2023-11-28,187.82874701011957,189.11538388382388,187.45264920500045,188.44236755371094,38415400
2023-11-29,188.93724161752115,190.11500896160672,187.02709230289176,187.4229736328125,43014200
2023-11-30,187.888109148078,188.36318478193425,186.2550800746654,187.99697875976562,48794400
2023-12-01,188.37309535289532,189.5904446947665,187.28439912721964,189.27374267578125,45704800
2023-12-04,188.0266631045601,188.09595062883508,185.52267721747734,187.48231506347656,43389500
2023-12-05,188.25434777036742,192.4012552746417,188.22464232394302,191.43133544921875,66628400
2023-12-06,192.45075673351695,192.7575670481131,190.1348190989148,190.34266662597656,41089700
2023-12-07,191.63914867608756,192.99505783958267,191.5995514892092,192.27256774902344,47477700
2023-12-08,192.20330005396386,193.9749043529612,191.67875053796885,193.69778442382812,53406400
2023-12-11,191.12449893522992,191.5005967167582,189.4518726145205,191.1937713623047,60943700
2023-12-12,191.09482308550778,192.71796059458774,189.7488055095461,192.70806884765625,52696900
2023-12-13,193.08412007779322,195.96420366520786,192.84659737493098,195.92462158203125,70404200
2023-12-14,195.98403383047588,197.567574144968,194.14315707722483,196.07310485839844,66831600
2023-12-15,195.4990685795855,196.36011872958818,194.9745190512041,195.53866577148438,128538400
2023-12-18,194.0738561652729,194.60831249977454,192.39133809002112,193.87591552734375,55751900
2023-12-19,194.14313632648785,194.92500710230044,193.87590816937887,194.9151153564453,40714100
2023-12-20,194.87552171417178,195.64750075817219,192.82681274414062,192.82681274414062,52242800
2023-12-21,194.08375795359612,195.0536776254948,191.51048442189503,192.6783447265625,46482500
2023-12-22,193.17322354105164,193.4008696387368,190.98595440796598,191.60948181152344,37149600
2023-12-26,191.6193643540786,191.89648427525853,190.84738527337694,191.06512451171875,28919300
2023-12-27,190.51084476490854,191.5104546210788,189.12523034733704,191.16404724121094,48087700
2023-12-28,192.14393105407996,192.65858885458314,191.18390299052217,191.58969116210938,34049900
2023-12-29,191.90638540499626,192.40124458871406,189.75869835988954,190.55047607421875,42672100
2024-01-02,185.22577720716953,186.5025222946912,181.99930092657837,183.73130798339844,82488700
2024-01-03,182.32590048043423,183.96883642924203,181.5440145919006,182.3555908203125,58414500
2024-01-04,180.27718031693732,181.2075179249861,179.0202489631632,180.03965759277344,71983600
2024-01-05,180.1188384374096,180.88091065327836,178.31754388665928,179.31715393066406,62379700
2024-01-08,180.21780632812883,183.6917273170526,179.63387614033877,183.65213012695312,59144500
2024-01-09,182.0289926299427,183.24634194188326,180.85122540618832,183.2364501953125,42841800
2024-01-10,182.4545871112419,184.48349768333688,182.02900036017593,184.27566528320312,46792900
2024-01-11,184.62205313633504,185.12681915669637,181.73207738578324,183.68182373046875,49128400
2024-01-12,184.14698280822722,184.8199990991005,183.28593272766105,184.0084228515625,40477800
2024-01-16,180.28705651361287,182.36545550620158,179.06969235163228,181.741943359375,65603000
2024-01-17,179.40625114511818,181.04917214343425,178.44622312883942,180.80174255371094,47317400
2024-01-18,184.17670419420983,187.1953485109901,183.91938283185837,186.6905975341797,78005800
2024-01-19,187.38337121910467,189.97642838325277,186.8786203129096,189.59043884277344,68903000
2024-01-22,190.32282073770045,193.3216657993532,190.28322355100102,191.89646911621094,60133900
2024-01-23,193.01485907067706,193.7373491711095,191.83709192633378,193.17320251464844,42355600
2024-01-24,193.4107679979945,194.36090430723632,192.34187031331157,192.50022888183594,53631300
2024-01-25,193.2127911304515,194.251998276528,191.12448509283354,192.173583984375,54822100
2024-01-26,192.2725896171282,192.75754194727924,189.9665440310004,190.4416046142578,44594000
2024-01-29,190.03578688110838,190.22383575614066,187.6307788947091,189.7586669921875,47145600
2024-01-30,188.97682064057707,189.82797900977772,185.54249682198056,186.10662841796875,55859400
2024-01-31,185.11688373962707,185.1762795166647,182.45455449229945,182.5040283203125,55467800
2024-02-01,182.0982797244824,185.02783750412453,181.93002942176474,184.9387664794922,64885400
2024-02-02,178.01073002917815,185.40392677166545,177.4070012757119,183.93914794921875,102551700
2024-02-05,186.21550453356022,187.3042007769885,183.92925752426459,185.75033569335938,69668800
2024-02-06,184.93876832266957,187.36357521832525,184.8496972971495,187.3536834716797,43490800
2024-02-07,188.679919622612,189.085707800641,186.67079243137192,187.4625701904297,53439000
2024-02-08,187.44273393335544,187.5911856262693,185.42371540021887,186.3837432861328,40962000
2024-02-09,186.9486269587983,188.27655346933713,186.30449512518672,187.14683532714844,45155200
2024-02-12,186.72069342042812,186.9684387436886,185.10538907399385,185.46214294433594,41781900
2024-02-13,184.094566630165,184.53060074172208,181.85493962465304,183.3711395263672,56529500
2024-02-14,183.648627470826,183.8567250370981,180.7945970211484,182.48916625976562,54630500
2024-02-15,181.8946109768474,182.82613576875198,179.71445525689393,182.20181274414062,65434500
2024-02-16,181.76579187183052,183.18290302222294,180.03157456209792,180.66580200195312,49752500
2024-02-20,180.15048310961222,180.78471053407532,178.3766332434525,179.9225616455078,53665600
2024-02-21,180.2991272502037,181.24055639365764,179.03067248659073,180.6757049560547,41371400
2024-02-22,181.82524161821627,183.29190480468338,180.81445159653885,182.70721435546875,52292200
2024-02-23,183.34141952676862,183.37114775196545,180.58649310326592,180.87388610839844,45119700
2024-02-26,180.59643039937333,181.11172976770854,179.02075870271764,179.5261688232422,40867400
2024-02-27,179.4666949255866,182.2612539462515,177.94057546451762,180.98289489746094,54318900
2024-02-28,180.8639793914523,181.46847854843006,178.50545433930714,179.7838134765625,48953900
2024-02-29,179.63518756564144,180.92346630197014,177.9108746304469,179.119873046875,136682600
2024-03-01,177.93071007111854,178.90186759105143,175.78028228782205,178.0397186279297,73563100
2024-03-04,174.56133114426578,175.30456703921072,172.22261492332544,173.52081298828125,81510100
2024-03-05,169.21995126633416,170.48840604509627,168.0902332564625,168.58572387695312,95132400
2024-03-06,169.5172632726602,169.69564777442116,167.1587228770791,167.59475708007812,68587700
2024-03-07,167.62447121611535,169.1902233947002,166.97043508778398,167.475830078125,71765100
2024-03-08,167.47583792632756,172.13344696276567,167.41638146834518,169.1902313232422,76267000
2024-03-11,171.3802901891083,172.8073055285168,170.49831753088682,171.19200134277344,60139500
2024-03-12,171.58841376968752,172.46048219171502,169.4677142970823,171.66769409179688,59825400
2024-03-13,171.21181736641944,171.6280276345068,169.21993557914925,169.58660888671875,52488700
2024-03-14,171.35057361629615,172.73794133442243,170.49832912625453,171.43975830078125,72913500
2024-03-15,169.62625165850892,171.06317138671875,168.75418335618096,171.06317138671875,121752700
2024-03-18,173.98656516716395,176.10726419166866,171.9550508157469,172.1532440185547,75604200
2024-03-19,172.76766112194616,175.01719271038215,171.46947815172825,174.49197387695312,55215200
2024-03-20,174.1352174960067,177.05860900878906,173.51089450186836,177.05860900878906,53423100
2024-03-21,175.45322885093574,175.8892630091755,169.29922879245808,169.82444763183594,106181300
2024-03-22,170.210942813777,171.48931715990707,168.5262776263353,170.72625732421875,71160100
2024-03-25,169.0316847755244,170.38932429506946,167.92177545566648,169.3091583251953,54288300
2024-03-26,168.46682128354186,169.8740129173693,168.05061095138228,168.179443359375,57388400
2024-03-27,168.87313883616537,172.03437182483108,168.57584140102637,171.74697875976562,60273300
2024-03-28,170.20102558587905,170.67669234048742,168.97220342186947,169.93345642089844,65672700
2024-04-01,169.64606274055888,169.70551918920845,167.95147834818596,168.49652099609375,46240500
2024-04-02,167.55513223272627,167.81278194588518,166.71279201785276,167.31729125976562,49329500
2024-04-03,167.2677201117247,169.14067408704202,167.05962251511946,168.11996459960938,47691700
2024-04-04,168.7541832986243,170.3694875068381,167.29745483398438,167.29745483398438,53704400
2024-04-05,168.06051777285862,168.85330584999502,167.4262903353845,168.0506134033203,42104800
2024-04-08,167.50554175274334,167.67400673287588,166.72267330140122,166.93077087402344,37425500
2024-04-09,167.17851757917794,168.54607640984824,166.83168324813985,168.1397705078125,42373800
2024-04-10,167.27763553824258,167.5650134431552,165.60287483124418,166.26683044433594,49709300
2024-04-11,166.82180755716914,173.87760550528196,166.64343816086352,173.4613800048828,91070300
2024-04-12,172.68837774790788,176.75140669942581,172.63884078505302,174.95773315429688,101670900
2024-04-15,173.77847120218846,175.0370216134587,170.94426424521788,171.13255310058594,73531800
2024-04-16,170.20102235595408,172.19288913903023,166.7524119884344,167.85240173339844,73711200
2024-04-17,168.08032842085646,169.11094225529814,166.48484802246094,166.48484802246094,50901200
2024-04-18,166.51456987389489,167.11906901091456,165.0479219314042,165.5334930419922,43122900
2024-04-19,164.7109957890585,164.89926951971245,162.6002009445124,163.51190185546875,68149400
2024-04-22,164.0272236912775,165.75152141981465,163.28398774037723,164.34432983398438,48116400
2024-04-23,163.8587664496344,165.54343166054898,163.4326366212621,165.394775390625,49537800
2024-04-24,165.03800691456527,167.77312477902248,164.71099641624178,167.4956512451172,48251800
2024-04-25,168.00106471763377,169.07132637527934,166.63350563489078,168.35781860351562,50558300
2024-04-26,168.3478879652858,169.79471202253325,167.6541890412428,167.7731170654297,44838400
2024-04-29,171.8064245491769,174.44243845784558,171.5388704832316,171.9352569580078,68169400
2024-04-30,171.76676673002254,173.4117990890393,168.46679764398493,168.7938232421875,65934800
2024-05-01,168.05059058657778,171.15236652369296,167.58482822154218,167.7731170654297,50383100
2024-05-02,170.95415273119292,171.85594920671264,169.34876810707777,171.46946716308594,94214900
2024-05-03,184.9666328542693,185.31348231884328,181.01262758822543,181.72613525390625,163224100
2024-05-06,180.7054248623681,182.53873097916653,178.79282331517493,180.07119750976562,78569700
2024-05-07,181.79552305097843,183.23244296383282,179.6847430878599,180.75498962402344,77305800
2024-05-08,181.20091221961113,181.41892928578648,179.81352951475225,181.09190368652344,45057100
2024-05-09,180.91352883975787,182.99459544718977,180.4675903156434,182.90541076660156,48983000
2024-05-10,183.48093424482693,183.669478466616,180.73220418072017,181.6451416015625,50759500
2024-05-13,184.01680743143146,185.6640710757596,183.2030934113359,184.85035705566406,72044800
2024-05-14,186.07090395104018,186.85484938535834,184.86026592315986,185.99151611328125,52393600
2024-05-15,186.46787049037354,189.18683240943687,185.9320062923224,188.26397705078125,70400000
2024-05-16,189.00821119957226,189.6333810173086,188.2044300863017,188.38304138183594,52845200
2024-05-17,188.0555735439889,189.34559954047234,187.72810435814964,188.41281127929688,41282900
2024-05-20,187.87695420764547,190.44707314635468,187.5594028379898,189.57382202148438,44361300
2024-05-21,189.62342455766938,191.25083732912466,189.4547310855792,190.87376403808594,42309400
2024-05-22,190.79440205142186,191.3401840301744,188.8097513226368,189.43490600585938,34648500
2024-05-23,189.51431079519944,189.53416154393335,185.19770415918353,185.44578552246094,51005900
2024-05-24,187.37087155015982,189.11735863774422,186.59684388111853,188.52195739746094,36327000
2024-05-28,190.04022981736387,191.51880009814326,187.64873713728954,188.5319061279297,52280100
2024-05-29,188.15481585355153,190.7745542503335,188.05557725890648,188.82958984375,53068000
2024-05-30,189.29598343446253,190.70508365256933,189.16699143181853,189.82191467285156,49889100
2024-05-31,189.9707854632458,191.09211806054816,188.45252874493116,190.77456665039062,75158300
2024-06-03,191.41957619239116,193.4935479224696,191.0425028119373,192.54090881347656,50080500
2024-06-04,193.14619663099631,193.82098571162214,191.54855228534223,192.85842895507812,47471400
2024-06-05,193.90036613096368,195.38885414673365,193.3744349100596,194.36676025390625,54156800
2024-06-06,194.1881470745491,194.9919281725913,192.67980832687616,192.9874267578125,41181800
2024-06-07,193.15613762673084,195.4285713258788,192.65005711175448,195.3789520263672,53103900
2024-06-10,195.3888517006261,195.7857909182053,190.6753063763642,191.6378631591797,97010200
2024-06-11,192.16378906024917,205.57011360777915,192.14395345618084,205.5601806640625,172373300
2024-06-12,205.7785169434978,218.5100538646653,205.3121227860245,211.43478393554688,198134300
2024-06-13,213.09194207290335,215.08651049080893,209.97604121171418,212.5957794189453,97862700
2024-06-14,212.20877015870124,213.51863167298376,209.67833763090172,210.8592071533203,70122700
2024-06-17,211.7324642876032,217.26964179829142,211.08745883873982,215.00714111328125,93728300
2024-06-18,215.92007781385274,216.95210469802018,211.36530791117931,212.64540100097656,79943300
2024-06-20,212.28815296354617,212.59578653831548,207.24715355520107,208.07077026367188,86172500
2024-06-21,208.77532033595196,210.26380829361358,205.52049454653314,205.8975830078125,241805100
2024-06-24,206.12582769938734,211.06760381745957,205.00449518251241,206.5426025390625,80727000
2024-06-25,207.54484206411715,209.75773850908567,207.0089930344414,207.46546936035156,55549700
2024-06-26,209.87680350658064,213.21101716086312,209.02340313251779,211.61337280273438,66213200
2024-06-27,213.04233172557286,214.0842763709762,210.7202940415425,212.4568634033203,49772700
2024-06-28,214.1140398112984,214.41174043740799,208.68601906723538,209.00355529785156,82542700
2024-07-01,210.46227761796723,215.84067914098924,210.29358412725625,215.08651733398438,60402900
2024-07-02,214.4911377013164,218.68868521261126,213.44920810314017,218.57952880859375,58046200
2024-07-03,218.31157833867707,219.8496856689453,217.34902153194005,219.8496856689453,37369800
2024-07-05,219.9489270685169,224.71209219476,219.9489270685169,224.60293579101562,60412400
2024-07-08,225.34715532852172,226.1013322692385,221.53662969916704,226.07156372070312,59085900
2024-07-09,226.180713251394,227.63943274976205,224.63268810415036,226.92495727539062,48076100
2024-07-10,227.54022056792812,231.2912094233167,227.49060126886744,231.1919708251953,62627700
2024-07-11,229.61416127735984,230.60648662367137,224.03729767642758,225.823486328125,64710600
2024-07-12,227.16311346469493,230.8545649156238,226.92494993371525,228.7706756591797,53046500
2024-07-15,234.66509753137677,235.409341553401,231.30111515749465,232.60105895996094,62631300
2024-07-16,233.19646408342908,234.4567215545301,230.54695713829173,233.01785278320312,43234300
2024-07-17,227.68904591405493,229.6836295353235,224.9006141352506,227.12342834472656,57345900
2024-07-18,228.51267855827928,228.67145424701283,220.56415801938329,222.45948791503906,66034600
2024-07-19,223.09459660515446,225.0593965950336,221.56640705838353,222.5885009765625,49151500
2024-07-22,225.26777593230437,226.03187070395737,221.3778623137636,222.24119567871094,48201800
2024-07-23,222.64803919770813,225.19832267550643,220.97100689389265,223.2831268310547,39960300
2024-07-24,222.280880842846,223.0747441599071,215.46361045876344,216.86277770996094,61777600
2024-07-25,217.2497669876539,219.1550448561193,212.9728474396388,215.82083129882812,51391200
2024-07-26,217.02154248476683,217.80548795978973,214.35218497553956,216.2872314453125,41601300
2024-07-29,215.29491873308154,217.61695646267233,214.0941983741811,216.56509399414062,36311800
2024-07-30,217.50779485320817,218.63904514115285,214.46134877521007,217.12078857421875,41643800
2024-07-31,219.7405227481965,222.10226187087767,218.93674165630796,220.3756103515625,50036300
2024-08-01,222.64804374939,222.7572001483694,215.35446119036925,216.68417358398438,62501000
2024-08-02,217.46808032420208,223.86859053089324,216.03914463167754,218.17263793945312,105568600
2024-08-05,197.56204548052773,211.8614570593827,194.49576385779395,207.66392517089844,119548600
2024-08-06,203.72439154098564,208.3783997216886,199.52685967053256,205.6395721435547,69660500
2024-08-07,205.31211338628992,212.00039184379946,204.80603289763474,208.209716796875,63516400
2024-08-08,211.4744658055274,212.55609685346144,207.22731432081122,211.6729278564453,47161100
2024-08-09,210.47221789303094,215.11629337558463,210.3432107490655,214.5804443359375,42201600
2024-08-12,214.65991863613397,218.07745621052726,214.19298467780987,216.11038208007812,38028100
2024-08-13,217.58072790378117,220.44193777769505,217.58072790378117,219.82598876953125,44155300
2024-08-14,219.13055181670978,221.5744891931242,218.2662191901357,220.27304077148438,41960600
2024-08-15,223.13425172393934,223.87935717471936,221.30624816369337,223.2534637451172,46414000
2024-08-16,222.45867901826594,225.34969177239586,222.19043681447837,224.5747833251953,44340200
2024-08-19,224.24692851790377,224.51517071380414,221.5844105997713,224.4158172607422,40687800
2024-08-20,224.2965926019689,225.687449911189,223.97867369745705,225.03175354003906,30299000
2024-08-21,225.04172779494317,226.4921913011218,223.58131984717622,224.92250061035156,34765500
2024-08-22,226.30341677619586,226.84983046212884,222.43880384726458,223.064697265625,43695300
2024-08-23,224.187342377279,226.73063334528243,222.866020162344,225.35963439941406,38677300
2024-08-26,225.28016094798537,225.79677167752968,222.42889539152742,225.69741821289062,30602200
2024-08-27,224.52511915345738,227.35652605602343,223.4223624308928,226.5418701171875,35934600
2024-08-28,226.43260827589475,228.35995039768437,224.2072209011831,225.01194763183594,38052200
2024-08-29,228.59836441740794,231.39995310375193,227.3863249726349,228.29037475585938,51906300
2024-08-30,228.68777538921813,228.89639643358683,225.99545426270925,227.5055389404297,52990800
2024-09-03,227.05848641015993,227.50554667965343,219.72664341730942,221.3162078857422,50190600
2024-09-04,220.2134333758585,220.33264539565292,216.06070449558098,219.40872192382812,43840200
2024-09-05,220.18362078658942,224.00848612752256,220.07433805346514,220.92872619628906,36615400
2024-09-06,222.4884846157397,223.7700744804958,218.33577084564575,219.37892150878906,48423000
2024-09-09,219.37892899374344,219.82598924771256,215.2957503769675,219.4683380126953,67180000
2024-09-10,217.49131703149231,220.03460793809228,215.31560663834654,218.67355346679688,51591000
2024-09-11,220.01475867053273,221.63411098197892,216.4680492147489,221.20692443847656,44587100
2024-09-12,221.04796566036197,222.09111639532034,218.38546260882887,221.3162078857422,37455600
2024-09-13,222.12092741382088,222.57791698251046,220.4618275881316,221.0479736328125,36766600
2024-09-16,215.126845002842,215.80241517960704,212.52394807405793,214.90829467773438,59357400
2024-09-17,214.3419921866889,215.48448109873988,213.10014982176025,215.3751983642578,45519300
2024-09-18,216.13027852526886,221.25660816461058,216.12033408306178,219.24978637695312,59894900
2024-09-19,223.52171975466862,228.32020097310811,223.16406850984052,227.3763885498047,66781300
2024-09-20,228.46920754640476,231.56884144729943,226.1345376792504,226.71075439453125,318679900
2024-09-23,225.8563676699032,227.95259834339626,224.33635371548323,224.99205017089844,54146000
2024-09-24,227.15781488965328,227.85325878901892,224.25687274556688,225.88616943359375,43556100
2024-09-25,223.46208007568333,225.80667911779153,222.5580303354434,224.89268493652344,42308700
2024-09-26,225.81663654010723,227.00880227293717,223.9389713421174,226.0352020263672,36636700
2024-09-27,226.96904659349977,228.0221264682928,225.81661326820586,226.30340576171875,34026000
2024-09-30,228.5387415800987,231.47943115234375,228.1512873446241,231.47943115234375,54541900
2024-10-01,228.02216122790813,228.15130254219565,222.27988260723768,224.7337646484375,63285000
2024-10-02,224.41582711263038,225.8861642954019,221.56456176324298,225.30001831054688,32880600
2024-10-03,223.67074086449446,225.32984066329956,221.86262602596847,224.19728088378906,34044200
2024-10-04,226.41269745663615,226.51205091107013,222.66731173997377,225.31988525390625,37245100
2024-10-07,223.0349151567562,224.2171516536621,219.8856043654075,220.24325561523438,39505400
2024-10-08,222.83620769655573,224.5052366387564,221.79305702807565,224.29661560058594,31855700
2024-10-09,223.7601370790405,228.25064364916537,223.36275355639287,228.04200744628906,33591100
2024-10-10,226.2934858996686,228.00226223679437,225.68746620848788,227.54525756835938,28183500
2024-10-11,227.80359724609562,227.91287999534921,225.8563814846346,226.0650177001953,31759200
2024-10-14,227.2075041009655,230.21772915238438,227.1081657950345,229.79054260253906,39882100
2024-10-15,232.08544385770335,235.9401275315396,230.853530735341,232.32388305664062,64751400
2024-10-16,230.0885617348273,230.60515724916505,228.34003796565733,230.2673797607422,34082200
2024-10-17,231.9066247344228,232.3238971476739,229.0156269629083,230.63497924804688,32993800
2024-10-18,234.6386615701971,234.6386615701971,232.4828249974097,233.46636962890625,46431500
2024-10-21,232.91994058587363,235.30428691612863,232.91994058587363,234.9366912841797,36254500
2024-10-22,232.36364046895116,234.67843677993508,231.0820656392084,234.32078552246094,38846600
2024-10-23,232.552368896012,233.6054487889833,226.2736066643371,229.2540283203125,52287000
2024-10-24,228.47914643577636,229.3136761173618,226.91940013747097,229.0653076171875,31109500
2024-10-25,228.24072625952675,231.69801159617745,228.07183749564092,229.8998260498047,38802300
2024-10-28,231.79736647290133,233.1981533252385,231.03238723011694,231.8768310546875,36087100
2024-10-29,231.5787930163908,232.80076177889833,230.80388451731673,232.1450653076172,35417200
2024-10-30,231.09197226998216,231.94636045913163,228.05194445904854,228.59835815429688,47070900
2024-10-31,227.84330777090054,228.330115454563,223.89921505082026,224.43569946289062,64370100
2024-11-01,219.5279346472888,223.87935529424118,218.83250593091054,221.4552764892578,65276700
2024-11-04,219.5478246614517,221.33606573362852,218.27617915451208,220.5611572265625,44944500
2024-11-05,220.3525342324639,222.48849724939907,219.69683776020295,221.99176025390625,28111300
2024-11-06,221.15722727351368,224.59465366535846,219.7464961432124,221.26651000976562,54561100
2024-11-07,223.16407624917585,226.39286684724487,223.10447023283905,225.99546813964844,42137700
2024-11-08,225.9357792784742,227.4176895436531,225.17991383614745,225.7269287109375,38328800
2024-11-11,223.77757009002366,224.47376393957063,220.29658566640109,223.01174926757812,42005600
2024-11-12,223.33001798502116,224.36436096493557,222.14648085284745,223.01174926757812,40398300
2024-11-13,222.79292649286415,225.41858250992726,221.5497178640296,223.8968963623047,48566200
2024-11-14,223.7974607959322,227.62653447284012,223.77756520755418,226.98007202148438,44923900
2024-11-15,225.16996034674554,225.68713943052106,223.0515429787679,223.77757263183594,47923700
2024-11-18,224.02620376766677,228.49181480220403,223.94663659117114,226.78115844726562,44633700
2024-11-19,225.74680903538962,228.90953992555222,225.4285554930197,227.0397491455078,36211800
2024-11-20,226.82093350733243,228.68076882556113,224.66272507245372,227.75582885742188,35169600
2024-11-21,227.63650237265796,228.90954693288327,224.48372676835862,227.27845764160156,42108300
2024-11-22,226.82094518602503,229.46649702017746,226.82094518602503,228.62110900878906,38168300
2024-11-25,230.2024695182051,231.982737654973,228.4918131754458,231.60479736328125,90152800
2024-11-26,232.0623317186483,234.2901673751303,232.0623317186483,233.78292846679688,45986200
2024-11-27,233.19611792325418,234.40949083683986,232.53970008294309,233.6536102294922,33498400
2024-11-29,233.53426018813377,236.51796100091357,232.69882760276832,236.0405731201172,28481400
2024-12-02,235.98088183183904,239.48174623326935,235.8714788708015,238.28826904296875,48137100
2024-12-03,238.50711361537608,241.441083276618,237.60205398884364,241.33168029785156,38861000
2024-12-04,241.55048900644988,242.78375758332757,239.9392952788925,241.68972778320312,44383900
2024-12-05,242.66439419479377,243.21139387343032,240.81449907142343,241.71954345703125,40033900
2024-12-06,241.59025685240857,243.30091318780651,240.76476447856876,241.5206298828125,36870600
2024-12-09,240.51612576959502,245.89673657618508,240.43655859300793,245.40939331054688,44649200
2024-12-10,245.54865007065558,246.861485816723,244.0070681600661,246.4238739013672,36914800
2024-12-11,246.61284788068906,249.43741460876686,244.92207178593077,245.1508331298828,45205800
2024-12-12,245.54862958315107,247.38858448031883,244.3451969163318,246.61282348632812,32777500
2024-12-13,246.47359279661413,247.9355922748061,244.90217516923994,246.7819061279297,33155300
2024-12-16,246.6426692963963,250.01425073054844,246.3045049916291,249.67608642578125,51694800
2024-12-17,248.72130738305802,252.45093348613432,248.42293425963442,252.1028289794922,51356400
2024-12-18,250.79000225751088,252.89847930582897,246.39401822090946,246.70233154296875,56774100
2024-12-19,246.15532490458142,250.6308762664829,245.7475488049507,248.43287658691406,60882300
2024-12-20,246.69239156062656,253.6145845456153,244.35516822034685,253.10736083984375,147495300
2024-12-23,253.38583418491564,254.26104280923545,252.07299848460428,253.88311767578125,40858800
2024-12-24,254.10192745486222,256.80713572411884,253.90300191480816,256.7972106933594,23234700
2024-12-26,256.7872242633273,258.6868506395932,256.2302692406472,257.6127014160156,27237100
2024-12-27,256.4291751646687,257.29447387899233,251.68510189149424,254.20135498046875,42355300
2024-12-30,250.85962400320443,252.1227283114492,249.38766912858338,250.8297882080078,35557500
