Date,Close,Daily_Return,Rolling_Std5,HL_Pct,RSI_14,MACD_Hist,BB_Width,Vol_Ratio,OBV_Change,Close_MA5_Pct,Close_MA20_Pct,EMA_Spread,Target
2017-01-03,26.74585723876953,0.0028491650356621268,0.005601993674817493,0.01351700106929766,69.6012013407985,-0.037542730158849125,0.08661380270573933,1.2666918990762297,115127600.0,-0.0033806728743276393,0.01096268564167735,0.2634642902023927,26.71592140197754
2017-01-04,26.71592140197754,-0.0011192700433844127,0.0040612577379841785,0.006550613327188623,57.5318021785733,-0.05107286074678685,0.07257809643750618,0.9068879008036471,-84472400.0,-0.002373249679572753,0.006803467167585842,0.23628906104943326,26.85177993774414
2017-01-05,26.85177993774414,0.005085302270598335,0.004892905565118842,0.009004399676373837,61.63938433127166,-0.05187562094928472,0.05877706905307389,0.9426483655200417,88774400.0,0.0029586929003182494,0.009007615595846064,0.22384339129175856,27.1511344909668
2017-01-06,27.1511344909668,0.011148406322289084,0.007064198829515184,0.014332986081903936,65.43581913148175,-0.03410686103697386,0.04835403822617533,1.1809668545686363,127007600.0,0.012085691913711338,0.01722856204347467,0.2366724301260632,27.39981842041016
2017-01-09,27.39981842041016,0.009159246348475758,0.004906112654336702,0.012522042949151126,69.61047762478499,-0.008785244261286518,0.043252744204800284,1.2212551871296597,134247600.0,0.015827593105121718,0.023512512255850604,0.2636021033253222,27.427452087402344
2017-01-10,27.427452087402344,0.0010085346759669545,0.0052074667230784825,0.009067200034640018,67.27293579841597,0.005856067892668015,0.04421566459868389,0.9190225084831344,97848400.0,0.011738840321514843,0.022276102026082212,0.2813650429080745,27.574825286865234
2017-01-11,27.574825286865234,0.005373200507041709,0.003937045077332893,0.011106487106928515,68.71663350087877,0.0206638003104892,0.04271162755835978,0.9884270422139596,110354400.0,0.010770251096580363,0.024932099041570455,0.3024016943638159,27.459688186645508
2017-01-12,27.459688186645508,-0.0041754426010659484,0.006207373797082719,0.00914049448457163,63.91355233632669,0.017999704889057222,0.04425465981994978,0.9375586272686806,-108344800.0,0.0020839090512128067,0.018882293282454166,0.3027693074247786,27.411333084106445
2017-01-13,27.411333084106445,-0.0017609487118130929,0.005382050031831134,0.006804479013429113,68.80977930170192,0.008745108656384726,0.044068380302306254,0.9405578964733987,-104447600.0,-0.001576795584777857,0.015418005343321717,0.29361208903925373,27.63239860534668
2017-01-17,27.63239860534668,0.008064749005892491,0.005024428513230959,0.016833305358886847,71.64184486304055,0.013018718343772773,0.04719743539988851,1.2327348115737433,137759200.0,0.004772862430363345,0.021785476180412378,0.30088904888654255,27.630096435546875
2017-01-18,27.630096435546875,-8.331414991091801e-05,0.0050854595118687415,0.0065838897374116915,68.67311788967963,0.011263039228288196,0.04933830880488107,0.8533570366958281,-94852000.0,0.003210702954456579,0.01995468867041872,0.3008663672516647,27.58173370361328
2017-01-19,27.58173370361328,-0.0017503642105053396,0.004707143155451558,0.006010966761113729,71.50995268492417,0.0028552060840684734,0.05112861522935212,0.93456138890471,-102389200.0,0.0014044813685207824,0.016812394202618153,0.2914525202073257,27.63239860534668
2017-01-20,27.63239860534668,0.0018369005472183009,0.00408137017789907,0.005999946594238281,72.67683915942547,-0.0029681111832124962,0.05318494830202634,1.1441079208956344,130391600.0,0.001987356923048411,0.017363118904628605,0.2838236029313812,27.650814056396484
2017-01-23,27.650814056396484,0.0006664441734798299,0.0037640152013508387,0.008660900230419455,83.38519981252763,-0.008917555731751459,0.05494753693141811,0.7966216323622706,88200800.0,0.0009167539371122135,0.01673952638687415,0.2748559395334702,27.625492095947266
2017-01-24,27.625492095947266,-0.0009157763094269633,0.001388848425965146,0.00500123754285288,81.00658344135412,-0.01740506921242041,0.05459907862988889,0.9126016164265932,-92844000.0,5.014158749760966e-05,0.014228284830896998,0.26126575161935506,28.065305709838867
2017-01-25,28.065305709838867,0.015920571201557765,0.0072719299851022575,0.014932718541501092,86.90184836288753,0.002685069738767587,0.058889178091943765,1.1918076475698278,129510400.0,0.012780302892852147,0.028046155093980785,0.2847605011346843,28.079120635986328
2017-01-26,28.079120635986328,0.0004922421401816202,0.006956312578573179,0.00688866615111644,85.96499856918014,0.01244160845362241,0.06302901700526937,0.9642224049473437,105350400.0,0.009654382218956536,0.0265260789734032,0.29841789804174823,28.0814266204834
2017-01-27,28.0814266204834,8.21245268669557e-05,0.007110071854549451,0.0061500616545181975,83.00663325451744,0.014446962142606767,0.06499555477443442,0.8255586790675714,82251600.0,0.006487168295330248,0.02437257953118599,0.30356016197630353,28.00773048400879
2017-01-30,28.00773048400879,-0.0026243729519372927,0.007547753046676474,0.007974953656272802,74.62653123353246,0.006605693914079225,0.06490222740960117,1.1431578741384216,-121510000.0,0.0012839844184433513,0.019585958981468643,0.29572970204301896,27.943262100219727
2017-01-31,27.943262100219727,-0.0023018067753070026,0.0077319475066343615,0.0063452546580015454,70.28995184725571,-0.006422356027902754,0.060342671978944225,1.5485979178705827,-196804000.0,-0.0032853860252721745,0.014886753783468931,0.2792305889151194,29.647260665893555
2017-02-01,29.647260665893555,0.06098066000892688,0.027792581421846922,0.027029152286862774,86.64495619345435,0.09085563874454156,0.08585228593441699,2.3480483427267846,447940000.0,0.045693832056478145,0.0711315504091623,0.40971414135211504,29.59659194946289
2017-02-02,29.59659194946289,-0.0017090522123331953,0.02802357244591443,0.012526263328735765,88.66643520132308,0.13998600703044017,0.09918574575482496,0.6856255857544518,-134841600.0,0.03285043550795996,0.06376529302827816,0.4948243429655541,29.72324562072754
2017-02-03,29.72324562072754,0.004279332954311599,0.02767981020494951,0.007979537997256923,90.6804439814417,0.16736012481848056,0.11031181127700133,0.4905753515476745,98029200.0,0.025518810401046643,0.06283292684096242,0.5602252976379702,30.001867294311523
2017-02-06,30.001867294311523,0.009373864386791109,0.026624802879818003,0.012280345275648315,90.86546558874923,0.18897964510016518,0.12378230464587102,0.5450953016776474,107383600.0,0.02108135511177145,0.06735570885143738,0.6230612090237386,30.287412643432617
2017-02-07,30.287412643432617,0.009517585899569525,0.02529317423748952,0.012468633808780811,91.75082066253553,0.20587009413219448,0.1385793942297652,0.8116186375686343,152735200.0,0.014610330694178275,0.07200799238782651,0.6835097068302005,30.404848098754883
2017-02-08,30.404848098754883,0.0038773683544648385,0.0046450866177568575,0.00757346297218439,93.41349682022992,0.20771342739922427,0.15054342408950622,0.7864568910404338,92016400.0,0.01340058493190921,0.07052378724966779,0.7265892020857372,30.62455177307129
2017-02-09,30.62455177307129,0.007225942178787026,0.0026959224003168933,0.010043813996718566,93.73900077398864,0.20608198734185845,0.16228914614736245,1.0060933629543405,113399600.0,0.013776528795766962,0.07250119099370966,0.7649195499934542,30.55516815185547
2017-02-10,30.55516815185547,-0.0022656207911205817,0.004925799347573655,0.006736295962310795,91.83222254578222,0.18343957109045528,0.16861514560392774,0.7352736402998332,-80262000.0,0.005939092279275471,0.06430243538062497,0.7740413632745309,30.82575035095215
2017-02-13,30.82575035095215,0.008855529701290443,0.004829609856391742,0.008027664326772,93.05250852271124,0.17009256342727386,0.17415622775289835,0.8683513936731889,92141600.0,0.009371591359959464,0.06738014004905057,0.7908175909797208,31.225849151611328
2017-02-14,31.225849151611328,0.012979369394225282,0.005725036206393263,0.013627583170399239,92.97746907736558,0.17114918156087144,0.18234425097133422,1.3011401060924443,132904800.0,0.016227157133333447,0.07454887797517085,0.8241831346457502,31.339170455932617
2017-02-15,31.339170455932617,0.0036290863947712193,0.00575052807058744,0.012176291212160031,93.16250539782268,0.16248677017428315,0.18776844440211973,1.2695322383946983,142492400.0,0.013750117489070401,0.07160964361160849,0.8444221022419995,31.302169799804688
2017-02-16,31.302169799804688,-0.0011806520590568192,0.006512022479539798,0.007831529448052465,92.25390422664908,0.1382232207388967,0.18858679625948543,0.8393590357290456,-90338400.0,0.008133697124334427,0.06357921167127123,0.8415786473823985,31.38774681091309
2017-02-17,31.38774681091309,0.0027339002904820386,0.005543840516984374,0.0053786893676192335,94.20565121254211,0.11296069725329916,0.18710666307670792,0.8121243163151444,88792800.0,0.005497460987724967,0.059725958423999526,0.8323102268267561,31.614377975463867
2017-02-21,31.614377975463867,0.0072203706088256325,0.005333532067194634,0.0056328038745493084,96.0591154223884,0.09714062567766413,0.184133387544239,0.8870466261230512,98028800.0,0.007666098942133548,0.06028324560669551,0.830658635782143,31.70919418334961
2017-02-22,31.70919418334961,0.0029991482976299277,0.00298846289651059,0.007366308090875102,93.39013541468489,0.07943468859588754,0.17755261303218775,0.8285049701789264,83347600.0,0.007583676673518003,0.056230168702412264,0.8232615255914801,31.575061798095703
2017-02-23,31.575061798095703,-0.004230078647799229,0.0043735548401073725,0.008642735562377981,90.22092489422158,0.046682889957840645,0.17113813099915728,0.9371221772328565,-83152800.0,0.0018196653362105852,0.04564990467122598,0.7919169383618367,31.60512924194336
2017-02-24,31.60512924194336,0.0009522528899521543,0.004143663303513602,0.010098089022626884,89.82119693360531,0.016589989930813842,0.16155483094874495,0.9888826424454009,87106400.0,0.0008495466282061326,0.0405703392945409,0.7576041968347234,31.66756248474121
2017-02-27,31.66756248474121,0.001975414886612681,0.0041209311449248755,0.00847150897653224,88.7961304446719,-0.008231146678938206,0.1482886703672798,0.9364007089084123,81029600.0,0.0010525721991188064,0.03650686439577755,0.7244906438800989,31.681459426879883
2017-02-28,31.681459426879883,0.000438838390083518,0.0027828918294393237,0.005401894032342199,87.1729926903351,-0.031525591983859624,0.12841910284657707,1.095877433686136,93931600.0,0.001067313571006423,0.030764543100298303,0.688635919689677,32.32898712158203
2017-03-01,32.32898712158203,0.020438695262654516,0.009539370677582953,0.018241561738609243,90.00002379058574,-0.012133315887975171,0.10387586068700753,1.4836493244360929,145658400.0,0.017542283202145903,0.04438085336150821,0.7062326832339316,32.137046813964844
2017-03-02,32.137046813964844,-0.0059370962317917275,0.00992644407263535,0.010938429756921305,81.80973599358818,-0.02054763743092236,0.10079756237073775,1.0227286029225278,-104844000.0,0.007935312457489463,0.03402184167015787,0.6904115130208908,32.32668685913086
2017-03-03,32.32668685913086,0.005900979211431734,0.009846118706787723,0.008871122506746784,85.46349129741519,-0.02155110413587491,0.09587770938711505,0.8279374617569073,84432400.0,0.009314820509298771,0.0355752406199501,0.6831636114832556,32.22492218017578
2017-03-06,32.22492218017578,-0.0031480083127150005,0.010431947651747847,0.00839671450907847,80.04000042588495,-0.0364046366108407,0.08838927559642151,0.8432415834797536,-87000000.0,0.002647858592774055,0.028195241162366935,0.6571578141327379,32.26655578613281
2017-03-07,32.26655578613281,0.0012919691698323188,0.010375394565009053,0.00852926035668951,76.4087438337812,-0.04992615820416202,0.08209807281274946,0.7096030261124217,69785200.0,0.0003012084881899302,0.02581740867341864,0.6301320544603151,32.14630508422852
2017-03-08,32.14630508422852,-0.00372679075824911,0.004722929822855894,0.007050328975101163,70.40989465418993,-0.07212126719990708,0.07620200072279625,0.8889345064653411,-74828800.0,-0.002296634507326867,0.018983415142892923,0.5888032788762843,32.07229995727539
2017-03-09,32.07229995727539,-0.0023021347790741498,0.004024992253259647,0.012546800737456787,69.11641330881504,-0.09547364494308075,0.06922600504916723,1.0950107494995922,-88623600.0,-0.004193266426818831,0.013957920448598449,0.5416061521254711,32.178680419921875
2017-03-10,32.178680419921875,0.003316895351695992,0.0030657901862978336,0.005174653039107939,69.43211223358436,-0.1065978154240671,0.0638042927644849,0.9838651098300228,78451200.0,2.883154656774245e-05,0.014828015366555425,0.5064999874936014,32.19254684448242
2017-03-13,32.19254684448242,0.00043091961446495297,0.002821780669119145,0.00438207877108865,65.8632314569533,-0.11513550689153396,0.05500178989977348,0.9136242591293203,69686800.0,0.0006611246940981808,0.012650738011615426,0.47294230086671263,32.14398193359375
2017-03-14,32.14398193359375,-0.001508576228009595,0.0027285407003368053,0.005827739596956877,62.23992955250809,-0.1253262883948285,0.04766775544887082,0.8212446100977719,-61236400.0,-8.650682246913455e-05,0.009031034272550809,0.4357066652197865,32.48396301269531
2017-03-15,32.48396301269531,0.010576819007798388,0.005208735411739037,0.012245487245397589,72.92943796349581,-0.11093723577198011,0.04685063513940815,1.2821372713998123,102767200.0,0.00837108444692003,0.017693762296177917,0.4300335103519437,32.53715133666992
2017-03-16,32.53715133666992,0.0016373717687654388,0.004643087615193554,0.0054020168628651066,73.241593704934,-0.09994591245606355,0.046530657394255555,0.9886148904977413,76928000.0,0.00711563263756787,0.017450773544590126,0.4229924841860715,32.37526321411133
2017-03-17,32.37526321411133,-0.004975485434588256,0.005791703799524375,0.007929141844385139,66.81376027638736,-0.10515828278378692,0.043166577498045616,1.8053786584783889,-175540000.0,0.000886707178198165,0.010692717025102771,0.3964394631372343,32.715213775634766
2017-03-20,32.715213775634766,0.010500318075414627,0.007056070802327142,0.008977832688993076,71.26557196947404,-0.08798772387477816,0.04271177084095324,0.8571549078106858,86168000.0,0.008138368247291972,0.019193495437121122,0.39935152711372623,32.34056091308594
2017-03-21,32.34056091308594,-0.011451946030927584,0.00965406418445306,0.021953714277857896,50.26819652422962,-0.103091866880194,0.04067677319770021,1.3187121490625544,-158119600.0,-0.0046127285873336366,0.006383368839755432,0.3621545556009451,32.70596694946289
2017-03-22,32.70596694946289,0.01129869198493405,0.009832033776508832,0.01301097171901776,62.202443777890146,-0.09016958641105544,0.0415454595165082,0.8617245954824121,103440800.0,0.005260076821026249,0.01617820003181869,0.3599849468409886,32.590328216552734
2017-03-23,32.590328216552734,-0.0035357075083223277,0.010070337463505366,0.0068833468159730056,55.8400822032638,-0.0908519326061148,0.03885932941253302,0.6729902873314573,-81385200.0,0.0013784286246558697,0.01099073401966888,0.3421333557434991,32.52557373046875
2017-03-24,32.52557373046875,-0.0019869234103354616,0.009757794953336911,0.009883385919231921,56.77093893148133,-0.09657124182437615,0.03489442754719161,0.863534710119222,-89582400.0,-0.001533512686967775,0.0075435390963201066,0.31738770543041284,32.58108139038086
2017-03-27,32.58108139038086,0.0017065851127511245,0.008291832806636309,0.01845546573964394,57.0394048210587,-0.09725285164581532,0.03079531311392107,0.8949821232112771,94300400.0,0.0009947908261251914,0.007837007172131871,0.2983794637550119,33.25638961791992
2017-03-28,33.25638961791992,0.020727004713184227,0.010216087915986868,0.02378301875080172,69.90045736544357,-0.054965314788696484,0.03465441430828542,1.3291225946221485,133499200.0,0.016024799967665926,0.026226683194738643,0.3376099285570362,33.33038330078125
2017-03-29,33.33038330078125,0.0022249463550143567,0.009755563305001654,0.009020282374425268,72.55372082813028,-0.026211544193217362,0.0428335576092637,1.1324329734687133,116760000.0,0.014415060269933111,0.02692332878155601,0.36721098234121285,33.28644943237305
2017-03-30,33.28644943237305,-0.0013181327082779637,0.009380333945691488,0.006947822211403888,70.31384877114489,-0.014913915676374345,0.04735962026166317,0.81728234630361,-84829200.0,0.008803314150773067,0.023756962341350496,0.37896102086747163,33.22400665283203
2017-03-31,33.22400665283203,-0.0018759219023307683,0.009361934981798508,0.008770776371331118,68.58344616188205,-0.01629690282575824,0.05076746656474008,0.7740284342278376,-78646800.0,0.0026661478428999796,0.020428388234964068,0.37569070447656117,33.233253479003906
2017-04-03,33.233253479003906,0.0002783176113736463,0.009481602624723614,0.007446013139548467,69.9070549555353,-0.020943148644056775,0.05292391682244815,0.8096654094369204,79942800.0,-0.0009872819788608878,0.019134288979835157,0.36756494518082405,33.480712890625
2017-04-04,33.480712890625,0.007446138602632768,0.0037617296114135237,0.011880922635506988,68.85376018841349,-0.012141273525405949,0.05691070665348322,0.9046800823387404,79565600.0,0.005095972425767981,0.02481503348231162,0.37661006904285443,33.30725860595703
2017-04-05,33.30725860595703,-0.005180722562109441,0.0046779883603525535,0.01145680534873406,63.93285583549928,-0.0222058419227249,0.05725391196511929,1.2777465334120077,-110871600.0,2.769424391058095e-05,0.017697518310820115,0.3617667366223998,33.22400665283203
2017-04-06,33.22400665283203,-0.0024995138179912946,0.004781682571659439,0.007448192238219714,65.8052701045809,-0.03776081663030917,0.05541085798894091,0.975456087641148,-84596000.0,-0.002097714993444466,0.013370733431919524,0.33730649483500486,33.14999771118164
2017-04-07,33.14999771118164,-0.002227574248456321,0.004811927267394401,0.006348461187170748,58.986630754625935,-0.055265722230500525,0.05329519577014874,0.7907797852701957,-66688800.0,-0.0038777601151923635,0.009617812678014204,0.30695105692161917,33.11067581176758
2017-04-10,33.11067581176758,-0.0011861810596988098,0.004802087613564854,0.006845086253138579,68.47924984942433,-0.07073556290034655,0.050383080337924005,0.9070856876755277,-75733600.0,-0.004325862409067072,0.007012290221652728,0.275760485063806,32.7545280456543
2017-04-11,32.7545280456543,-0.010756281996114003,0.0038622298770983675,0.023229601295601802,51.17044556003017,-0.10417677568057171,0.04593700679476049,1.3225466883873929,-121517600.0,-0.01071497708840008,-0.0047434568184614445,0.21706098268195717,32.793846130371094
2017-04-12,32.793846130371094,0.0012003862385681074,0.004524825933861995,0.008039487765260067,55.09265888129698,-0.12165390603910897,0.04442610627467378,0.9466525250269807,81400000.0,-0.006446125014952342,-0.0040176678187932024,0.1732536357395844,32.62040328979492
2017-04-13,32.62040328979492,-0.005288883770651842,0.004604484626585396,0.00942929317461008,52.250518291854895,-0.14150951010238527,0.043908971147102134,0.8555712048726021,-71291600.0,-0.008072973131106553,-0.009410535217909688,0.1228080613602458,32.800777435302734
2017-04-17,32.800777435302734,0.005529488519973036,0.006225690859682955,0.007121270200843132,54.92215757194528,-0.13891272956143225,0.041140964293163704,0.7966969610196429,66328400.0,-0.0004652817468945303,-0.004576208753808264,0.09895549619075439,32.65509033203125
2017-04-18,32.65509033203125,-0.004441574702271689,0.00627621261857381,0.006586350537402085,32.33637612591917,-0.14287121380119117,0.041443912994881295,0.7361124049527256,-58790000.0,-0.0021341135530071886,-0.00890704046076607,0.06697128539345698,32.53483200073242
2017-04-19,32.53483200073242,-0.003682682548909244,0.004591976397925266,0.011017935260560089,27.248488498185765,-0.14878246350680635,0.03951255454423372,0.9983994173833182,-69313600.0,-0.004472258571118881,-0.012847943147763163,0.03172300914286552,32.941856384277344
2017-04-20,32.941856384277344,0.012510419095932646,0.007811313326780394,0.01235604097633982,41.839852141188544,-0.12161873493493647,0.03884406546061893,1.2991348237614275,93278400.0,0.007070018685030988,-0.0008558116218007061,0.040321019512880696,32.90254592895508
2017-04-21,32.90254592895508,-0.0011933284774147124,0.007186511999470408,0.005833883090887644,42.30331526732757,-0.10335507128429156,0.03735748590742512,0.970374852238413,-69283600.0,0.004136034066376748,-0.0025204119949592263,0.04258407833875566,33.21937561035156
2017-04-24,33.21937561035156,0.00962933634620855,0.007922544834814832,0.005360653548683141,49.71038167841698,-0.06866360870006974,0.03539404168056318,0.9540181758048657,68537200.0,0.011221529819623877,0.006026645185689183,0.07095308428593938,33.42521286010742
2017-04-25,33.42521286010742,0.00619630098320445,0.006937944362074519,0.007126539735669147,48.82128858621064,-0.03242088323252612,0.03463656238063693,1.0040734367867097,75486000.0,0.01273901840741809,0.01096807176793968,0.10854629932897097,33.22864532470703
2017-04-26,33.22864532470703,-0.005880816263551525,0.0076358219168688665,0.008491100242857867,48.34664065107443,-0.02271239934670516,0.0345263698177352,1.0363904330963154,-80164800.0,0.002568166702898944,0.005064924041370045,0.11747661909968343,33.25407791137695
2017-04-27,33.25407791137695,0.0007653813876971061,0.006115511584009257,0.005911441290800866,50.648210124346484,-0.015924703488306463,0.03413137188504707,0.8130131873600398,56985200.0,0.0014487269025720284,0.005950268926334434,0.12425510367887682,33.2216911315918
2017-04-28,33.2216911315918,-0.0009739190444993939,0.006088463441585488,0.007170197167144292,51.57364673414296,-0.01497712448355959,0.033843497121423836,1.1442431848624905,-83441600.0,-0.0014460392071591333,0.005068999634896709,0.12431728918806328,33.8993034362793
2017-05-01,33.8993034362793,0.02039668305877207,0.010080394125989321,0.015281690588029515,63.52135853242499,0.027604927541936664,0.04065389889240485,1.561149501543825,134411600.0,0.014773407861282006,0.024522522616727827,0.18087837429225573,34.11438751220703
2017-05-02,34.11438751220703,0.006344793377009328,0.010088327126164396,0.008474002078157931,74.50051065783451,0.06447005090943764,0.049098531190957855,1.69094651126373,181408800.0,0.017015648009458095,0.029651919923479042,0.2382381733147767,34.01032257080078
2017-05-03,34.01032257080078,-0.0030504707542825527,0.009445045271031866,0.02189583349761825,71.4174992544992,0.07530509848284273,0.05379436778564245,1.4301872572903653,-182788000.0,0.009209687206419348,0.025691220453379904,0.2675640352691815,33.88774871826172
2017-05-04,33.88774871826172,-0.003604019111665191,0.010080452081089448,0.009076652167710145,72.7200734204951,0.06790417671660354,0.05714566605919903,0.6919496412930976,-93487600.0,0.0018050256533321818,0.021100811772426953,0.2740271919892905,34.449729919433594
2017-05-05,34.449729919433594,0.016583609783114017,0.011007327042013336,0.014903337276074635,76.003378382443,0.09299320813420947,0.06640084264752961,0.7792254081369043,109310800.0,0.011077370926327657,0.036120979867400704,0.3227229281564661,35.38637161254883
2017-05-08,35.38637161254883,0.027188651269711706,0.013219216090482615,0.030520870116995363,84.47190256049286,0.16082911127656357,0.08740968259426589,1.2795824908189555,195009600.0,0.0295801007563552,0.060724395522196106,0.43427666423554,35.613006591796875
2017-05-09,35.613006591796875,0.006404583711760781,0.01321658819647595,0.009286368488595199,87.83417432719709,0.2062243234843783,0.10541194255569664,1.0617138974839293,156521600.0,0.027216211778713806,0.0635292002215384,0.5289575378179734,35.444175720214844
2017-05-10,35.444175720214844,-0.004740708177694786,0.013608229321963797,0.011940505654742492,82.6691607998757,0.2094667196591392,0.11494713651568499,0.7849017051720897,-103222800.0,0.01395944401432292,0.05425331573324277,0.575269147340407,35.750709533691406
2017-05-11,35.750709533691406,0.008648354976463324,0.011911123751741448,0.011432346869202702,84.75903788336575,0.21597782225184037,0.12499013596164783,0.8098558696581057,109020400.0,0.011942406024874064,0.05871522056214995,0.6261301209703021,36.2499885559082
2017-05-12,36.2499885559082,0.01396556959929085,0.011648903584932573,0.01121076189349735,85.4088168046103,0.23600465573406082,0.13606356789312857,0.9375363894515844,130108000.0,0.015723066076447356,0.06776231204223837,0.6961659930532775,36.15709686279297
2017-05-15,36.15709686279297,-0.002562530274236252,0.007835498662792635,0.010276113526568757,82.78379860596745,0.2251241938077304,0.14316179417304753,0.8628031041366595,-104038800.0,0.008763257812116398,0.059787495878219854,0.7279133363072603,36.10369491577149
2017-05-16,36.10369491577149,-0.0014769423337311904,0.008105228538899738,0.008619002555923303,85.72955076197255,0.19744904945123976,0.14545945641762403,0.7614549625510839,-80194000.0,0.004523001474757482,0.05290084823705343,0.7341865112456674,34.891483306884766
2017-05-17,34.891483306884766,-0.033575832382662485,0.01844523878547918,0.03234609391248968,65.71367487575083,0.08629554855966393,0.13741617436301293,1.6208527022885166,-203070800.0,-0.02620976117453,0.01406411639424121,0.6211637177034603,35.42327117919922
2017-05-18,35.42327117919922,0.01524119418017178,0.019680414512038037,0.014487947766804182,69.2798715056066,0.03974756880410457,0.13319809500272253,1.0301980529225496,134272800.0,-0.009557801274161504,0.025820643573343016,0.5727836522478711,35.544029235839844
2017-05-19,35.544029235839844,0.0034090035341380887,0.018083588461538774,0.008820010886317661,65.95991983671209,0.009811644750222115,0.1273601646244389,0.856687653196691,107843200.0,-0.0022424785157202365,0.025395808896100158,0.5375067489185028,35.760009765625
2017-05-22,35.760009765625,0.006076422241048984,0.01863484771068057,0.010844847778250363,65.96584104256324,-0.002088360957219537,0.12354202454043228,0.7441566285360272,91865600.0,0.0060631630497951505,0.027859761365826463,0.5207848144193932,35.715877532958984
2017-05-23,35.715877532958984,-0.0012341225003925649,0.018637080392773328,0.01033807741444302,66.7420074037627,-0.01865501352765142,0.11951584136913009,0.6459541321295612,-79675600.0,0.007019025874207996,0.023222745707475623,0.49556734814084535,35.60905838012695
2017-05-24,35.60905838012695,-0.002990802976448159,0.007197955922982373,0.009782183616951996,66.9490818751188,-0.04123619288855784,0.11136820124272623,0.7821861568793472,-76712000.0,-3.905703672824057e-05,0.016695740721451413,0.45907020882120264,35.73214340209961
2017-05-25,35.73214340209961,0.003456564918362215,0.003733716947412069,0.008578718178377957,63.82212398331364,-0.0516374854224777,0.10154679002031129,0.8884007622411664,76942400.0,0.0016797309675742333,0.016613605388789532,0.4347602901221137,35.6717529296875
2017-05-26,35.6717529296875,-0.0016900881576715765,0.003859312133385958,0.006054344970216825,53.792203605307904,-0.06545069305987783,0.08780806878758624,1.062110988941793,-87710400.0,-0.0007287702726701539,0.011370478999874978,0.40400770697806365,35.685691833496094
2017-05-30,35.685691833496094,0.00039075466339055787,0.0024783975303236485,0.007158136642373639,51.02372391798174,-0.0757856093025322,0.08008232803763234,1.002465458674928,80507600.0,7.810512727757235e-05,0.009209956906630401,0.3754538348162839,35.4743766784668
2017-05-31,35.4743766784668,-0.005921565315736621,0.0035298863874641253,0.011717683624639812,50.42033046671176,-0.09760108356460684,0.07276190576726259,1.1652384261046347,-97804800.0,-0.004496414872729337,0.0013082782237880952,0.3295195033032243,35.5719108581543
2017-06-01,35.5719108581543,0.0027494261723477464,0.0037873209776997435,0.007246381142614504,47.35780538484347,-0.10553625034333014,0.062135868295952225,0.8029779118785574,65616400.0,-0.0015511833876472592,0.0018533285741977323,0.29825471928506175,36.09905624389648
2017-06-02,36.09905624389648,0.01481914727168343,0.007807458277937655,0.01646830240495969,47.78781942040254,-0.07669821276033084,0.04657671165315898,1.2545434832694107,111082800.0,0.011162249576249117,0.013543783493108252,0.3155863676426236,35.74607467651367
2017-06-05,35.74607467651367,-0.00977813838117958,0.009446889763815329,0.006431431699345091,44.40250317676528,-0.08231601595151417,0.03487574242169416,1.1102155768613817,-101326800.0,0.0008582460080783783,0.001810061394765805,0.2923904154820889,35.866825103759766
2017-06-06,35.866825103759766,0.003378005231031267,0.009536094274658251,0.01314340446362825,46.832300798276016,-0.07881549406906874,0.034237665675696624,1.1040108606050956,106499600.0,0.0032215686758634288,0.004517886199964405,0.2806109309086793,36.08047103881836
2017-06-07,36.08047103881836,0.005956644738990269,0.008817841129626308,0.009654373734572343,71.69475905694219,-0.06367527508173221,0.035363513920419136,0.8988660506309674,84278400.0,0.005787199869160098,0.009840389707883812,0.28552947253415084,35.99221420288086
2017-06-08,35.99221420288086,-0.002446110967967874,0.00921455761597107,0.007355309047322516,62.385915375991445,-0.06115479545774516,0.035086368647153934,0.8705940382325926,-85003200.0,0.0009813393807887039,0.006598207254960187,0.2765849530928932,34.59657669067383
2017-06-09,34.59657669067383,-0.03877609486151934,0.018061474900704276,0.061551875633798526,36.7363504603872,-0.14997084801919913,0.045603982808463214,2.038289215171931,-259530800.0,-0.02972410816859339,-0.030869672512632396,0.14433991897614362,33.76985168457031
2017-06-12,33.76985168457031,-0.02389615057857375,0.019397958392221148,0.0246183597588519,26.2077017092613,-0.2547305042801821,0.06451813092463023,1.753879612080027,-289229200.0,-0.0422939825621198,-0.05073066161600048,-0.027633070772509427,34.041561126708984
2017-06-13,34.041561126708984,0.008045917544340808,0.02036079890333104,0.015690040993358755,31.016540978756694,-0.2933115254831703,0.07337336205246207,0.7994681662593518,136661600.0,-0.024489068009309056,-0.0402391835036181,-0.13093462973854741,33.70948028564453
2017-06-14,33.70948028564453,-0.009755158990164658,0.018352856406569525,0.025213582045842526,29.509196445692382,-0.32625454845387014,0.08391237179427706,0.7033899741854773,-126124800.0,-0.020697746225906255,-0.046383251071063336,-0.23388893660230536,33.50743103027344
2017-06-15,33.50743103027344,-0.005993840713620746,0.017887846717736494,0.0157321305654952,26.40394112587174,-0.34489494352698297,0.09569313031549619,0.6842188111566803,-128661600.0,-0.012308014073626805,-0.05023974013607979,-0.3235452822071281,33.03835678100586
2017-06-16,33.03835678100586,-0.013999111088038307,0.011693859225542586,0.01616646505016681,24.297521153483785,-0.3698483941603301,0.11150851216438844,1.1418176360265977,-201444400.0,-0.01710569273837259,-0.06035956244024088,-0.4249242387220562,33.983516693115234
2017-06-19,33.983516693115234,0.028607957664914974,0.017325403885111657,0.021046890174461593,35.94188415266939,-0.3063545650256527,0.11512460959309088,0.9001048325307237,130165600.0,0.009729226190431595,-0.03132877217364205,-0.4107809762414334,33.67463684082031
2017-06-20,33.67463684082031,-0.009089107966201104,0.017372132378866947,0.01330937693187932,35.371846810114974,-0.27008378995864957,0.11929698072300307,0.7259538236913059,-99600400.0,0.0027380930528171366,-0.037271815659862484,-0.4199410422879595,33.874359130859375
2017-06-21,33.874359130859375,0.00593094117044668,0.017045153327118374,0.010008958406382691,36.42787823113439,-0.21970389562062165,0.12106443251005458,0.6594709049839426,85063200.0,0.007695789251550567,-0.02900591632749927,-0.40215819087680416,33.81861114501953
2017-06-22,33.81861114501953,-0.0016457281339105068,0.016700743288333573,0.010849425105259566,30.2812260238141,-0.17892444253440337,0.12267872552337013,0.6447220746861644,-76425200.0,0.004178260612294427,-0.02810992166323556,-0.38685714915378355,33.96956253051758
2017-06-23,33.96956253051758,0.004463559572294162,0.014133499916049593,0.014014240284830705,34.08254754707539,-0.13270121036040422,0.12200278823224628,1.3297786916617262,141757600.0,0.0031131831771360474,-0.02129308029403998,-0.35576219486281957,33.86274337768555
2017-06-26,33.86274337768555,-0.0031445548566033654,0.006080276827995153,0.019887489718996405,31.998596504693623,-0.10163688178467575,0.12123747383373429,1.0162811303439765,-102769600.0,0.0006726000119670061,-0.021821549792754302,-0.33583187924998015,33.37739181518555
2017-06-27,33.37739181518555,-0.014332907321969346,0.008029481638605727,0.017672083910284395,26.84992551161757,-0.10562770679455669,0.1220305607856167,0.9805465929808388,-99047600.0,-0.01193414495589007,-0.03261648907994519,-0.3572847786577924,33.865074157714844
2017-06-28,33.865074157714844,0.01461115791280676,0.010623531761171626,0.02022901262567205,32.94902537814643,-0.06904371975475626,0.12036269770557043,0.8688221185624445,88329600.0,0.002557754215772645,-0.016187510753404855,-0.3247551675474867,33.36579513549805
2017-06-29,33.36579513549805,-0.014743184080790117,0.012565111871042107,0.019835789593522325,38.47848692874876,-0.0717742236127068,0.11941292965730697,1.1292090725611308,-125997600.0,-0.009567714996782883,-0.027575918477273698,-0.3382789609426595,33.44474029541016
2017-06-30,33.44474029541016,0.0023660506093596823,0.012301357512647562,0.008193361335679102,46.4611434161639,-0.06193864675253752,0.11115979749825174,0.9060311568846893,92096400.0,-0.004121372330771367,-0.021490322273973517,-0.33559735760309906,33.323997497558594
2017-07-03,33.323997497558594,-0.0036102178335091217,0.01230402722623245,0.015330989186356692,41.92385007011168,-0.05734493938737173,0.10478750365620361,0.6173083973795803,-57111200.0,-0.004522792370176831,-0.0215561361603529,-0.33825498684791455,33.460994720458984
2017-07-05,33.460994720458984,0.0041110680947094025,0.010780587340632872,0.014365966535078385,47.07485241564139,-0.039698477287352096,0.09335842735159722,0.9590469999546478,86278400.0,-0.0009293422014893249,-0.014051371294739101,-0.32250386215295634,33.14516830444336
2017-07-06,33.14516830444336,-0.009438643969018612,0.007923335816646197,0.007636771320103945,45.84673437381097,-0.04360352399320372,0.07450978934581867,1.0536621493331424,-96515200.0,-0.006086423145529873,-0.01911553063435767,-0.3326037346588535,33.48188781738281
2017-07-07,33.48188781738281,0.010158932060523318,0.007504183247114291,0.012831226227592874,55.24414082761344,-0.019068591924455924,0.04278220083781656,0.9393994246687932,76806800.0,0.0033121244642209113,-0.0054565820119666375,-0.30516768704450214,33.68626022338867
2017-07-10,33.68626022338867,0.006103969021118205,0.00788595987296579,0.017785756752219224,45.73891474767273,0.013603184185810635,0.03404384361856029,1.0517061689364058,84362400.0,0.007977295312995292,0.0019687404487391813,-0.2618790160040305,33.795406341552734
2017-07-11,33.795406341552734,0.0032400782229984326,0.007361401253887555,0.010101018573719993,51.83634973648766,0.04355414438069777,0.03413297842470483,0.9351107329409818,79127200.0,0.008398380819113482,0.005176995731789313,-0.21584957368706625,33.84417724609375
2017-07-12,33.84417724609375,0.0014431223003539273,0.007342457541776522,0.009331585702638867,49.51899109720125,0.06627739725470139,0.03270598566511182,1.1405762718700785,99538000.0,0.007549654088225388,0.006923160795055061,-0.17381558657983476,34.31557846069336
2017-07-13,34.31557846069336,0.013928576581190732,0.005094105837782822,0.020640204125149438,56.99361927594937,0.11009949219146614,0.037627309108352255,1.143784382432506,100797600.0,0.014513565356911284,0.02002848522840539,-0.09887576652076291,34.61050033569336
2017-07-14,34.61050033569336,0.008594401966378618,0.004893744584435276,0.01341921692226822,58.668407041294316,0.15333526777264977,0.045261769799457466,0.9061297129133195,80528400.0,0.016449617884801704,0.027111139734632195,-0.016154338831647408,34.73125457763672
2017-07-17,34.73125457763672,0.0034889481738820116,0.005103535334643279,0.015578942299412606,61.70212984674022,0.1824726053948291,0.049010295303154115,1.045488539106241,95174000.0,0.013773487394648232,0.028112115113541947,0.05581564527671645,34.85201644897461
2017-07-18,34.85201644897461,0.0034770374064070353,0.005070881260606335,0.009728189605905681,72.0335196040208,0.20083048276314414,0.05640414965754471,0.7985820306529505,71475200.0,0.011061886624559536,0.030362406250030283,0.11858119561516389,35.07030487060547
2017-07-19,35.07030487060547,0.0062632938886175715,0.0043507355384818204,0.009733817899058167,69.58497293571261,0.21723583631642726,0.06493904313290276,0.9694042076859211,83692000.0,0.010207818782399736,0.03468124766725378,0.1818900820135667,34.91239547729492
2017-07-20,34.91239547729492,-0.004502652426124243,0.004940278677962335,0.01030998463159567,78.268466483524,0.2070541999311679,0.07015146813013663,0.8625205204824676,-68974800.0,0.0022133051179893393,0.028447614536318167,0.21193368106058585,34.896148681640625
2017-07-21,34.896148681640625,-0.00046535894865373795,0.0041932125672848476,0.010381297093498804,77.15085760282221,0.18931074916005455,0.0742163704113716,1.2373776413628754,-105010400.0,0.000106747252898165,0.02634011041837625,0.22909725162210748,35.31877899169922
2017-07-24,35.31877899169922,0.012111087498917872,0.006353692400338291,0.016700694365715373,83.52859407139157,0.19533447473635077,0.08173325265243823,1.0355044694949862,85972800.0,0.008821785916531821,0.036713253620587416,0.2744270687680128,35.469730377197266
2017-07-25,35.469730377197266,0.0042739695370987985,0.006366821476365158,0.013355985418137008,83.60549861513523,0.1981561112980687,0.08912965820079662,0.8998066173887811,75415600.0,0.009570892981355161,0.0386943768622352,0.3163003075855002,35.63692855834961
2017-07-26,35.63692855834961,0.004713827237317503,0.006237284043585556,0.005669197700542604,93.86789665121127,0.19940802033178795,0.09419026670397662,0.7920248453190182,63124000.0,0.011068584403957304,0.040149362308029346,0.35629635187335396,34.96348190307617
2017-07-27,34.96348190307617,-0.01889743820573031,0.011660749903279581,0.044434129582146695,73.31897178002808,0.1455079466458984,0.0950816672381868,1.413771037028653,-129905200.0,-0.00832548671858968,0.01885998833545366,0.3214271097099797,34.71731948852539
2017-07-28,34.71731948852539,-0.007040557780634615,0.012136357025497603,0.0069564768303197145,66.01725188270237,0.0868018495764705,0.09171169352477428,0.8133627422907801,-68854800.0,-0.014307510545715552,0.00969832998334752,0.26873621300092054,34.53851318359375
2017-07-31,34.53851318359375,-0.005150348804743965,0.009695473888780195,0.014791884700059944,61.29942749087872,0.03226157136033661,0.0879355137117413,0.9525654022048405,-79383600.0,-0.01502006542465939,0.0029028815387110996,0.209596757209205,34.84504699707031
2017-08-01,34.84504699707031,0.008875130549110377,0.010873719669362058,0.012062629268787279,64.11260738882446,0.014091181070574277,0.0827981247788695,1.4653210203379858,141474400.0,-0.0027249663978311522,0.009574278653716961,0.18872854205903877,36.491512298583984
2017-08-02,36.491512298583984,0.047251056991029605,0.025589354879229635,0.022845846708887865,73.044888421318,0.10514843440562777,0.09184065768927056,2.0000080072614423,279747200.0,0.03931333922297364,0.052656361356412607,0.3125637241861341,36.12692260742188
2017-08-03,36.12692260742188,-0.009991081985830763,0.023753451676679447,0.014077279284573979,65.82658167876335,0.1313136009960374,0.08904588923795682,0.7995082092005125,-108389200.0,0.022155464281455872,0.03767647615067804,0.36725535805516785,36.31733703613281
2017-08-04,36.31733703613281,0.0052707071338484734,0.022570140157785024,0.010934148358282509,66.31636117621025,0.15055381959577968,0.08898209344991297,0.5948752520854009,82239600.0,0.018323044500925034,0.038915155240133226,0.4178680703218447,36.87932586669922
2017-08-07,36.87932586669922,0.01547439532824968,0.021118101642211135,0.014167873777403988,69.11967338973994,0.18781487855364498,0.09443890492962488,0.6254629420435169,87481200.0,0.020682395287583644,0.050195354141959525,0.4967558544241939,37.17425155639648
2017-08-08,37.17425155639648,0.007997046658696272,0.02116847920798537,0.022238865054180244,69.55970042861775,0.21694635100340603,0.1006493294590747,1.0305077355180332,144823600.0,0.015749050022555666,0.053525420555532,0.5720861637651069,37.40181350708008
2017-08-09,37.40181350708008,0.006121493807033973,0.009283797281306698,0.013411174064643289,72.84740991779523,0.23466177513529807,0.10589019161433559,0.9908436589266741,104526000.0,0.016908226589714248,0.05465782390752083,0.6376462384659973,36.21051025390625
2017-08-10,36.21051025390625,-0.03185148369739654,0.018583360159268144,0.03457375008989049,59.92273815873296,0.15320966530573854,0.10260416152542193,1.4015170510242705,-163217200.0,-0.015929097558201377,0.018344728296377122,0.5719930902257886,36.71406555175781
2017-08-11,36.71406555175781,0.013906329800951633,0.019504173976983227,0.015875032180756154,60.406523772780986,0.12168383798349436,0.10300016497605886,0.8678937073070442,105028400.0,-0.004391143958772714,0.02946110419972303,0.5570859267931212,37.2666130065918
2017-08-14,37.2666130065918,0.015050020926040686,0.019433467386587928,0.009133604367344948,62.64430944067209,0.1259526961893337,0.10696400687205246,0.7300185122243378,88490800.0,0.008474505759985318,0.04125330961430862,0.5842438507867129,37.674591064453125
2017-08-15,37.674591064453125,0.01094754862184999,0.01969484524896364,0.012747509163299047,63.86867056153266,0.1429200363782258,0.11328712482358143,1.0175879310213833,117862000.0,0.01676149553064943,0.04851793539522675,0.6295537674836211,37.52305221557617
2017-08-16,37.52305221557617,-0.004022309057521101,0.019793847473918005,0.014662942871073826,68.75315824542422,0.13092427752654656,0.11710319144781751,0.945577264265192,-110686400.0,0.012009509744834057,0.040748285053999966,0.6390732640537351,36.80265808105469
2017-08-17,36.80265808105469,-0.019198708313564183,0.014738076706965928,0.018180732071962104,64.28587481739524,0.06480242851384943,0.11422755422308024,1.0467976696701198,-111762400.0,-0.010580057783395658,0.018098379891026806,0.5726821738669159,36.71873474121094
2017-08-18,36.71873474121094,-0.0022803608277128795,0.01356716740977229,0.017650785900297453,65.13260877393283,0.008691992733007803,0.10990403125014929,1.0186587535328702,-109712400.0,-0.012861075111400888,0.013222439381089135,0.5063528582206445,36.651126861572266
2017-08-21,36.651126861572266,-0.0018412366361522103,0.010717377833684294,0.01768334495625765,62.96578063391026,-0.037180677680934915,0.10744521013399363,0.9493657213753732,-105474000.0,-0.011407060457825802,0.009501140978319444,0.4426304253151514,37.25028991699219
2017-08-22,37.25028991699219,0.016347738984476612,0.012613788881909347,0.012392012408724656,56.411310987696915,-0.031595288255003795,0.10728076190944784,0.8245187133529853,86418400.0,0.0070592970057947735,0.023494446271716596,0.4396702667883119,37.29690933227539
2017-08-23,37.29690933227539,0.001251518186491607,0.012643668247470654,0.00993871971717331,60.447202463959904,-0.02923981139069176,0.10733279912263621,0.7902459571340931,77596400.0,0.009554084092725512,0.022443691686695466,0.433901955664588,37.131378173828125
2017-08-24,37.131378173828125,-0.004438200414210169,0.008377952070549395,0.013750250409109207,57.30129099098236,-0.04250456968395311,0.10064457459890813,0.8645541061183467,-79275600.0,0.0032880679592039996,0.014890140319986589,0.40778675136259324,37.26893997192383
2017-08-25,37.26893997192383,0.0037047318160861042,0.008069700251436666,0.008069518836528997,53.7825059977172,-0.045424867292772286,0.0892389131007039,1.1307281718842082,101920400.0,0.004019725499696758,0.015110248045647312,0.3933035869505659,37.64426803588867
2017-08-28,37.64426803588867,0.010070800625067156,0.008039629750926907,0.012819764095928828,54.492938168314225,-0.02643115044037847,0.07212079637253403,1.1564220481754932,103864000.0,0.008733260924493003,0.021014696920691467,0.40826776797671016,37.97999954223633
2017-08-29,37.97999954223633,0.008918529270580677,0.005912752684459111,0.019151648438107276,55.41496073681879,0.0028354462442354844,0.055639793961855595,1.2280185719872525,118067600.0,0.013765118916312158,0.025759710022875026,0.4413432398837074,38.08257293701172
2017-08-30,38.08257293701172,0.002700721327321798,0.005784506784318915,0.007835927342945595,72.02399010524842,0.022120613093734587,0.05926844708778826,1.0647903382623398,109078400.0,0.012257407110840335,0.026324880909862847,0.4670661863428833,38.23410415649414
2017-08-31,38.23410415649414,0.003979017377136129,0.0033633566643504875,0.006341515517816343,69.49752653288904,0.03721260942815652,0.059577179663474984,0.9919106902280219,107140400.0,0.010362228921652727,0.027491160468033016,0.49113970793940354,38.24577331542969
2017-09-01,38.24577331542969,0.00030520288608792967,0.0041607768958884005,0.007985355283294082,64.58320313343341,0.039874775307706334,0.059857837745589546,0.6577051852591836,66364400.0,0.005479607625169525,0.02514837984705065,0.5014660998872813,37.78649520874024
2017-09-05,37.78649520874024,-0.012008597731874238,0.007809164492355465,0.022766549850193992,51.641568877622504,0.004460972177268041,0.05980971208846636,1.1366283734162763,-117874000.0,-0.007337134743418017,0.011607873863918483,0.46066257819787637,37.74685287475586
2017-09-06,37.74685287475586,-0.0010491138107778797,0.006347262718542054,0.015255395990588515,53.39446313928246,-0.026191653385486124,0.060300369059943404,0.889070019545686,-86606800.0,-0.007162357766189897,0.00977261670759999,0.41904829594087545,37.5953254699707
2017-09-07,37.5953254699707,-0.004014305650537953,0.0060133577798659405,0.011658222416303,64.53002390052681,-0.05933375156358611,0.06050129573514717,0.9417444206522831,-87714000.0,-0.00860680421168658,0.00545883425052196,0.36786741479190255,36.982177734375
2017-09-08,36.982177734375,-0.016309148223373038,0.007223214558630174,0.01651639057266014,54.044367401438315,-0.12162313685793225,0.05382931355456464,1.209775283654387,-114446000.0,-0.018293680610672047,-0.011958886186114737,0.27052388644750636,37.65127182006836
2017-09-11,37.65127182006836,0.018092338707015543,0.013304069869407338,0.013374635678695812,62.96062310174639,-0.11680928331979146,0.0508555380853816,1.185100682222439,126323200.0,0.002632245440405301,0.004659302945202004,0.25171021900673907,37.5020751953125
2017-09-12,37.5020751953125,-0.003962591900450452,0.012407122642057533,0.03226409562174466,53.69356463346391,-0.12214393932399259,0.0505663123050353,2.043291079370778,-286856000.0,0.00017427609545439537,0.0003639886470303555,0.22050714323395226,37.219974517822266
2017-09-13,37.219974517822266,-0.007522268461706227,0.012689530585821998,0.01284060839417891,48.944338012834606,-0.14176306842969838,0.05075727178334692,1.1297902508878337,-179629600.0,-0.004551743217138027,-0.006558652149291522,0.16916615587513206,36.90058517456055
2017-09-14,36.90058517456055,-0.008581127402674138,0.012965254579613334,0.0082764567140312,46.961468033665376,-0.17136353020014922,0.052524998568065855,0.5923163673928478,-95042800.0,-0.009412624422911464,-0.014264632874815164,0.10057844883144185,37.27359008789063
2017-09-15,37.27359008789063,0.010108373934059944,0.01185537429394508,0.01857643939203055,50.05764776318176,-0.16109083675079544,0.05024586791685385,1.1108005111329737,196458400.0,-0.0009624699300995188,-0.0049263592093300446,0.08035891015959606,36.99150085449219
2017-09-18,36.99150085449219,-0.007568072534287151,0.007809408009608611,0.015755971695027387,41.71610151030026,-0.1678043530690509,0.04820053403814349,0.6490771520452449,-113077600.0,-0.005004211835199501,-0.01281657700156924,0.039576393183438086,37.00548553466797
2017-09-19,37.00548553466797,0.00037805116993738785,0.007985127818897809,0.008379020140198664,36.53327316797001,-0.16553535742747782,0.045211699883104375,0.6235845398642117,83242400.0,-0.001961844042863814,-0.012910101114439687,0.009912227070273616,36.385353088378906
2017-09-20,36.385353088378906,-0.016757851905715437,0.010167624052425933,0.02838465091232053,29.48130001512682,-0.19784582684434165,0.05219317533019372,1.5137041634196975,-211805600.0,-0.014249019070394664,-0.028330716233504916,-0.0659097220180982,35.76055145263672
2017-09-21,35.76055145263672,-0.017171789819506844,0.011650684778629494,0.01988397590386604,23.16639864529897,-0.24998331295027343,0.06606227861678574,0.9941735746804927,-150046800.0,-0.025154357608836442,-0.043052917959468084,-0.17499174418642838,35.41084671020508
2017-09-22,35.41084671020508,-0.009779064590063946,0.007256180452655924,0.011258191590879298,21.347556504178286,-0.29368905223776337,0.08114350957364215,1.252639126476662,-186581600.0,-0.024783318414892785,-0.05022452666892874,-0.28298808038845635,35.09845352172852
2017-09-25,35.09845352172852,-0.008821963254172283,0.007164441840012608,0.017734959248239725,22.000785157659422,-0.32676829593172296,0.09689226342735278,1.0970315323687239,-177549200.0,-0.02320164022434379,-0.055855198380509896,-0.3850802229794823,35.7022590637207
2017-09-26,35.7022590637207,0.01720319505297807,0.01410227760773158,0.014561810999261293,30.942841823361334,-0.2922385558257146,0.10254372488363259,0.840225196854725,146640000.0,0.000862489736198846,-0.03709779824310544,-0.4017093340240834,35.95637893676758
2017-09-27,35.95637893676758,0.007117753321808751,0.014041997506218498,0.007650962635406463,35.010452631020726,-0.23879297219169407,0.1035367938926266,0.6686693730644554,102016800.0,0.0104165724222125,-0.02759050209167735,-0.38506146905262284,35.73489761352539
2017-09-28,35.73489761352539,-0.006159722691533531,0.011810725747641073,0.0103079452220618,37.71224817901191,-0.20610050987341258,0.1039946939750957,0.6280022419784204,-88022000.0,0.004337492530742448,-0.030502563152544404,-0.3852458659293063,35.930747985839844
2017-09-29,35.930747985839844,0.005480647361371549,0.010588827861663493,0.013820431808299281,31.307003226953555,-0.16102661623819792,0.1003789513053738,0.8491651642033156,105199200.0,0.0068993606278910935,-0.02213371332576408,-0.36175470123626496,35.85846710205078
2017-10-02,35.85846710205078,-0.002011672114856866,0.00901478948398816,0.011247615597159153,31.839141892267833,-0.127299627437425,0.09507536065017967,0.723815363367018,-74795200.0,0.0006115812371467744,-0.020920257040978885,-0.34435907226797724,36.01467514038086
2017-10-03,36.01467514038086,0.0043562385945143944,0.005617754315291594,0.007638482058625035,36.301069338799685,-0.08758091242608085,0.09147335327476665,0.7462989223697932,64921200.0,0.0032213063656090224,-0.01427078237246504,-0.31199435534481523,35.781532287597656
2017-10-04,35.781532287597656,-0.006473551458521798,0.0056631859016240205,0.00912167015543634,37.02697706670724,-0.07083666983890313,0.08787133449568968,0.9750556586091441,-80655200.0,-0.0023012377577090737,-0.018010830581382864,-0.3028190871215415,36.22682189941406
2017-10-05,36.22682189941406,0.012444676998104587,0.0072761630153195265,0.008945230678345857,38.06499091839068,-0.02591271629450964,0.08286238932900185,1.036449430979825,85135200.0,0.007351363006927514,-0.0039197912556329095,-0.2522301717492752,36.205833435058594
2017-10-06,36.205833435058594,-0.0005793625621851595,0.0072139794106330845,0.005988460504153299,40.474873511973556,0.004621029079388217,0.0814807532060232,0.9280657849981286,-69630400.0,0.0052298921389952735,-0.003433242389796032,-0.21223079543522516,36.33173370361328
2017-10-09,36.33173370361328,0.003477347615281623,0.0069498076224623565,0.007956816372649889,42.04749709131642,0.033898204885002975,0.07409891217661126,0.8901579009594037,65051600.0,0.006081460038864783,0.001851545591088799,-0.1680454192337706,36.34572982788086
2017-10-10,36.34572982788086,0.00038523138977497595,0.006932248834383985,0.018601629313788882,49.45421948710188,0.05363430736929692,0.06697588043217702,0.8605820680199835,62468000.0,0.004627068084691821,0.0038379266509263044,-0.13121510108339152,36.497257232666016
2017-10-11,36.497257232666016,0.004169056599020893,0.005139292387425498,0.007856887279219054,61.66896473383312,0.07501033242139393,0.06222116673531696,0.9662893861122194,67622400.0,0.004839616559516369,0.009030037756244669,-0.08855972054767136,36.36903762817383
2017-10-12,36.36903762817383,-0.003513129868220055,0.0031303256718716215,0.010512816600310603,66.32239299444024,0.07826989830029568,0.05958166244521755,0.9794371111127308,-64500400.0,0.0005259781467203961,0.006224535578842394,-0.06655142243531031,36.59984970092773
2017-10-13,36.59984970092773,0.006346389341220782,0.0038285419130906465,0.005541722955258032,76.30684704435461,0.09273771666180194,0.053405612518694856,1.0081938581731953,65576800.0,0.004697614263459604,0.013555082828576648,-0.029123430565043407,37.27359008789063
2017-10-16,37.27359008789063,0.018408282888271676,0.008305541546094107,0.014698561619622803,76.8736144510715,0.14152750583036244,0.056740673552352114,1.3526570319211695,96486000.0,0.017928708711427044,0.03180987369720789,0.05741980783899692,37.41114807128906
2017-10-17,37.41114807128906,0.0036904946122460203,0.007954710428753724,0.010219974930970849,75.9132797073265,0.1747315218147165,0.061460529848685795,1.0263961782379567,75989200.0,0.01577433457052657,0.03503661136523539,0.13239978274680908,37.2456169128418
2017-10-18,37.2456169128418,-0.004424647918632063,0.009227273114972153,0.006947925942148743,77.45718762566386,0.17668537828500577,0.06698288326745043,0.8897832137659857,-65496800.0,0.007186844823318106,0.029232126095283473,0.17128010053599496,36.36437225341797
2017-10-19,36.36437225341797,-0.02366035878761308,0.015589463037143118,0.013206806097059313,56.30920849605147,0.1128719504913404,0.0661088260622317,1.7972354509189559,-170336800.0,-0.01661874463110491,0.004042463676617203,0.12079750638591236,36.42731094360352
2017-10-20,36.42731094360352,0.0017307789543827834,0.01525818256674665,0.011455957031250049,58.29920758509926,0.07118038595747395,0.06273824963835084,0.9509659955906841,95896400.0,-0.013996616620587932,0.004370845984140281,0.08678477988592448,36.40866470336914
2017-10-23,36.40866470336914,-0.0005118752867387943,0.011054927459703308,0.014023195665514939,55.9885287800986,0.0401711232880174,0.05482663848188729,0.8870782259645996,-87937200.0,-0.009865211844238053,0.0020467845697100806,0.05848936795636206,36.62548828125
2017-10-24,36.62548828125,0.0059552740988271236,0.01151803407121853,0.007765761765147401,62.891845967736245,0.03241845284202778,0.05264034820603315,0.7237556450429594,71028800.0,0.0003058276471903376,0.006735225707649173,0.055303214908029474,36.46461486816406
2017-10-25,36.46461486816406,-0.004392389579917055,0.011517873325856747,0.014577064931360495,53.97806753321011,0.015471343836035403,0.05147006305606344,0.8316059758334647,-84828400.0,0.000178963246992625,0.0016136239856106016,0.038058568619653954,36.69775772094727
2017-10-26,36.69775772094727,0.006393673802016719,0.0045292723493372735,0.00667049760072249,57.68402511705847,0.01875966959617192,0.048800625602853816,0.8339857853756554,68002000.0,0.004736249680749038,0.006686375929120025,0.044819556783600945,38.012638092041016
2017-10-27,38.012638092041016,0.03582999215080651,0.01585203687119728,0.030052186835703605,69.14498238174474,0.10354999857295323,0.05991296479359693,1.8158905846492701,177816800.0,0.031779237677095784,0.039786827518881296,0.1628908042761381,38.86824417114258
2017-10-30,38.86824417114258,0.022508463554406832,0.015867032903651296,0.02609168709012345,74.10869625453356,0.2054335312961782,0.07941233469581192,1.5401344268666302,178803200.0,0.04110210200900655,0.058832223711216436,0.32155202369670377,39.40910720825195
2017-10-31,39.40910720825195,0.013915293799428463,0.015341649314755757,0.016031658558403585,75.90208214566869,0.29213545962182813,0.10054420501929412,1.1029598052498817,144187200.0,0.040079595198112106,0.06862541275384393,0.48026250494482525,38.90787124633789
2017-11-01,38.90787124633789,-0.012718785007367783,0.018147893526397382,0.02594524445377469,71.17849069284341,0.29760663468685167,0.10730504264852189,0.9564883095494146,-134551200.0,0.013776957569320292,0.05058067609689876,0.5460361977386299,39.19229888916016
2017-11-02,39.19229888916016,0.00731028539242029,0.018066577904036422,0.019154132466910882,71.43401422678971,0.3013380493524672,0.11658926278384783,1.0336308200945898,165573600.0,0.00808340731878876,0.05404070673568584,0.6098964121682116,40.21575927734375
2017-11-03,40.21575927734375,0.02611381361113918,0.015367654345578985,0.018202895012454676,72.99564220785253,0.3502599419066661,0.13390479504390318,1.3802239454515204,237594400.0,0.022816220251305586,0.07576502919151129,0.73521987010092,40.62374496459961
2017-11-06,40.62374496459961,0.010144920662624513,0.014079269645881565,0.018766165121726915,74.09088802651425,0.38486531325912254,0.15090958225531476,0.8522093848797268,140105200.0,0.0240482608421968,0.08047607451937755,0.8505841366429436,40.754302978515625
2017-11-07,40.754302978515625,0.0032138350127439708,0.013949148792326865,0.00943878450619694,76.4499611495589,0.39010132384038576,0.163948563560775,0.6284645976423193,97446000.0,0.020418930959309023,0.07763064000551556,0.9325586531383365,41.08769607543945
2017-11-08,41.08769607543945,0.008180561868512015,0.008822497454620023,0.010837514767233004,88.8122585187288,0.3887100490539712,0.17647910593138247,0.6611840447956626,97638000.0,0.017657953402348436,0.07989234416096824,1.0059580888380495,41.00374984741211
2017-11-09,41.00374984741211,-0.0020430989333939387,0.010609197070726429,0.01682969428980514,87.47589981319612,0.35571828354683954,0.1831738485878572,0.8536847378220218,-117930400.0,0.00654684653489257,0.07116197751753961,1.0356054766681453,40.86804962158203
2017-11-10,40.86804962158203,-0.003309458923514641,0.005976919712735513,0.006354844117407874,85.83045984938346,0.30053585236778746,0.18672922416044174,0.9082690026541371,-100582000.0,1.3236042262221304e-05,0.061698024580576716,1.0278707446147806,40.70427322387695
2017-11-13,40.70427322387695,-0.004007443448404535,0.005186736679069816,0.006322964280032091,83.05416940513382,0.23186075837955433,0.19011576303051964,0.7053468481789515,-67928400.0,-0.0043866259953374565,0.0527520234365213,0.9901666315685205,40.08892440795898
2017-11-14,40.08892440795898,-0.015117548286232907,0.008269369255155076,0.013423620292497879,77.35606759929436,0.12898203230213334,0.18960556965418288,1.0257470476531056,-99130000.0,-0.01623571735374696,0.03325900011398786,0.8918330983410527,39.56013870239258
2017-11-15,39.56013870239258,-0.013190319106227144,0.006122448294480983,0.011473872843606445,70.6820401890158,0.01528848441911368,0.18592834075718453,1.1612072563456386,-116632400.0,-0.021878795005804808,0.016597732767491102,0.7578154330311335,40.03276824951172
2017-11-16,40.03276824951172,0.01194711552137595,0.010725486152852615,0.009175873813118577,66.61915333374759,-0.035350444214807264,0.17601840171022146,0.9873172288370562,94550000.0,-0.005417592307939811,0.02391697693784911,0.686405512867772,39.810489654541016
2017-11-17,39.810489654541016,-0.005552416300199647,0.010697799563542533,0.010285042978400948,58.65336242497621,-0.08808022614151767,0.16366592928872858,0.9402179466373346,-87598000.0,-0.005715112037392389,0.01384528768129778,0.6024129141715875,39.77070999145508
2017-11-20,39.77070999145508,-0.0009992256671829125,0.010863822692941269,0.005883045211995938,53.65749950997718,-0.1275089239708933,0.14821089451031855,0.7025401762571281,-65049600.0,-0.0020549775164864226,0.008514750911515545,0.5263610557497103,40.51007080078125
2017-11-21,40.51007080078125,0.018590586124437536,0.012950348988150322,0.016864954252274734,65.46097604251256,-0.10652029911455552,0.1331713822676028,1.0824170807175197,100525200.0,0.014353548901884672,0.022228840835979646,0.5249623725176136,40.93590545654297
2017-11-22,40.93590545654297,0.010511822056689768,0.009907684827260904,0.011145386793630257,66.37854301788076,-0.06852925063158655,0.11225788680603349,1.1370863387356513,102355600.0,0.01800250738720721,0.027179582494378574,0.5517055274633904,40.93824005126953
2017-11-24,40.93824005126953,5.7030489506004756e-05,0.009819837476098402,0.004858010502289012,58.397595746265736,-0.048743558447508106,0.0859847559403328,0.6815112021518082,56106800.0,0.01349629236705896,0.021801981152792527,0.5621511953439295,40.73234176635742
2017-11-27,40.73234176635742,-0.005029485504365883,0.00968761597767444,0.009994862024046994,51.324472500027916,-0.05458366905285983,0.0720322285317058,1.0182637494212399,-82867200.0,0.003817098888272197,0.013223824042122967,0.5423227915688429,40.49368667602539
2017-11-28,40.49368667602539,-0.005859105565326095,0.01059447516316012,0.017391774307822214,46.9031185943434,-0.07814544371719845,0.06497888909027777,1.1809906830216503,-105715200.0,-0.005607828683896088,0.005254957242432301,0.4975909733071191,39.65373611450195
2017-11-29,39.65373611450195,-0.02074275351225896,0.01130998018357662,0.03398627951404879,34.791312650709656,-0.14977482988827062,0.06346396540144568,1.6221746727338984,-166665600.0,-0.022121543751024486,-0.01589561730566469,0.3831385228895883,40.20824432373047
2017-11-30,40.20824432373047,0.013983756981368556,0.012485489954640244,0.021530385899512172,42.32854488936304,-0.15844466476925578,0.054600039054873206,1.438262082666336,166108800.0,-0.004875739258835332,-0.0037416999918887806,0.3397889171390034,40.02106475830078
2017-12-01,40.02106475830078,-0.004655253383426539,0.012324976327775147,0.01853258177368233,41.91240429236451,-0.1741698391798706,0.04810152907731289,1.1687140098237199,-159037200.0,-0.004991071905658062,-0.009396622762128937,0.28560913549181066,39.72859191894531
2017-12-04,39.72859191894531,-0.00730797246704451,0.01239320287020674,0.017608893878898423,40.90700629334182,-0.19981542655902096,0.0502602289093791,0.8943949702101041,-130169600.0,-0.00730797246704451,-0.016042677883259526,0.21523408791282606,39.691165924072266
2017-12-05,39.691165924072266,-0.0009420418158641031,0.012494357863916684,0.01839194993634839,45.8455121809727,-0.21360263897420917,0.05216118683946291,0.7479046517414976,-109400800.0,-0.0042496814207946265,-0.015833033320619583,0.15617093040147978,39.54375457763672
2017-12-06,39.54375457763672,-0.003713958585080057,0.008424890154429468,0.022128811052199264,49.81405847785109,-0.2257666678090805,0.05401933794603919,0.8412911344528161,-114240000.0,-0.00740010911729605,-0.018014410215214993,0.09698170709084053,39.61629486083984
2017-12-07,39.61629486083984,0.0018344308469924187,0.003514465759535071,0.009036136977995773,44.801400311603516,-0.22172429107020364,0.0523959625620221,0.8341705375175781,102693200.0,-0.0026152842646716135,-0.014412399385861696,0.057767515097687294,39.62798690795898
2017-12-08,39.62798690795898,0.00029513227221800165,0.0036123575855226925,0.012871185798127582,47.595512078226925,-0.2111137991210577,0.050321046180120156,0.8493967534446553,93420800.0,-0.00034236620177197086,-0.012431460251338011,0.028750822678475174,40.40011596679688
2017-12-11,40.40011596679688,0.0194844381227659,0.00922309250197608,0.023744750952646897,56.951085623961056,-0.14793227470412895,0.04775835502168499,1.2578693055184096,141095200.0,0.01569424927812446,0.0073981398975047075,0.07362408450686075,40.17316436767578
2017-12-12,40.17316436767578,-0.00561759771451209,0.009978411324600152,0.0054163814345411605,45.80438649164281,-0.11853415149768431,0.045713871156853124,0.7336879070699281,-77636800.0,0.007546625305844934,0.0024027473790837472,0.08591758862897336,40.306522369384766
2017-12-13,40.306522369384766,0.003319579221802371,0.009368179397944848,0.008939416311252644,41.54624817976029,-0.08858762758899291,0.04598851804498459,0.9338359082850375,95273600.0,0.007038270171124905,0.005457345429441318,0.10507637167894757,40.29481506347656
2017-12-14,40.29481506347656,-0.00029045685958495326,0.00953001912044034,0.008593723004516173,41.37934559282016,-0.06892304292240409,0.044427234139358576,0.8369157652344296,-81906000.0,0.0033439339254370815,0.0042450782831588985,0.11642572361256498,40.70427322387695
2017-12-15,40.70427322387695,0.010161559489859195,0.009735760031083557,0.009829231724317836,49.64338749888528,-0.02969894290390368,0.04615028569427785,1.4434102878103188,160677200.0,0.008135942891846604,0.013601615773372933,0.15826208505934858,41.27750396728516
2017-12-18,41.27750396728516,0.01408281484981666,0.00791278630839074,0.013263781669750358,59.1781546402897,0.030247763811975692,0.051529053164509064,1.1036126771922323,117684400.0,0.017909387875850946,0.02600193548094709,0.23612175750664477,40.8376350402832
2017-12-19,40.8376350402832,-0.010656383858640872,0.009630936686673948,0.007448167192413282,65.29611229398301,0.03531789856663542,0.05195429840926351,0.9707072586870947,-109745600.0,0.0037726020495736368,0.013724281649372116,0.2515855601837984,40.79317092895508
2017-12-20,40.79317092895508,-0.0010888023090530607,0.00983108226375258,0.012446217912128537,58.70454997019663,0.030879991273676022,0.0529432278374603,0.8325926787625666,-93902400.0,0.0002866812161188559,0.012264852995081954,0.2548266242119155,40.94759368896485
2017-12-21,40.94759368896485,0.0037855051836670484,0.009716207782992412,0.010970791550252247,63.9238329351011,0.033337383606548254,0.05301596478176428,0.7405287860289299,83799600.0,0.0008691407985530475,0.01608205170165644,0.266183207121685,40.94759368896485
2017-12-22,40.94759368896485,0.0,0.00894289071459851,0.0052568321685727915,70.08464924740849,0.03005691316920256,0.05307415707812399,0.694936089036694,0.0,-0.0003199597198687565,0.016070260048862695,0.2699807952129518,39.90875244140625
2017-12-26,39.90875244140625,-0.025370019431411928,0.011731774768764816,0.01049427489042346,52.69552083914205,-0.04301289809221914,0.052795774793613956,1.3668193889789517,-132742000.0,-0.01912644551676923,-0.008694522536554672,0.1781740395055138,39.91578674316406
2017-12-27,39.91578674316406,0.0001762596254577531,0.011810598833835225,0.006271934508492531,54.774909570186594,-0.0891515065927399,0.053058586540847934,0.9309917147791503,85992800.0,-0.014487787256900808,-0.007807667721138278,0.10773696007331779,40.0280876159668
2017-12-28,40.0280876159668,0.002813445054342223,0.012214346967823624,0.00800801006145353,55.23182608173068,-0.10907043588958731,0.051551558561642064,0.7597138937446065,65920800.0,-0.00796725409481236,-0.005478905365366216,0.06345267017226774,39.59523391723633
2017-12-29,39.59523391723633,-0.01081374915742439,0.011706327579132626,0.008095462694410381,49.62410096824875,-0.146053092621664,0.05360259433921321,1.1452368535113098,-103999600.0,-0.01207255338060842,-0.015483668305662834,-0.007904465015521112,40.30417251586914
2018-01-02,40.30417251586914,0.017904644789185076,0.016142681274664998,0.01764779195323398,48.88267138872864,-0.11859286962964619,0.05341189567251296,1.0412305440772753,102223600.0,0.00885512561283508,0.0017911496071800759,0.0007895597273659405,40.29714584350586
2018-01-03,40.29714584350586,-0.00017434106507252523,0.010318231640538024,0.015038009650699135,51.52180325796345,-0.09760154218851233,0.05206618548312544,1.2397051374986245,-118071600.0,0.006721793314828695,0.0009092615801848947,0.006603354293851282,40.484352111816406
2018-01-04,40.484352111816406,0.004645645848903701,0.010316364822035774,0.008033285554266469,52.154282825351366,-0.06914724705868486,0.05046905970003663,0.934864591189989,89738400.0,0.008533591532610574,0.0045695636709628396,0.027001063470933673,40.94525909423828
2018-01-05,40.94525909423828,0.011384818043990608,0.01099348496479715,0.013257097516740974,57.10626514941865,-0.01988238880958676,0.04906002540762341,0.9302632810220787,94640000.0,0.015375643393581218,0.014242808714726163,0.08153848192908697,40.79317092895508
2018-01-08,40.79317092895508,-0.0037144267406675757,0.008732743742410254,0.009635835249543083,51.0291031646777,0.000768979687118615,0.04651303511929442,0.8447692633744113,-82271200.0,0.00562928245513028,0.009004750444469467,0.1073306088683168,40.78850173950195
2018-01-09,40.78850173950195,-0.00011446007620385945,0.005833217121867429,0.00946477301183896,43.48105121729688,0.011809570260694152,0.043119700145561414,0.9164067548484558,-86336000.0,0.003118803191641595,0.007443330340435983,0.12416068454829343,40.77913284301758
2018-01-10,40.77913284301758,-0.00022969454833643432,0.005839386519644628,0.0074588507764963,49.118975124949735,0.01592070469936213,0.043517284682672984,1.0676717795703092,-95839600.0,0.0005164496900973425,0.0067407003089396955,0.13365818356732007,41.01077651977539
2018-01-11,41.01077651977539,0.00568044636087639,0.005956291184980396,0.005705157502078369,53.10217985725752,0.030817650686498665,0.04410852048551909,0.8607434198271108,74670800.0,0.0036073456761009925,0.011413702330236086,0.15843010189259843,41.43426132202149
2018-01-12,41.43426132202149,0.01032618346160552,0.0055724588392472565,0.009656145176063159,56.44360175402619,0.06386662466477827,0.047740064693103754,1.1532974886000136,101672400.0,0.011549784020350007,0.020438700190008152,0.21068972817387532,41.22369766235352
2018-01-16,41.22369766235352,-0.005081873139513582,0.0059665526700611255,0.01844599554438875,53.462616335087134,0.06595139975485342,0.04897515626719982,1.2402261492873898,-118263600.0,0.004298059962399403,0.01409301904848026,0.22749649868488575,41.9045524597168
2018-01-17,41.9045524597168,0.016516102047416492,0.008506877593238435,0.023338875116315196,77.49838379909704,0.10525705433392013,0.05614370621111002,1.3025460914677753,137547200.0,0.015363723281279995,0.02932226454333331,0.29494700825159015,41.941986083984375
2018-01-18,41.941986083984375,0.0008933068621497231,0.008332730740478205,0.010320239653053592,77.68531201721302,0.12453002948994485,0.06117010775705295,1.1201958746522886,124773600.0,0.010575878725747279,0.029401670320502893,0.343011603871723,41.75481414794922
2018-01-19,41.75481414794922,-0.004462638837854804,0.00948376491296901,0.012159576864885937,73.12036661521441,0.11561895681031592,0.0649980166018977,1.059717901840194,-129700400.0,0.0024717217183616302,0.023655659441490506,0.3564469316416492,41.413211822509766
2018-01-22,41.413211822509766,-0.008181148267815463,0.009826385245760521,0.0066666252868996904,74.95193616620243,0.07939089645364561,0.0663697812812913,0.8762811950881757,-108434400.0,-0.005629143519125246,0.014509910428462724,0.3306443637338674,41.42257308959961
2018-01-23,41.42257308959961,0.00022604542555071383,0.009427270344010676,0.014798888480260298,68.99856141214894,0.05015694087505829,0.06759261582463352,1.0357566079225364,130756400.0,-0.006353340728940338,0.014149219438552851,0.3066288173036966,40.76276016235352
2018-01-24,40.76276016235352,-0.01592882522818828,0.006904465978250143,0.02353349830552291,56.47375556107165,-0.01598020465225214,0.06758700076959465,1.4641507942010517,-204420400.0,-0.016795092477753903,-0.0017791247426691692,0.2264148248634541,40.035118103027344
2018-01-25,40.035118103027344,-0.017850657228020372,0.007622895807262718,0.025831325773941198,44.570014736449934,-0.1060728108800964,0.0667533915507072,1.1232742732351348,-166116000.0,-0.025380619585795405,-0.019749693230630028,0.10011572013073788,40.12869644165039
2018-01-26,40.12869644165039,0.002337406333665193,0.009143189356407124,0.011311308399166907,39.168175465264916,-0.15380730382235286,0.0653947530055348,1.0216114019171625,156572000.0,-0.015306445295972582,-0.01771448479268778,0.012989992782870274,39.29808807373047
2018-01-29,39.29808807373047,-0.02069861325118494,0.010808498286006569,0.01839721489863165,33.19299154432859,-0.23111910955816928,0.07175207309371957,1.1771000982768545,-202561600.0,-0.02557335080469081,-0.03718619682492408,-0.12364475486221949,39.06646728515625
2018-01-30,39.06646728515625,-0.005893945479985119,0.009583896915053562,0.015990885484968572,31.581524280329717,-0.28416383416592694,0.07708978609078995,1.007770531856642,-184192800.0,-0.01986437448985967,-0.04224058378336715,-0.24270267087670305,39.17408752441406
2018-01-31,39.17408752441406,0.0027547983407936183,0.011013277347778017,0.011586946940641323,33.18619611528972,-0.2969204936120747,0.08444982724223117,0.7738986225186393,129915600.0,-0.009266550500898973,-0.0382698970252926,-0.3173160395772001,39.2559700012207
2018-02-01,39.2559700012207,0.002090220397746645,0.010065310845791634,0.011085949599977609,31.021886969307417,-0.28472243116265533,0.0901988202953902,1.0956322523804023,188923200.0,-0.0032675630034360026,-0.035026383016072304,-0.3599652705440448,37.55265808105469
2018-02-02,37.55265808105469,-0.043389882357079634,0.019424432114872006,0.04174452927253706,17.12213553497253,-0.37080067093345903,0.11388692267751163,1.6463194141573074,-346375200.0,-0.0338774016614255,-0.07355824289412294,-0.532776507844801,36.61442565917969
2018-02-05,36.61442565917969,-0.02498444770140884,0.019935416533736986,0.050354684684043784,15.243121216287719,-0.4642935134911596,0.143166502934674,1.2757102839732828,-290954000.0,-0.0448258295879872,-0.09185339132854975,-0.732708386565804,38.14460754394531
2018-02-06,38.14460754394531,0.04179177625259256,0.03229129499300506,0.059620936597452004,24.866881913126576,-0.3989459829164241,0.15097636976780524,1.1104287929998717,272975200.0,-9.809645871783346e-05,-0.050782520046449786,-0.7355390360018035,37.32803726196289
2018-02-07,37.32803726196289,-0.02140722724808941,0.032767138822026226,0.027140445997761983,22.067813065360994,-0.3863209714934335,0.1636439809695085,0.7905353759242438,-206434400.0,-0.011940516670808643,-0.06708584869667089,-0.7955965708468113,36.300899505615234
2018-02-08,36.300899505615234,-0.02751652194138543,0.032896219691815436,0.038478900777052544,20.03067969484647,-0.4199606582817017,0.18320062539656407,0.8152659430317362,-217562000.0,-0.02385777960504043,-0.08765083029240928,-0.9152078578687224,36.744911193847656
2018-02-09,36.744911193847656,0.012231423856693624,0.030235445497191468,0.04890987607807091,24.633136509244707,-0.38599221767496417,0.19394056741803958,1.112414765751415,282690400.0,-0.0076071046183350255,-0.07151417453895781,-0.9494609526073532,38.22494888305664
2018-02-12,38.22494888305664,0.04027871183035514,0.0328714456097827,0.03921089434918417,35.01897653258108,-0.24443248101195247,0.19171629926411793,0.994644054491635,243278000.0,0.0234618193943934,-0.030183634873588105,-0.8302344660519339,38.60788345336914
2018-02-13,38.60788345336914,0.01001792236489396,0.027616815706471884,0.01886336967625261,39.635402064670274,-0.11231484663011648,0.18810336091319882,0.602672785257317,130196800.0,0.031156671117259727,-0.01720685845133585,-0.6944450354396636,39.31970977783203
2018-02-14,39.31970977783203,0.01843733094881106,0.024485092398562898,0.02784243615504395,46.553761974730776,0.028203927910661397,0.1779366307758867,0.7844182823079034,162579600.0,0.03911342760328096,0.004217055054155816,-0.5202705797439222,40.64001083374024
2018-02-15,40.64001083374024,0.03357860633682952,0.01337660015890078,0.023642963223400065,52.20274930353697,0.2053893013843846,0.1692759403793538,0.9996192834868317,204588800.0,0.04992619940382026,0.03966582155731602,-0.2680154483105426,40.50844192504883
2018-02-16,40.50844192504883,-0.0032374230713093644,0.01758902550546901,0.017688355746164862,55.548397543846015,0.3031451655851457,0.16089913008244652,0.8914673983710613,-160704400.0,0.026564563222652327,0.03795474772042029,-0.08803141759833011,40.372188568115234
2018-02-20,40.372188568115234,-0.003363579304918707,0.015612903199863169,0.016526018254430414,56.03836900334372,0.3450017485482046,0.15418979597981886,0.8548969276066918,-135722000.0,0.012096914709805562,0.035845027553551345,0.03493104033894667,40.1889533996582
2018-02-21,40.1889533996582,-0.004538648385332911,0.01714407856293849,0.018179695313026847,54.66069908822044,0.34584295551188543,0.14593090637100548,0.9212652978335578,-149886400.0,-0.0004205232978938822,0.03277813812906283,0.10948581426438864,40.52487182617188
2018-02-22,40.52487182617188,0.00835847659861022,0.016202503447933246,0.01298545063405794,55.694472833922774,0.3532753454810927,0.14439239465244083,0.7999259746031976,123967600.0,0.0019279234878755158,0.04172900849786587,0.19186370004129571,41.22966003417969
2018-02-23,41.22966003417969,0.017391497523568722,0.009644038449610372,0.012022795500578621,68.12581470864549,0.3871845648373821,0.1517882855882905,0.9584964494776976,135249600.0,0.016389492962316066,0.05822150636110779,0.3105430412873673,42.04484939575195
2018-02-26,42.04484939575195,0.019771915676638274,0.01131505817660183,0.017768300017273666,77.09804539662558,0.4420744423616998,0.1652939140177491,1.0942967942622697,152648800.0,0.028693035535337197,0.0764974139334027,0.46359837643617396,41.908599853515625
2018-02-27,41.908599853515625,-0.0032405762939917704,0.011285564634792728,0.01300516886242174,71.81765918116444,0.4455109866988769,0.177145420873592,1.0851570697266264,-155712400.0,0.017708203218229635,0.06943497742377192,0.557074904401432,41.845176696777344
2018-02-28,41.845176696777344,-0.0015133685439256972,0.01053142343757288,0.014428431034589097,78.68799080543083,0.420149629408774,0.18651155476294884,1.0513911931819764,-151128400.0,0.008059263926259108,0.06404407387769107,0.611134313620866,41.1121940612793
2018-03-01,41.1121940612793,-0.01751653818573784,0.0155616009046868,0.04068568638392862,81.74213123566724,0.33438046182918524,0.19033923799492247,1.2355762511722304,-195208000.0,-0.01239311898672013,0.04283603205433506,0.5771082054480416,41.3964729309082
2018-03-02,41.3964729309082,0.006914709275918973,0.013733736937435006,0.02184896405893302,81.3490343436462,0.27940214258337137,0.19491629096563942,0.9512270418209415,153816000.0,-0.006360450779245075,0.04720403396541317,0.5665397209165874,41.53976058959961
2018-03-05,41.53976058959961,0.003461349447102746,0.00936909023806569,0.01821061580887103,77.24993759494029,0.23697044119651262,0.1930153614654524,0.7382064339317016,113605600.0,-0.0004975942604357186,0.04555595662483447,0.5613119435801366,41.5045280456543
2018-03-06,41.5045280456543,-0.0008481643477293854,0.009375170314877284,0.011999746075506256,75.25614092973065,0.1926942108707984,0.1808740436319442,0.6711270228180649,-95154000.0,0.0006003328123422857,0.03827937964671668,0.544671906446986,41.1192512512207
2018-03-07,41.1192512512207,-0.009282765340923649,0.009922853101533595,0.009027034463086303,66.63781653148011,0.12680470331378674,0.17656817045923892,0.926193723144808,-126814000.0,-0.005206073128112054,0.024828205806844972,0.48956511049793505,41.56796646118164
2018-03-08,41.56796646118164,0.010912533577507988,0.007759960721372763,0.011585779160637138,60.22788620825931,0.10375685696460485,0.1655934294253022,0.8135045150782054,95096400.0,0.003436778699928311,0.0305665197125482,0.4791442518396707,42.28213119506836
2018-03-09,42.28213119506836,0.01718065122463086,0.010263211659116778,0.014501615025609255,67.32458264836643,0.12547342568355757,0.14049907547324755,1.15068211053487,128740800.0,0.016330748660262406,0.040557183284456455,0.5249656840466486,42.6909065246582
2018-03-12,42.6909065246582,0.009667803349456605,0.010511061746901442,0.011996437712619008,71.50338839384895,0.15433382646451033,0.11440811112491367,1.1209612525268275,128828400.0,0.020508945503072473,0.04298607309794922,0.5851869341029428,42.27978515625
2018-03-13,42.27978515625,-0.009630185954724091,0.012405493767067432,0.02367058108540988,68.60367946898126,0.13348328303732293,0.0990484650962436,1.0455525542446262,-126774000.0,0.0069490564486049955,0.02785076587290014,0.5840382702719893,41.920352935791016
2018-03-14,41.920352935791016,-0.008501278309023141,0.012203208184568942,0.015187215180391121,62.36488994136917,0.08556234804575624,0.08133549949423029,0.9840090653046373,-117473600.0,-0.0054065266122474975,0.015025799260947936,0.5419550711145789,41.96968078613281
2018-03-15,41.96968078613281,0.0011767040801720086,0.011570015203856972,0.012146645637182003,57.418817957645224,0.04907740954188933,0.06854037169274256,0.7673450383945802,90975200.0,-0.006130696004087333,0.012970358963159345,0.5056888791944942,41.821685791015625
2018-03-16,41.821685791015625,-0.003526235900419006,0.007888481804324568,0.00842601934614168,47.41724509086285,0.008968392490585897,0.06646340279859997,1.267704730805733,-157618800.0,-0.007470876329212506,0.00796100241465858,0.4572725405042064,41.18267822265625
2018-03-19,41.18267822265625,-0.015279335499590263,0.0062555778478727165,0.02173415568891243,42.474409290009056,-0.06266526194336941,0.06303820443046913,1.067515569025873,-133787200.0,-0.01558888259288893,-0.008245773999256634,0.35818840437762134,41.16858673095703
2018-03-20,41.16858673095703,-0.0003421703567464407,0.006699051726529533,0.010614018215287712,42.91334303984197,-0.11027928291821087,0.05800704529564502,0.6793782859229213,-78597600.0,-0.010670090201096993,-0.00953491574999421,0.2774179683207336,40.235931396484375
2018-03-21,40.235931396484375,-0.022654538533656732,0.010374665942452028,0.022362361975316162,41.1904394828098,-0.19871150704078466,0.05746696010950603,1.2165133723266508,-148219600.0,-0.025191114188817032,-0.03202814681903565,0.1320737123533462,39.66740036010742
2018-03-22,39.66740036010742,-0.014129933535641404,0.009127022278451158,0.02416337829306524,33.55649039508015,-0.28440156103705544,0.06725661107609107,1.212850766983968,-165963200.0,-0.028123212704294853,-0.044720223742937604,-0.02702924586039046,38.74884033203125
2018-03-23,38.74884033203125,-0.02315654718326199,0.009229639064459118,0.030192771030836986,26.869113523049535,-0.38557068552881163,0.09023095736962614,1.1880649119972293,-164115200.0,-0.03611498136001878,-0.0640453356657098,-0.22386772825274193,40.58831024169922
2018-03-26,40.58831024169922,0.04747161189614735,0.02945315147491278,0.03854837933329229,44.15462981666671,-0.3142485178965385,0.09076533963899043,1.0618951365399618,150164800.0,0.012636564597994449,-0.017886432090105653,-0.20644137060218526,39.54758071899414
2018-03-27,39.54758071899414,-0.02564111480639719,0.031103243962543884,0.04888912858843065,40.74679801893564,-0.32164233911893336,0.09772909070981103,1.0331991337029252,-163690400.0,-0.0052828094314957275,-0.04032763984865617,-0.2800730494482764,39.11063003540039
2018-03-28,39.11063003540039,-0.011048733592542881,0.030118415922422485,0.029012505736481883,35.51237543822086,-0.3387213779200883,0.10688890789100007,1.0280806644299905,-166674000.0,-0.010672781727890213,-0.04777144048511239,-0.3675610951485524,39.4160270690918
2018-03-29,39.4160270690918,0.007808542931039053,0.030108653771641083,0.028906938483743125,32.246727138170485,-0.312828700435944,0.11302854658517439,0.9620810023672126,153594000.0,-0.0016779834965310325,-0.03835027649392719,-0.3995189772278849,39.15761184692383
2018-04-02,39.15761184692383,-0.0065560951060591455,0.027875107604493757,0.02681786307369221,27.69858934365523,-0.29662770173768,0.11968084960305327,0.9582719755901561,-150347200.0,-0.010272465042961643,-0.042038633485555144,-0.4386316454963364,39.559329986572266
2018-04-03,39.559329986572266,0.010259005100179408,0.01467952548771658,0.02298233345931927,32.808654311124954,-0.24454629917294396,0.12226472858919706,0.8016228374875036,121112000.0,0.005109325924218089,-0.02986075335913896,-0.42520903466929383,40.31579208374024
2018-04-04,40.31579208374024,0.019122217121087415,0.01245213501610213,0.042188626587175065,40.34480194065294,-0.14950964666173694,0.12163716658776391,0.9479021547924725,138422000.0,0.020346131743899765,-0.009866313899385304,-0.3424153353902355,40.59536743164063
2018-04-05,40.59536743164063,0.006934636117769566,0.009228701852052464,0.01244209408862327,41.953252800641884,-0.06262448954724623,0.12138034217991561,0.8025291712852052,107732800.0,0.019757974131124234,-0.0023582992797884783,-0.2509915653630159,39.55699157714844
2018-04-06,39.55699157714844,-0.025578678558353607,0.017412283289228496,0.02541868782030051,37.99200000647251,-0.06936902821662969,0.1223429407605682,1.0645810929828574,-140021200.0,-0.007029316399712715,-0.025468577296698824,-0.2688707262017047,39.94931411743164
2018-04-09,39.94931411743164,0.009917906408986044,0.01722137261214856,0.01905316187138711,43.28471110169546,-0.04298335120336866,0.11685586572158577,0.93101116082744,116070800.0,-0.0011512566202931396,-0.012966947478961655,-0.24348285950449622,40.70107650756836
2018-04-10,40.70107650756836,0.018817904806247787,0.01836984061549393,0.014256861302759577,47.64381740224116,0.025821101624182663,0.10539659265000524,0.9225350603330642,113634400.0,0.011867830782428701,0.008084970444791173,-0.1553854376604491,40.51079559326172
2018-04-11,40.51079559326172,-0.004675083084626941,0.017108657814006955,0.01287405004217328,51.497318068810046,0.057428123814384835,0.09592947755525023,0.7909791785969178,-89726400.0,0.006161695368579467,0.005575020963876298,-0.10395434415464422,40.91016006469727
2018-04-12,40.91016006469727,0.009858223359651364,0.01740600575065395,0.01125535041194967,56.89702915965919,0.1015625254719755,0.08951240859809681,0.8308125079399648,91557200.0,0.014494304195507235,0.016762991454902343,-0.029504890497413783,41.04877853393555
2018-04-13,41.04877853393555,0.0033883629156927775,0.00872687286636647,0.011388944560372212,63.973839509497736,0.13436356537096034,0.08237611939279643,0.9824042104769241,100497200.0,0.010455723452797772,0.021377001812490803,0.03811954899238401,41.30485153198242
2018-04-16,41.30485153198242,0.006238261093084008,0.008622461800174902,0.007735186859841664,55.390734011356756,0.16553102085964544,0.07775840637345048,0.8958733627717504,86313600.0,0.010018773902529254,0.0284098799320891,0.10968994257559928,41.87336349487305
2018-04-17,41.87336349487305,0.01376380598899929,0.006992682712070246,0.014194337417667473,68.83582380971207,0.21360257391114548,0.08369963639680761,1.1213699854167194,106421600.0,0.018083663220290314,0.041669049962582916,0.20999304556365672,41.77938461303711
2018-04-18,41.77938461303711,-0.0022443595162219276,0.006119798406508301,0.010908695914052512,72.88475679806135,0.22698383609846887,0.08829584521247652,0.8873092271267077,-83018000.0,0.009570935428937277,0.03854215818535667,0.2724704515895624,40.59536743164063
2018-04-19,40.59536743164063,-0.028339746800076338,0.016106426221791856,0.01579858610720845,58.78861687387609,0.14783938833307356,0.08863204208452119,1.3505246315318993,-139235200.0,-0.017545391190391113,0.008659528994059418,0.21148954681095944,38.93207931518555
2018-04-20,38.93207931518555,-0.040972362653347805,0.02336503737263955,0.03493850170330883,48.610285793802724,-0.016072406459927878,0.09263570332803357,1.9348793593881286,-261964400.0,-0.048045810607641126,-0.03178315555909783,0.018678052293694236,38.81931686401367
2018-04-23,38.81931686401367,-0.002896389125763732,0.022068711538531613,0.017126614239744355,45.27171952539267,-0.12553464710584988,0.09206015389452625,0.991324569581263,-146062000.0,-0.03912349753441546,-0.03467208519484133,-0.13413894681913519,38.27898025512695
2018-04-24,38.27898025512695,-0.013919271448788018,0.01678631459944031,0.0313612405412178,36.61624365075065,-0.2221314355434672,0.10134600819299339,0.8807817971064807,-134768000.0,-0.035332893141978516,-0.045367682904762896,-0.29172285694360056,38.44578170776367
2018-04-25,38.44578170776367,0.004357520799274095,0.01847785291540982,0.01839287882124746,35.662726870724555,-0.2599664629564643,0.10743430550779812,0.7135142880845897,113528400.0,-0.014572178212845843,-0.03988877708282357,-0.38888271906816385,38.579681396484375
2018-04-26,38.579681396484375,0.003482818732585713,0.01879516880444656,0.014370969387461333,42.58717010655892,-0.26049457986102426,0.11053949521314012,0.7280374206495709,111852000.0,-0.000815476789143621,-0.03590571594977532,-0.4424793068284032,38.13331985473633
2018-04-27,38.13331985473633,-0.0115698607554785,0.008406752945552582,0.022794460210020642,36.337807308359885,-0.2740489595453821,0.1178795176122651,1.0990737840950284,-142623200.0,-0.008272677416077734,-0.04553040239324979,-0.5131387445541478,38.82400894165039
2018-04-30,38.82400894165039,0.018112482457471435,0.013102908346386465,0.032796795044798946,35.74736388419976,-0.22186887762204588,0.1193440499476016,1.261816687217427,169709600.0,0.009665325205599151,-0.027836709599142972,-0.4967596412407502,39.72611618041992
2018-05-01,39.72611618041992,0.023235808546338665,0.013692243637919812,0.02324064183283055,44.62313396747725,-0.1172251781774456,0.11909972006698386,1.4247355153813053,214277600.0,0.02540757092588386,-0.005455388807132255,-0.39792842908947534,41.48104476928711
2018-05-02,41.48104476928711,0.04417568988866205,0.021012806812992453,0.022370712943275688,53.29900607009706,0.06950835081024997,0.12360514480994958,1.471101678052663,266157600.0,0.05418738782421895,0.03696677857251318,-0.1659352569181749,41.55620956420898
2018-05-03,41.55620956420898,0.0018120275258235452,0.02126322936454086,0.01729887257138414,52.95398603796341,0.19054828977254834,0.1276729795960346,0.7334058956291263,136272800.0,0.04035810278342211,0.037599650403268514,0.015181060689620551,43.18660354614258
2018-05-04,43.18660354614258,0.03923346231600977,0.017014980321596103,0.033074045425089994,59.4434727873914,0.3628844409136246,0.14422828910452873,1.1115512822693476,224805200.0,0.054494397019717145,0.07344416535259679,0.29015095552446013,43.49905776977539
2018-05-07,43.49905776977539,0.007234980247959877,0.018770728595058787,0.01577013453874145,58.3736658440354,0.47340299478880155,0.16049463086031984,0.8395255778889901,169805600.0,0.03841630084774095,0.07646158080785992,0.5157281532184683,43.708133697509766
2018-05-08,43.708133697509766,0.004806447276190173,0.020478546742922345,0.013706009190703602,59.81823421307322,0.5317055685677949,0.17567998245477648,0.6237901530814611,113611200.0,0.023940373981479635,0.07762596089684481,0.6918853252855115,44.015899658203125
2018-05-09,44.015899658203125,0.007041388745246069,0.015366305671531785,0.011635315268358423,69.11759940097592,0.5593101631579889,0.19065117653933988,0.6295932023724211,92844800.0,0.019047423572397193,0.08054499061281262,0.8369530929746531,44.6454963684082
2018-05-10,44.6454963684082,0.01430384736184176,0.014266710432004332,0.014312783186683001,86.10447928137107,0.5854904862283664,0.20818474714332616,0.7850871779912036,111957200.0,0.01904675612658413,0.0909987850005658,0.9843587644337219,44.47568893432617
2018-05-11,44.47568893432617,-0.003803461667909458,0.006501177439478737,0.013839549610443223,85.48814193112335,0.5570551315213325,0.2213103820886079,0.8839531952175435,-104848800.0,0.009231772553306206,0.08231737890382984,1.06173013274595,44.37193298339844
2018-05-14,44.37193298339844,-0.002332868886661732,0.007366628610861033,0.008875887446821313,90.44280108311276,0.4988239663670597,0.23169265173153933,0.8206846595778798,-83115200.0,0.0029044460177605202,0.07577780446913351,1.0916369051782127,43.968658447265625
2018-05-15,43.968658447265625,-0.00908850503050418,0.009343431728943112,0.010566408468709801,85.54306075263088,0.40471844126623524,0.23823900550751737,0.9720174555550359,-94780800.0,-0.007379453233849365,0.06329983772300118,1.059957336964132,44.37901306152344
2018-05-16,44.37901306152344,0.009332889124874733,0.009747568607137044,0.013072626260038,86.03980769413126,0.3440622058786589,0.24624053696897386,0.8138184230934357,76732400.0,0.0002446597523633187,0.06986054273584363,1.0536805264563043,44.09836196899414
2018-05-17,44.09836196899414,-0.0063239597541348,0.0070668085981711376,0.01363710881248673,87.8491552500363,0.262668480095955,0.25054208776519254,0.8068993769322147,-69176000.0,-0.0036234457291783873,0.058624854023364925,1.00648971020847,43.93800735473633
2018-05-18,43.93800735473633,-0.003636294118374739,0.007059155430250974,0.009017190155095691,84.7905927099315,0.17962205629808736,0.2456844721128742,0.9218096339703855,-73190800.0,-0.004828576204806145,0.04847549915492433,0.9402443391938888,44.249305725097656
2018-05-21,44.249305725097656,0.007084945110233276,0.008242131691609355,0.012577948883098497,83.46110365792056,0.12958358077651222,0.23869390902564103,0.9497598863641056,73603200.0,0.002779190351042349,0.049107056250201175,0.9018765106525777,44.138458251953125
2018-05-22,44.138458251953125,-0.002505066945754586,0.006958183248163817,0.011220378619498561,75.97770904667541,0.07562123862025527,0.22380054757286932,0.8618716232187956,-60962800.0,-0.0005020539986199113,0.039260147191168215,0.8482602587648458,44.42146682739258
2018-05-23,44.42146682739258,0.006411836449383257,0.0061356697659347035,0.014546641984951737,76.91575563069685,0.04699090482134605,0.20702582430375077,1.1231963588960217,80233600.0,0.005713195137493132,0.03861703033188735,0.8183847237039288,44.37193298339844
2018-05-24,44.37193298339844,-0.0011150879863245367,0.005105417721375922,0.013978154181978978,65.83911467705184,0.014409850399502488,0.18631900438382912,1.2198681950108998,-92936000.0,0.003348844745517665,0.03048105747876617,0.7778092593311428,44.47333526611328
2018-05-25,44.47333526611328,0.0022852798130923446,0.004314712784723164,0.01060557843133203,63.79712152331725,-0.009339938431810468,0.15278577697889625,0.9248910693268386,69844000.0,0.0032130061859829695,0.025287892153501135,0.7430837364273444,44.3129768371582
2018-05-29,44.3129768371582,-0.0036057207761808208,0.004074961492450887,0.0100053482910074,58.685258789554645,-0.0429931273948877,0.11667628373675065,1.1427525830336966,-90056400.0,-0.0006913550662529522,0.015167890118251925,0.6906267323522002,44.21865081787109
2018-05-30,44.21865081787109,-0.0021286319723846647,0.004013324280244567,0.006506673177083283,53.10152701333733,-0.07677739576989862,0.08022215530130408,0.9165783950254026,-74762000.0,-0.0031790525137028736,0.007820742428110705,0.6316692647677797,44.07006454467773
2018-05-31,44.07006454467773,-0.0033602624785039614,0.0023838145958737164,0.011184226427468956,39.678573285783386,-0.11216056643382066,0.06144235009003317,1.256271575683108,-109931200.0,-0.004952146209663555,0.0014794198251877333,0.5642228168029533,44.86483383178711
2018-06-01,44.86483383178711,0.01803422108228725,0.009138923384755087,0.013193831130992713,55.70172104648925,-0.08623266917585304,0.035236978291656784,1.0695459203273265,93770000.0,0.010743035736743733,0.015721840490810823,0.5733360283743423,45.23979568481445
2018-06-04,45.23979568481445,0.008357589252045328,0.009540276420904312,0.010790762892515186,61.779681815781174,-0.0498299535555673,0.03494073354228064,1.1092510648577107,105064800.0,0.01568279104448944,0.02183590370577715,0.6026185051092199,45.588829040527344
2018-06-05,45.588829040527344,0.007715184174230227,0.008755424073240214,0.008173409813301497,72.31955924023164,-0.010311238803389022,0.04007333077197865,0.9181084394795995,86264000.0,0.01768877948465586,0.02729504313580189,0.6440795294186827,45.7468376159668
2018-06-06,45.7468376159668,0.003465949417103653,0.0078071945972667854,0.011135187698133792,70.25122642457833,0.016921633699490846,0.04601521926309381,0.8744844019313048,83734400.0,0.014295695114847407,0.028493147456480017,0.6772989603625419,45.62420272827149
2018-06-07,45.62420272827149,-0.0026807292937884863,0.007588021506263942,0.009614393392958618,73.69962814353808,0.017077808110987025,0.05019484772728576,0.9399456653354528,-85388800.0,0.0046529278909832605,0.02388493790587165,0.6795441079644604,45.209129333496094
2018-06-08,45.209129333496094,-0.009097658040130407,0.007404311247981841,0.011632737418045604,68.29561839000175,-0.018447020310454976,0.0518174362692419,1.1414252657793367,-106627200.0,-0.005994261300112935,0.013928729462467038,0.6335020123478472,45.09829711914063
2018-06-11,45.09829711914063,-0.0024515449863650174,0.0064350913289590965,0.009203548324832615,62.968129440062725,-0.055015733981572223,0.05270554700601048,0.8412897095084094,-73234000.0,-0.007813751798981583,0.010737363050343562,0.5788533080753737,45.34592819213867
2018-06-12,45.34592819213867,0.005490918478448181,0.005756859247786587,0.007593128370793222,67.70400681020143,-0.06732006075660801,0.054303745444579644,0.8118065769817161,67644400.0,-0.0012983363674841097,0.015179219205086136,0.5498155582791284,44.97330474853516
2018-06-13,44.97330474853516,-0.00821735177687044,0.0058338484970181835,0.012794978922146965,57.883905847217115,-0.10320068494894541,0.052482373428721404,1.0317560222006066,-86553600.0,-0.006118599354385301,0.005706144559574966,0.48653769542048764,44.99689102172852
2018-06-14,44.99689102172852,0.0005244505229322627,0.006101404280081277,0.007075503574019478,58.99523743113395,-0.12645716025939513,0.05221957592267202,1.0278297529890634,86440400.0,-0.0028325735731968837,0.005538902727020956,0.4333128475129513,44.53466033935547
2018-06-15,44.53466033935547,-0.010272502652457605,0.0064211994808587676,0.010061476340392216,50.7996164069588,-0.1712974024551811,0.050612925800763334,2.2013121017381745,-246876800.0,-0.010116866046956496,-0.005275421352281651,0.3463894101549343,44.51105880737305
2018-06-18,44.51105880737305,-0.0005299587288323249,0.006517901459566057,0.010702576102945525,52.67830432172251,-0.19893262290639768,0.04784128259540558,0.658464403545931,-73939600.0,-0.00805194433791001,-0.006438446666477526,0.2740019812870145,43.791786193847656
2018-06-19,43.791786193847656,-0.016159413700719383,0.006973898338571821,0.015509746593499518,45.06268928563872,-0.2582780806457323,0.05085376685811792,1.0691671904482616,-134314000.0,-0.01727395472603943,-0.021994419660010145,0.15339717378887485,43.98281478881836
2018-06-20,43.98281478881836,0.0043622014896835815,0.008496654836241643,0.007882044078837228,49.00064142112363,-0.2757059493427688,0.051770066819653404,0.6610855946684236,82514800.0,-0.008579754461589761,-0.017557413821299495,0.07800133449050861,43.7375373840332
2018-06-21,43.7375373840332,-0.005576664566896095,0.008035524271410622,0.018386733196717974,35.22855417639714,-0.2931627276173775,0.05541821941032954,0.8028786584330065,-102847600.0,-0.008479274392425018,-0.022289346800133503,-0.0003979813263228493,43.61019515991211
2018-06-22,43.61019515991211,-0.0029115087802721318,0.007638008064174235,0.007841212213929397,27.164797899454243,-0.30152798782316304,0.05951213753640985,1.0827805395352392,-108801600.0,-0.007204808511164451,-0.02430525746491996,-0.0694522478275843,42.9616584777832
2018-06-25,42.9616584777832,-0.014871217148898719,0.008568653347603037,0.02300050767701278,16.03686399595999,-0.336330509300131,0.068973372273412,1.1407445890190846,-126652400.0,-0.015020357915185745,-0.03718686657085535,-0.1755180669747034,43.49463653564453
2018-06-26,43.49463653564453,0.012405900441132767,0.01030746478481479,0.021634255010671247,23.457608221653686,-0.309710912547102,0.07245158722635583,0.9466199903986413,98276800.0,-0.0014402140395156637,-0.024347638592814524,-0.20484976242506292,43.43096923828125
2018-06-27,43.43096923828125,-0.001463796514568072,0.009822683383379823,0.017647697303280852,23.78823535848015,-0.2833591841605754,0.0758313048924307,0.9404641378145785,-101141200.0,-0.00036895806582870616,-0.02491435945338394,-0.2285279737652246,43.74697113037109
2018-06-28,43.74697113037109,0.007275957631894148,0.010471159258861353,0.012991933488460323,32.10161792229023,-0.23368131803008066,0.07697962637876074,0.6886405167381539,69460800.0,0.00686059065424538,-0.017463316682695296,-0.21473933481418328,43.65499877929688
2018-06-29,43.65499877929688,-0.0021023707172804773,0.010419356321540433,0.023121380612525853,32.250528235748774,-0.19749063259924454,0.07863543669793027,0.9347807318667495,-90950800.0,0.00453662483054873,-0.018195076459225024,-0.20877670460466646,44.143165588378906
2018-07-02,44.143165588378906,0.011182380545925907,0.006881447566976156,0.020728737229588085,36.0348030370273,-0.13417737928313353,0.0772018277778049,0.8232665079994466,70925200.0,0.010276372281480706,-0.005990381746075024,-0.15848210388653428,43.374359130859375
2018-07-03,43.374359130859375,-0.017416205821947806,0.0110294824428141,0.023977836592073167,32.99887079346213,-0.1370944911941162,0.07580982921399658,0.7187690253754083,-55819200.0,-0.00677199483207902,-0.020861013538152173,-0.18507008662265179,43.723411560058594
2018-07-05,43.723411560058594,0.008047437153967829,0.011626762633618802,0.011488699854012692,37.33595944897082,-0.10971898440236343,0.07016722583942236,0.9392238316974609,66416800.0,-0.0001182219406172802,-0.010722086316045654,-0.17132643345122744,44.3294792175293
2018-07-06,44.3294792175293,0.013861399095955962,0.012775426993612827,0.017183570285487105,48.01633635724606,-0.048139537182015815,0.06347358264664157,0.9877170862650995,69940800.0,0.011047906190624568,0.004461933965140608,-0.10571247857879484,44.945011138916016
2018-07-09,44.945011138916016,0.013885385803118488,0.013259996388849884,0.007240999111998999,53.76452757260479,0.032363887835760864,0.061757218795469956,1.1549231224300585,79026400.0,0.019089952676152544,0.018714108104831206,-0.002017783231451631,44.8907585144043
2018-07-10,44.8907585144043,-0.0012070889101358784,0.013186325382787328,0.00577886035326618,60.77702270481059,0.07769052412623714,0.060477988557046544,0.9517028322221546,-63756400.0,0.01442072433330055,0.017723799567174403,0.07008096805463992,44.30826568603516
2018-07-11,44.30826568603516,-0.012975784942066082,0.011468669853496542,0.011549915438307896,52.96395450556529,0.06470480539260637,0.05473827762544509,1.0625266597906036,-75326000.0,-0.002950525456065445,0.005700988783864824,0.07180696818588927,45.0511360168457
2018-07-12,45.0511360168457,0.016765953695287106,0.012766043303971523,0.01099306976357054,60.96906953779513,0.10028487025073618,0.05531825900112708,1.00168788553471,72164400.0,0.007744244341977291,0.022472210021265537,0.1361590234495793,45.121883392333984
2018-07-13,45.121883392333984,0.0015703793898078633,0.012053166659585366,0.0049129902911739035,62.74364650691346,0.1213179752837366,0.05627729822146233,0.7354005890773864,50055600.0,0.005761319461792702,0.0239326445152781,0.18756384105155632,45.0228385925293
2018-07-16,45.0228385925293,-0.002195050214183092,0.01069395302853482,0.011680874154116625,69.15006577977401,0.12101848943090572,0.058816513962648836,0.9358805106963283,-60172400.0,0.0032055577802796442,0.0211194612620087,0.21379359191578828,45.150184631347656
2018-07-17,45.150184631347656,0.0028284764532702233,0.010695411028964567,0.013946190710398071,66.63526096375912,0.12153575724879304,0.06208150175227567,0.9713421397852287,62138000.0,0.0048813434554251245,0.023266041355238354,0.24053399800448005,44.90254974365234
2018-07-18,44.90254974365234,-0.00548469269211771,0.008516076983310117,0.00982148338194386,64.25953306817681,0.09833042312936857,0.0634987826070753,1.0572840079457215,-65573600.0,-0.0032668069117904874,0.01637443571949526,0.23472350317869228,45.251590728759766
2018-07-19,45.251590728759766,0.00777329989276998,0.005043666981004766,0.014905151853098259,64.48692115966783,0.09932702899246226,0.06681422979369452,1.2715536963609901,81147200.0,0.003587979481935122,0.02280632584431963,0.2565777502532498,45.14781188964844
2018-07-20,45.14781188964844,-0.0022933743861820455,0.005208288905040352,0.011805236512821657,64.34064097753173,0.08631640853812417,0.06818599857707554,1.1756658402893079,-82704800.0,0.0011712335775551086,0.018836828152521523,0.25932748387450744,45.18791198730469
2018-07-23,45.18791198730469,0.000888195816759918,0.005044777849654192,0.012525490045553403,60.98168502868581,0.07419365327833691,0.06852404057819987,0.89949066328534,63957600.0,0.0013273838450378328,0.017929643946845042,0.2603443516964177,45.51572799682617
2018-07-24,45.51572799682617,0.007254506683415318,0.0058296048754752005,0.008341972074360349,74.8086144490456,0.08145514457906516,0.06478722284377679,1.015707756207106,74791600.0,0.00696021554869275,0.022373135949735,0.28497130919075175,45.94492721557617
2018-07-25,45.94492721557617,0.009429690299140647,0.005043255387374404,0.012421791072551413,75.26790556811427,0.10677003352775355,0.06679730875088648,0.9046050138479561,66839600.0,0.011788990061923244,0.029181574304202984,0.33542719174386093,45.80109024047852
2018-07-26,45.80109024047852,-0.0031306388716813016,0.005654194436207804,0.012100334803952334,68.70520968896263,0.10526021238210426,0.06533065451488088,1.0464139094717024,-76304000.0,0.006186280878713202,0.023243302637633523,0.3545159694393263,45.039344787597656
2018-07-27,45.039344787597656,-0.016631600882889952,0.010341515603400105,0.026651986866479196,51.15607611991514,0.047342945128399094,0.06182754985273242,1.271148774778512,-96096000.0,-0.0100764356401708,0.004774587989489154,0.2965558311300285,44.786991119384766
2018-07-30,44.786991119384766,-0.005602960464966222,0.010538965515670023,0.016481436278587835,48.78719947496732,-0.01049300818182819,0.056694458659646944,1.0563627906322555,-84118000.0,-0.013885034142072539,-0.0021151242058096154,0.22666630585007397,44.87661361694336
2018-07-31,44.87661361694336,0.0020010832457955097,0.009642276152301154,0.014714399866248005,57.507626598511756,-0.04339810357667151,0.05449789659678482,1.6376430384885419,157492000.0,-0.009123021945365295,-0.0009345961067129815,0.17876446994054618,47.520301818847656
2018-08-01,47.520301818847656,0.05891015361520413,0.029746893125942236,0.022084352100457606,71.71285018372544,0.1041413387972902,0.06633568825971485,1.9813466310308905,271742800.0,0.04200063661839226,0.05306067636082501,0.36909993408684727,48.90935897827149
2018-08-02,48.90935897827149,0.029230815172829994,0.030473631816860552,0.038719315313801336,77.03692448121748,0.27674067902554433,0.09406690715714977,1.4528356882973206,249616000.0,0.058036745882288576,0.077650224681036,0.623870963615623,49.05085372924805
2018-08-03,49.05085372924805,0.0028929994981004015,0.02664460353988829,0.015673877011038083,78.58080155733856,0.3757518687561009,0.11529122992142775,0.7459623461570029,133789600.0,0.04299554424429464,0.07517539671371232,0.81391536714154,49.30555725097656
2018-08-06,49.30555725097656,0.005192641969789857,0.024670063393618206,0.010427094271827288,78.9610451761102,0.4298174059775447,0.13431923629127504,0.5561463872380357,101701600.0,0.02864484660722799,0.07561794129044386,0.9625560683057657,48.84332656860352
2018-08-07,48.84332656860352,-0.009374819151118818,0.027108210203973047,0.013229711192551029,76.66770785200033,0.40614496731996597,0.14423893662302606,0.5956101469320982,-102349600.0,0.0024103597556663914,0.06096006591019121,1.0159011850953732,48.876346588134766
2018-08-08,48.876346588134766,0.000676039529880601,0.01426817707657889,0.01587451525275186,75.62517124654545,0.36566887603194564,0.1489488071011965,0.664901702996109,90102000.0,-0.0024642695781584845,0.05643599554322054,1.0406579410315828,49.26074981689453
2018-08-09,49.26074981689453,0.007864811009689499,0.006614664403044726,0.012351597906664857,77.96672158770217,0.3383734265869396,0.15672638862743443,0.9002493134873768,93970400.0,0.003941173916009122,0.05992262424733763,1.0742459846513341,49.11402130126953
2018-08-10,49.11402130126953,-0.0029786090583354685,0.006812749863944852,0.011709188786506737,76.31475867880846,0.2861034120700243,0.1613298841543905,1.0116234428705193,-98444800.0,0.0006931743252285294,0.052246282058099336,1.0678044314386526,49.43113708496094
2018-08-13,49.43113708496094,0.006456726109763888,0.007059791703102104,0.015559918015876677,76.28073657684016,0.24986927654548863,0.16514634894790056,1.0601674261061556,103563600.0,0.006639243275234019,0.0540627552322992,1.0720018009135757,49.63941192626953
2018-08-14,49.63941192626953,0.004213434154885398,0.004413857715553269,0.010965449591217117,75.55578307295204,0.21807009526984267,0.1683183904486208,0.8846388023351599,82992000.0,0.007613592985179718,0.053461707816496284,1.0745785965963748,49.75537872314453
2018-08-15,49.75537872314453,0.0023361839388276184,0.004230804219946706,0.011463106921331049,77.45879166726266,0.18432971342070203,0.16840381147448552,1.165824769344955,115230400.0,0.006376174381787836,0.05051326902764863,1.0679190884269971,50.484283447265625
2018-08-16,50.484283447265625,0.014649767378456913,0.0064535274237224926,0.010969418045885151,87.98318621090476,0.18983749310838793,0.17176462041968768,1.1084637996361177,114001600.0,0.016090156396852073,0.06004730132410385,1.107605851335009,51.49244689941406
2018-08-17,51.49244689941406,0.01996984770916943,0.007494401192237615,0.022014860032275117,92.31439555334097,0.23704549474814707,0.17779293382362868,1.2709337975044108,141708000.0,0.026553053571957586,0.07406185531540421,1.2050919210098883,50.99073028564453
2018-08-20,50.99073028564453,-0.009743499172793046,0.011554671231572822,0.018889779720626648,86.67530398019679,0.2110183731027877,0.17675267087972177,1.0533335373619241,-121150800.0,0.010268572789007724,0.05719862998609093,1.212950873195929,50.89132690429688
2018-08-21,50.89132690429688,-0.0019494402372902675,0.012144566020818204,0.014694957964887507,79.10480303321748,0.16564701676601779,0.17398172671687057,0.8767717393125869,-104639200.0,0.003321850171633889,0.04929035045708563,1.1891587074127017,50.89369583129883
2018-08-22,50.89369583129883,4.654873720233432e-05,0.012314574230583322,0.011718224769587308,72.5262685646781,0.11664683825860744,0.17100794251692514,0.6821755755310525,76072400.0,-0.0011148241134734116,0.04401290219528775,1.1511599340856762,50.997833251953125
2018-08-23,50.997833251953125,0.00204617524731332,0.010956893447558846,0.011369422645078982,72.29125302777135,0.07416962041844277,0.16489494291917808,0.7275316353280041,75532800.0,-0.0010846210496584519,0.04060252090087202,1.1121136935567648,51.15638732910156
2018-08-24,51.15638732910156,0.0031090355616698595,0.005103041059389708,0.008280871834786114,71.66746753791946,0.041311290225523045,0.14950113798850556,0.8188064368598504,73905600.0,0.0033419492858144384,0.03736374604566817,1.0776795794368468,51.57764434814453
2018-08-27,51.57764434814453,0.008234690544758783,0.003843021876807864,0.011058106061815454,82.32042803819742,0.03287531166851698,0.1265286235113403,0.9957588882873127,82100400.0,0.009280537570724556,0.03875414804803956,1.0700007419849271,51.994171142578125
2018-08-28,51.994171142578125,0.008075723497996012,0.0036853703318412497,0.0073736692748754655,83.79007232470138,0.03981221654388323,0.09534947281453716,1.1425005718321501,91107200.0,0.013058714483733302,0.039691118227960454,1.0818511823158872,52.77040481567383
2018-08-29,52.77040481567383,0.014929244106365758,0.005119702284860321,0.018297613728722448,85.0590226678445,0.07888581547682949,0.09494104034432928,1.2627749468801284,109019200.0,0.0207182086241946,0.04970289158309593,1.139096611013926,53.25556945800781
2018-08-30,53.25556945800781,0.009193877591590516,0.0042104676741358425,0.026040975168376942,88.75105115352062,0.11729862674839531,0.10465345275146613,1.7701116400354358,195175200.0,0.02118343896961794,0.054794155659073196,1.2037540772909239,53.870880126953125
2018-08-31,53.870880126953125,0.011553921499806385,0.0028892521998516883,0.012608158220024715,89.34559016424488,0.1613218741504412,0.11633515293006295,1.3319792292855273,173360400.0,0.02233939521475259,0.061912299192315556,1.2840468210273315,54.043643951416016
2018-09-04,54.043643951416016,0.003206998364529312,0.004340537363132086,0.011166525600600994,89.27810584859672,0.1779438719250741,0.12627776991178868,0.8077026061067873,109560400.0,0.016107528479048838,0.06036604671904833,1.3362076365428024,53.691009521484375
2018-09-05,53.691009521484375,-0.0065249935820139715,0.008431215797524745,0.020143660086337403,83.6773638414775,0.14258468544597958,0.12787804931095575,0.9253419265145315,-133332000.0,0.003077140432492964,0.04846098822778955,1.3211512742412523,52.7988166809082
2018-09-06,52.7988166809082,-0.016617173871896762,0.011692724884870363,0.027117897293784405,69.26713617677194,0.0417399501024911,0.12269342867062044,0.9161247575435353,-137160000.0,-0.01369587324768795,0.02710488484945439,1.209882443669592,52.372833251953125
2018-09-07,52.372833251953125,-0.008068048788470561,0.010879585128286556,0.02105733546795499,58.11528523827409,-0.06520614922849699,0.11682873655284419,1.0689082984321459,-150479200.0,-0.018416182403195425,0.015743501051139308,1.0696825805460577,51.66995620727539
2018-09-10,51.66995620727539,-0.013420641982387349,0.007599517362515085,0.02464161973935031,56.03712566972749,-0.18789225973432266,0.10767979719047255,1.1477385340872521,-158066000.0,-0.02353377655941946,-0.00036607202211036416,0.8865204688150641,52.9763069152832
2018-09-11,52.9763069152832,0.025282597545996488,0.01679472946805643,0.03457674908253002,65.25813470339645,-0.18536002994730172,0.10120411492271751,0.9902314741205807,142996000.0,0.005208977313134966,0.02140453170808887,0.8486858851739143,52.318389892578125
2018-09-12,52.318389892578125,-0.012419080547784955,0.017228940676700128,0.023341038997396757,59.513303978941465,-0.229408618700635,0.09272195028200904,1.2542045466114204,-197114800.0,-0.0020766047242812835,0.006121229236636827,0.7490200938430362,53.582157135009766
2018-09-13,53.582157135009766,0.02415531603756249,0.019836157465084887,0.02552890192927534,64.94254927105266,-0.1771837932425655,0.08674184766245222,1.0228655067140693,166825600.0,0.018983527470086914,0.026646767778236047,0.771688553391428,52.97394943237305
2018-09-14,52.97394943237305,-0.011350937236517589,0.020346258595596488,0.019299464510840032,59.98969293932797,-0.18641559854477485,0.08176034114348572,0.8070445432759361,-127997200.0,0.0051190941521375155,0.012578234663693566,0.7224478534627536,51.563453674316406
2018-09-17,51.563453674316406,-0.026626214831448225,0.023529439063245974,0.026069361797730062,49.92965459650482,-0.28445855345458293,0.08154350827241547,0.949200856434873,-148780400.0,-0.02124785780644156,-0.01444977379894119,0.5513661813294775,51.64864730834961
2018-09-18,51.64864730834961,0.0016522096167432831,0.019087435930050838,0.021673436891827276,48.22900792612657,-0.3369273012924725,0.07893124656256895,0.8232464777273885,126286800.0,-0.014664469447813966,-0.013441736593050368,0.42254991302018396,51.67940139770508
2018-09-19,51.67940139770508,0.0005954481086767327,0.01869204656834687,0.01978290132356046,43.94533697798643,-0.3607867996822305,0.07546726836066366,0.7996577755528864,108495200.0,-0.0116681195575139,-0.013596722438184217,0.3225382258086782,52.07226943969727
2018-09-20,52.07226943969727,0.007602023850253881,0.013605543859273468,0.014225355179645663,43.36515628495813,-0.341532247850432,0.07074995585324026,0.8611334593753863,106435200.0,0.001629720934706258,-0.0072147163611139264,0.2769330717976004,51.51138687133789
2018-09-21,51.51138687133789,-0.010771233410691194,0.013546900175534893,0.01869892150942412,36.68891468494028,-0.3563517147609627,0.06797757116515216,2.1999637936402068,-384986800.0,-0.0035524664705325337,-0.018388794518627072,0.1898167731384106,52.25212860107422
2018-09-24,52.25212860107422,0.014380155043903331,0.009320094552833851,0.020970106276615663,40.50185155597445,-0.3078724360390319,0.0638485926933776,0.6617476979073275,110773600.0,0.008090671286705486,-0.005311560896239076,0.18617469708409118,52.58345031738281
2018-09-25,52.58345031738281,0.006340827162049534,0.009424640818393944,0.014042082639606367,44.11470905168046,-0.24768661897320343,0.0614602205804684,0.6070996419372082,98217600.0,0.010836715625529125,3.820759311645716e-05,0.20894067341544798,52.16456985473633
2018-09-26,52.16456985473633,-0.007966013263074334,0.010792186927506445,0.018101830715495315,46.4512661669901,-0.2306300329950306,0.061021264707908134,0.602364281121916,-95938800.0,0.0009173409275218258,-0.008088832505057209,0.18590868209974332,53.23663330078125
2018-09-27,53.23663330078125,0.020551563044233223,0.013668125254183138,0.012891794597093092,54.50725890822581,-0.14582593829947554,0.06192173355307523,0.7446249982729729,120724800.0,0.016943757721263664,0.011847972997161449,0.25845917421020204,53.4235954284668
2018-09-28,53.4235954284668,0.003511907423394467,0.010886150107817264,0.008062337295747145,59.671082305579475,-0.07915731997199049,0.06250500097202935,0.8863789409717255,91717600.0,0.013113838615590234,0.015239375766326946,0.32387709632170214,53.78331756591797
2018-10-01,53.78331756591797,0.0067333943843752575,0.010167410258068752,0.013508721902821843,54.96941346484063,-0.016144990258356917,0.061993543435569225,0.9421439435371516,94403200.0,0.014046530257078249,0.022160426718219384,0.3978398627494215,54.26137161254883
2018-10-02,54.26137161254883,0.008888519122029814,0.01026253235168401,0.014698164406531839,62.23553270129108,0.04886090183717673,0.06359358563392248,0.9877012502759309,99152800.0,0.016627492102966768,0.031032601225868595,0.48709247980899306,54.921653747558594
2018-10-03,54.921653747558594,0.012168548552817349,0.006506768007472248,0.01590038490519395,59.12907699195246,0.1232266109346396,0.07255763101541628,1.1008002802824952,114619200.0,0.018476283891221135,0.0423600571737095,0.6018953815325645,53.9560775756836
2018-10-04,53.9560775756836,-0.01758097409654047,0.011791805965012404,0.02465024887305892,56.382596313221974,0.09552116142830513,0.0755947843227643,1.2135723765142197,-128168000.0,-0.0020922374232578145,0.022911006666050504,0.5928572483338641,53.0804443359375
2018-10-05,53.0804443359375,-0.01622863038029143,0.014470927968820347,0.034910170161116895,60.59508534256384,0.010814088356798424,0.0754346667500177,1.1768897069595272,-134322000.0,-0.0170392383085467,0.005636029437072976,0.5000883541120658,52.95737457275391
2018-10-08,52.95737457275391,-0.00231855186450014,0.013779392042993697,0.020556848619955007,59.09241010685358,-0.0571778178642921,0.07271314401494174,0.9972439880749872,-118655600.0,-0.016309158120357825,0.002082330856977732,0.4121003472200826,53.691009521484375
2018-10-09,53.691009521484375,0.013853310415201658,0.01497827686162831,0.022127228723515906,62.73219251739739,-0.056325520146003116,0.07403844717799317,0.8914210626112992,107564000.0,-0.0005640671848639034,0.01527796197641651,0.40334860872312106,51.20372009277344
2018-10-10,51.20372009277344,-0.046325994815121785,0.022218414164499992,0.04760585608569751,45.65469558536076,-0.21779117983490393,0.07892591684550686,1.278891135909556,-167962400.0,-0.03348586825114508,-0.030734289967133455,0.1745359234759718,50.751708984375
2018-10-11,50.751708984375,-0.008827700557292761,0.022182978660273828,0.03348096422456082,46.15751515518703,-0.34214719614042766,0.08529616506596195,1.433853854026766,-212497600.0,-0.030287311361201663,-0.03671006033949742,-0.03700232344669985,52.56452178955078
2018-10-12,52.56452178955078,0.035719246532838866,0.03035086298810102,0.02719377123193072,51.425500819177316,-0.291409065251273,0.08519276396035008,1.0504234723797679,161351600.0,0.006334129239150776,-0.0019142573882016123,-0.03600134866952942,51.440372467041016
2018-10-15,51.440372467041016,-0.021386084838942332,0.03163749071001563,0.02097900968802524,45.135897363475245,-0.32035097320393824,0.0857102395135442,0.7971371305755718,-123164000.0,-0.009433691300885116,-0.023145256132282688,-0.13196591303586303,52.573978424072266
2018-10-16,52.573978424072266,0.02203728127663873,0.033061816882391785,0.028044164562215344,51.6422500986966,-0.25290279112410446,0.08374369240012865,0.7466692319776245,116736000.0,0.016769884433402105,-0.0024944455028873547,-0.10257179058509536,52.34678268432617
2018-10-17,52.34678268432617,-0.0043214484913712825,0.023492703545938822,0.014919313781516766,46.17103830356917,-0.21484168174521645,0.08196094655416421,0.6489635197283163,-91541600.0,0.007919631645285863,-0.007433531642241364,-0.09870699705046349,51.12325286865234
2018-10-18,51.12325286865234,-0.02337354375821432,0.0263097688108251,0.031200839551244093,40.91245426622052,-0.26028909191665256,0.08586583537800166,1.0457498927972597,-130325200.0,-0.017045423956936423,-0.029760371302815725,-0.200070151296579,51.9018783569336
2018-10-19,51.9018783569336,0.015230358879583461,0.02068850060332465,0.01746387248046658,42.80546239179198,-0.22732947038378365,0.08445163320356389,1.1136079622731963,132314800.0,0.0004746858270889831,-0.015348132347215993,-0.20422733313759522,52.21898651123047
2018-10-22,52.21898651123047,0.006109762581540723,0.017823752842809144,0.02003171670613732,42.09268150756248,-0.17588846641844857,0.0845107101564481,0.9825213364591544,115168400.0,0.0035748626604239497,-0.009300998001094185,-0.1763130719961481,52.71125411987305
2018-10-23,52.71125411987305,0.009426985116547826,0.015176222902809863,0.0383872994916088,41.32939249498941,-0.1039811598529349,0.08447063376445776,1.2417195316238463,155071200.0,0.012501302818977988,-8.291793649417567e-05,-0.10997565590946579,50.90317153930664
2018-10-24,50.90317153930664,-0.03430164223477905,0.022001575733609422,0.045050921039507356,38.76700842354008,-0.16958145208847059,0.08963162147646546,1.175038215192592,-163702000.0,-0.01677628886607596,-0.033225049126695994,-0.21550834351495496,52.017845153808594
2018-10-25,52.017845153808594,0.021897920714846197,0.022061504302019065,0.021064626107954298,46.15781438709916,-0.1310199848593171,0.08971416622423174,0.8708382165664547,119423200.0,0.0012938826975439355,-0.010909927454035073,-0.19338965917054196,51.18951797485352
2018-10-26,51.18951797485352,-0.01592390412378364,0.02237838382036524,0.03476654723237116,43.91791635355047,-0.15289255096444887,0.09163007098656151,1.2731277438097928,-189033600.0,-0.01194092096595012,-0.024588341920335655,-0.24538398782649296,50.22868728637695
2018-10-29,50.22868728637695,-0.01877006712484719,0.02273246213808611,0.06407842890841645,38.27167098389691,-0.21960499367845338,0.09641528300494215,1.1328504559960146,-183742000.0,-0.0229800766470023,-0.03964448853781588,-0.36281302686715833,50.47954559326172
2018-10-30,50.47954559326172,0.004994323372508269,0.02197960564421159,0.027707399525382398,47.108871095472836,-0.23309734071435292,0.09477137459587398,0.9135984114452499,146640000.0,-0.009501025393847784,-0.03134612843788409,-0.4217392062212255,51.79536437988281
2018-10-31,51.79536437988281,0.02606637542309298,0.020755028261060276,0.01749977986097808,53.897760228222715,-0.1440305058319846,0.08033759499185353,0.9683236010150019,153435600.0,0.01277169154686475,-0.0031066272420102736,-0.34413333657722944,52.59056091308594
2018-11-01,52.59056091308594,0.015352658345463288,0.01948410026916112,0.02497526334835046,50.10524881028447,-0.02824721457272933,0.0729204678470653,1.2872832574072113,233292800.0,0.02602244715005364,0.013530205147216368,-0.2118776321638336,49.102176666259766
2018-11-02,49.102176666259766,-0.06633099526341368,0.03671808803902655,0.03961828315968139,42.06557719979641,-0.1750918545307169,0.0843097579101811,1.6874828856534383,-365314800.0,-0.0341682798576699,-0.05005667590400542,-0.412329792134301,47.708251953125
2018-11-05,47.708251953125,-0.028388246871601353,0.037679918723331825,0.03085471171038467,33.7753125760818,-0.3447861709965568,0.10619561978776694,1.1374802507955555,-264654800.0,-0.0521887068479403,-0.07231353289361264,-0.6742626685373594,48.22417831420898
2018-11-06,48.22417831420898,0.010814195447590436,0.038330105998674126,0.014869699738757729,36.5129394991928,-0.3972384943269505,0.11211418404148404,0.5572815106338798,127531600.0,-0.03327569138525688,-0.057270626775206224,-0.8118165385334422,49.68673706054688
2018-11-07,49.68673706054688,0.030328329013891597,0.03932536151455222,0.028244785720302347,45.37281969314496,-0.3121389160498621,0.11516810870840184,0.594480207766781,133697600.0,0.004535893231377708,-0.027236838999495694,-0.7729562384833955,49.513370513916016
2018-11-08,49.513370513916016,-0.0034891916210880725,0.03742765927250802,0.016163820942956354,41.994181287394625,-0.24897503383064168,0.11844279567560233,0.5110083199583498,-101450400.0,0.013643179546507511,-0.029454496130569385,-0.7458150898692182,48.55868148803711
2018-11-09,48.55868148803711,-0.01928143885116007,0.023486856972163184,0.018388978746947983,38.23424174611447,-0.25216588686401065,0.12274006560168733,0.8986900586508116,-137463200.0,-0.0036842192842132526,-0.04441633010350887,-0.7954661017526661,46.112579345703125
2018-11-12,46.112579345703125,-0.05037414664845474,0.030632615468648535,0.03120983094468619,31.15605413817694,-0.3913830964753098,0.1480464819825023,1.4513013477798868,-204542000.0,-0.04763677048186221,-0.08777089288671691,-1.0302301773879066,45.65185928344727
2018-11-13,45.65185928344727,-0.009991201290256657,0.0290835222674639,0.029808020885879645,33.7535122437573,-0.480966507566297,0.16752581450306667,1.2262019592909392,-187531600.0,-0.04702646746608907,-0.09065899634668229,-1.2260662703281255,44.3623046875
2018-11-14,44.3623046875,-0.02824758106653602,0.018289296513653217,0.04577089353359798,26.56886755531646,-0.5865423685435787,0.19353812230728581,1.3910229249619535,-243204000.0,-0.05289212467661042,-0.10926239656391767,-1.461455009420817,45.45712661743164
2018-11-15,45.45712661743164,0.024679103974508454,0.027528079384792625,0.02648768208148977,32.73662366117135,-0.5431053379495858,0.2079098401959487,0.9696658655450965,185915200.0,-0.012413690198997074,-0.0820581484403633,-1.515607458548665,45.96057891845703
2018-11-16,45.96057891845703,0.0110753217039532,0.03003423562758866,0.02847100987748978,36.78225636297782,-0.44504893594359096,0.21347325732421077,0.7622679599465789,147713200.0,0.009925294821011788,-0.06629050735411823,-1.4858611076662385,44.139068603515625
2018-11-19,44.139068603515625,-0.03963201416964568,0.02667119078531056,0.030722002778041994,32.105250691730475,-0.46525777477854846,0.22613989815370805,0.8996216144535811,-167701200.0,-0.021614464760474794,-0.09587481856711588,-1.5958184057929472,42.03021240234375
2018-11-20,42.03021240234375,-0.04777754193489958,0.032039616725433456,0.03367616034437377,23.620621429336964,-0.5758109212550537,0.2477817366010057,1.3353593853486356,-271300800.0,-0.05315731873792329,-0.12954959049506787,-1.8321671000783653,41.982704162597656
2018-11-21,41.982704162597656,-0.001130335466576038,0.0317377045510569,0.021043111474094985,20.137851108603527,-0.6043319501048687,0.27051483942200033,0.6938637018251147,-124496800.0,-0.04397769956491682,-0.1224271811247073,-1.979513953400513,40.91638946533203
2018-11-23,40.91638946533203,-0.02539890458546512,0.02503126019822611,0.026118754282650522,23.31760880772387,-0.6435821706345826,0.2899357101709068,0.5864159223937208,-94496000.0,-0.048584183911063894,-0.1346763954143888,-2.1466332176853484,41.46973419189453
2018-11-26,41.46973419189453,0.013523791658873963,0.025816808420436817,0.02685833565771661,28.48597936093735,-0.582669944673053,0.3018918738748147,1.0739642343668554,179994000.0,-0.015148981265200145,-0.11386627271540839,-2.1852651085542476,41.379493713378906
2018-11-27,41.379493713378906,-0.002176056352279798,0.024103606452411646,0.022325523800566332,25.681570589318014,-0.5019150388472293,0.3134475296681624,0.9903220387893719,-165549600.0,-0.004240406128409924,-0.1073549760819229,-2.183835682037696,42.97064208984375
2018-11-28,42.97064208984375,0.038452582032205695,0.02347500070189421,0.035149776304502375,26.35449190839759,-0.30451015670918125,0.3106926903397983,1.2303241618704612,184250000.0,0.029389983160564626,-0.06546149028800552,-2.007200434454248,42.64054489135742
2018-11-29,42.64054489135742,-0.007681923807332347,0.0240542993684318,0.028404377704441097,26.066815835883403,-0.1662549833921756,0.2959254915226025,1.0556382251731682,-167080000.0,0.018272893775529875,-0.06331576899337932,-1.8702675985024797,42.41017150878906
2018-11-30,42.41017150878906,-0.005402683834254907,0.019266690850435458,0.018479129902125094,27.451628851372504,-0.06557819658910091,0.265850525420823,0.9247138829070797,-158126000.0,0.005597135043145851,-0.05784151647796554,-1.7564618942150503,43.89209747314453
2018-12-03,43.89209747314453,0.03494270151792134,0.023003275980644083,0.020181774589997602,41.23715499513749,0.11569195208896854,0.25383551449497865,0.9735562067802126,163210000.0,0.028915806633847296,-0.019244126396567363,-1.5134959102448278,41.961334228515625
2018-12-04,41.961334228515625,-0.04398885803555519,0.03416699315071887,0.03463690663096247,36.949971308657055,0.11992043989497114,0.25330976305042724,0.9866866051773941,-165377200.0,-0.01902103116233045,-0.05632745822701413,-1.4745959015551762,41.49349212646485
2018-12-06,41.49349212646485,-0.011149361922167977,0.028049099270342912,0.024954215773179182,39.22972795697633,0.1060478669441256,0.24876091775109307,1.0433088497661789,-172393600.0,-0.023212026228957128,-0.059732528854795186,-1.4607714727623815,40.01396179199219
2018-12-07,40.01396179199219,-0.03565692494532191,0.030945465980297678,0.03673809863848224,30.138650134251634,0.016751838939110364,0.23458048711952934,1.0210071269782472,-169126400.0,-0.04624683834712151,-0.08321199605385288,-1.553340925034398,40.27755355834961
2018-12-10,40.27755355834961,0.0065874948281221535,0.03205356706092284,0.03985845674268399,28.893985334590255,-0.003933304761588818,0.20943207764200608,1.3510181535577,248104000.0,-0.03010363308186037,-0.06730435308552596,-1.5721468874206792,40.04719924926758
2018-12-11,40.04719924926758,-0.005719173304513658,0.021151131872043847,0.02840534393307743,32.76656453989129,-0.012043645769961309,0.18519642926215166,1.0015951226952278,-189126800.0,-0.017456611684492418,-0.06340858971822927,-1.578788957550593,40.158809661865234
2018-12-12,40.158809661865234,0.0027869717405941685,0.016637263604016198,0.017149578898945365,40.52420266099663,0.010003652962719656,0.1784778692872168,0.7734545757687067,142510800.0,-0.00592584808977048,-0.054213680025518296,-1.5467042385465248,40.59815979003906
2018-12-13,40.59815979003906,0.010940317501268781,0.018616271749929417,0.01766600951373698,43.256971171531355,0.07069020284322125,0.1687001405904689,0.7278943169724109,127594400.0,0.009423946155881602,-0.03814244112413101,-1.4581314832765742,39.29912185668945
2018-12-14,39.29912185668945,-0.03199745850717928,0.01707947803551515,0.022963519155599164,42.29814646269218,0.041312815385604384,0.17326043410115438,0.9355550784990372,-162814800.0,-0.019389252749681063,-0.06330122832031937,-1.479786425193133,38.93339157104492
2018-12-17,38.93339157104492,-0.00930632208470783,0.016193296657135557,0.03428089723242007,37.70150303926236,0.01649246146393679,0.16713346510885854,1.10830802464069,-177151600.0,-0.021954366536574343,-0.06474714201935272,-1.5018576593050312,39.439231872558594
2018-12-18,39.439231872558594,0.012992454063258885,0.018467320961931356,0.018907685019355698,40.95634176958611,0.05141350091333008,0.14293383155880923,0.9079633224833306,135366000.0,-0.006211577749437924,-0.04511655133724679,-1.4483942150004552,38.20906829833984
2018-12-19,38.20906829833984,-0.031191367473733522,0.021795526570102284,0.05196097111110726,27.03320036504944,0.011043776256244087,0.14356136096235875,1.2275389305182227,-196189200.0,-0.027655029967120104,-0.06821162987152107,-1.4902446290623104,37.24486541748047
2018-12-20,37.24486541748047,-0.025234922593002973,0.019058192688136757,0.043422798438336005,25.47489013121141,-0.05745267392645692,0.16404102142108587,1.392049288770334,-259092000.0,-0.03573502997566225,-0.08639442958301324,-1.5789004728091314,35.796199798583984
2018-12-21,35.796199798583984,-0.03889571361470323,0.02060682021524609,0.056591249393490216,22.93484148627786,-0.17077404754266556,0.19567608900089148,1.663998904392614,-382978400.0,-0.056120679478595004,-0.11521633575113632,-1.7426141514558893,34.870018005371094
2018-12-24,34.870018005371094,-0.025873746331294356,0.020119910671331634,0.033780607859518065,11.32134037646982,-0.2725173953682436,0.23261217250220373,0.6623740624630224,-148676800.0,-0.06040811927995238,-0.13162004843404584,-1.9138185597114301,37.32560348510742
2018-12-26,37.32560348510742,0.07042111304210086,0.04537496672218597,0.06687023369141049,30.98190914414687,-0.14523269731266453,0.23985713190741745,0.9593729918386357,234330000.0,0.01734715758655514,-0.06564637483732905,-1.7948097717379454,37.08337020874024
2018-12-27,37.08337020874024,-0.0064897350276956756,0.04383040644038726,0.0429074429082834,31.56623839565634,-0.05290760703268793,0.24687507038945647,0.8584265501004569,-212468400.0,0.016985482457681167,-0.06669155378332992,-1.6966059782181517,37.10237503051758
2018-12-28,37.10237503051758,0.000512489066402555,0.04237870500773836,0.025411261148766406,36.13735093549789,0.02945783684353831,0.24289597004487218,0.7370284498551436,169165600.0,0.018302520380572007,-0.05926631910212932,-1.5928857659224605,37.460975646972656
2018-12-31,37.460975646972656,0.009665166075220721,0.03639728723863264,0.018257923053878147,36.70994393095315,0.12286810452361951,0.23574031963893877,0.7738531868730482,140014000.0,0.018834267521783632,-0.04389579043707392,-1.4574757585832572,37.50371551513672
2019-01-02,37.50371551513672,0.0011409171124328044,0.03147903505469589,0.029255385192152806,37.782223618113456,0.19786679689372688,0.22666483136871904,0.819338401003034,148158800.0,0.005590732674523036,-0.036773913596694574,-1.3282990847624063,33.768089294433594
2019-01-03,33.768089294433594,-0.09960683013381444,0.045447891739566426,0.026162185504118484,27.229611241276345,0.01581643987368553,0.2259080251665444,1.7643921737151125,-365248800.0,-0.07696366002339816,-0.12129375952192734,-1.5331047854188853,35.2096061706543
2019-01-04,35.2096061706543,0.04268873087996505,0.053439135362321054,0.03203831226218609,32.08012241431847,0.012553227932071476,0.22225322980214254,1.1089164625384904,234428400.0,-0.027599422146718733,-0.07566297090231,-1.5333602752291426,35.13125228881836
2019-01-07,35.13125228881836,-0.0022253552469791993,0.05332967605716678,0.019806719932664526,34.9148141009462,0.024498185375550374,0.21767086803538765,0.9896968385161106,-219111200.0,-0.019083643425186425,-0.06995293401544456,-1.5137815968453978,35.80095291137695
2019-01-08,35.80095291137695,0.01906281669246801,0.054337447635025626,0.021890567507514502,38.90655050528794,0.09303240890989883,0.21612690807454069,0.7254384516171014,164101200.0,0.008968580939394899,-0.046908556373115085,-1.415092883242913,36.4089241027832
2019-01-09,36.4089241027832,0.016981983493882025,0.05543886212945091,0.03196134612559526,39.34531903404419,0.18929154310526997,0.2076148833104388,0.7753742415880531,180396400.0,0.032474103394129594,-0.02570602257054222,-1.2648956304848085,36.52528762817383
2019-01-10,36.52528762817383,0.0031960165881894653,0.017455096378416773,0.020221069887137615,43.5766643237273,0.2660773648305508,0.19800213931429606,0.7603531811806706,143122800.0,0.019826300459241608,-0.01796454168393158,-1.121732932426859,36.16667556762695
2019-01-11,36.16667556762695,-0.009818185805887003,0.012403667631260646,0.014380475001345145,45.68763935707848,0.2957141755016097,0.18540940765710007,0.6632889245830145,-108092800.0,0.004445212423159983,-0.02235962962942728,-1.0273800671165603,35.62285232543945
2019-01-14,35.62285232543945,-0.015036583640943735,0.015354943945160626,0.013666687011718703,49.252575081318355,0.28175155153612774,0.16474724424873505,0.8942947330695963,-129756800.0,-0.013352361244046707,-0.030540865865072542,-0.9868285719097329,36.35192489624024
2019-01-15,36.35192489624024,0.020466428800821612,0.015733006263634202,0.021820057346807104,56.50004534452304,0.321784658712047,0.15193274071605825,0.8491681016201419,114843600.0,0.0037772053066853495,-0.0067161045068925285,-0.8765988256585544,36.7960205078125
2019-01-16,36.7960205078125,0.012216563850190765,0.014803061420758084,0.01858787167569338,47.17938277880788,0.37464266635914734,0.14017614562257755,0.9891589445502534,122278800.0,0.013872497039796983,0.008362919895053889,-0.7413711453856919,37.01450347900391
2019-01-17,37.01450347900391,0.005937679351630587,0.01489941929843626,0.028230521866052214,49.63227790526527,0.41751621100150693,0.11930539111332683,1.0036469082053416,119284800.0,0.017150352934808044,0.01773154506287211,-0.6095136677578523,37.24250411987305
2019-01-18,37.24250411987305,0.0061597649418279055,0.013138468005336332,0.012115859370834245,50.73190053453006,0.45153997715245997,0.11210881339971063,1.086694742807099,135004000.0,0.01740017187706777,0.025363042058336838,-0.48161022116575225,36.40653610229492
2019-01-22,36.40653610229492,-0.022446611400978367,0.016166387128014548,0.02681017957295131,44.75420295729994,0.40930414644806445,0.10969895303963435,0.9916683415249128,-121576000.0,-0.009677352609508083,0.003505208340452759,-0.450967061423988,36.55378341674805
2019-01-23,36.55378341674805,0.004044529642682537,0.013561541037314296,0.02234928847666975,45.322759444018075,0.3832979684420248,0.10903886805856121,0.783204044248357,92522400.0,-0.006762718889953834,0.006513017674310451,-0.407725525274202,36.26405334472656
2019-01-24,36.26405334472656,-0.007926130893710415,0.01240693274914997,0.017943616824718876,68.60178039788299,0.3400670196017095,0.10223416935155503,0.892444346537036,-101766000.0,-0.011778381727695963,-0.0033775009001038026,-0.3937402294201675,37.46572113037109
2019-01-25,37.46572113037109,0.03313660980534783,0.020526660117189212,0.024150593884742215,67.43765453319988,0.38270860144845464,0.10308684823303925,1.1464924384250264,134142000.0,0.018463326091532117,0.029448981598863888,-0.2725289643915474,37.11900329589844
2019-01-28,37.11900329589844,-0.009254268275423305,0.021008998476590393,0.017082521540713998,64.75150083541743,0.37725145643874924,0.10323690618431178,0.9442426007814342,-104768400.0,0.00971616321381008,0.019872257030694618,-0.20810088868589105,36.7342643737793
2019-01-29,36.7342643737793,-0.010365012202837143,0.01838288734485116,0.025989167719235033,57.23217864570833,0.3386467844527772,0.10207596860690245,1.3872860136542953,-166348800.0,-0.00252803148532299,0.009811936314338299,-0.19011462869443818,39.24450302124024
2019-01-30,39.24450302124024,0.06833507326888899,0.03510910469066232,0.035824497240213686,66.96984224824789,0.4652684662012575,0.12136737368555037,1.6264190292979948,244439200.0,0.050286856426000615,0.07617933406802857,0.04382858309143245,39.52709579467773
2019-01-31,39.52709579467773,0.007200824362192604,0.03326615597156246,0.026676294017535372,67.61420156277,0.5455895112725887,0.14050367228910024,1.0026274314076988,162958400.0,0.03969103074511238,0.08092988926671163,0.24071529457094698,39.54609680175781
2019-02-01,39.54609680175781,0.0004807084026305919,0.03270591874586646,0.018316136040733094,70.65313127856174,0.5746143327721032,0.13798098161453742,0.8074299741765564,130672400.0,0.02893007677295345,0.07297255684250681,0.383939479100448,40.66941452026367
2019-02-04,40.66941452026367,0.02840527408145954,0.031091475455661717,0.025576670848540428,78.80171208868728,0.6391313963466271,0.15834353178303542,0.7585614079369866,125982000.0,0.03896200968659658,0.09533765630988467,0.5805712193959565,41.365234375
2019-02-05,41.365234375,0.017109168227382066,0.026774004563921695,0.015673417397718444,78.72094542882908,0.6937735938847308,0.17851656544454622,0.8930972824328376,144406400.0,0.03231221165790976,0.10480325700133597,0.7763207423728957,41.379493713378906
2019-02-06,41.379493713378906,0.0003447179399405087,0.012025637757743794,0.015610658488012304,77.61866188797981,0.6942851321515341,0.1951017793153278,0.834284620347852,112958400.0,0.021779798511101234,0.09701167037500458,0.909018024741485,40.59579849243164
2019-02-07,40.59579849243164,-0.018939217245518836,0.018086375773504665,0.02106005646483825,70.20363857671214,0.6083357941265313,0.20240168456828667,0.9904022864773958,-126966800.0,-0.002834823504224926,0.07029508566171394,0.9236555085818168,40.64348602294922
2019-02-08,40.64348602294922,0.0011746912805883358,0.018041024208056936,0.013144800452006201,69.58485804527282,0.5243704447994555,0.20774344236292605,0.7866661734866419,95280000.0,-0.007016725932505907,0.06576657341066028,0.9226258043078772,40.40974807739258
2019-02-11,40.40974807739258,-0.005750932521503271,0.013025369576710126,0.011568239382609384,74.77096573479334,0.42689516077512346,0.20714249144833963,0.744994723069378,-83973600.0,-0.01147305224178341,0.053775101575153084,0.8856502997225633,40.75796890258789
2019-02-12,40.75796890258789,0.008617248108758302,0.010309728916701722,0.007607250607998707,75.38322356450662,0.36222819563646913,0.20169757426352689,0.8767632843398789,89134000.0,1.643535895645698e-05,0.0557867378294199,0.8730918755707293,40.588626861572266
2019-02-13,40.588626861572266,-0.004154820408748927,0.010149667180648055,0.015042882058826595,76.49524368656715,0.2876595540128166,0.19774348693862961,0.9268285848042674,-89960800.0,-0.0002585969436738056,0.04566223308424533,0.8340152571613899,40.73650360107422
2019-02-14,40.73650360107422,0.003643304810637904,0.005847111044931081,0.011006964815180612,73.01019471618076,0.2303822719890526,0.1950929772245713,0.9798578028913293,87342800.0,0.0026887584829204947,0.04417186693279995,0.8034497680418866,40.64587020874024
2019-02-15,40.64587020874024,-0.0022248692038357998,0.005975220895066056,0.011442301192310999,75.73918800261256,0.17119920173308456,0.19136183681491903,1.0971615331427715,-98507200.0,0.0004461650313731802,0.037022396945624925,0.7590637699540892,40.76751327514648
2019-02-19,40.76751327514648,0.002992753403519899,0.005073252623912784,0.011408161421623398,80.61026437416552,0.12708088474212464,0.1876908306984543,0.860764547360016,75891200.0,0.0016761150946484893,0.03546966650365713,0.7235945083752782,41.02986526489258
2019-02-20,41.02986526489258,0.006435319907188042,0.004384644277727136,0.013544160016207011,70.5678390369782,0.10340769004733685,0.17607568159096817,1.1449676823638042,104457600.0,0.006777043221236401,0.036050092165570646,0.7075227249616134,40.79852294921875
2019-02-21,40.79852294921875,-0.005638388383199966,0.004872374878315133,0.012100970974939092,64.82219872153505,0.06204798564912406,0.16130106322710364,0.7927295554938723,-68998800.0,7.029889335252726e-05,0.024716755217546238,0.6633443172687166,41.25405883789063
2019-02-22,41.25405883789063,0.011165499526511802,0.006696409041023981,0.009365757679104292,68.07189816847935,0.05546440607995551,0.13969947301213653,0.8931693315539083,75652800.0,0.008677260797515629,0.029705500194008305,0.6585946756621297,41.55458068847656
2019-02-25,41.55458068847656,0.0072846614139676635,0.006343773749674737,0.011019905963539153,61.34052612698563,0.0610039015776801,0.1285779265170282,1.060543910941735,87493600.0,0.011530234020374674,0.03194064812585862,0.669693678235042,41.57843017578125
2019-02-26,41.57843017578125,0.0005739316077686407,0.0065706589451952875,0.012218234729766776,53.299531944437895,0.05605589205771544,0.1078290693572611,0.8432151857966091,68280800.0,0.008130782142080628,0.02684712354380947,0.6683782863437884,41.70722198486328
2019-02-27,41.70722198486328,0.003097563052225416,0.006424771783382366,0.012981096447905287,54.89844138428068,0.05136331149913209,0.06668148921504476,1.3519956402592141,111341600.0,0.007942737358836105,0.023741292747852638,0.6669817106851852,41.296993255615234
2019-02-28,41.296993255615234,-0.009835915933142925,0.00797208141508164,0.011492957339367733,61.79762011732545,0.012560722809457636,0.05783893007076124,1.2385213980454333,-112861600.0,-0.0043700904056864776,0.011124824914879428,0.6188807762032695,41.731075286865234
2019-03-01,41.731075286865234,0.010511226048907973,0.007796850332339324,0.01291646848641953,66.19324087463556,0.008266049504274786,0.052276061848382384,1.070734261742579,103544800.0,0.0037864120573238846,0.019003575917866833,0.6101399005486314,41.9409408569336
2019-03-04,41.9409408569336,0.00502899981909688,0.007497751437402636,0.02149558514699028,72.96133116262803,0.011497592163012937,0.045533358147683736,1.0849202093584955,109744800.0,0.006962834415071395,0.021142420477612722,0.6112743683504931,41.864627838134766
2019-03-05,41.864627838134766,-0.0018195352140322196,0.007675886782284158,0.008317704802715398,68.06862119823016,0.000987564060451085,0.04757180535536309,0.7643601687235595,-78949600.0,0.0037512071791523383,0.017803509786560534,0.5949221438688426,41.62373352050781
2019-03-06,41.62373352050781,-0.005754125381416175,0.008189073931118276,0.008881520821750278,66.51451357875018,-0.028089906194231462,0.04850904931024408,0.8522872476360849,-83241600.0,-0.0016248077690219631,0.011629057910837126,0.5516589173996849,41.14195251464844
2019-03-07,41.14195251464844,-0.011574670629245776,0.008711582732982661,0.01402897489243682,55.84585159371315,-0.08258960354929124,0.04822633524540256,1.044792721793664,-99185600.0,-0.012446175919563318,0.00020850668510008497,0.46836771604464644,41.23974990844727
2019-03-08,41.23974990844727,0.002377072254021284,0.006590880994989267,0.020646621066500184,58.54503540260164,-0.11299091827064855,0.04662460614913882,1.0275492850647114,95997600.0,-0.007758275839331974,0.0018019038859620196,0.4070676363047667,42.66838455200195
2019-03-11,42.66838455200195,0.034642175249032015,0.018112499249382612,0.021073164574020423,69.87531609722632,-0.04150569310757091,0.05517090897154707,1.3189034449456387,128044000.0,0.023033999076190304,0.033963512995469625,0.47833217608985024,43.14778137207031
2019-03-12,43.14778137207031,0.011235410599717,0.018081526482036,0.018241130865937802,71.18324994066995,0.029609127326070905,0.06493648928012737,1.2107114303783875,129870400.0,0.028201600502542723,0.042123298954513055,0.5643098557446464,43.33859634399414
2019-03-13,43.33859634399414,0.004422358829493378,0.016938232739127448,0.013097819574462046,75.61328560449216,0.07827972429318675,0.07518046905543918,1.0752257861543697,124130000.0,0.024376492423360485,0.043480020356440496,0.634704848110303,43.82036972045898
2019-03-14,43.82036972045898,0.011116497005136727,0.012856676368870248,0.008381911395706971,75.7416464570477,0.12872119401087412,0.08636339195239334,0.8239394786498008,94318000.0,0.022813385615629844,0.050990882303473484,0.7175368473803587,44.39037322998047
2019-03-15,44.39037322998047,0.013007729354126418,0.011520178998578053,0.019288611820724787,76.98582219369746,0.1829656465991678,0.10061274394810397,1.2344917427363589,156171600.0,0.0210997643199462,0.06001717445953525,0.815780114376409,44.843544006347656
2019-03-18,44.843544006347656,0.010208762472425637,0.003277685406461347,0.013828348284408687,78.72425679974864,0.2288771435292598,0.11430872261931316,0.8605554727741409,104879200.0,0.021303822532632966,0.06549846136746162,0.913615152152012,44.4881706237793
2019-03-19,44.4881706237793,-0.00792473901077162,0.008503673028293548,0.016458517902266313,73.52696854395998,0.21503789213087388,0.12050887839415723,1.0442902011667021,-126585600.0,0.007061715645691802,0.05240282611359581,0.9394500577782168,44.87693786621094
2019-03-20,44.87693786621094,0.008738665514464783,0.008501485042006767,0.02529767045590014,80.39689598679512,0.21147270705658416,0.12841508465295517,1.0241031441925295,124140800.0,0.008835982493026862,0.0567907317341263,0.9759665663479211,46.529762268066406
2019-03-21,46.529762268066406,0.03683015108523979,0.016033120910924695,0.033420495129685944,83.75833594984871,0.29472118637578815,0.14779971309274395,1.425707557052942,204136800.0,0.033403206284461806,0.08836803008352345,1.1292000933485014,45.56620788574219
2019-03-22,45.56620788574219,-0.020708345268841244,0.021687066813010202,0.0361685608570096,73.05827033007554,0.260375854961006,0.1542448921741133,1.1628532553705018,-169630800.0,0.006744965085950572,0.06048147792464942,1.1396548340291162,45.01527404785156
2019-03-25,45.01527404785156,-0.012090842390749312,0.02272639013421467,0.028504765642906004,68.89846459685543,0.1798644701214367,0.1559623694064511,1.0963035233496425,-175381200.0,-0.006181583356292708,0.04345724802498219,1.0799598754250255,44.55018615722656
2019-03-26,44.55018615722656,-0.010331779611751468,0.02298589450893203,0.044434944858333505,67.09393786793706,0.0797061775047947,0.15412857895990065,1.1415697297257648,-199202000.0,-0.016718746005981222,0.029131863802006608,0.9768021471328225,44.95086288452149
2019-03-27,44.95086288452149,0.008993828350814415,0.02300906461537999,0.017031842915516026,72.46135164525174,0.027553455750243927,0.1531651632478354,0.68795373384144,119393600.0,-0.008198932168278494,0.03451191330740988,0.9182149368271908,45.010501861572266
2019-03-28,45.010501861572266,0.0013267593372787712,0.011716598701210978,0.010756670019956513,72.33685517832332,-0.013603404751108883,0.14825041124441093,0.5565712443011469,83121600.0,-0.00018003013483802732,0.03147676849019665,0.8641089057944811,45.303855895996094
2019-03-29,45.303855895996094,0.006517457533044668,0.009641357937764309,0.00810744179870399,68.0379037930424,-0.03076460793654978,0.14541275816370508,0.7019839297992237,94256000.0,0.007510534711943295,0.03396656773516393,0.8344920822391018,45.61152267456055
2019-04-01,45.61152267456055,0.00679118305670845,0.007788258799116288,0.01725573989845287,67.26847165383005,-0.031002654702578125,0.14335312776436135,0.9173864856873616,111448000.0,0.011669785438081837,0.03664625394327836,0.8247556771064666,46.27458190917969
2019-04-02,46.27458190917969,0.014537099306025869,0.004775986880559372,0.017575526167501396,69.30075026193214,0.0021298615289746525,0.14210787642684036,0.9119375423107583,91062800.0,0.01858489848505762,0.0464717825471932,0.8606744507267123,46.591793060302734
2019-04-03,46.591793060302734,0.006854976058900286,0.004719106593483634,0.01714873815637584,68.62184715419816,0.032365467792644376,0.1377345488421621,0.9840592199682182,93087200.0,0.01821176111310363,0.0477595494510723,0.8998243879934478,46.67287063598633
2019-04-04,46.67287063598633,0.0017401686082065826,0.004592274660938438,0.016505675748592182,66.41518461434633,0.04405708598718561,0.1244398800249597,0.8198087457474751,76457200.0,0.01262603870202117,0.043095831478042745,0.92024383922422,46.98532104492188
2019-04-05,46.98532104492188,0.006694475927406129,0.00458552482387258,0.005939154455504571,65.72136600882601,0.05817805644972052,0.10764259738058,0.8304883253063464,74106400.0,0.012021034332804437,0.04337988255051206,0.9464765620912203,47.72466659545898
2019-04-08,47.72466659545898,0.01573567093071948,0.0058861531520336425,0.01944027621686369,72.48925937392644,0.10019230431728454,0.10778150329512953,1.1811644932781187,103526800.0,0.018672845459667187,0.05388154940110357,1.0135189879467745,47.581573486328125
2019-04-09,47.581573486328125,-0.0029983050556180446,0.006970180597167944,0.01814541541842865,69.45788284060438,0.10094352953049857,0.10673697557715399,1.459180859413883,-143072800.0,0.009983360067897351,0.04560297496493115,1.0332086705740338,47.84870529174805
2019-04-10,47.84870529174805,0.0056141860356231366,0.00693657675666231,0.01276050682728527,61.85187191108451,0.10174203603840093,0.10577460119939526,0.8966029981956605,86781200.0,0.010262899408904458,0.04628833180004377,1.0530213855323112,47.45038986206055
2019-04-11,47.45038986206055,-0.008324476644850698,0.009304718187301617,0.012867542587898332,68.84542862135623,0.05982913989630445,0.10274724057738881,0.8511996976524078,-83603200.0,-0.0014255904483674309,0.03347685647264953,1.0149676198266278,47.43130874633789
2019-04-12,47.43130874633789,-0.00040212769121872327,0.009206668135334781,0.019761616997402927,77.04199746039237,0.017408192548813428,0.10147840692191122,1.051488295669841,-111042800.0,-0.003697330946704658,0.029651470551932624,0.9675707075780124,47.51717376708984
2019-04-15,47.51717376708984,0.0018103025832820752,0.00523321143797667,0.009235615299596,86.28928106185319,-0.016449674830011363,0.10168515580609601,0.7090560044508563,70146400.0,-0.0010229289258075758,0.02853066216655553,0.9231644114317419,47.52195358276367
2019-04-16,47.52195358276367,0.00010059132930062553,0.005098438114288885,0.014102873568851879,84.8190946155103,-0.04830266044533382,0.09813501996769959,1.131105081618244,102785600.0,-0.0006719251846176721,0.025267779672255797,0.8747205241016047,48.44734573364258
2019-04-17,48.44734573364258,0.019472940001661554,0.010245733652826683,0.023482519361001306,87.70268980905699,-0.018367818823495252,0.10086447910076446,1.1964606341156925,115627200.0,0.01622933527098036,0.04122248041575549,0.9038333214510388,48.62145233154297
2019-04-18,48.62145233154297,0.003593728309856381,0.00828807727576172,0.007995632390578284,87.37230844332767,0.0008217771421443754,0.10834337838220423,0.9748799923930045,96783200.0,0.014895378240769253,0.042620838557229535,0.9248077241305026,48.78124237060547
2019-04-22,48.78124237060547,0.0032864102448630916,0.007849007164670773,0.012712101496276124,86.9371015335431,0.011354988635373653,0.11311040066854369,0.8395371716370791,77758000.0,0.012524614930246702,0.04245387370211273,0.938154878861738,49.484825134277344
2019-04-23,49.484825134277344,0.014423223548234887,0.008318145534721762,0.018556035197588083,87.0593198544308,0.05058807866118831,0.11765586716812394,0.9593086626933692,93292000.0,0.01880658132016655,0.05246316065563361,0.9927063906237805,49.40851593017578
2019-04-24,49.40851593017578,-0.0015420728252448779,0.008738609506986472,0.006902841525884828,84.43156605763764,0.05586684925578078,0.11451658872797699,0.7733561893273442,-70162400.0,0.009394322071309746,0.045438982221413626,1.0092921000037975,48.96012115478516
2019-04-25,48.96012115478516,-0.009075252857711602,0.008568031879329346,0.012860480345612215,75.65541019885467,0.015714024607952348,0.10856877187262949,0.8997875625593811,-74172800.0,-0.0018574504027921712,0.03157581495931461,0.965270854965496,48.72639465332031
2019-04-26,48.72639465332031,-0.004773813788694126,0.009017791965817716,0.014096939989192552,69.88019924976437,-0.037145754067125836,0.0990178863298432,0.9564092254608936,-74596400.0,-0.007047270255538196,0.02264796531029356,0.8957329919754216,48.800323486328125
2019-04-29,48.800323486328125,0.001517223540419943,0.008913451886632173,0.010312304403780047,64.48307140120264,-0.07548050101266335,0.089304653783139,1.1073492478600766,88818800.0,-0.0056180695817805715,0.02045538214447573,0.8351471483431823,47.86062240600586
2019-04-30,47.86062240600586,-0.019256042033933052,0.008079384262559589,0.021378349156713786,53.093596617432,-0.1672171264011697,0.07781291516561009,1.8844236570896353,-186139600.0,-0.018267718576049696,-0.001542449843879523,0.6944770640967306,50.20989227294922
2019-05-01,50.20989227294922,0.049085652230225874,0.026582012333728984,0.028880874537632103,67.90882793236801,-0.07734046526670713,0.0812664857323059,1.8982081199724525,259309200.0,0.026546359313585954,0.043185341643321884,0.7817190756826022,49.88313293457031
2019-05-02,49.88313293457031,-0.006507867744519169,0.026301701233143817,0.021611231869836958,68.65403932117243,-0.04894525529128857,0.08133881896540404,0.8684626379454575,-127985200.0,0.01603101293907394,0.032864935544062,0.8044737116604068,50.50324630737305
2019-05-03,50.50324630737305,0.012431323702464914,0.02598833214031704,0.007603308667539757,71.5673870704413,-3.5191138762824536e-05,0.08427798557752277,0.5602513413380987,83569600.0,0.021269405944082997,0.04157441979301235,0.8610772413643915,49.72334289550781
2019-05-06,49.72334289550781,-0.015442639214092946,0.027986867360662814,0.025613950725850154,64.1135971621209,-0.03017648050503019,0.08166869141722635,0.8247099555654976,-129772400.0,0.0017587124048707992,0.02260250923160001,0.8205440222155573,48.38294219970703
2019-05-07,48.38294219970703,-0.026957171777802547,0.029747507237750555,0.03248543980115873,54.70414705589336,-0.1439864195167302,0.07991175676890372,1.0259137594827092,-155054800.0,-0.027293027076571663,-0.005637046222165543,0.6602783491448676,48.39249038696289
2019-05-08,48.39249038696289,0.0001973461476660887,0.01499049712382815,0.0176934275302253,49.66695940888306,-0.21779338396460268,0.07731502538035752,0.875444544155283,105358000.0,-0.019939241769346028,-0.006268884154287391,0.5310334151771201,47.87254333496094
2019-05-09,47.87254333496094,-0.010744374754105057,0.015057233758620931,0.025009909242438042,45.63642781064352,-0.2959529299005723,0.07722136055755216,1.1382202360263272,-139634400.0,-0.02250886467896085,-0.016969963816669265,0.38114614933628843,47.20935821533203
2019-05-10,47.20935821533203,-0.013853141559424631,0.009748163737895776,0.03083478069223742,41.34879518021699,-0.3812099192926156,0.07873705531541901,1.1864518528926038,-164834800.0,-0.022906989183852366,-0.030348057303882126,0.20617208245876384,44.465576171875
2019-05-13,44.465576171875,-0.058119452311595765,0.022443909065713807,0.035698845468693376,27.44151581569251,-0.5983561169861958,0.10902320824863503,1.4455142710007647,-229722400.0,-0.05921994372519157,-0.08391355567777758,-0.1644811410695155,45.16947555541992
2019-05-14,45.16947555541992,0.0158302094371634,0.0275969236098726,0.022739283382058124,31.965459028850034,-0.6653980039400097,0.1246875540563805,0.9299012153218839,146118800.0,-0.031153031697426337,-0.06715574213637665,-0.375068972187087,45.710567474365234
2019-05-15,45.710567474365234,0.011979149908026399,0.029480282855231264,0.030012548619807577,36.28331266345758,-0.6437163858259601,0.13380421868402842,0.675017533616482,106178800.0,-0.008135674827422168,-0.05421201575396817,-0.4776161793448708,45.509464263916016
2019-05-16,45.509464263916016,-0.004399490567733588,0.029629224150159984,0.019097247726454224,36.38351733556459,-0.6134591792450913,0.14400814445145343,0.8480675508652079,-132125600.0,-0.002267430895920408,-0.055502337213566566,-0.56266887162014,45.2508659362793
2019-05-17,45.2508659362793,-0.0056822977773824945,0.029569027336272338,0.02190475867538846,35.207268886280886,-0.5816840992169041,0.15410619962164887,0.881876775268151,-131516400.0,0.0006562422613538565,-0.05757298736954786,-0.6382762371843214,43.835880279541016
2019-05-20,43.835880279541016,-0.03126980285263081,0.01862029638836719,0.022229545063224467,33.86564897263102,-0.6230955098058502,0.17255067267860336,1.1519375025358418,-154449200.0,-0.02792689701822859,-0.08231662398888373,-0.8057025042730714,44.676265716552734
2019-05-21,44.676265716552734,0.019171177392870664,0.019491443724478613,0.017684903235893345,24.763880059942892,-0.5628552653323537,0.17919084488545045,0.8895562567936359,113459200.0,-0.007119270242584741,-0.059992263382484756,-0.8429292268481916,43.76167678833008
2019-05-22,43.76167678833008,-0.02047147212404099,0.01905402276833193,0.017288563755408527,23.503706039796384,-0.5527751289886634,0.18949499761354766,0.9145749839211689,-118994400.0,-0.018946735226062716,-0.07373302813414184,-0.9350756823347908,43.0146713256836
2019-05-23,43.0146713256836,-0.01706985466438249,0.01920920326765554,0.015195344939842214,17.938420260603806,-0.56270812246031,0.20347871094977776,1.099401388633908,-146118800.0,-0.02478470698753754,-0.08377930079319362,-1.0517720044637855,42.84946060180664
2019-05-24,42.84946060180664,-0.003840799401350181,0.019355291930770683,0.0196681245373639,18.93506548136031,-0.5462529473652658,0.21571679680927666,0.7553890836535111,-94858800.0,-0.017835739351361735,-0.08154974905233214,-1.134249050107698,42.67228698730469
2019-05-28,42.67228698730469,-0.004134792177395208,0.015580627271648414,0.015036709532766663,21.159778342718027,-0.5136392096752939,0.22544309611740623,0.955128292756278,-111792800.0,-0.01665139816296579,-0.07930063539030352,-1.191002517184387,42.46877670288086
2019-05-29,42.46877670288086,-0.0047691440696481235,0.008051653178965069,0.018886041331032936,20.658611354226665,-0.4731173211053462,0.2364407564223225,0.9725697707454597,-113924800.0,-0.01128194895449719,-0.0783304746136908,-1.2300113418157963,42.68904495239258
2019-05-30,42.68904495239258,0.005186592753842589,0.007930416310848754,0.014357809953882278,23.539507992732638,-0.4016400950397987,0.23116135350230466,0.7693836199581993,84873600.0,-0.0011652902176547686,-0.06592720176874467,-1.2185182623979287,41.91572570800781
2019-05-31,41.91572570800781,-0.018115168546103178,0.008334105730834158,0.017136002024859525,23.27776913371609,-0.3770006310763193,0.22756698315745627,1.0530496604133293,-108174400.0,-0.014189713902318712,-0.0747832659754385,-1.2558645622145903,41.49193954467773
2019-06-03,41.49193954467773,-0.010110433642071537,0.0085593783364406,0.044143068446453666,30.397723129258864,-0.35984416505842076,0.21423829232604996,1.3921288877401568,-161584400.0,-0.01788541936513821,-0.07493744862901874,-1.2984553946232111,43.00988006591797
2019-06-04,43.00988006591797,0.03658398565836518,0.021230936390599975,0.02955910474635496,37.14368505985498,-0.2235406490585672,0.19235446248602736,1.045458258978457,123872000.0,0.016419838497275796,-0.033864579556727614,-1.1760761753096887,43.704200744628906
2019-06-05,43.704200744628906,0.01614328330250636,0.021679460302162078,0.02109130187969671,38.269874709343455,-0.07175532579881594,0.17547010982537348,0.9964357310432765,119093600.0,0.02683234567320536,-0.013081772999075425,-1.0050044663137214,44.34585571289063
2019-06-06,44.34585571289063,0.014681768739143175,0.022010564576632752,0.017924669594741635,43.5302950926765,0.0785793991582886,0.15298034781214068,0.7473521539088326,90105200.0,0.033859085140096834,0.006004374972402582,-0.8054097499985744,45.52619934082031
2019-06-07,45.52619934082031,0.02661677419354813,0.01744178410619896,0.032342856134049344,51.38853993324419,0.2543228759428775,0.1343693001859119,0.9939992821425842,122737600.0,0.043805051366363035,0.03553693388122414,-0.5415170744640321,46.10801315307617
2019-06-10,46.10801315307617,0.012779758044379141,0.010060279145426445,0.01947242685816229,62.50992391038613,0.39800287482820673,0.12442371680525108,0.9353049446041677,104883600.0,0.03523180461933095,0.050086138426394644,-0.2864175417394321,46.641902923583984
2019-06-11,46.641902923583984,0.01157911031072456,0.005994578420010847,0.01231966493794817,61.20043403638183,0.5100886345330697,0.13569725142901845,0.9891771505216402,107731600.0,0.030413375023731648,0.05961921541096671,-0.04639379423718282,46.49347305297852
2019-06-12,46.49347305297852,-0.0031823287923874455,0.010617262394587317,0.013285966314528344,67.05524943984639,0.5517893758138943,0.14283481182472632,0.7323678739055527,-73012800.0,0.014629834725853774,0.054661010978019675,0.1192384074412729,46.48390579223633
2019-06-13,46.48390579223633,-0.00020577642653829553,0.011864922022395367,0.016430529399439557,73.85590225952438,0.5547923771158916,0.14730971580120417,0.875628201606257,-86698400.0,0.00504223601984477,0.053519920185999936,0.2389561894430301,46.14631652832031
2019-06-14,46.14631652832031,-0.007262497807841273,0.008982317886935681,0.01706959215713785,72.14555241974949,0.511184880434732,0.15032749769613013,0.8387419518951102,-75046000.0,-0.004925221121330758,0.04511448860671696,0.2942121664395998,46.42164611816406
2019-06-17,46.42164611816406,0.005966447824167664,0.007467925564159425,0.014389646468124451,74.85731107500749,0.4785987592593064,0.15558165203692406,0.7313246512907899,58676400.0,-0.0003403021757799607,0.049958093887422894,0.3538594183769561,47.51341247558594
2019-06-18,47.51341247558594,0.0235184757266651,0.012048696082077459,0.02559832023373894,79.92066533959547,0.5056411048281351,0.16825599409598738,1.328753850988996,106204000.0,0.019344085274211054,0.07020065607139014,0.4864116675380714,47.374549865722656
2019-06-19,47.374549865722656,-0.0029225981176290716,0.012011748831991235,0.012988363004186964,78.06157441105682,0.4889514896397421,0.17809141566911915,1.0276375651388787,-84496800.0,0.012537063649249891,0.06384005854594199,0.564089311430422,47.75524139404297
2019-06-20,47.75524139404297,0.008035781435376865,0.011886224516674216,0.012934933040264959,86.69888100099053,0.4777687378601199,0.18767617380712806,1.048238254216048,86056000.0,0.015156765910473435,0.06760175859753614,0.644783469119929,47.59242248535156
2019-06-21,47.59242248535156,-0.003409445831253133,0.010942010425357767,0.013582916911218107,89.6391686905086,0.43484930175948977,0.19133907822475615,1.815319739113725,-191202400.0,0.005513627681900335,0.058545314163778395,0.6792561484039012,47.5445442199707
2019-06-24,47.5445442199707,-0.0010060060589602848,0.01141912315832462,0.010021177735999217,86.42325970456572,0.3806319683436965,0.1915556983119189,0.6737805283920888,-72881600.0,-0.00024160694608743594,0.05198758829369954,0.6888675694269608,46.82388687133789
2019-06-25,46.82388687133789,-0.015157519342253067,0.008271714323589066,0.020299642440170247,74.95232614833722,0.2783727673666451,0.18571745638347445,0.8120859172354784,-84281200.0,-0.01253196000958301,0.031305292022115294,0.6216594990571735,47.83662796020508
2019-06-26,47.83662796020508,0.021628727483687715,0.013733122104445668,0.01821821488513942,76.3558766993641,0.2613494217189535,0.18006176954158254,0.9678086443587718,104270000.0,0.006863389524654817,0.047419399316145805,0.6488266148488719,47.82227325439453
2019-06-27,47.82227325439453,-0.00030007771079698653,0.013319742672499075,0.0100130166466248,71.04022763500097,0.23250012847645346,0.17272177853431367,0.779499248462425,-83598800.0,0.006277304182992882,0.04125345888520804,0.6564594123587071,47.38652420043945
2019-06-28,47.38652420043945,-0.009111843170588663,0.013951386204491028,0.012378723579771015,62.03797222840805,0.1703285703438674,0.15290580358877695,1.3253385704000649,-124442400.0,-0.002026989962725767,0.025657016148862066,0.6130152116905094,48.2556266784668
2019-07-01,48.2556266784668,0.018340709572855385,0.016352504585823067,0.019052401580433503,64.29202726589654,0.1734147610829535,0.12317116763722076,1.0780365044291544,109012000.0,0.013241764769358122,0.03687852222452204,0.6454872047620412,48.53814697265625
2019-07-02,48.53814697265625,0.00585466014299052,0.012810219956567078,0.00873084550763644,67.68862678577904,0.1794119094155755,0.10561353644659617,0.6925555755483945,67740800.0,0.011889365075525182,0.03679122750315944,0.6828082778355196,48.94038772583008
2019-07-03,48.94038772583008,0.008287105673820294,0.010198044285656247,0.00856122483561401,69.8992356146232,0.1941505731185016,0.0924454458061807,0.528167868315971,45448000.0,0.015601119101337213,0.03956960324279768,0.7334380849684123,48.89727783203125
2019-07-05,48.89727783203125,-0.0008808653915930442,0.010271057405245549,0.010674278902099365,73.40119259934218,0.1847318779002045,0.08069933053069317,0.8306607663315253,-69062000.0,0.010199349320845874,0.033657221995654574,0.7544846079289016,47.88931274414063
2019-07-08,47.88931274414063,-0.02061393052089966,0.014499129532275182,0.014948456006940768,61.10109574053092,0.098669715956475,0.07292648785063154,1.290753436171416,-101354400.0,-0.012675980128150077,0.009827202687343606,0.6697301284341748,48.1814079284668
2019-07-09,48.1814079284668,0.006099381419122585,0.011890661755056552,0.013416800211396605,55.74789120460487,0.051822355793540886,0.0691687260937815,1.1247353226358312,82312000.0,-0.006349827075074033,0.013770369339008992,0.6206823673051147,48.65784454345703
2019-07-10,48.65784454345703,0.009888391300179267,0.012528199594207708,0.010677548661933435,60.43607096855854,0.043656015519525915,0.06980433600339736,0.9680261614950909,71588400.0,0.0029805960254756236,0.021628216671447653,0.6148764611471762,48.30350875854492
2019-07-11,48.30350875854492,-0.0072821923830934665,0.012052077730136725,0.013283730734975331,54.47784118984552,0.007044827571373258,0.06698267294601587,0.9969191575080724,-80767200.0,-0.0017021829341532513,0.012265026992075212,0.5692529481781747,48.674617767333984
2019-07-12,48.674617767333984,0.007682858208999388,0.012926741153501536,0.008853925355326064,58.54774687260654,0.0008043145143428188,0.06444876319475731,0.8658995459676951,70380800.0,0.006894294414097946,0.017706006259767815,0.5577531545217553,49.13191223144531
2019-07-15,49.13191223144531,0.009394926659664904,0.007112447452324069,0.009112592251872522,61.77623070283428,0.019425011325991726,0.05960399562524503,0.9091026129310853,67789600.0,0.01115570213959205,0.02407095523844216,0.57917485127021,48.96192932128906
2019-07-16,48.96192932128906,-0.003459725104032474,0.008022249520102344,0.012762839170423293,67.27281916693534,0.012576455024014166,0.05374981516157686,0.9422972279920401,-67467200.0,0.004430455071367856,0.017833345712867876,0.5702863341090847,48.68658828735352
2019-07-17,48.68658828735352,-0.005623574024804956,0.007807273745475714,0.00895004677060717,57.79545928456381,-0.016629096678858035,0.05341870468208506,0.8229911315887418,-56430000.0,-0.001335809228826923,0.010876806990536947,0.5299923841103862,49.239654541015625
2019-07-18,49.239654541015625,0.011359724990336995,0.007826421549254989,0.010600057841834534,61.83054050921657,-0.00541165783283426,0.054537972757101524,1.1028522142580972,74162400.0,0.006144679649535467,0.020384367218340804,0.5388715619762863,48.50462341308594
2019-07-19,48.50462341308594,-0.01492762560544414,0.010972871373766879,0.020435359417962175,58.88843266179,-0.05163693971443051,0.05377195660206449,1.1974434613853047,-83717200.0,-0.008185637953791014,0.004372590910452168,0.47247429188351475,49.61315155029297
2019-07-22,49.61315155029297,0.022854071616355665,0.014974649505388059,0.017469332573412693,60.39602629892271,-0.01367366399666392,0.057056625445698415,1.2013263288903078,89111600.0,0.012488719863669395,0.025181774852416128,0.5111181550469013,50.001014709472656
2019-07-23,50.001014709472656,0.007817748864159757,0.014787213041569536,0.007757184468417048,61.02486936282181,0.0291072807297601,0.0616111160252102,0.9741589313293104,73420800.0,0.0160947815360708,0.030580810551256388,0.5644553462345456,49.9603157043457
2019-07-24,49.9603157043457,-0.0008139635838079196,0.0141220866135201,0.009488645923771013,58.129691703681395,0.04524902173505363,0.05759772052260617,0.7882466512294074,-59966400.0,0.010038941665147627,0.026424266958053222,0.5906408795921649,49.56527328491211
2019-07-25,49.56527328491211,-0.007907124161732115,0.014659298545966757,0.012124479344138654,55.04163478054577,0.02113114863493637,0.05732068749772604,0.7687954050026751,-55638400.0,0.0007348754025202631,0.016503164739857024,0.5655946211381035,49.73765563964844
2019-07-26,49.73765563964844,0.003477885691165916,0.011504169872721733,0.01246748950324762,65.96369545191571,0.009207189450342268,0.05687081267193372,1.010800521380741,70475600.0,-0.0007599431774637511,0.018038947893705526,0.5521849173049063,50.20212936401367
2019-07-29,50.20212936401367,0.009338472398666475,0.006986077168503868,0.010492164369940367,66.94785109233851,0.024170816700330056,0.05435255435166707,1.2520927524041379,86693600.0,0.006190245209818812,0.024593495290119227,0.5729107851084052,49.98666000366211
2019-07-30,49.98666000366211,-0.004292036275776345,0.006724985815459096,0.013650762142825604,61.65501079709823,0.011755174785625155,0.055149850982843994,1.6614102528953523,-135742800.0,0.0019292928344496474,0.018396940900648584,0.559677421675211,51.0065803527832
2019-07-31,51.0065803527832,0.020403850728301753,0.011271503593817867,0.0472680829082864,71.22985603363254,0.061642478589884364,0.06405292012868458,2.2146094783881756,277125600.0,0.018102331007535,0.03656968912527647,0.6284947037039785,49.90284729003906
2019-08-01,49.90284729003906,-0.0216390327504854,0.01574533964505337,0.05416683626571314,58.650932471391776,0.012297791680523473,0.06497708857161388,1.3743103375459795,-216071600.0,-0.005268928187933231,0.013148496523860187,0.5729930377179073,48.84700393676758
2019-08-02,48.84700393676758,-0.02115797816374776,0.01855850059869062,0.023527044860554718,48.14931552402319,-0.0936286743143574,0.06508287083293951,0.9296538889432385,-163448400.0,-0.022845810941240163,-0.008237063529821675,0.4305704225667384,46.28996658325195
2019-08-05,46.28996658325195,-0.05234788518095623,0.026653808182044936,0.031395428676958784,36.75203975831193,-0.32505595823097155,0.0813308322075182,1.0458097944789035,-209572000.0,-0.05927343812624919,-0.05862532805338361,0.0962964141190028,47.166259765625
2019-08-06,47.166259765625,0.018930520954190788,0.03085420426120487,0.0204569240511976,42.885942674847676,-0.40316492063255593,0.08759254384158197,0.7097415317902585,143299200.0,-0.030349403535209096,-0.03981348496351822,-0.0769511073250655,47.65468215942383
2019-08-07,47.65468215942383,0.010355334432406993,0.028523340387591554,0.028838376346422917,42.53831402830941,-0.4049164416838839,0.09136802686626351,0.7706749723508308,133457600.0,-0.006617793338690725,-0.028878827204182778,-0.1615791327002043,48.70573425292969
2019-08-08,48.70573425292969,0.022055589207156556,0.03178740088958833,0.020350978413722014,50.919426049335094,-0.32188818065206687,0.0904379219070312,0.7128255015206874,108038000.0,0.020384439079683236,-0.007866786963610206,-0.13042776446743432,48.304386138916016
2019-08-09,48.304386138916016,-0.008240264112013285,0.030590641199860057,0.017264546126007075,43.60303443101436,-0.2820292132060273,0.09131690854920428,0.7106835924194366,-98478800.0,0.01428224046461568,-0.015671055986231308,-0.139857925742767,48.18181228637695
2019-08-12,48.18181228637695,-0.0025375304881539718,0.013203272923147566,0.01446532929507187,40.87139018383441,-0.2528838718633585,0.09282487114360423,0.784433110049316,-89927600.0,0.003733911483267738,-0.01721744856628238,-0.1550293669803935,50.22224044799805
2019-08-13,50.22224044799805,0.0423485141964659,0.02026505305021382,0.05579750009090866,51.09463520024895,-0.09336736188470057,0.09521193717422098,1.5261904146250016,188874000.0,0.03308670271596359,0.02308690545550296,0.013084763966396906,48.72736740112305
2019-08-14,48.72736740112305,-0.029765160485479503,0.02795657607099366,0.01898893269304863,46.79303628734367,-0.08590070906983979,0.09515064708606583,1.1574643551625632,-146189600.0,-0.002067257872782946,-0.007406668790805204,0.007880073050962721,48.48462677001953
2019-08-15,48.48462677001953,-0.004981607750430661,0.026346258775087887,0.027114112579363844,45.229903451993486,-0.09402342465183436,0.09580469989592791,0.8611093716495598,-108909600.0,-0.006138473827910773,-0.011591284377928335,-0.017125706433077426,49.62860870361328
2019-08-16,49.62860870361328,0.023594735275989098,0.027852564295215036,0.016077517308565374,47.92409000042252,-0.02277975530977072,0.09563475727922738,0.857267361740482,110481600.0,0.011818352990146108,0.01057216579982323,0.06370612562682965,50.553897857666016
2019-08-19,50.553897857666016,0.01864426946922193,0.027891208649661728,0.012835735060133349,51.95282274014527,0.08056997303493699,0.0987512912820892,0.7487580300967998,97654400.0,0.020809368879286527,0.02842851011374159,0.202551155327221,50.55630111694336
2019-08-20,50.55630111694336,4.7538555466353216e-05,0.021235195605405092,0.014403873219744418,48.333042415779374,0.13954533658659635,0.10084289001236331,0.942032235616158,107537200.0,0.019482509027279882,0.02789682818988637,0.30203323603286236,51.10425567626953
2019-08-21,51.10425567626953,0.010838501773669629,0.012073255585216417,0.009640649919361038,54.63855606233953,0.20211387936334646,0.10580219371785277,0.8433276342387401,86141600.0,0.02074715847157238,0.037830782186434764,0.41788775569978753,51.06100463867188
2019-08-22,51.06100463867188,-0.0008463294695383317,0.010907556439349455,0.01736798609055771,59.273185800523656,0.22546459241883743,0.11059623155421527,0.9067790532600316,-89014800.0,0.009493541243710713,0.03537992755570096,0.4926693621426068,48.700931549072266
2019-08-23,48.700931549072266,-0.046220655200586824,0.025202392804473856,0.054530216566524015,60.267565591747214,0.07464219636415181,0.11094301503443676,1.6496247489517635,-187272000.0,-0.033621138333898126,-0.011436933528010229,0.3351607710653681,49.6262092590332
2019-08-26,49.6262092590332,0.018999178876662803,0.025280757536354812,0.010315292876889476,60.43264864228233,0.03205111722180004,0.10980431264400958,0.907221235238792,104174400.0,-0.011621872245469955,0.007934110623059931,0.2928704768694885,49.06624984741211
2019-08-27,49.06624984741211,-0.011283541902188832,0.025397977285465712,0.02458857847969658,55.95035480152727,-0.03532738881594166,0.10898832563884227,0.9076822149252056,-103493200.0,-0.016939511882113956,-0.002506598627993739,0.20801199008422344,49.39548873901367
2019-08-28,49.39548873901367,0.006710088760103705,0.02478551638950357,0.011677097799536228,53.09601472539703,-0.05788300454783968,0.10360553850165222,0.5820164554355082,63755200.0,-0.0035200352888520303,0.005833860486593734,0.1700982612158839,50.23185348510742
2019-08-29,50.23185348510742,0.01693200669625461,0.02698227626746841,0.012726681651687149,58.32641764019193,-0.018666583980552764,0.10461872643484332,0.773619716918686,83962000.0,0.016753794297561964,0.02252212628659156,0.2114993618242167,50.16695785522461
2019-08-30,50.16695785522461,-0.001291921865914314,0.012657840721257326,0.015569607715213301,58.61852865909119,-0.0002622241178460438,0.10599968060543274,0.9611545091535927,-84573600.0,0.00944931672828675,0.01983101316607394,0.23286593394141164,49.43634796142578
2019-09-03,49.43634796142578,-0.0145635678349737,0.01294562974035632,0.013417571938663728,46.15019503446039,-0.03835097909532603,0.09001624289479655,0.962931258355856,-80092000.0,-0.0044912284065541375,0.0017748604913365718,0.18139416866132052,50.27511978149414
2019-09-04,50.27511978149414,0.016966702733034245,0.013330495654023186,0.01032548581725517,58.102726857340045,-0.00961016427039496,0.08089595440805547,0.986191945627124,76752400.0,0.007494139720798154,0.015572737787648006,0.21277160530124917,51.25807571411133
2019-09-05,51.25807571411133,0.01955153835315193,0.014898975698998103,0.011534165078521137,63.47508332001967,0.0687348859285038,0.07847120456226113,1.1359488574341123,95654800.0,0.019580920506724775,0.03167398781449715,0.3174191113469931,51.25325775146485
2019-09-06,51.25325775146485,-9.399421611822056e-05,0.014135879035393888,0.00895622109775555,58.87605633098333,0.11086984979110975,0.08078662919490774,0.9341989086224616,-77449200.0,0.01535929868146857,0.02893911803085092,0.38897187253965626,51.471954345703125
2019-09-09,51.471954345703125,0.004266979384974334,0.01381949893059716,0.02507351712704158,55.435329062996736,0.14211173064896498,0.08049384476346419,1.2436370922570392,109237600.0,0.014446558685496491,0.03005448144001277,0.454138827338582,52.08000183105469
2019-09-10,52.08000183105469,0.011813180460716666,0.008314990818892575,0.023396364267788315,58.4173851691974,0.1894118499899674,0.08120477080391367,1.3071795141808322,127111600.0,0.015844678683052615,0.03817328538896536,0.547160228500033,53.73588943481445
2019-09-11,53.73588943481445,0.031795075759240454,0.012690705551076816,0.026745431746826205,62.952422400970924,0.31073641218787407,0.10285515697319318,1.51001446272116,177158400.0,0.03418127851084085,0.06744379996550154,0.7499124828714656,53.61572647094727
2019-09-12,53.61572647094727,-0.0022361770714327545,0.013773379526079392,0.015957674557499236,62.479395269082985,0.3580463978600922,0.11294755123308926,1.0397997236811454,-128906800.0,0.022588778345016047,0.05991065073543034,0.8766125966753009,52.57269287109375
2019-09-13,52.57269287109375,-0.019453874236297297,0.01880828357111491,0.017234235491071347,71.7058121317081,0.29677390508101587,0.11059448558020947,1.133717366276076,-159053200.0,-0.0023258284697956766,0.03510863817419829,0.864918211725886,52.849063873291016
2019-09-16,52.849063873291016,0.0052569306821492745,0.018800728091699956,0.011687164145300414,69.48565466201578,0.25418093529260477,0.1136858765454255,0.6251817208342493,84632400.0,-0.0022958178876789637,0.03726160656806177,0.8652126159280158,53.04133605957031
2019-09-17,53.04133605957031,0.003638137976110345,0.01845976173821363,0.0077028193499699355,75.15200374608682,0.219582402761326,0.11883631918760203,0.5880560927191435,73274800.0,-0.002287414473099103,0.03850029591482196,0.86709545740176,53.538818359375
2019-09-18,53.538818359375,0.00937914345230606,0.011291144973400268,0.015307283730796853,75.6700111883207,0.21078566457737258,0.1255356807646604,0.926123555261873,101360000.0,0.007817455877898727,0.04518885273732476,0.8965466697762068,53.10382843017578
2019-09-19,53.10382843017578,-0.008124757746414635,0.011789721852499643,0.015342140145923885,68.72458504134295,0.15863350838100732,0.12945652292294305,0.870991711195532,-88242400.0,0.0015593874278501119,0.0346774728364041,0.8651621332088624,52.32755279541016
2019-09-20,52.32755279541016,-0.014618072890663858,0.01005666114071489,0.0233775613731242,62.89080120990601,0.05989930403618371,0.13035034435344148,1.947181997392658,-221652400.0,-0.012168044422759094,0.018296032946271357,0.7597382501735268,52.56547546386719
2019-09-23,52.56547546386719,0.004546795249287694,0.009952557106485673,0.010012812862031676,69.83551852048892,0.0017314282276552628,0.12158466957842398,0.6830287552415254,76662000.0,-0.006612947140542169,0.019094010975891917,0.6891409184393353,52.315521240234375
2019-09-24,52.315521240234375,-0.004755102496973085,0.00967099549677218,0.024347681137842563,63.977515934053066,-0.05910011234592105,0.1164455796892027,1.0181758830058105,-124763200.0,-0.00861694060844731,0.011610943070506474,0.6033063215866861,53.120643615722656
2019-09-25,53.120643615722656,0.015389742019221053,0.011708899480752209,0.019725831943315196,63.07792688525491,-0.050945071698888844,0.10780707612793893,0.7314132985693239,87613600.0,0.008238134006404607,0.023168619781611666,0.5990271274811363,52.8466682434082
2019-09-26,52.8466682434082,-0.005157606415622573,0.011359974126511645,0.009595709746729375,60.780572912230696,-0.06872746231337445,0.0982548406630434,0.6427539293532087,-75334000.0,0.004018149130164295,0.014519563026454962,0.5617658367960203,52.58951568603516
2019-09-27,52.58951568603516,-0.004866012672522957,0.009015082874781309,0.016817511248492734,57.52196802261101,-0.10060451351386512,0.09238224394056166,1.0885807229495075,-101408000.0,-0.0018609545553636142,0.007303318890487409,0.5021909657925434,53.82722091674805
2019-09-30,53.82722091674805,0.02353520876864712,0.013665944143051207,0.016921947244118517,60.84110437376361,-0.044017147400677636,0.08829075862004979,1.053789193482566,103909600.0,0.016760642590329722,0.027408885466947197,0.5565547658336456,53.97622680664063
2019-10-01,53.97622680664063,0.002768225580938699,0.0127289050556789,0.017899302453404434,51.83423711305996,-0.004326326141987358,0.07431771191287138,1.3716884957370454,139223200.0,0.013218407891712136,0.025808495180953628,0.6000617292169608,52.623165130615234
2019-10-02,52.623165130615234,-0.025067733631557454,0.017498527620096634,0.025803840802109432,43.62461494432553,-0.07315517267474148,0.06125898774445801,1.23986430817948,-138449200.0,-0.010332288547346469,-0.002132649551403687,0.5047293062783069,53.07018661499024
2019-10-03,53.07018661499024,0.008494766197842063,0.01789599775886715,0.02640160147488255,53.460434850212835,-0.09135008532375333,0.0553645142213256,0.9576743843485946,114426000.0,-0.0027636974853429974,0.004617957485034019,0.4641218090483292,54.55783462524414
2019-10-04,54.55783462524414,0.028031708669999267,0.020992270939524292,0.01585835950234865,60.17175151301014,-0.010236262659060191,0.05513250207139528,1.0912662012826744,138478800.0,0.0176625897477225,0.02955888180819044,0.5548256659425306,54.5698356628418
2019-10-07,54.5698356628418,0.00021996909664934172,0.01905451180789583,0.018012844102295793,59.29821385889557,0.03472121885069113,0.05415904109675337,0.936660646192152,122306000.0,0.015074296672894283,0.026784062929316343,0.6134017595230148,53.9305534362793
2019-10-08,53.9305534362793,-0.011714937726994168,0.020147064941353383,0.016622084799430437,52.34259976996255,0.01301734763640594,0.05212491319626444,0.8938735051480463,-111820000.0,0.00335325182689572,0.012991737396601089,0.5907924973278611,54.562644958496094
2019-10-09,54.562644958496094,0.011720471642547414,0.014683781665252766,0.00947008724857752,58.52289695589811,0.03177561809049467,0.05611771185514632,0.6654524767836024,74770400.0,0.007839821276302672,0.02406933119923127,0.6185521363739781,55.29805374145508
2019-10-10,55.29805374145508,0.013478246582774522,0.014947639733941748,0.013646831412163255,67.43793480125385,0.08143247867804093,0.0653311764480384,1.0083499170575858,113013600.0,0.013085740817217806,0.036236028498974227,0.6920623761599956,56.76888656616211
2019-10-11,56.76888656616211,0.026598274716572945,0.01448221602515643,0.022564674144017798,71.55537245502984,0.19460032543870098,0.08481367336786282,1.4166299760015872,166795600.0,0.031673969678083,0.0596320213899284,0.8618401163890397,56.68717575073242
2019-10-14,56.68717575073242,-0.001439359134416951,0.014723796495465827,0.014669126152091446,72.81175889347733,0.24211994079843302,0.09796636772409768,0.8566359266218833,-96427600.0,0.02232145805539787,0.05433016102303467,0.9655215744194194,56.554988861083984
2019-10-15,56.554988861083984,-0.0023318658567450523,0.011965735247032127,0.011771158114301182,69.27440083615112,0.24222835431781486,0.10703002641395552,0.8113421471441796,-87360000.0,0.010373302874464807,0.04844576803239642,1.0141090429585873,56.3266716003418
2019-10-16,56.3266716003418,-0.004037084355245857,0.013273010693691936,0.008704222329747645,69.6312536206248,0.20592775869307456,0.11347021925574656,0.6874716279069767,-73903200.0,-8.587396446269047e-06,0.04152167288126707,1.0127483318482717,56.54538345336914
2019-10-17,56.54538345336914,0.003882918106349109,0.012684052438732184,0.011178126647690623,72.41288535529905,0.17676864138535597,0.11869538971544026,0.6867415229816148,67585200.0,-0.0005521325289600254,0.042249540330690616,1.0131403757153308,56.81695175170898
2019-10-18,56.81695175170898,0.004802660831963124,0.0039305243569771435,0.013916536922964167,69.02143047836316,0.15658451681294805,0.12041434531140464,1.1524886115669009,97433600.0,0.004077271993503162,0.04293999921714131,1.019399440499754,57.80231857299805
2019-10-21,57.80231857299805,0.01734283151259386,0.008416548907507017,0.01525923351530828,72.00114767195002,0.1882798953588174,0.1267068008961718,1.0549097862980414,87247200.0,0.017480524747459425,0.05595219101477844,1.0916939805080617,57.67013549804688
2019-10-22,57.67013549804688,-0.002286812678357064,0.008408186508939262,0.010751799295168136,83.76202119987698,0.17908226572436625,0.12749392623695469,1.0073573407419232,-82293600.0,0.01118389772575612,0.04840966008223124,1.1148625039728515,58.44401168823242
2019-10-23,58.44401168823242,0.013419011131190262,0.007874541416921892,0.008306621980839188,84.44236134949351,0.20215026660867874,0.13409891873669585,0.9238662691245659,75828800.0,0.017200216167080562,0.05736193137975598,1.1797105182598528,58.54013442993164
2019-10-24,58.54013442993164,0.0016446978727604478,0.008184270170773361,0.012275250310729038,81.06482710352132,0.20051909381344535,0.13660609081060743,0.8405584956649026,69275200.0,0.011847333383040226,0.05367426031678235,1.2156093200088662,59.261138916015625
2019-10-25,59.261138916015625,0.012316413228380618,0.008371186131900275,0.01561355672048546,82.95072918871566,0.2229139357449792,0.13842006219687128,0.9465735000850248,73477200.0,0.015727379106001527,0.06028559547914947,1.283558876462223,59.854759216308594
2019-10-28,59.854759216308594,0.01001702483535194,0.006955072038372254,0.010158597664305515,91.8790062265897,0.2505564165313179,0.1467060572196171,1.2149123557419896,96572800.0,0.018734428176879092,0.06516297238897462,1.3630287667372656,58.4704475402832
2019-10-29,58.4704475402832,-0.023127846375968875,0.015239622713015735,0.02951207560492174,74.96927610556057,0.15324088449381779,0.14545236756873178,1.5594060703031658,-142839600.0,-0.007530469450181987,0.03638364049906673,1.2784010725795838,58.46323013305664
2019-10-30,58.46323013305664,-0.0001234368391244134,0.014049436858152856,0.01681327152120639,72.29930059706183,0.07023920397124828,0.13348313091283928,1.2287866982127815,-124522000.0,-0.007717715491468602,0.030919946779407015,1.19299289883147,59.78505325317383
2019-10-31,59.78505325317383,0.022609478078936984,0.017349570939917684,0.0478774880411169,71.70522163939255,0.08521642573991839,0.12666761302642446,1.2068016988637704,139162000.0,0.010447178604018559,0.048023810238534415,1.2235543408058902,61.4818115234375
2019-11-01,61.4818115234375,0.028380977818625475,0.020413326602602186,0.026463876240499788,77.99601471339665,0.18455305447787063,0.13670523777989574,1.1550000794837711,151125200.0,0.03138261892553529,0.0712664293092562,1.371896135696268,61.88557052612305
2019-11-04,61.88557052612305,0.00656712924816194,0.020367398162982494,0.009592237750303288,80.16863936495989,0.24862030864924511,0.1444457802345102,0.7812736412592856,103272000.0,0.031130196468924343,0.07147253146494714,1.492909306419996,61.796634674072266
2019-11-05,61.796634674072266,-0.0014371015940337628,0.013553064570829252,0.0072725667237463765,81.45370951254935,0.25521360021546213,0.14222703072424622,0.668063817647047,-79897600.0,0.018360736392298183,0.06269620595069703,1.5489391675760942,61.82307815551758
2019-11-06,61.82307815551758,0.0004279113512375421,0.013439677855159841,0.008241312384034553,81.03434352860111,0.23221925033491808,0.13957176060856777,0.6905286014812463,75864400.0,0.007638381318283649,0.056555122559664994,1.5658838395081176,62.536598205566406
2019-11-07,62.536598205566406,0.011541321968051355,0.011941180283722461,0.008634393922034125,81.97139875549239,0.23520368864799646,0.1415068532833849,0.9398186021133258,94940400.0,0.010206966425185815,0.06217923764800615,1.613089053981362,62.70775604248047
2019-11-08,62.70775604248047,0.002736922727255564,0.005181061129295355,0.013800246543163532,80.16602054120656,0.2191663127516823,0.14786364817680397,0.8253876301771296,69986400.0,0.008975529722737852,0.059741468642420026,1.6349197561340887,63.20432662963867
2019-11-11,63.20432662963867,0.00791880651608401,0.005381998561305037,0.015980176378091994,82.57276223705568,0.21231469510519818,0.15335117015576946,1.0163871705050807,81821200.0,0.012667862304011956,0.06228347739530671,1.6657629716611169,63.1464729309082
2019-11-12,63.1464729309082,-0.0009153439616480519,0.005247852183441383,0.007138476019946599,80.22497553014745,0.17571373506460652,0.15440013591450144,1.0657139540079394,-87388800.0,0.007383529273098155,0.05546469551174904,1.6547416036692084,63.75152587890625
2019-11-13,63.75152587890625,0.009581737821842573,0.005136571359906945,0.014028023737868383,81.43926998140986,0.16428981273544574,0.1537327665920834,1.1757973517137317,102734400.0,0.01081650744003837,0.05900658275708226,1.6703149310227445,63.31036376953125
2019-11-14,63.31036376953125,-0.006920024317738971,0.006707647177072768,0.010584825709129306,75.28178467278109,0.10210378024110467,0.14832580220885946,1.0343306265448364,-89182800.0,0.0013645861970372763,0.04580206469073955,1.6147241823901197,64.0624771118164
2019-11-15,64.0624771118164,0.01187978235321907,0.007929911248224958,0.010422896266879162,75.7614980246127,0.08728027154891382,0.14429640572528768,1.0860513953460142,100206400.0,0.008936822590445814,0.05193087805181462,1.6107300356367062,64.38548278808594
2019-11-18,64.38548278808594,0.005042041626110549,0.007703658440291099,0.011980462809173248,91.62367640182086,0.07533616986646674,0.1438235861641158,0.9298616348316101,86703200.0,0.01026526458264354,0.05155122151266944,1.6078477598272372,64.19022369384766
2019-11-19,64.19022369384766,-0.0030326571423087145,0.00807246136710272,0.009801289075110808,89.26139885194242,0.03257680099834959,0.1383044401269647,0.8370132353393671,-76167200.0,0.003913184048922824,0.042809950290736865,1.560967058149771,63.44294738769531
2019-11-20,63.44294738769531,-0.011641590621594422,0.009418007171997877,0.02158133904438779,77.22105863189408,-0.06255816154881,0.13172056957289158,1.1585146152403303,-106234400.0,-0.006815328048097147,0.02650183163019193,1.434534182208246,63.15852737426758
2019-11-21,63.15852737426758,-0.004483083228931095,0.009088090984619837,0.010801179284620816,65.7986089894506,-0.15585300960096582,0.12270474391495996,1.2369433127426095,-121395200.0,-0.010797597961761163,0.018096065367155134,1.2914754861762603,63.10307693481445
2019-11-22,63.10307693481445,-0.0008779564970623488,0.0060426646408039695,0.0089387896279403,62.2776526272381,-0.22813631560817837,0.1156565024653709,0.7165597689640678,-65325200.0,-0.008686914860695616,0.014062134257393666,1.1584107772791299,64.20950317382812
2019-11-25,64.20950317382812,0.017533633742719212,0.010860123644801595,0.01471642264366061,70.18896301748424,-0.20879255970496313,0.11273911717891114,0.9270860550678992,84020400.0,0.009252429165586218,0.028244478372681403,1.1356437489230586,63.70812225341797
2019-11-26,63.70812225341797,-0.007808515805718286,0.011338036304666859,0.017632159792061352,64.61127416397053,-0.23516338446173335,0.09626736450769885,1.090951398515252,-105207600.0,0.002891593248879998,0.015954724901412254,1.055715804105823,64.56387329101562
2019-11-27,64.56387329101562,0.013432369489617901,0.011251176761939484,0.00996868826254781,65.37473007908423,-0.2016598445539144,0.07545379353224943,0.7393241822006238,65235600.0,0.01278855413346669,0.024617302831327903,1.0523585702174216,64.42161560058594
2019-11-29,64.42161560058594,-0.002203363633226818,0.010883989407226872,0.00785783387657853,63.05503316076871,-0.19561548567247544,0.06041534446413727,0.6361460935180171,-46617600.0,0.0065682690107748964,0.018612151483940353,1.0193340027525721,63.676788330078125
2019-12-02,63.676788330078125,-0.01156176018816013,0.01293943190935912,0.01817075910972693,53.467742793513445,-0.24510760039341828,0.054535930055573424,1.1943218922441732,-94487200.0,-0.006849964643416917,0.005091057055220283,0.9127492302086182,62.54142761230469
2019-12-03,62.54142761230469,-0.01783005625045231,0.011863173333546069,0.01248791706276586,46.165621257401796,-0.35117872485821566,0.051506988956716376,1.3431479154811605,-114430400.0,-0.01945581348470471,-0.013340478827336577,0.7197440034496552,63.09342575073242
2019-12-04,63.09342575073242,0.0088261198936741,0.013203543082478363,0.010048158405054792,45.80115959327103,-0.37866834531932403,0.046032046166174415,0.865848490691126,67181600.0,-0.008891069252983552,-0.005649239886533319,0.6121989514105763,64.01905822753906
2019-12-05,64.01905822753906,0.014670822923193327,0.013568872135670342,0.01189850072249134,54.258387726454636,-0.33075601776550734,0.0396918832465139,0.9370017515180998,74424400.0,0.007373591007863167,0.007195822714396893,0.6021281714617004,65.25567626953125
2019-12-06,65.25567626953125,0.019316404774293083,0.016445475334211153,0.013667808074402979,56.77517986858157,-0.21749462123543561,0.04323770837301332,1.161583287925165,106075600.0,0.024144174805763807,0.02445997802562916,0.6913132138112132,64.34207153320312
2019-12-09,64.34207153320312,-0.014000387223857436,0.017000395898109193,0.022066476227171436,49.768997236898414,-0.2059375240180863,0.041475197454889576,1.3061435335477964,-128042400.0,0.007701442421246707,0.00882295307262937,0.6662625413434995,64.71812438964844
2019-12-10,64.71812438964844,0.005844587335849916,0.012808179535072482,0.015680951282703227,52.756069542828556,-0.17596024543395594,0.042499130763768836,0.9698754291588615,90420400.0,0.006727053590878329,0.013516320484172839,0.6687402122160293,65.2701187133789
2019-12-11,65.2701187133789,0.00852920768233445,0.012797883727402882,0.009602268379101398,59.73787659959274,-0.12437979010258604,0.04541596083130255,0.8242994426018945,78756800.0,0.00848424473272913,0.020463918267747516,0.7067861314582302,65.43647766113281
2019-12-12,65.43647766113281,0.002548776546346332,0.012079178504304388,0.019302992703593914,62.29501648598043,-0.08628967688944655,0.0496571009140559,1.269968346609802,137310400.0,0.0066454474618113935,0.021719078453202867,0.7371146449632562,66.3259506225586
2019-12-13,66.3259506225586,0.013592922376292504,0.010483695410842542,0.0158822286539158,65.95839687865146,-0.012307676785630495,0.057563906039226065,1.17570376274208,133587600.0,0.01697986328457124,0.03317486984786222,0.8238123785477569,67.46131134033203
2019-12-16,67.46131134033203,0.017117895893184354,0.005860989247133929,0.013613941820970255,66.05566241223877,0.096012437841416,0.07308873656581584,1.1278792217381726,128186000.0,0.024587725840224284,0.04808613319887711,0.9720257001245045,67.5938949584961
2019-12-17,67.5938949584961,0.0019653282085667634,0.006671043177355611,0.01059163789420986,69.91096057495636,0.1559629744184743,0.08554717719845586,0.9641769786175387,114158400.0,0.01771134719123868,0.04753518225493125,1.0763895423427243,67.4323959350586
2019-12-18,67.4323959350586,-0.0023892545848506197,0.008339978844178215,0.009937795368362094,65.8243734990366,0.163330552034201,0.09408674514851101,0.9219274118551186,-116028400.0,0.008711888980849958,0.04241352424168854,1.1210245136898749,67.49988555908203
2019-12-19,67.49988555908203,0.0010008486735133548,0.008552457352857663,0.00796364744033018,67.12270632760334,0.15159518623646973,0.099511358390794,0.8331718416288121,98369200.0,0.0035264406485520094,0.0401950427797626,1.140497563586294,67.3600845336914
2019-12-20,67.3600845336914,-0.0020711298135203116,0.00804774442500171,0.014636402455472469,71.96667531179332,0.11492733178874293,0.10137711725712595,1.883243257997598,-275978000.0,-0.0016219166909352545,0.034690988671549405,1.1230598180024458,68.45929718017578
2019-12-23,68.45929718017578,0.016318457052033386,0.0077006930679940685,0.013661989023987608,85.4461969004165,0.1433634813393332,0.10651369723921403,0.7009753863571069,98572000.0,0.011677196992876393,0.047267367097490354,1.1858743598329227,68.52436828613281
2019-12-24,68.52436828613281,0.0009505079461415988,0.007746858279114498,0.006930035870260039,84.54467500287531,0.14479163782728888,0.11302045383465409,0.3802697848724182,48478800.0,0.009861615987987182,0.044814530645991946,1.2174726772910134,69.88390350341797
2019-12-26,69.88390350341797,0.019840171478972657,0.010079178639641605,0.01821254428133045,85.35316046677833,0.21149650722216462,0.12322679231694023,0.7576752687304156,93121200.0,0.022509097381183008,0.060550532636050036,1.3374905384246603,69.8573989868164
2019-12-27,69.8573989868164,-0.0003792649705131046,0.010307953915570284,0.02018635731515235,82.47720994846998,0.22668291507236482,0.13219644436736452,1.1040343228424434,-146266000.0,0.015118187803276673,0.05590704266814406,1.4008801564684887,70.27201080322266
2019-12-30,70.27201080322266,0.005935116715188649,0.009112314724822705,0.02562431909378526,95.02236495010895,0.2364168103386346,0.14016863185578196,1.3581542558284536,144114400.0,0.01257381338575958,0.05749825799311736,1.4594444005712859,70.78545379638672
2019-12-31,70.78545379638672,0.007306507773084947,0.008012255797082191,0.014166537539843413,95.12408802197939,0.24799124255573224,0.1451007266478302,0.9460233564695769,100805600.0,0.01318015653615845,0.05955752895196209,1.521979326989353,72.40050506591797
2020-01-02,72.40050506591797,0.022816146297188755,0.009829785585852721,0.018012330787983522,95.7898181917952,0.32984938124853147,0.14926115339006826,1.0929582973263743,135480400.0,0.024924324220990668,0.07579445693913778,1.6817480737432788,71.6966323852539
2020-01-03,71.6966323852539,-0.009721930531053746,0.011927889725246534,0.01371746855641795,87.60526096285996,0.3027287441103643,0.147033867058618,1.0871110561655373,-146322800.0,0.009777587457682202,0.05856957262142881,1.7099559083175961,72.26792907714844
2020-01-06,72.26792907714844,0.007968250012423628,0.011530850118485522,0.024049338721311424,87.11262538419385,0.28941238044955897,0.14825317140980887,0.9175731781722942,118387200.0,0.010959337805177327,0.060546270728430995,1.75069032354196,71.92804718017578
2020-01-07,71.92804718017578,-0.004703080623907452,0.012669595484323413,0.011461452268051378,80.976603422186,0.22663741553917327,0.14981092819519576,0.8925865925085429,-108872000.0,0.0015641935966799192,0.05041568632589288,1.7211023831512477,73.08511352539062
2020-01-08,73.08511352539062,0.016086441806441032,0.01368330838352884,0.02401134180109987,83.3434171136422,0.2311687120875039,0.1490606683213219,1.0300314314341792,132079200.0,0.0111997350367401,0.060542592391232386,1.7695758877611212,74.63748931884766
2020-01-09,74.63748931884766,0.021240656524638357,0.013223761424316064,0.013661403617362344,87.42822583457779,0.30234957654291295,0.15393209647523975,1.258627200750078,170108400.0,0.02632517783918109,0.07533003528603488,1.9092216955809533,74.80622100830078
2020-01-10,74.80622100830078,0.002260682814936521,0.01040897074753162,0.014242946601955651,87.55908464105246,0.32258363029364157,0.15702919512303606,1.049444583397255,140644800.0,0.01992312744993474,0.07040783975573772,1.9941445533468851,76.4044418334961
2020-01-13,76.4044418334961,0.02136481169150306,0.011840844643583677,0.01867747850622161,90.43119348660049,0.4003159313159972,0.16464385102446172,0.902595284509275,121532000.0,0.030094528369681406,0.0847646760463594,2.1608529817819147,75.37271118164062
2020-01-14,75.37271118164062,-0.013503542818935288,0.015029705287549862,0.017270033334315846,81.09278269862523,0.34126240393368024,0.16533594562159076,1.1148988570858966,-161954400.0,0.006832856536062026,0.06328792183303533,2.1575158228994553,75.04971313476562
2020-01-15,75.04971313476562,-0.00428534467994135,0.015546748555655136,0.019110979241400854,78.68202652472927,0.24402170584829452,0.16582216265297067,0.8512277648446611,-121923600.0,-0.002716159240490068,0.05309467230124043,2.089720678319381,75.98980712890625
2020-01-16,75.98980712890625,0.012526283644182845,0.013708978302637854,0.011451643132131414,77.86587688517272,0.2079949554670839,0.1674683085088572,0.8309044044441458,108829200.0,0.006159958499903029,0.06004179955943312,2.0847424421563687,76.83109283447266
2020-01-17,76.83109283447266,0.01107103356821626,0.014044247779910105,0.011734038545041292,79.62320554004268,0.20544472666280011,0.1682954275369141,1.0567841147288666,137816400.0,0.01187336911061121,0.06479728772039395,2.1177964073460913,76.3104248046875
2020-01-21,76.3104248046875,-0.006776788023917568,0.011466502586332314,0.00953971931579391,75.42122624389336,0.1366256645357531,0.16326453049264272,0.8641170699824188,-110843200.0,0.005265064417846244,0.05116377980026465,2.0605136446723122,76.58280181884766
2020-01-22,76.58280181884766,0.0035693290249305676,0.00872687858871042,0.008435607720514743,74.91200623168982,0.08017707495822268,0.15437251204157945,0.8759854711818497,101832400.0,0.005646989415093229,0.04825712438714724,2.006012057171432,76.95162200927734
2020-01-23,76.95162200927734,0.004815966270104832,0.007652897251179313,0.0122482333350445,71.9026525927438,0.04041322469007058,0.14853274482765452,0.9265099330747515,104472000.0,0.005467856629110646,0.04721895272830312,1.9628630706660601,76.7298355102539
2020-01-24,76.7298355102539,-0.002882154959601757,0.006955849052929527,0.01825263926095898,75.40140184540888,-0.02459171654819503,0.13832911266829945,1.218098172972441,-146537600.0,0.0006348380445626578,0.03840296252643549,1.8777303479147491,74.47357940673828
2020-01-27,74.47357940673828,-0.029405199274982197,0.013843705502277244,0.02230129101351939,59.51343435839215,-0.2317886659403552,0.1282359432742025,1.2942253604873972,-161940000.0,-0.02278022850766437,0.004748112142369365,1.586848360674722,76.58037567138672
2020-01-28,76.58037567138672,0.028289176932696503,0.02064784718250195,0.01954733043959563,67.41244236210022,-0.23827910235651073,0.1187824335935406,1.19815484419866,162234000.0,0.0041531295399908075,0.028507229209295826,1.5264488456627134,78.18339538574219
2020-01-29,78.18339538574219,0.02093251306619548,0.022583171831064675,0.019948206492432695,68.46513067362267,-0.1502371016213795,0.11376741203786862,1.3660961763570163,216229200.0,0.02088737554426734,0.04448745920667596,1.5940950873830673,78.07010650634766
2020-01-30,78.07010650634766,-0.0014490145744576743,0.022724220587155713,0.016488086017225574,63.87917174117714,-0.11674769193737777,0.10723883594101911,0.7788232286735391,-126743200.0,0.016439132800079914,0.037923498772596265,1.6067589375855107,74.60856628417969
2020-01-31,74.60856628417969,-0.04433886896114991,0.031369753243659634,0.04649279078811091,49.36887345360963,-0.3326178466237715,0.1015263398206759,1.1513810221996394,-199588400.0,-0.02323335836471485,-0.00955061943763802,1.2886103583253998,74.40367126464844
2020-02-03,74.40367126464844,-0.0027462666786922663,0.028345766955871387,0.036512631633378555,42.98740784516115,-0.48487588307338747,0.09161232814913453,0.9890264234508468,-173788400.0,-0.025737485337966826,-0.014042260492159953,1.0130443458690905,76.86000061035156
2020-02-04,76.86000061035156,0.033013550325576624,0.029571032160626523,0.018849018819444098,54.739562566252054,-0.41834320621683396,0.08350422348649537,0.8008318272155407,136616400.0,0.005689915053083139,0.015418209711360875,1.0041812350490034,77.48675537109375
2020-02-05,77.48675537109375,0.008154498513727182,0.027933471794058837,0.01807434231749782,57.61865600943352,-0.3339701888045754,0.07139997371930065,0.7863458675594577,118826800.0,0.015742576584406143,0.019953290212074037,1.034496292730438,78.39311218261719
2020-02-06,78.39311218261719,0.01169692558660862,0.02854822408414551,0.015251657653215803,57.52906882250475,-0.22423342925439238,0.06709621472797324,0.7179178193236705,105425600.0,0.026754155503929677,0.02829133117353444,1.1174964049515381,77.32754516601562
2020-02-07,77.32754516601562,-0.013592610204316347,0.017454786533947157,0.016873399109714016,51.53373191994265,-0.2296842483708208,0.06508988849004303,0.9020126277475652,-117684000.0,0.00563538149464593,0.012527776960406412,1.0673305748128712,77.69482421875
2020-02-10,77.69482421875,0.004749653592983627,0.016680370725907213,0.023946453061011345,54.31786425435841,-0.215082283678377,0.06372414627270342,0.9299923660694238,109348800.0,0.0018358764108179493,0.015416607521537395,1.0435119678939344,77.22604370117188
2020-02-11,77.22604370117188,-0.006033613207724997,0.010512930477812862,0.01623854910445729,51.98195364573123,-0.24154223425787769,0.0642058879312854,0.8643855189912766,-94323200.0,-0.005147942660854832,0.008748391686796753,0.9672234830182731,79.06000518798828
2020-02-12,79.06000518798828,0.023747966345563087,0.014661987830604281,0.017573348977633116,55.95837181965031,-0.14484578478984522,0.06856709880719232,1.0520617488603399,113730400.0,0.014366111102616541,0.030223106758613616,1.0527862747521084,78.49702453613281
2020-02-13,78.49702453613281,-0.007120928597421861,0.014643970190881346,0.008834288054679245,54.89965634779312,-0.12866339212573186,0.06802875438158798,0.8941253298202834,-94747600.0,0.0068744034236361,0.02059462573327253,1.049151985792662,78.51634216308594
2020-02-14,78.51634216308594,0.0002460937477219982,0.012500933298939993,0.009632265780062028,62.79609007755031,-0.12633979251823013,0.0693632489286315,0.8137266293912448,80113600.0,0.004060087967239223,0.019171836365747597,1.0299670558525094,77.07866668701172
2020-02-18,77.07866668701172,-0.018310525381939335,0.015614502317366665,0.01611289858444362,51.64694395468282,-0.22551836493072974,0.06930618202192355,1.424337841724469,-152531200.0,-0.0127690284538452,0.0003495283100602986,0.8734562300314792,78.19498443603516
2020-02-19,78.19498443603516,0.014482836782275799,0.01677591485378165,0.014121523370531663,50.03957726581801,-0.21961354468763372,0.0698116966547043,0.8781798325119397,93984000.0,-0.0009508206481703141,0.013597879793543433,0.8391236709186956,77.39277648925781
2020-02-20,77.39277648925781,-0.010259071634365013,0.012381103993133311,0.02010615887244069,47.790829674981055,-0.2700893143546077,0.0694816942006112,0.9633821663080064,-100566000.0,-0.006969598898584839,0.0026729408949637268,0.7297231461242717,75.6409912109375
2020-02-21,75.6409912109375,-0.02263499718947881,0.014971517154302495,0.031784100287560284,53.7900481059002,-0.4132415409828589,0.07179220813515522,1.1634870160474526,-129554000.0,-0.022280960480980605,-0.019189847511442926,0.4844327223548106,72.04802703857422
2020-02-24,72.04802703857422,-0.04750022593363035,0.022361923649450204,0.050137440662253424,43.07500665004268,-0.7235351737515823,0.09313163481219042,1.5897648413692365,-222195200.0,-0.05288555977782228,-0.06293421159883628,-0.01661349756408015,69.60758209228516
2020-02-25,69.60758209228516,-0.03387247432858165,0.02366217213990542,0.05692861240248073,28.65980881158498,-1.0471235293262882,0.1237745399353677,1.4844380652707534,-230673600.0,-0.06663312647715747,-0.09180105375249015,-0.5985240973114969,70.7118148803711
2020-02-26,70.7118148803711,0.015863685462051524,0.024167285597215107,0.03888605884214641,30.60964420207607,-1.1334820649615973,0.14237855745788092,1.1239784274013227,198054800.0,-0.03240853499712337,-0.07384791926955248,-0.9233204627047513,66.08950805664062
2020-02-27,66.08950805664062,-0.06536823912029976,0.030526300269658694,0.04767479185687638,20.96264568571499,-1.4294934331050624,0.18569451210040916,1.4558645522881468,-320605600.0,-0.06679051595844487,-0.12747846243965621,-1.5479656276659597,66.05085754394531
2020-02-28,66.05085754394531,-0.0005848207050079823,0.03343712676541045,0.08062631594224255,22.030505611088657,-1.545617387756474,0.2171847294885238,1.5253864126270564,-426510000.0,-0.04137352571374475,-0.12101488283370221,-1.9869070603569128,72.20024108886719
2020-03-02,72.20024108886719,0.09310073742540781,0.05984018964338022,0.07938155153611252,39.40946549259737,-1.144475335186594,0.22029817373915267,1.125059087506983,341397200.0,0.04741252715312694,-0.03763857100326373,-1.745018254514008,69.90719604492188
2020-03-03,69.90719604492188,-0.031759520596654656,0.059531711892265846,0.06290616530586453,36.82014151267431,-0.9763170783462862,0.22924683512869318,0.9946046283188398,-319475600.0,0.013266371993066794,-0.06540200849182953,-1.7342729820538807,73.14984130859375
2020-03-04,73.14984130859375,0.046384999644216496,0.06275414732780954,0.03392346351640237,39.87082261017514,-0.607503637554591,0.2290868098610935,0.6734970256276124,219178400.0,0.052825811615838436,-0.0196192592629858,-1.415539480788354,70.77706909179688
2020-03-05,70.77706909179688,-0.032437147837231395,0.05423179024559818,0.027789101999572213,37.54192827464073,-0.48923542608973003,0.23151490788310486,0.6276973818947966,-187572800.0,0.005112797569724492,-0.047135666945828825,-1.3605172197337367,69.83714294433594
2020-03-06,69.83714294433594,-0.013280094238458329,0.05542447458324314,0.03317993418812401,36.39809764673697,-0.44164797031962344,0.23256761034311396,0.8740789153940854,-226176800.0,-0.01878705076331355,-0.05434337437844816,-1.3776066025473455,64.31358337402344
2020-03-09,64.31358337402344,-0.07909200373095282,0.04532167628754806,0.05669307426318172,32.26591069958681,-0.7323666277536189,0.2571315774240029,1.157023646239627,-286744800.0,-0.07591398649117354,-0.12139584672760029,-1.8446327906736997,68.94554901123047
2020-03-10,68.94554901123047,0.07202157606845305,0.06085752067634138,0.059823395049059175,38.293599448139055,-0.5701179451804124,0.2568462380073258,1.1838124795221894,285290000.0,-0.006614660830225327,-0.05245457205641313,-1.7573757961402379,66.55103302001953
2020-03-11,66.55103302001953,-0.03473053772943191,0.05555516371064018,0.033983284747636885,36.80995273095106,-0.5795776816333715,0.2627545450682266,1.0294919409252519,-255598800.0,-0.022528387652346216,-0.07860439939831854,-1.8696696081507866,59.97880172729492
2020-03-12,59.97880172729492,-0.09875475998618366,0.06679190513832306,0.08862748410207255,32.94571862769524,-0.9614560894356634,0.2915834640618181,1.4211724310873632,-418474000.0,-0.09019947307418374,-0.15848104966782894,-2.489445319300984,67.16476440429688
2020-03-13,67.16476440429688,0.11980837345958162,0.09574617638993416,0.0970249176567744,45.068571358128935,-0.676533457921362,0.28171931666495015,1.1464711774748713,370732000.0,0.02712949762929684,-0.05010864841853957,-2.282971777263924,58.52421188354492
2020-03-16,58.52421188354492,-0.12864710532951962,0.1073096656374421,0.0787745594458681,40.052932996478276,-0.9970782378986853,0.3055375768639998,0.9755522238057984,-322423600.0,-0.08887443371530868,-0.16044045148686348,-2.838695533184463,61.09753036499024
2020-03-17,61.09753036499024,0.04397015181624098,0.10230043270667338,0.07597085900778758,41.5930884940125,-0.9623991817991802,0.311096803551495,0.9580174688538486,324056000.0,-0.024986534504426006,-0.11336146313653683,-2.9781224184691695,59.60186004638672
2020-03-18,59.60186004638672,-0.024480045423580066,0.1020255265231244,0.05221553078372713,43.99894170663848,-0.9643704974118879,0.31043428056906963,0.8647683601863497,-300233600.0,-0.027280560895299844,-0.12323798620482251,-3.1592605746677833,59.14519119262695
2020-03-19,59.14519119262695,-0.007661989968171357,0.09150640652660376,0.04179261287096759,43.66129500443466,-0.9207055747310986,0.3064548538175903,0.8552720992556231,-271857200.0,-0.032099917260750455,-0.11811967299273063,-3.278182477206684,55.39033126831055
2020-03-20,55.39033126831055,-0.06348546430575219,0.06455597509760387,0.10395219534125037,33.860739071723216,-1.0591101041114,0.32401550319985456,1.239592125626966,-401693200.0,-0.05721513647712284,-0.1614463557407798,-3.6345466066943715,54.21360397338867
2020-03-23,54.21360397338867,-0.021244272564859945,0.03876256895237041,0.07082051849824725,34.60246441053178,-1.1374325170561197,0.3541292668719255,1.0300816203277048,-336752800.0,-0.06350178324996536,-0.16802941706180097,-3.937293903724914,59.65260314941406
2020-03-24,59.65260314941406,0.10032535705789236,0.061542916949698094,0.0542368726702039,37.30453865021694,-0.7491981864769972,0.35844659578217,0.8996212927109485,287531200.0,0.03562256335109981,-0.07751523964353624,-3.622318270204623,59.323997497558594
2020-03-25,59.323997497558594,-0.005508655691561337,0.06048713880080061,0.05681816839967734,38.79644579484883,-0.45525450462366823,0.35749244572020045,0.947905268045612,-303602000.0,0.030912287534096805,-0.0744471928487569,-3.3548810694441116,62.44580459594727
2020-03-26,62.44580459594727,0.05262300637304751,0.064342673556735,0.047670608067816034,43.065694057603714,-0.014584490168108033,0.35796001393080085,0.7969038224495381,252087200.0,0.07285485726072194,-0.022964705222023207,-2.8285285691168482,59.86040496826172
2020-03-27,59.86040496826172,-0.04140229506872817,0.05829278940835569,0.03560180782216477,45.57841686071968,0.13076273749140643,0.3625678594198815,0.7376761860727212,-204216800.0,0.012878703341426156,-0.05885841833997918,-2.613756277866983,61.56870269775391
2020-03-30,61.56870269775391,0.028538024933141504,0.05424749436345377,0.02401793663755,42.22403135549835,0.3571037216373081,0.34310191176791877,0.6910256722485251,167976400.0,0.016483327198484332,-0.02384175920174747,-2.2616045830399756,61.44306182861328
2020-03-31,61.44306182861328,-0.002040661304127389,0.03579374928771897,0.04125207641407822,44.34517831837486,0.5044932662733346,0.33029268077484536,0.875654422801134,-197002000.0,0.00844708804081229,-0.019253103648601,-1.972636874101596,58.2100944519043
2020-04-01,58.2100944519043,-0.05261728957659839,0.04479424026961781,0.03980738114694969,47.88561018680814,0.3952190140545828,0.29897942918366305,0.883299542215906,-176218400.0,-0.04110854176641876,-0.05964519228725551,-2.0044780940553224,59.181434631347656
2020-04-02,59.181434631347656,0.016686799576419276,0.035577076996634,0.03368309413588514,38.79087605456012,0.39820950536673116,0.27129586757758944,0.9103771162616766,165934000.0,-0.014508998063289424,-0.034914610977362925,-1.9092405730466666,58.3309211730957
2020-04-03,58.3309211730957,-0.014371288285759953,0.031459559372687615,0.02787786597675035,49.652614951748646,0.35423455351074296,0.24287753531623563,0.7758561777219601,-129880000.0,-0.023698687886774872,-0.039775563542162384,-1.8793171565114832,63.41954803466797
2020-04-06,63.41954803466797,0.08723721071491197,0.05153767697274653,0.05231066561852486,53.82714950254845,0.6613424994849995,0.24040086483666182,1.1587488522770961,201820400.0,0.054935132328729486,0.044760541488863215,-1.3840500132863411,62.685001373291016
2020-04-07,62.685001373291016,-0.011582338319021446,0.05212841832328178,0.0489535233611284,55.21241123815589,0.7992746346418107,0.20774579763588505,1.1570545429659875,-202887200.0,0.03842600965138243,0.0380125410130312,-1.0570545660261388,64.28941345214844
2020-04-08,64.28941345214844,0.02559483199662238,0.04104695282961078,0.023076573690538157,58.37200977478533,0.9713851926100512,0.19490233630100096,0.9713131837341997,168895200.0,0.0439768454733902,0.06657749474352626,-0.6577788893042964,64.75332641601562
2020-04-09,64.75332641601562,0.0072160086545585145,0.0414952692269017,0.02003804363174568,67.06595294921581,1.0808978315527393,0.20497397726005942,0.9351179266433504,161834800.0,0.032820212977852314,0.07003601944426752,-0.3106554453476065,66.02425384521484
2020-04-13,66.02425384521484,0.019627214531559245,0.0372669948856465,0.028801557675263146,71.45362764221443,1.1944726671222834,0.19718976030772303,0.7560807164412823,131022800.0,0.027865875095151704,0.09206693958062773,0.06172238704187549,69.35871124267578
2020-04-14,69.35871124267578,0.05050352261879598,0.02295565282334976,0.03553392315204657,69.09038634278508,1.4336070452524947,0.23227232021402552,1.13417232527115,194994800.0,0.06017183021889805,0.1370319710691863,0.625007528771981,68.72563934326172
2020-04-15,68.72563934326172,-0.009127503785343438,0.02217033367848467,0.020040016300076013,68.27270171426129,1.4824379616150405,0.25684748088136383,0.8323014791179614,-131154400.0,0.03144772667517559,0.11965299882425029,0.9763507804277296,69.27175903320312
2020-04-16,69.27175903320312,0.007946374819646662,0.022215535602950524,0.02040533696221672,64.74273299284275,1.481305034052553,0.27733987108833985,1.0122324553039947,157125200.0,0.024325009698248357,0.11973015301316647,1.2668126276582399,68.33180236816406
2020-04-17,68.33180236816406,-0.013569117893895588,0.025753692767981104,0.03567902153820252,69.69653482698968,1.3507010119739333,0.2869440496926372,1.2973945304137005,-215250000.0,-0.00015555194404548445,0.09639592450865742,1.378512160407169,66.91345977783203
2020-04-20,66.91345977783203,-0.020756698069958168,0.02857903078194283,0.017441182609355,62.596743735594735,1.112185501794347,0.27142717980954784,0.7846046223982535,-130015200.0,-0.023450206385875694,0.0638039949052891,1.3145282627959034,64.84513092041016
2020-04-21,64.84513092041016,-0.030910505364528995,0.014444908051705358,0.04404369914400227,57.345494008341184,0.7745210378279724,0.2371909313085191,1.1110098947082045,-180991600.0,-0.04100158950330712,0.022281858871818105,1.0653250736567372,66.71290588378906
2020-04-22,66.71290588378906,0.02880362699354233,0.023983955772190268,0.020644627176560452,69.50872341397606,0.6418405199002384,0.23322713151288352,0.7301669340016624,116862400.0,-0.007470142472093655,0.04590652702481646,1.0241149162115164,66.4543685913086
2020-04-23,66.4543685913086,-0.003875371475061007,0.02285902565324138,0.025015470724462696,67.25117773267279,0.5074361350528503,0.2250718531161704,0.8126640115760009,-124814400.0,-0.0029581452460900604,0.036062284679707624,0.9534909229752202,68.3729019165039
2020-04-24,68.3729019165039,0.02886993535359883,0.02767459229392532,0.021239035020314684,72.67063703194384,0.5167759749540844,0.22996699746268667,0.9292344877650974,126161200.0,0.025699892524255308,0.06107082275105591,1.050806940155283,68.42123413085938
2020-04-27,68.42123413085938,0.0007068913707142244,0.02511353631540921,0.016209330509008888,64.61861175356177,0.49519259755543166,0.22458546108358196,0.879145335185816,117087600.0,0.021802528648238395,0.05481404620069297,1.1088348858881005,67.31214141845703
2020-04-28,67.31214141845703,-0.01620977356650921,0.020298343039143105,0.02738881015508672,63.234163599184676,0.38036578397653886,0.2206778209939666,0.9381730265370971,-112004800.0,-0.002113550987115964,0.03314184636306505,1.0365646907742985,69.52301788330078
2020-04-29,69.52301788330078,0.03284513637888109,0.02140134269683142,0.020088272194767873,64.46685070638776,0.42412094861226324,0.2202412830681758,1.1118576726803389,137280800.0,0.02214580197357985,0.06049961811191262,1.1565346785202593,70.98970031738281
2020-04-30,70.98970031738281,0.02109635741854521,0.02070326546249344,0.02103469343959289,66.33325340686568,0.5165191250142871,0.20323502248260708,1.3548285490314957,183064000.0,0.02997369863617827,0.07241946312812897,1.3523025480965316,69.84680938720703
2020-05-01,69.84680938720703,-0.01609939082805123,0.02205956687384179,0.04549068932542517,60.078985547479434,0.4668480064972097,0.18107236719028844,1.522787049999114,-240616800.0,0.009076013319992304,0.04672184928492573,1.3748535303547271,70.83505249023438
2020-05-04,70.83505249023438,0.014148722206462683,0.022304349538889923,0.025139838399244822,54.4423196563812,0.46567440261565674,0.14410968690039325,0.8280365970750907,133568000.0,0.016265227052860265,0.05167811319325666,1.4533023005074455,71.89820861816406
2020-05-05,71.89820861816406,0.015008898709805596,0.018101867621318924,0.021978789483065635,59.30543191874925,0.49867903168839867,0.14420982898110643,0.8770899206060496,147751200.0,0.018120603420294312,0.060785977637589195,1.5782575085276989,72.64000701904297
2020-05-06,72.64000701904297,0.010317341907897015,0.01449652634938944,0.014536124293019183,59.76725818191473,0.5297308680651682,0.13850256449180676,0.8398911597510119,142333600.0,0.01962399040736007,0.06391726689704336,1.707652653787136,73.39146423339844
2020-05-07,73.39146423339844,0.01034494963854371,0.01294888582848897,0.010535366793690895,64.83419734551123,0.557339982347852,0.14150273304507094,0.739047124459643,115215200.0,0.023272478566261245,0.06780583823207187,1.8389301581651694,75.1383056640625
2020-05-08,75.1383056640625,0.023801697498619045,0.0055093425374880345,0.019540184642513413,73.65834710417339,0.6435967544537193,0.1523394099345376,0.9947757297983192,133838400.0,0.03239459159064073,0.08502429944589207,2.055508345304844,76.32061767578125
2020-05-11,76.32061767578125,0.015735143363556414,0.005513585926944627,0.031141859796431973,84.78151984545606,0.7245971838997955,0.16969721021222517,1.0651703263595982,145946400.0,0.03306676238058759,0.09396460356280567,2.2826039161015643,75.44839477539062
2020-05-12,75.44839477539062,-0.011428404629741484,0.013062089441593741,0.028194337612941576,78.17722114597115,0.6652897413648642,0.18368694342371406,1.159899421812637,-162301200.0,0.011538581214824761,0.07676289241487311,2.335670881183887,74.53743743896484
2020-05-13,74.53743743896484,-0.01207391276034031,0.016266115124069197,0.041410762245097966,75.01971890057801,0.5171607659140971,0.19043023469894668,1.3235001522580905,-200622400.0,-0.00573325756510723,0.05936878129782297,2.2556389364904845,74.99534606933594
2020-05-14,74.99534606933594,0.006143337443631047,0.01604581280427799,0.026684788840232523,72.53640154719233,0.4073044541394877,0.19778568992257467,0.9912783532109771,158929200.0,-0.0038873947556176125,0.061559114076839894,2.1969815958796204,74.5519790649414
2020-05-15,74.5519790649414,-0.005911926907899323,0.012096657253451375,0.024991071641977926,70.31688586455527,0.2687499211778306,0.20027126174299542,0.997116097918402,-166348400.0,-0.008231604696549932,0.050657911324745175,2.0771302031702277,76.30850982666016
2020-05-18,76.30850982666016,0.02356115536770198,0.015034880028263984,0.019621516520972708,78.58668088923368,0.2592509573595878,0.20219122547800497,0.8208753289491263,135178400.0,0.015168307444072937,0.06833999869836926,2.104522005197893,75.86753845214844
2020-05-19,75.86753845214844,-0.005778796827685562,0.014141578770438784,0.017595896373170116,72.71523902396386,0.19030913749676648,0.1882371874620255,0.6668099967488542,-101729600.0,0.008177522930766346,0.054033529120404156,2.0501777741836236,77.34303283691406
2020-05-20,77.34303283691406,0.019448296529302356,0.013772880742237467,0.009397612682876885,72.73244450268069,0.20959434570655544,0.1848780290750889,0.8275670842274137,111504800.0,0.020177883897012583,0.0666562205441612,2.1021964455911473,76.76641082763672
2020-05-21,76.76641082763672,-0.007455383996813447,0.015357413228543238,0.015843520386772336,75.80422875182515,0.15172860132885768,0.17300316502030025,0.8315555915458741,-102688800.0,0.007863152546293106,0.05122881960852066,2.0543781202351994,77.26068115234375
2020-05-22,77.26068115234375,0.006438627511410111,0.014155459702617817,0.012167219745309389,74.87871104042651,0.11653557925167357,0.16844710581250413,0.767521703688914,81803200.0,0.007188789406399776,0.0515978942895261,2.0262004595310117,76.73733520507812
2020-05-26,76.73733520507812,-0.006773768228028998,0.011700863985863317,0.024437186139298607,69.55344910715718,0.032190755341876987,0.1588641728110624,1.199449439310278,-125522000.0,-0.0007508885991958092,0.03859663731317453,1.924944612068444,77.07170104980469
2020-05-27,77.07170104980469,0.004357277247548197,0.01105495764782284,0.017666830266193985,68.51682663954938,-0.02387617713455592,0.13838271128989946,1.0566212130283799,112945200.0,0.000465612357498868,0.03627798528902515,1.8456060342769263,77.10560607910156
2020-05-28,77.10560607910156,0.0004399154142837869,0.006330679150122589,0.024540447945306344,66.50859578254583,-0.07840024251983291,0.12689349248200005,1.199964062387695,133560800.0,0.0015230774667440716,0.03147577214535535,1.7578518336123352,77.03050231933594
2020-05-29,77.03050231933594,-0.0009740376035508591,0.005124323156892919,0.014719735295478358,59.8784698158088,-0.1358770233405715,0.11982767387689336,1.2639249372204722,-153532400.0,-0.00013840447213608886,0.026324188526201775,1.6559494490088298,77.97782135009766
2020-06-01,77.97782135009766,0.012297972909932842,0.00706713496961239,0.015970217650964846,58.869275841652886,-0.1266331560194791,0.10472877328595416,0.6662075271179296,80791200.0,0.010277027014337303,0.03334853524210102,1.6338597306192355,78.33879852294922
2020-06-02,78.33879852294922,0.00462922875506977,0.005164362873781338,0.013948196377512335,66.36484192429472,-0.11318500282908328,0.09233767917568705,0.7708624024666809,87642800.0,0.01075948502333035,0.0329961708654134,1.620469092913325,78.77008056640625
2020-06-03,78.77008056640625,0.005505344115415367,0.005201268933123724,0.01199564613876403,75.34072752486426,-0.09306199500514323,0.0842916548742668,0.9329264895582002,104491200.0,0.011889318634633161,0.033998416787094365,1.6198369087132107,78.0916976928711
2020-06-04,78.0916976928711,-0.008612189662079328,0.00782770225770999,0.015016121332555385,68.06097863807373,-0.14041431444389874,0.07457452877033037,0.8517250368664132,-87560400.0,0.000639626652304548,0.021438555408448856,1.5325853563159058,80.31582641601562
2020-06-05,80.31582641601562,0.028480988233754,0.013513275557182165,0.025701324324802027,77.83741319681138,-0.04202503303632499,0.07721332902370093,1.37874696626324,137250400.0,0.020546445226783838,0.045794225307617786,1.6340235276478978,80.79067993164062
2020-06-08,80.79067993164062,0.005912328077972706,0.013360793418995228,0.018832840341336334,74.70598179749142,0.0310156580187817,0.08694501524351904,0.9330330597472646,95654400.0,0.01929391841279382,0.04812023735368465,1.7219322008066769,83.3418960571289
2020-06-09,83.3418960571289,0.031578099449675934,0.017010191547087675,0.039535963173437806,83.42357243111977,0.21677735004701093,0.11210753467623993,1.2896843690454238,147712400.0,0.03837256158341229,0.07631585455503509,1.9780749575889018,85.48607635498047
2020-06-10,85.48607635498047,0.025727520002446047,0.01731106798859013,0.024600364941249533,84.35897056200855,0.4369822918235857,0.1419679413545728,1.3125703732594531,166651600.0,0.047556275656049696,0.0968971834862904,2.3190780638072397,81.38186645507812
2020-06-11,81.38186645507812,-0.04801027342581066,0.03327330189298317,0.046382812906709835,65.007131995247,0.26747845226909917,0.14037289020030225,1.3463346165842738,-201662400.0,-0.010714412375591786,0.03966951035175903,2.1760088902577053,82.0844497680664
2020-06-12,82.0844497680664,0.008633167849205092,0.03146378102737684,0.04008260643906515,65.47482976147761,0.16874704565451282,0.14033308139398135,1.2326890415541838,200146000.0,-0.006445937105385879,0.04391804509627639,2.0932504574514894,83.099609375
2020-06-15,83.099609375,0.012367258473462206,0.031654312145301525,0.03819355222163776,69.7860612376218,0.13911337259074763,0.1394174245719715,0.8117652177615133,138808800.0,0.00025072314553709063,0.05111535199546546,2.0836335669709882,85.30194091796875
2020-06-16,85.30194091796875,0.02650230921099017,0.030698270322387772,0.024085467251026484,72.93103814775293,0.22978773837218514,0.15121014461689708,0.9478013919139917,165428800.0,0.02193764279729815,0.07287003084170185,2.231112390864169,85.1832275390625
2020-06-17,85.1832275390625,-0.0013916843817236568,0.028443166110540628,0.012258589844665883,72.39995497794173,0.24246815479428108,0.15659802750153032,0.6972153411946872,-114406400.0,0.021256492948952488,0.06513701943175954,2.29137283131503,85.21715545654297
2020-06-18,85.21715545654297,0.0003982934018895712,0.01117278680168899,0.012026301009874766,72.75427299588742,0.21478732333605421,0.16297502821574705,0.6764882120215134,96820400.0,0.012353438921720805,0.06034127176023518,2.2992412397195636,84.73014831542969
2020-06-19,84.73014831542969,-0.005714895533700748,0.013069117494754912,0.032626111238369525,69.26049648430615,0.12952551636213894,0.163318212957681,1.6954885270720685,-264476000.0,0.00028016761491866937,0.049083777889757485,2.223087084117978,86.94702911376953
2020-06-22,86.94702911376953,0.026164014136821123,0.015805499464964793,0.02315601101139759,72.20349242683048,0.18490323094241834,0.17048121792261364,0.8720657119810945,135445200.0,0.01721103656811729,0.07011501046055857,2.320155945687034,88.80287170410156
2020-06-23,88.80287170410156,0.021344519867420475,0.014508338801145876,0.02758305159962702,74.1063716209379,0.30206603483755456,0.17981119041758653,1.288440861912908,212155600.0,0.03048160327613192,0.0849007893811653,2.5125152675580438,87.23533630371094
2020-06-24,87.23533630371094,-0.017651854836561842,0.018466914575148777,0.02852307837828811,71.0696799486652,0.23265221262883173,0.1790260706570274,1.0683241333196676,-192623200.0,0.007493409061615441,0.05917446305841323,2.475687020639853,88.3934326171875
2020-06-25,88.3934326171875,0.013275541340777686,0.01857835387280074,0.020365071676242734,69.57492157074459,0.22334774998225537,0.17862739142692763,0.7297767490987266,137522400.0,0.013433218474867559,0.06593117726035858,2.505823591912403,85.67747497558594
2020-06-26,85.67747497558594,-0.030725785402675565,0.025205466189840216,0.034782168200412994,60.682153394790156,0.004464297086771651,0.16682261464623224,1.1622653236137763,-205256800.0,-0.01983445363087477,0.027820889214523525,2.2495937498687937,87.65206909179688
2020-06-29,87.65206909179688,0.023046829015136217,0.02450198302506987,0.030101207046221892,59.665356721864555,-0.03497509422509104,0.16027916193453126,0.7438248971765102,130646000.0,0.0011402581682802282,0.04544240291273649,2.1919236387661414,88.38372802734375
2020-06-30,88.38372802734375,0.008347309346235843,0.022527682816807778,0.0163925745242127,56.93732640747169,-0.03911645027473165,0.15376519273847822,0.8695779437102832,140223200.0,0.010464576216971277,0.04789175752904984,2.1746244836030257,88.216552734375
2020-07-01,88.216552734375,-0.0018914713907183245,0.020589276771564,0.009475108698603973,70.16433338825519,-0.07818893125182624,0.14483354082558603,0.7643525768596173,-110737200.0,0.006295596180917018,0.04008527988317523,2.1096887289420607,88.216552734375
2020-07-02,88.216552734375,0.0,0.01967349898891979,0.01875803149334393,68.87395508932961,-0.12626037555243919,0.12744185800389068,0.8135313098155413,0.0,0.00670183814990688,0.03391418562869819,2.0250879975014016,90.57638549804688
2020-07-06,90.57638549804688,0.026750453180566458,0.013106445027282842,0.015808488874206293,71.25345586940435,-0.026565424267157578,0.1254400328076639,0.965773275624626,118655600.0,0.022202333867026303,0.055227008930233135,2.1317095481813766,90.29534912109376
2020-07-07,90.29534912109376,-0.003102755485414832,0.012422001676233549,0.017145574308406755,65.93478991269295,-0.007953084051220305,0.12009328482220465,0.9430279726614794,-112424400.0,0.012987045000305786,0.04616079338380641,2.1493923162960584,92.39832305908205
2020-07-08,92.39832305908205,0.023289947471912598,0.014708684508280811,0.013477763626522503,70.43644713713798,0.1110226522522022,0.1302773752088451,1.0218329392331766,117092000.0,0.027325696493759155,0.0649387472613625,2.3073389086865035,92.795654296875
2020-07-09,92.795654296875,0.004300199664217796,0.013793692931677476,0.0171796726051419,71.0327803664209,0.1775641406498485,0.1427874597213794,1.0686521402165563,125642800.0,0.021343573210156563,0.0650319258391967,2.418707464616716,92.9579849243164
2020-07-10,92.9579849243164,0.0017493343699273023,0.013487578972541166,0.0132923431006872,73.25397711860353,0.19235074896154059,0.13960353748017085,0.8000503481825015,90257200.0,0.012561939091853658,0.05985435031385933,2.4733213423415066,92.52914428710938
2020-07-13,92.52914428710938,-0.004613273809196516,0.011195626276220002,0.049200095218103285,67.55028268644475,0.13575768736113414,0.1332736432398042,1.5041559299387692,-191649200.0,0.0036211518537909715,0.04872063351477829,2.433792662590136,94.06036376953124
2020-07-14,94.06036376953124,0.016548510139363426,0.011384073938112436,0.034798904942263176,66.87410255857733,0.16216897186496837,0.13311653708421897,1.2290233434306495,170989200.0,0.011964390668022684,0.0594944202708807,2.494960691856761,94.70723724365234
2020-07-15,94.70723724365234,0.006877216376773632,0.007751770751114965,0.028216932595342456,75.48758798340455,0.1824147371227438,0.13965810302404794,1.0468113927365101,153198000.0,0.013886728095561685,0.06115977065637912,2.5530445001666777,93.5418930053711
2020-07-16,93.5418930053711,-0.012304701015437458,0.01099160511408757,0.015540418184647874,67.55336222741424,0.08166749707458143,0.13840624568391516,0.7714667479312689,-110577600.0,-0.00018631644350752818,0.04321735057103249,2.450937437200025,93.35292053222656
2020-07-17,93.35292053222656,-0.00202019081582705,0.01111182687110091,0.013573514882734753,81.61694456735998,-0.02751084955200067,0.13414731325564058,0.6414326285192001,-92186800.0,-0.0030478041515735743,0.03640801282098116,2.316549961100492,95.32019805908205
2020-07-20,95.32019805908205,0.02107355094666108,0.013588892254251837,0.024782045551964043,81.60585704429585,0.0014191992924228458,0.13078795581279154,0.731592808069602,90318000.0,0.01192905541547229,0.05206418882030084,2.3472819623112713,94.00462341308594
2020-07-21,94.00462341308594,-0.013801635674116852,0.014468556092081988,0.025850512317775194,72.10378074011491,-0.09411083712363277,0.12859531990130968,0.9407917140852983,-103433200.0,-0.001919098784199269,0.033518644566300715,2.2154834836873647,94.26870727539062
2020-07-22,94.26870727539062,0.0028092646161053114,0.014092167011031003,0.014109821085215898,73.61965491819582,-0.1616175881596602,0.1301079697642959,0.9165648508435953,89001600.0,0.001817673287383137,0.03331730237604469,2.1024194294304692,89.97794342041016
2020-07-23,89.97794342041016,-0.045516311605352855,0.024686571351397884,0.05458018403566983,55.14952581867042,-0.49833245256887926,0.12404925433286872,1.7222350439903207,-197004400.0,-0.03648272796294505,-0.015195789640761181,1.6108224246890757,89.75505065917969
2020-07-24,89.75505065917969,-0.0024771933293588067,0.024662085755937313,0.041300055777824016,47.25590856257264,-0.7253927670490992,0.12135585842695819,1.3938658681050398,-185438800.0,-0.031406079329239334,-0.018366796346214298,1.1997218500823834,91.88226318359376
2020-07-27,91.88226318359376,0.023700198582602194,0.025440773527486898,0.015030012225056908,54.719674052048916,-0.7201893112076716,0.10554382153987034,0.8706751406423289,121214000.0,-0.001037799254417604,0.0014999890562736873,1.0588004857109894,90.37287139892578
2020-07-28,90.37287139892578,-0.016427455445367167,0.02564111667901566,0.013967512496326695,43.75558628995077,-0.8001183316944402,0.09791103811212117,0.7441327135865747,-103625600.0,-0.009627206864409099,-0.016410586130866656,0.8054645941797673,92.10516357421876
2020-07-29,92.10516357421876,0.0191682763696448,0.02821326242908912,0.01596698039179802,48.033134033057586,-0.7205163990380741,0.09093497089310935,0.6474171889245024,90329200.0,0.01416564777490259,0.0004171371414956049,0.7539648005750195,93.21965026855467
2020-07-30,93.21965026855467,0.012100154335406454,0.01651825965327237,0.026302097048370752,50.70700390885734,-0.5828811202951094,0.0822636341628032,1.2002502969315856,158130000.0,0.01916156051000617,0.009778666155191296,0.7992782636832771,102.97866821289062
2020-07-31,102.97866821289062,0.10468842048024629,0.04528277626172409,0.05260684975442113,68.77020382947018,0.13691555989066995,0.12255743042003307,2.2081233964217644,374336800.0,0.09421721940405736,0.10664280635627188,1.6639182984170304,105.57349395751952
2020-08-03,105.57349395751952,0.025197701520712323,0.04524682545386671,0.034377465218015005,69.91959293013369,0.7263527291950842,0.167673666889739,1.489267840793804,308151200.0,0.09007255780995327,0.12545849830770428,2.4998243055095912,106.27852630615234
2020-08-04,106.27852630615234,0.006678118931220611,0.04037159346985498,0.02190766376900653,69.98000776714578,1.0809261077224042,0.19980120307421725,0.7838254203642184,173071600.0,0.06245483467955881,0.12340374680604804,3.1363666300266715,106.66376495361328
2020-08-05,106.66376495361328,0.0036248023081464353,0.042309395540757314,0.013583216323289363,73.28466943786779,1.2468319536904677,0.22674103342341564,0.5362413189857489,121776800.0,0.03614573786815356,0.11903881127536153,3.5866179024142752,110.38518524169922
2020-08-06,110.38518524169922,0.034889264312996326,0.04104602300455989,0.04051709147865531,76.8567131406859,1.4958531229012864,0.2629643657684038,0.8579198640543051,202428800.0,0.03768951860364034,0.14749352485033618,4.180015745402741,107.87550354003906
2020-08-07,107.87550354003906,-0.02273567504701801,0.02220724839742877,0.030442115890851683,69.46443411113837,1.3828515414889853,0.2799551419073749,0.9867998572957546,-198045600.0,0.004845673808678619,0.112776409076349,4.329614594477249,109.44342803955078
2020-08-10,109.44342803955078,0.014534574097536224,0.020793592309625436,0.03348784897402911,73.74889065554656,1.3059363464982159,0.29633006505524495,1.1699758870073627,212403600.0,0.012153474097832406,0.11918651372109257,4.501135957265419,106.18861389160156
2020-08-11,106.18861389160156,-0.02973969480171057,0.02665965321940845,0.03085714285714297,66.79096810248473,0.9449190142432045,0.3016978473161462,1.0183780474533177,-187902400.0,-0.017784313546436503,0.07920977273643803,4.268362477822691,109.7177276611328
2020-08-12,109.7177276611328,0.033234389641188855,0.030627596396890795,0.026347233512464183,78.41618655313074,0.855537861063743,0.31385060505492496,0.856796882049516,165598000.0,0.009157623542657145,0.10663558215289903,4.3276895795310395,111.65945434570312
2020-08-13,111.65945434570312,0.017697474473472585,0.027370540262552253,0.018389752663936238,80.04539689316972,0.8378452310271811,0.32539012568366393,1.0784147044100008,210082000.0,0.024615379316222707,0.11602327461575457,4.464783561199496,111.5599365234375
2020-08-14,111.5599365234375,-0.0008912619432790425,0.023830236794345656,0.017013700674768588,78.58092687063143,0.7338359808941899,0.33142778268266215,0.8792150655216625,-165565200.0,0.016826542250383714,0.10497460680576953,4.480340185334541,111.26866149902344
2020-08-17,111.26866149902344,-0.002610928559939385,0.02370231491964108,0.01854154426150634,81.46352895225075,0.5672674249731626,0.33637302796688173,0.7043731822395704,-119561600.0,0.010808455972525222,0.09345319032486188,4.389055862812768,112.19586181640624
2020-08-18,112.19586181640624,0.008332987068339515,0.014772274381604443,0.017241754939325376,81.00294332336526,0.44668703962721157,0.33723523624397833,0.6891181623515671,105633600.0,0.008227271258839153,0.09279706843340918,4.325757870367681,112.33661651611328
2020-08-19,112.33661651611328,0.0012545444852267718,0.008347155069758451,0.013417435419579363,80.41435001484487,0.3100449595497512,0.3350669171291567,0.9749586135970344,145538000.0,0.0047628874677383415,0.0846242623391733,4.216182570820308,114.82933807373048
2020-08-20,114.82933807373048,0.022189751079601416,0.010137957599122548,0.022489990511878163,74.52412687255497,0.319889099079246,0.32063343144750484,0.9567711732229041,126907200.0,0.021267306651059137,0.0955483272182509,4.277880945913225,120.74677276611328
2020-08-21,120.74677276611328,0.051532428834374144,0.021927990476115676,0.045167646386742206,77.60398449462632,0.6388600166306091,0.3134820171818788,2.0225962767286445,338054800.0,0.056629158968369175,0.13522138622128832,4.761809916497171,122.19092559814452
2020-08-24,122.19092559814452,0.011960177476780798,0.01966446240858381,0.03851581139490252,78.19050497372163,0.8479341381611158,0.30847327646849815,1.6285989112594335,345937600.0,0.04921026463762068,0.13266112931437823,5.162622344828307,121.18850708007812
2020-08-25,121.18850708007812,-0.008203706725023907,0.023022345677517417,0.017043881381294264,75.18145506366571,0.8190999847244997,0.2829439244560198,0.9054267829701219,-211495600.0,0.024776880798426548,0.10755059310767745,5.283142108914802,122.8365707397461
2020-08-26,122.8365707397461,0.013599174537062053,0.02170383850385763,0.015096158200559772,73.25901028908518,0.8099417535782862,0.2577398776353939,0.6876159085203392,163022400.0,0.02058973380899065,0.10706602863980819,5.423564552276233,121.36812591552734
2020-08-27,121.36812591552734,-0.011954459615532098,0.02522646047052388,0.02921769382344947,76.22415367473721,0.6128617871473345,0.2199540951639562,0.6406274864858721,-155552400.0,-0.002449772840454223,0.08013081604191785,5.306461016004931,121.17152404785156
2020-08-28,121.17152404785156,-0.0016198805591891574,0.011596957159617631,0.01494299479380158,74.07813959141762,0.38809658543585446,0.2140775374902666,0.8820200105675051,-187630000.0,-0.004760585180593635,0.0697212265570657,5.110865405096135,125.28072357177734
2020-08-31,125.28072357177734,0.03391225418855859,0.018810708824731077,0.038747677155508205,87.8682079630283,0.4316630129360588,0.22195440273264677,1.1962155943731794,225702700.0,0.02379386243971582,0.09645986176814514,5.233348865670706,130.27093505859375
2020-09-01,130.27093505859375,0.03983223711154049,0.02224149321390137,0.03182295800819246,88.53284678632386,0.6963709610031188,0.24207200098081968,0.8595753650256898,151948100.0,0.04900214174975148,0.1282882920244235,5.665450623384544,127.57196044921876
2020-09-02,127.57196044921876,-0.020718164095168468,0.027386728914443183,0.08356161520212098,79.00886476093415,0.5935166382917885,0.24596700974895871,1.08647875535777,-200119000.0,0.01949376574683903,0.09499769589365958,5.653537661860852,117.3584213256836
2020-09-03,117.3584213256836,-0.08006100311988829,0.048513044465320135,0.06899401495192199,57.72287089328825,-0.21524149769925405,0.24026047033515283,1.2590408166417302,-257599600.0,-0.056078593959925205,0.004325442970135818,4.662533118403289,117.43610382080078
2020-09-04,117.43610382080078,0.0006619251881516686,0.048572081462172144,0.10590275839575582,58.261280302793395,-0.7667977298821151,0.22818171058289208,1.4238607177575304,332607200.0,-0.04974384618624261,0.0008956999807436805,3.8549216054053943,109.5332489013672
2020-09-08,109.5332489013672,-0.06729493454153401,0.049242592912249125,0.05592977819236132,46.99500076633106,-1.6357828691648946,0.22798400865351745,0.985679175181838,-231366600.0,-0.09051325115028663,-0.06649524210759372,2.506097564137278,113.9021453857422
2020-09-09,113.9021453857422,0.039886486780914554,0.049260593836525236,0.033071916668178686,51.61290981831549,-1.8712898752810894,0.21123900756578975,0.7380929557331524,176940500.0,-0.02781000456563998,-0.03244133920652126,1.8424812367524623,110.1837387084961
2020-09-10,110.1837387084961,-0.03264562458111142,0.049259625933016624,0.07049079346712984,45.33170166093861,-2.2092471398329137,0.21015160366902402,0.7718335284995625,-182274400.0,-0.030778578855394145,-0.06421311630166526,0.9973883775544721,108.73714447021484
2020-09-11,108.73714447021484,-0.013128926783909423,0.03970586379052505,0.04669645854404996,36.74025377156514,-2.443684879722073,0.2166405933570371,0.8190773235608202,-180860300.0,-0.028772558316223384,-0.07535154749257322,0.2292831082960305,111.9992446899414
2020-09-14,111.9992446899414,0.029999870197254586,0.044397863835168215,0.027132430971373453,39.181721972123825,-2.294881441255384,0.21587921815876354,0.7687107575220885,140150100.0,0.010175241462392126,-0.04779007083583087,-0.06085164963404566,112.17400360107422
2020-09-15,112.17400360107422,0.0015603579436327397,0.02999855114392758,0.045179168940110315,40.260135509982554,-2.105466789651939,0.214279793890232,1.0674585569370005,184642000.0,0.006954698461849151,-0.04667117857604752,-0.2594423803043924,108.86334228515624
2020-09-16,108.86334228515624,-0.029513623563724556,0.025637666437087217,0.03531614359646239,35.42601032458117,-2.118159837061703,0.22116358398440197,0.91786099739641,-154679000.0,-0.013843027212083414,-0.0734953454555044,-0.6885959376280795,107.12550354003906
2020-09-17,107.12550354003906,-0.015963488798323766,0.022662675366959036,0.031629490480335185,35.22804549816016,-2.151663107420114,0.23239601448602154,1.0616843428174454,-178011000.0,-0.024178792669505178,-0.086259359166181,-1.1448195283388145,103.72746276855467
2020-09-18,103.72746276855467,-0.031720184822415676,0.025582882901612182,0.04483340583781524,33.03429014095376,-2.2974996648975954,0.25509519443082546,1.519737726646672,-287104900.0,-0.046428990449144614,-0.11103435727938149,-1.756922434520078,106.8730697631836
2020-09-21,106.8730697631836,0.030325691101185548,0.0257075742327331,0.0644077384570408,31.755151177844198,-2.0832627774057375,0.26503277152500243,0.9784215518721329,195713800.0,-0.008163199819011924,-0.07859810332286887,-1.9072677476210913,108.5526885986328
2020-09-22,108.5526885986328,0.015716015635847347,0.027859305450103965,0.03309182567778173,26.961937174113814,-1.743377244273701,0.26749570024490343,0.9165931360841032,183055400.0,0.014241780843273544,-0.05858267293701358,-1.8401145045076959,103.9993133544922
2020-09-23,103.9993133544922,-0.04194622264010828,0.030851026435897867,0.04985067055980389,25.941356260669707,-1.7363565469142248,0.2787130591528929,0.757682104170525,-150718700.0,-0.019388830981452942,-0.09129845985619,-2.152771830448785,105.06724548339844
2020-09-24,105.06724548339844,0.010268645959863987,0.0315336921784304,0.048512289232867385,34.576018562824814,-1.5756409045621935,0.2811088776422424,0.8520631316884548,167743300.0,-0.005459001462313262,-0.07478484469399471,-2.254480370864414,109.00897216796876
2020-09-25,109.00897216796876,0.037516227502063515,0.03122788976921515,0.04248311653295536,40.35982865269006,-1.1400271686214989,0.27699684339073793,0.8851461840864973,149981400.0,0.02163738251851255,-0.034822059261501725,-1.9494574498090174,111.61089324951172
2020-09-28,111.61089324951172,0.023868870880955795,0.03031688723028986,0.022094649754311056,52.70473933508071,-0.6378531361700525,0.26960206709683543,0.8722594032828365,137672400.0,0.03681514947600917,-0.007583904768082905,-1.4646298700230176,110.76625061035156
2020-09-29,110.76625061035156,-0.007567743744079869,0.030827576123111308,0.015251099304239658,45.50515352081069,-0.3387830404694694,0.24907154479967258,0.7043407635457507,-99382200.0,0.02475439350792219,-0.00869742672238305,-1.1534992083767293,112.4361343383789
2020-09-30,112.4361343383789,0.015075744812393932,0.01668732941997012,0.03143078720649151,53.42990117828572,-0.02144895271390257,0.19606656191320104,1.0228280124366536,142675200.0,0.024214666053523404,0.014342285906889574,-0.7586290155820592,113.3875961303711
2020-10-01,113.3875961303711,0.008462242121636265,0.016856593056530204,0.016182887018002752,57.190033433896104,0.2448983510883247,0.13880961230670816,0.898999057958762,116120400.0,0.01745865443053174,0.029512936137364276,-0.3708084317289604,109.72742462158205
2020-10-02,109.72742462158205,-0.032280175554481705,0.022115964761968688,0.027871187572470722,46.530262960418455,0.17046392418378742,0.12476024269274033,1.129570243139542,-144712000.0,-0.016652992615301065,-0.0002564945110180572,-0.39419750796267294,113.10604095458984
2020-10-05,113.10604095458984,0.030790992722737,0.024001630744648814,0.02660942896241271,51.29660338396459,0.3351465605740219,0.11049279923201154,0.8720894726542748,106243800.0,0.010916164051019583,0.032563428462997424,-0.112164673953842,109.86334991455078
2020-10-06,109.86334991455078,-0.028669477002921107,0.02784849564941975,0.03419938689766797,51.393796064027896,0.21774996907410382,0.11050779869233765,1.202966824859188,-161498200.0,-0.016478885966330403,0.002809274413102303,-0.18219734706836732,111.72742462158205
2020-10-07,111.72742462158205,0.016967211617715083,0.0281383040180461,0.012339292455213093,56.39159904894736,0.2551112690468001,0.105938956987277,0.7742674802381875,96849000.0,0.001479507625355314,0.020837352474220694,-0.06949303353454184,111.6206283569336
2020-10-08,111.6206283569336,-0.0009558643726924609,0.027662269133145605,0.01574328232382731,62.06591712810153,0.2611554448702292,0.10721347948718425,0.7041159606882956,-83477200.0,0.003701631706621189,0.019192539142896203,0.00589434506049713,113.56233978271484
2020-10-09,113.56233978271484,0.017395632459370924,0.022961801554385295,0.01778235281993421,60.61633070775379,0.377389557336803,0.11163840221903418,0.9160723846197175,100506900.0,0.014167175731495396,0.03464281337897557,0.22971206313468429,120.7759017944336
2020-10-12,120.7759017944336,0.06352072373218842,0.033602054012177134,0.04742766441728324,66.50065637166645,0.8921724443653074,0.1420011355665463,1.7597534920470506,240226800.0,0.0640117826800255,0.09598221110112193,1.0159684344443036,117.572021484375
2020-10-13,117.572021484375,-0.026527479923203146,0.03293462925186439,0.047398826887650077,69.01521600363243,0.9629219391402384,0.15312624136399544,1.6743280234222937,-262330500.0,0.021906317614987403,0.06430185715128256,1.3030176100070605,117.65941619873048
2020-10-14,117.65941619873048,0.0007433291802938502,0.03337532243923659,0.028137601815492422,68.13987682107008,0.9594978897439953,0.1623595471287762,0.9000381485461868,150712000.0,0.012227962654095093,0.06086939497709731,1.5005121245884823,117.1933822631836
2020-10-15,117.1933822631836,-0.003960872411263194,0.03366651729375355,0.02526713151765399,63.1022502345648,0.8722573808651721,0.16579507358898943,0.6496283079278533,-112559200.0,-0.0013568512739238203,0.05189307058892889,1.5803772102340758,115.5526351928711
2020-10-16,115.5526351928711,-0.014000338915279742,0.03490210268389941,0.023021387753699628,56.51061251565111,0.6601001316836974,0.15464877070645774,0.6547371758522226,-115393800.0,-0.01866686761070624,0.03169106563860469,1.4700762552479745,112.60120391845705
2020-10-19,112.60120391845705,-0.02554187768619698,0.01233086499898236,0.04104151033852676,52.833602228511516,0.2956198176621503,0.14815890358703301,0.7919760231544042,-120639300.0,-0.030267456771241763,0.0027755101486173217,1.107433857793879,114.0866241455078
2020-10-20,114.0866241455078,0.013191868073865853,0.014695334231285702,0.028508263489195912,52.56335060220662,0.1372487380903582,0.14501073197189135,0.9974195482646282,124423700.0,-0.01154083998724087,0.013506573705090119,0.9484157588553046,113.46526336669922
2020-10-21,113.46526336669922,-0.0054463946449681,0.014248269186082803,0.019337743502333953,50.12187343168766,-0.018397652246828544,0.1255930893743255,0.7988638664776664,-89946000.0,-0.009727353327625088,0.003766168427166372,0.7604808085086034,112.37789154052734
2020-10-22,112.37789154052734,-0.009583301478424122,0.014155066686075088,0.029805655098373452,54.52435663081407,-0.19387482356786112,0.10660262140663104,0.9231507838291296,-101988000.0,-0.010903606904638652,-0.009057603814010107,0.5140468852758886,111.68856811523438
2020-10-23,111.68856811523438,-0.0061339772071126175,0.013792281069214287,0.019732304019432392,47.33575755768049,-0.34673834197036013,0.10121212192383237,0.7946250127028217,-82572600.0,-0.010238408965323242,-0.016298193638704883,0.26303884666222643,111.6982650756836
2020-10-26,111.6982650756836,8.682142329208276e-05,0.008954424680847473,0.03189922382434729,53.92599272085239,-0.4320145677948477,0.10110178434055193,1.0948987922416848,111850700.0,-0.0085658522407418,-0.0162506385326755,0.07351247964663798,113.20311737060548
2020-10-27,113.20311737060548,0.013472476890328045,0.009070259448783258,0.02349912435357075,53.206691707185094,-0.37405609826673436,0.09841319368791285,0.963959734586399,92276800.0,0.006369613291685061,-0.004065834035936966,0.06223103904137872,107.96043395996094
2020-10-28,107.96043395996094,-0.046312182318098194,0.02228187274416796,0.03893886645581542,43.49772016514674,-0.6591185910970919,0.108114074199104,1.3512091695127857,-143937800.0,-0.03075100869954772,-0.048316036184057776,-0.4011097346060666,111.96041107177734
2020-10-29,111.96041107177734,0.037050398605287915,0.030561481462749673,0.04101633168098157,47.34812814989351,-0.5528892641974674,0.10881281844110856,1.266795557513596,146129200.0,0.005914098687189728,-0.012434547574747379,-0.39083826758857754,105.68861389160156
2020-10-30,105.68861389160156,-0.056017989931771095,0.03969281774357721,0.03922466120820862,24.220314567486,-0.8612350142312547,0.12180397269586722,1.3899324014258685,-190272600.0,-0.04008598969044497,-0.06609245620759285,-0.9194796947451636,105.60122680664062
2020-11-02,105.60122680664062,-0.0008268353774661952,0.03963485328950232,0.030890877209250555,27.107331905431664,-1.0166268639246934,0.13615605909130404,0.883320275267573,-122866900.0,-0.030138231201958132,-0.0637602796380683,-1.302455915368597,107.22257995605467
2020-11-03,107.22257995605467,0.015353544636207639,0.03992745216200975,0.024990895018317538,31.146949048221828,-0.9566393664660561,0.14159118698992665,0.7570323687391756,107624400.0,-0.004309477243768289,-0.04827156194318627,-1.423027547735913,111.60118103027344
2020-11-04,111.60118103027344,0.0408365577102634,0.03921051398213472,0.02818615006339143,41.149340457836075,-0.5866594147936832,0.1416578787022153,0.9802148147160674,138235500.0,0.029390621981689735,-0.009350744431320668,-1.1085410432315541,115.56234741210938
2020-11-05,115.56234741210938,0.035493946795790654,0.03892017660205963,0.023103419542992658,50.01431955993394,-0.06707975019052992,0.14294733428587708,0.9220133457545487,126387100.0,0.05889170673009381,0.02401981436305034,-0.5135857008943674,115.43104553222656
2020-11-06,115.43104553222656,-0.0011361994873172465,0.01971787617292135,0.02586569746124822,54.55071234739574,0.2580100162751022,0.14420290453480164,0.9388385420716641,-114457900.0,0.03913598771249349,0.022010152566806385,-0.07563908294814325,113.12611389160156
2020-11-09,113.12611389160156,-0.019968039187356235,0.025332230689364677,0.051065980292261455,48.49505492088449,0.3048515093878404,0.1291052464013696,1.2048536524582352,-154515300.0,0.004773663332253708,0.0050060739067465665,0.050303753363976966,112.78571319580078
2020-11-10,112.78571319580078,-0.0030090372955527966,0.026415832171646263,0.02983529402477045,48.92581088193254,0.2995138239981165,0.12243854205397141,1.027542095282565,-138023400.0,-0.008052389690698436,0.004116790479251842,0.1131911822812981,116.20909118652344
2020-11-11,116.20909118652344,0.030352940046400434,0.02367409035754642,0.026696751770375206,55.63961570520717,0.5012639610002946,0.11878415232091487,0.8695888527839001,112295000.0,0.01383867853080889,0.03526305606346747,0.4541805564379473,115.936767578125
2020-11-12,115.936767578125,-0.0023433933233445448,0.0182539319071345,0.016441566139798292,56.33117495928318,0.5852431333764716,0.11573563744526914,0.8286742198900192,-103162300.0,0.01080249038441261,0.03341546671242446,0.6751588620096811,115.98538970947266
2020-11-13,115.98538970947266,0.0004193849144094042,0.01822635931105884,0.015093035302038512,56.381781640995165,0.6101515395821641,0.11660292171546867,0.691867011975856,81581900.0,0.010249880603618866,0.03364950526688171,0.831258850891416,116.99683380126952
2020-11-16,116.99683380126952,0.008720443965661406,0.013954893889670613,0.023607616507447294,55.73149163323244,0.6567841835391633,0.12245547146289867,0.8663540369743709,91183000.0,0.01223430482290433,0.040625147233781966,1.0199902124981008,116.11181640625
2020-11-17,116.11181640625,-0.007564455945216486,0.014876004066172116,0.014322800010173156,64.1823841933062,0.5920639129803738,0.1251952893825777,0.8029415351404086,-74271000.0,-0.0011713178189157736,0.031824070908643254,1.065413390352461,114.78916931152344
2020-11-18,114.78916931152344,-0.011391149804244827,0.007731812895228145,0.01541980609715532,55.427317585855086,0.4316645979229706,0.12621573904468883,0.8947065356560989,-76322100.0,-0.01013095526886676,0.01947071238066167,0.9660747235003413,115.3824234008789
2020-11-19,115.3824234008789,0.00516820613750979,0.008449729081644803,0.018964936038227423,73.78051998755753,0.3409883952657391,0.12794118561937465,0.9323070110775378,74113000.0,-0.00406292984155987,0.023374162238883,0.9271737315583266,114.1181182861328
2020-11-20,114.1181182861328,-0.010957519156565731,0.009466338425876984,0.012612883703160252,69.75275219163207,0.17944441474196504,0.12792349820351617,0.9448722366027255,-73604300.0,-0.011790421020888897,0.011071157831299416,0.7728582906784993,110.72394561767578
2020-11-23,110.72394561767578,-0.02974262737093747,0.012496021511092727,0.03399211944180851,57.503494799901276,-0.15438187525167024,0.12879866240449578,1.5009194882957901,-127959300.0,-0.030651311771193845,-0.01857715611869326,0.3513741914477322,112.0076904296875
2020-11-24,112.0076904296875,0.011594102837017894,0.016170617710785734,0.02830600145923689,51.00438610711692,-0.2798060207575056,0.12898025564362464,1.2221595203326916,113874200.0,-0.01231504763240543,-0.0066721788726655795,0.14442881701475585,112.8440933227539
2020-11-25,112.8440933227539,0.007467370230184844,0.017083113326151336,0.013617183897933358,42.05743732324755,-0.2959433802324276,0.12233889922906711,0.8207188069949576,76499200.0,-0.00151449368376122,-0.001417073247261591,0.06115039089021934,113.38870239257812
2020-11-27,113.38870239257812,0.004826208034358848,0.017041393964360427,0.01089284400855302,44.173142307374164,-0.2606830376996396,0.12198018593083264,0.532242219665261,46691300.0,0.00685683105208601,0.002768582392070229,0.04559614398816336,115.78116607666016
2020-11-30,115.78116607666016,0.021099665430500902,0.019344357022696,0.03494333099933468,57.5372865049514,-0.07653610277763256,0.1064450926310208,1.5849490919555673,169410200.0,0.025073648379235758,0.019377443763618718,0.24043213050519796,119.3503875732422
2020-12-01,119.3503875732422,0.030827306525992526,0.010717083418599031,0.0281942556230105,65.74896467503814,0.26654915295718373,0.09287787018218444,1.1955022350113655,127728200.0,0.0407761391358592,0.044480264207839015,0.6895215465399929,119.70050048828124
2020-12-02,119.70050048828124,0.0029334878768130235,0.012054511558189034,0.020149523237233485,59.82480381565454,0.48522526431697877,0.0821749103555963,0.8737327301131617,89004200.0,0.030009821782003288,0.04185575461356095,1.0403374004645372,119.56434631347656
2020-12-03,119.56434631347656,-0.0011374570218943836,0.013630004900815807,0.012770454397643932,60.28681778767023,0.5823224148919266,0.0848684494414082,0.7714670629140399,-78967600.0,0.017075337014460068,0.03707668713013468,1.2702295126859298,118.89329528808594
2020-12-04,118.89329528808594,-0.005612467646761932,0.015604430002781191,0.010961177646504327,57.96485678951566,0.562663137181181,0.08923266770363728,0.720138336523912,-78260400.0,0.0019834841379071655,0.029768526189804412,1.3603144158517466,120.35210418701172
2020-12-07,120.35210418701172,0.01226990046319254,0.014436727955555765,0.018747472281407954,58.97036842431626,0.6054940255159111,0.09674794271596124,0.9411460291521697,86712000.0,0.006523070535429776,0.040186905633283754,1.529749215663287,120.96480560302734
2020-12-08,120.96480560302734,0.005090907385080445,0.006730095664314337,0.015195425798186692,63.166254831593356,0.6298706270900891,0.10208182848187275,0.990263740345213,82225500.0,0.008922766874918553,0.04195285073513366,1.6817335543015162,118.43619537353516
2020-12-09,118.43619537353516,-0.020903685306537634,0.012500371006621151,0.04064704383199355,59.286764200197474,0.4394958043983739,0.09965571763937596,1.3041130213457217,-115089200.0,-0.01007967498087814,0.01769555883076568,1.5461932214014666,119.8561019897461
2020-12-10,119.8561019897461,0.011988789505883002,0.014027268446160977,0.03018501529686202,60.93153320432659,0.37548213298659694,0.1029930498696965,0.9165050530963417,81312200.0,0.0012999235661514952,0.02828527941132819,1.5420198989456253,119.04891967773438
2020-12-11,119.04891967773438,-0.006734595057002357,0.014159201760733013,0.018054072529668015,62.323834890473925,0.25104147336109506,0.10444429125321826,0.9611308248652877,-86939800.0,-0.00570196626320274,0.019998486995947085,1.4423429986167662,118.43619537353516
2020-12-14,118.43619537353516,-0.005146827924670472,0.012541183058739046,0.01486284756722672,72.38848943807965,0.10708741466553118,0.10496279219267493,0.8902112012289118,-79184500.0,-0.007643570393016774,0.013684450710824692,1.2905308426224593,124.36869049072266
2020-12-15,124.36869049072266,0.05009022029521493,0.027340187350916752,0.029480797258620187,78.25701593901356,0.375905583867145,0.11940243059620356,1.5126294468277663,157243700.0,0.03615344570814383,0.061112581112810815,1.6694395019221702,124.30062866210938
2020-12-16,124.30062866210938,-0.000547258545094631,0.02362135857477788,0.014161627362241047,77.14290982037538,0.5055512054079092,0.13017294058868928,0.9764444942897913,-98208600.0,0.025564913795068867,0.05683997288986964,1.9151294853000707,125.16619110107422
2020-12-17,125.16619110107422,0.006963459865659605,0.023618774005482145,0.011965878643658525,77.48531545727286,0.599599398765438,0.13939142177281988,0.9144518587949988,94359800.0,0.023736038994188524,0.05952522237964519,2.138781944155994,123.18221282958984
2020-12-18,123.18221282958984,-0.015850752140266655,0.025413480919980063,0.023527579905045243,67.60764574085451,0.48318801266096045,0.1421040871294039,1.548911482658907,-192541500.0,0.0007427780979347709,0.03929997168334909,2.095534659558794,124.70909118652344
2020-12-21,124.70909118652344,0.012395282743019598,0.024494020218575573,0.03790065329704924,64.12100571373426,0.46392050145424246,0.14422342349833475,0.9135823528808996,121251600.0,0.0029251459336412378,0.04750230346120987,2.159431381785282,128.25888061523438
2020-12-22,128.25888061523438,0.028464560161068242,0.016327890491063764,0.03609349097199906,69.29831563547485,0.6345910138667836,0.14316389667192864,1.2506532607950374,168904800.0,0.025059099371528504,0.06944330237621954,2.47667987766323,127.36412811279295
2020-12-23,127.36412811279295,-0.006976144639259774,0.01722870328621383,0.012599219699869298,67.00595413747178,0.6302775254216058,0.13827556766107407,0.6630555130505678,-88223700.0,0.012947970660712738,0.05522691307064975,2.5911721860426695,128.34642028808594
2020-12-24,128.34642028808594,0.007712471241691166,0.017253290022948706,0.01788285662288334,70.3347727502491,0.6348656516761606,0.13419674493221487,0.4388427801666114,54930100.0,0.015622696414179016,0.05658003629471331,2.71610439164688,132.9368133544922
2020-12-28,132.9368133544922,0.035765649373801445,0.016987013401122505,0.028019619303880382,73.85697182033206,0.8736062028607838,0.14268363993131108,1.1158748962883231,124486200.0,0.03595414886274373,0.08563402627171324,3.1589911921657574,131.16677856445312
2020-12-29,131.16677856445312,-0.013314857979324746,0.02145499906010907,0.03299471423852004,68.52703739593726,0.8386950115843197,0.1455846094214684,1.0854466912282295,-121047300.0,0.01197530469021757,0.06449144251059513,3.278891548526289,130.04835510253906
2020-12-30,130.04835510253906,-0.008526728140727302,0.019964566182739316,0.019368916938647913,72.22637762217336,0.6737670690792799,0.14979205113384397,0.9940658293265812,-96452100.0,0.0005836312958567014,0.05085306216323038,3.214038412185431,129.046630859375
2020-12-31,129.046630859375,-0.007702705984818037,0.02005714204264248,0.02275984789279453,67.8774205554993,0.4419047610943414,0.15053825030254783,0.9990942122115838,-99116600.0,-0.009687502612726107,0.03883594239085242,3.0236465298204536,125.85672760009766
2021-01-04,125.85672760009766,-0.024718996831102458,0.023081920202159163,0.052932526700227106,62.11913823493699,0.03959223171772752,0.14631095266271996,1.226051459940134,-143301900.0,-0.030462223039402936,0.010597410640081018,2.5541674683951783,127.41276550292967
2021-01-05,127.41276550292967,0.012363565559850187,0.013435879289924306,0.02526534582222356,65.46067699798922,-0.14568066780066635,0.14069068352033906,0.875788313412824,97664900.0,-0.010049908280400532,0.019604483053061506,2.297124908565465,123.12384796142578
2021-01-06,123.12384796142578,-0.03366159995487483,0.017706652363799823,0.03688788194807509,47.72729045507678,-0.5578843864043095,0.13699426433864015,1.310698442506087,-155088000.0,-0.031265857096402394,-0.015808529477796096,1.695734743218182,127.32527923583984
2021-01-07,127.32527923583984,0.03412361897372107,0.027585962691963447,0.02879624446370639,54.79796824566945,-0.5476097881725526,0.13383837511062785,0.9059799295443932,109578200.0,0.0061020181061695045,0.015194893082940641,1.5849467269455602,128.42420959472656
2021-01-08,128.42420959472656,0.00863088905425613,0.027990063752239308,0.018175002649055003,55.13017441403674,-0.46981882407455,0.12407822254127976,0.8608359125016863,105158200.0,0.015784752443162908,0.01989586413153388,1.5706353394448342,125.4385223388672
2021-01-11,125.4385223388672,-0.02324863252249254,0.02768000736124428,0.012947730068723738,53.444200937789205,-0.6133877823693745,0.11538441424567977,0.88386275260454,-100384500.0,-0.00717403242287773,-0.006018650818578997,1.2743429856024449,125.26346588134766
2021-01-12,125.26346588134766,-0.001395555801005366,0.026767961053874457,0.021972063385102932,50.88266741624299,-0.7074088032997814,0.10248578031594499,0.8178374484132631,-91951100.0,-0.005174909936957239,-0.009843788991920843,1.0177867362524609,127.29605102539062
2021-01-13,127.29605102539062,0.01622648016116912,0.02126532154299751,0.02261434386798699,48.3891719680183,-0.622946542398469,0.08277973649918309,0.8940410176297052,88636800.0,0.004312012165281098,0.002711789450805524,0.9862258587502879,125.37041473388672
2021-01-14,125.37041473388672,-0.015127227246977348,0.016313986659404364,0.017376506318589766,46.77570600835072,-0.6822266932348748,0.08140432254185512,0.9470068797805994,-90221800.0,-0.007819954535139617,-0.012845920964049018,0.7790633508803779,123.6490249633789
2021-01-15,123.6490249633789,-0.013730430533883675,0.015372152534438641,0.025326421552313485,42.5805961821878,-0.8139047710855558,0.08267417738235457,1.1557600187409627,-111598500.0,-0.013990605398698674,-0.02615014674047944,0.4631809367702857,124.32007598876952
2021-01-19,124.32007598876952,0.005427062814198136,0.013202898404547714,0.013846548127256183,34.46696331390369,-0.8295226485535825,0.08387263154125037,0.9590439286042621,90757300.0,-0.00686796499927278,-0.020538649071296988,0.2794251097049312,128.4047393798828
2021-01-20,128.4047393798828,0.03285602392555065,0.02035941806592957,0.02984172141054399,45.40448074107961,-0.5518381096665659,0.07948866537099553,1.0742761730952257,104319500.0,0.02063999823601259,0.009565581678350199,0.49221004890523545,133.11187744140625
2021-01-21,133.11187744140625,0.036658600642437866,0.0247256672812671,0.04442172899801028,54.553371728095414,-0.06389135087210063,0.08712766853806479,1.1618930930977396,120150900.0,0.04836253936533064,0.04312908448892161,1.0487474759100053,135.25148010253906
2021-01-22,135.25148010253906,0.01607371710367933,0.020646549254479334,0.034730722489964,58.9206449770162,0.36655622880489047,0.1020141430617996,1.0572921208323296,114459400.0,0.048888450581972,0.057000004048487485,1.6278165812642555,138.9957275390625
2021-01-25,138.9957275390625,0.027683596761268525,0.012842114816138601,0.05982369970121942,68.5934289696691,0.8399688885781937,0.12712103315513099,1.3418357061175674,157611700.0,0.0528640938216729,0.08134674858445412,2.3524680939092093,139.22915649414062
2021-01-26,139.22915649414062,0.0016793966203927368,0.014214215660103993,0.020466665686079664,67.37205589932812,1.089527461702251,0.14662089405058534,0.8269061292876951,98390600.0,0.03133780959274657,0.078596812703569,2.86837335533005,138.1593780517578
2021-01-27,138.1593780517578,-0.007683580575508553,0.018186777937168937,0.02738279217584778,74.41575860383186,1.100045452259943,0.15729292881333617,1.115229808423828,-140843800.0,0.008834306913196865,0.0681485279370666,3.1079869372953794,133.32583618164062
2021-01-28,133.32583618164062,-0.03498526077836295,0.024026235381676152,0.03858785240524299,59.54811307904719,0.7174842509831092,0.15911542622112387,1.090497771462424,-142621100.0,-0.02676412522960203,0.029919488214419143,2.8130567960163546,128.33668518066406
2021-01-29,128.33668518066406,-0.03742073662436618,0.027101116385598197,0.049484680562770944,49.87607323259602,0.09703721485686012,0.1593382260224582,1.2379778825675636,-177523800.0,-0.053629570158964524,-0.007965005504395384,2.114059820421943,130.4568328857422
2021-02-01,130.4568328857422,0.016520199988752315,0.02341463662756807,0.03317438666526976,57.28401547521067,-0.1865095277036133,0.15940685681767147,0.7980525198270302,106239800.0,-0.02572594685368279,0.007874280293751923,1.7435759762367695,131.2834930419922
2021-02-02,131.2834930419922,0.00633665663931926,0.024193339776188538,0.01259350232657238,58.575776236447396,-0.32615196491934206,0.15735113126142308,0.6402848491062495,83305400.0,-0.007776683635735027,0.012139100259130897,1.510702218073959,130.26231384277344
2021-02-03,130.26231384277344,-0.007778428007640836,0.024189688609227003,0.016126650908897037,54.350939092179566,-0.48545910860218155,0.1563226516798756,0.7495434235478367,-89880900.0,-0.003600607863002092,0.003164333879710046,1.2237420210933863,133.61758422851562
2021-02-04,133.61758422851562,0.025757798144074195,0.02467294443041118,0.020452708137980214,61.61009013994106,-0.36833931778073437,0.14976027324397012,0.7778411222379711,84183100.0,0.02160847567252766,0.024862506531123207,1.2806262026812476,133.20364379882812
2021-02-05,133.20364379882812,-0.0030979487623393753,0.013800363163285445,0.011406826712878874,63.96473910151034,-0.32380280152214924,0.1489208176324257,0.8615215466318236,-75693800.0,0.010919991742765145,0.019389436496662027,1.264720928426044,133.3497314453125
2021-02-08,133.3497314453125,0.0010967241009187667,0.012993568952301119,0.014900361480937188,63.40314540493517,-0.2906170577864149,0.14879332484934243,0.8816046279507093,71297200.0,0.007604297072355992,0.018587675376642743,1.243695245821442,132.47311401367188
2021-02-09,132.47311401367188,-0.006573822250254269,0.013786724390725813,0.014925364762034753,56.67454553010098,-0.3308896836904025,0.14335995877100818,0.9649140887596989,-76774200.0,-0.0008158275000503812,0.009180321290728655,1.1306973179362387,131.8692626953125
2021-02-10,131.8692626953125,-0.004558293377908029,0.013288924390178708,0.01913000670917889,47.64419866999457,-0.39693197432273,0.13640871505848123,0.9586296299504271,-73046600.0,-0.007775649371867033,0.002058852584196025,0.9751888274284397,131.61605834960938
2021-02-11,131.61605834960938,-0.001920116489072643,0.002879184038876173,0.01938869993721694,42.576865341007874,-0.4523819866805443,0.13268045784879054,0.890078367883181,-64280000.0,-0.006688965367519395,-0.0015041094628550633,0.8212633118413919,131.8497772216797
2021-02-12,131.8497772216797,0.0017757625855159276,0.0035815750004399584,0.01359234988741611,32.96683472500966,-0.4661808106758445,0.12415333168592431,0.8702980901658867,60145100.0,-0.0028874456327788733,-0.0021834127067575926,0.7133328401039591,129.72647094726562
2021-02-16,129.72647094726562,-0.01610398075109476,0.006712558045977188,0.02417599791035126,29.22134079285935,-0.602507437609717,0.10988253898867584,1.135446147394385,-80576300.0,-0.013538948922836136,-0.020504731684021005,0.43724813224338277,127.43756103515624
2021-02-17,127.43756103515624,-0.01764412378904412,0.008697405587246163,0.02101803788574101,27.742254698053102,-0.8176808515669112,0.10031224973649686,1.3022237353594004,-97918500.0,-0.02346566357475255,-0.03891818692659388,0.027128323519036712,126.3369598388672
2021-02-18,126.3369598388672,-0.008636395638373928,0.008519684913807047,0.01996759080896517,32.830545998706015,-0.9932954119990021,0.10538019809034774,1.211385308694906,-96856700.0,-0.02362103828388251,-0.04647498979980702,-0.37222676094728513,126.4927749633789
2021-02-19,126.4927749633789,0.0012333296979001318,0.009217246273427631,0.014707043458235994,44.05930348200006,-1.052463768433917,0.1130192782565437,1.0358691896832775,87668800.0,-0.014613637976173655,-0.04290828320330675,-0.6479172800369781,122.7234344482422
2021-02-22,122.7234344482422,-0.029798860181761144,0.011488607726948307,0.0326984344966827,27.47794748279125,-1.2836396823491727,0.12801083996247767,1.1127461174073487,-103916400.0,-0.030187307938650876,-0.06700651484197051,-1.167130353400296,122.58708953857422
2021-02-23,122.58708953857422,-0.0011109932693864621,0.012751389864653588,0.0661051935045034,23.61237857256286,-1.3757330108549106,0.13090458804663266,1.4530232629875435,-158273000.0,-0.020209111849425865,-0.062193725442587944,-1.5430775929019518,122.09033203125
2021-02-24,122.09033203125,-0.004052282415660913,0.012477717478418733,0.026565570340614242,24.388549140831643,-1.395689501025068,0.12933393327356776,0.9954185961286214,-111039900.0,-0.015766604886626068,-0.059830507010781186,-1.8376655484416062,117.8437271118164
2021-02-25,117.8437271118164,-0.03478248317275967,0.017162533694857887,0.04892964933854294,3.179688041374604,-1.605511309079765,0.1406254126451905,1.2165496958122968,-148199500.0,-0.03681109586697273,-0.08537763167583656,-2.391587525031156,118.1067123413086
2021-02-26,118.1067123413086,0.002231643855278298,0.017384104616475445,0.030100622312197338,4.783754201637393,-1.631887021075163,0.15589671538485275,1.1994387083645048,164560400.0,-0.0212442301207596,-0.07789052213195335,-2.73745160861057,124.4668960571289
2021-03-01,124.4668960571289,0.053851162137512176,0.03193870486687861,0.04022223454749101,30.612140227780372,-1.1490712517475723,0.15814183218683084,0.8326969803146049,116307900.0,0.028490947911625764,-0.0267636310249616,-2.3954138490488077,121.86631774902344
2021-03-02,121.86631774902344,-0.020893734723744006,0.03378261372210984,0.029651526558762038,28.46965488361488,-0.9416500596254429,0.16286625423572568,0.7959674554453626,-102260900.0,0.008202873676316003,-0.043887006464856104,-2.3258963333814933,118.8858871459961
2021-03-03,118.8858871459961,-0.024456557464592965,0.035474428050084786,0.0317057416351681,25.964529200487533,-0.9398092899500039,0.1716567418201846,0.8766659682288392,-112966300.0,-0.011211653655554876,-0.06271190146506123,-2.49220599376207,117.0060806274414
2021-03-04,117.0060806274414,-0.015811855920679796,0.03234367826937807,0.04145505570131329,24.48964204005169,-0.9945375692094884,0.1838686887318262,1.3211336142872716,-178155000.0,-0.02548838557244404,-0.0726864320177315,-2.7349170687452897,118.26253509521484
2021-03-05,118.26253509521484,0.010738368989335667,0.03277802992334588,0.0359907989827306,27.093553987563226,-0.8794376840193681,0.1843422500031781,1.1588292046790696,153766600.0,-0.015279315369741697,-0.05699066486334892,-2.7584444981464884,113.33412170410156
2021-03-08,113.33412170410156,-0.04167349691214839,0.018975625182868352,0.04116535656928501,24.752433596081787,-1.0566259230470019,0.19514419765810015,1.1002923058808705,-154376600.0,-0.03849010532074959,-0.08907294028778445,-3.154798092333891,117.9411163330078
2021-03-09,117.9411163330078,0.04064966984024809,0.03227157708378921,0.02700468033661334,36.34835142851625,-0.7967904678949314,0.18925357727730863,0.8886355924331045,129525800.0,0.0073037641590634195,-0.04613739084181767,-2.9947001687779817,116.86000061035156
2021-03-10,116.86000061035156,-0.009166571898503117,0.030788927218326382,0.022670454614101353,36.368726217006646,-0.6378438992270459,0.18388998863867215,0.7690871793772542,-111943300.0,0.0015360691824846118,-0.0488759823170648,-2.9179329343621845,118.78849792480467
2021-03-11,118.78849792480467,0.01650262967979388,0.030832640205879013,0.01598882390029861,39.456164168155055,-0.3569445235488238,0.17338379103512552,0.7893071941171748,103026500.0,0.014963129486261106,-0.028005796014442308,-2.643608799679882,117.8826675415039
2021-03-12,117.8826675415039,-0.0076255731752259415,0.03083522021281457,0.01660740747838275,42.81166694045869,-0.19439932388501457,0.16090214323270977,0.7504983582840427,-88105100.0,0.007877707154612112,-0.029967471824295155,-2.4731877842540086,120.76571655273438
2021-03-15,120.76571655273438,0.024456937320453953,0.02135883047574858,0.028873311498787947,47.49933013375746,0.12768339002274853,0.14025641146872386,0.8800286473734987,92403800.0,0.019570820888859197,-0.0016907333465190355,-2.054591572135166,122.30462646484376
2021-03-16,122.30462646484376,0.01274293695295059,0.01502133066451516,0.01990921403261763,50.28603212504926,0.4468061855984016,0.12368292571096548,1.1281222917424603,115227900.0,0.02501103836065477,0.014141672392680382,-1.5759053522085367,121.51569366455078
2021-03-17,121.51569366455078,-0.006450555658413792,0.014305332267739621,0.028214204971055624,55.39960428421351,0.5977689721200794,0.11224414860743448,1.0958830881548098,-111932600.0,0.010513414478411143,0.010079829087644265,-1.2625706811677304,117.39569091796876
2021-03-18,117.39569091796876,-0.03390510824022008,0.02228560111288532,0.023728537619821216,49.06096611618731,0.4214750656547386,0.10401851878938959,1.146056970034549,-121229700.0,-0.021481422561703933,-0.0205271751644458,-1.3654691377001598,116.86971282958984
2021-03-19,116.86971282958984,-0.0044803866672282755,0.022136518952744145,0.014584548972047116,38.13866561209076,0.27770625238896907,0.0925080443074389,1.4812119867133609,-185549500.0,-0.024217819817436093,-0.02098540986861419,-1.463535463604174,120.18132019042967
2021-03-22,120.18132019042967,0.028335890288945453,0.023311594073572115,0.029256833035160988,47.42638627604887,0.40613292552939306,0.0890580653781351,0.8663927649058918,111912300.0,0.004412004490202737,0.007828937398583813,-1.2240681590949407,119.3534164428711
2021-03-23,119.3534164428711,-0.006888788925323408,0.022091906889962168,0.017137248722306802,50.76434900614673,0.4333345304505558,0.08520761807316839,0.7624057006391401,-95467100.0,0.002437778547033531,0.002245124162660872,-1.0972841471629664,116.96713256835938
2021-03-24,116.96713256835938,-0.01999342746635091,0.023167615231290056,0.023565675054998587,49.937362347470255,0.2952244344973489,0.08332409106233737,0.734462428472657,-88530500.0,-0.010040519133380887,-0.015675861271326252,-1.1910351205881398,117.4541244506836
2021-03-25,117.4541244506836,0.0041634933816951936,0.01793923995723134,0.022058244820375394,48.666891451548366,0.24343299660314965,0.0836637623091888,0.8516629470651681,98844700.0,-0.006017145478798391,-0.01141557268886606,-1.1976474077174402,118.05799865722656
2021-03-26,118.05799865722656,0.0051413622924456615,0.017823680349684116,0.021120412567647937,59.08578646593947,0.25536373789825806,0.08369072121080455,0.9622159877813323,94071200.0,-0.0029120916833600408,-0.006312530806709238,-1.1295202533338085,118.23330688476562
2021-03-29,118.23330688476562,0.001484933079782813,0.010504435002270267,0.015240122608311516,50.67748721552015,0.2786767722469514,0.0708785924456415,0.8828209127291976,80819200.0,0.0018651395929989434,-0.002219405474797931,-1.0443514699411054,116.78207397460938
2021-03-30,116.78207397460938,-0.012274315490225396,0.011226183332644834,0.012844044169548445,49.822364352382934,0.20346468334097234,0.0667869514547727,0.9562930096274592,-85671900.0,-0.006100935122971496,-0.012347651360655298,-1.0888683113402635,118.97357177734376
2021-03-31,118.97357177734376,0.01876570374328912,0.011057304730337262,0.019402333913891852,50.416881769731745,0.3024485247538371,0.06683865512347707,1.2383940914004288,118323800.0,0.00910394121895508,0.006149033583168206,-0.9132274047567392,119.80145263671876
2021-04-01,119.80145263671876,0.006958527402407988,0.01117205603249033,0.013739857247205367,54.33732483777654,0.4177139149903457,0.06697930110743255,0.8270176432545214,75089100.0,0.012095765073260933,0.011954208438832215,-0.6957160548333405,122.62604522705078
2021-04-05,122.62604522705078,0.023577281645300152,0.014253841237435103,0.024543319538006633,54.216329555581915,0.6636152858601592,0.07408063129603276,0.9881860694068423,88651200.0,0.028023666384017654,0.03390793572748363,-0.2781006571585465,122.92798614501952
2021-04-06,122.92798614501952,0.002462290269654055,0.014153610129428333,0.011726453833095297,51.49673175555335,0.8160039525296827,0.06805274783504794,0.8949541568087861,80171300.0,0.022506322532640954,0.03227868632597963,0.06200087526741527,124.57403564453124
2021-04-07,124.57403564453124,0.01339035602169436,0.008555883487212302,0.021735721236362783,57.05299932331404,0.9857102336543555,0.07860189020961648,0.9363507598460945,83466700.0,0.022938111151932894,0.043195993289484536,0.4552058472760905,126.97004699707033
2021-04-08,126.97004699707033,0.019233633558890517,0.008636474552201562,0.014344853547346522,73.98727896066401,1.2029887567400777,0.0937346942034682,1.0672718872507976,88844600.0,0.029098202212118007,0.058778496531135316,0.9458441757399783,129.54139709472656
2021-04-09,129.54139709472656,0.02025162751743781,0.00830349900845304,0.026842045604734407,78.79597699654813,1.4471423946174877,0.11691412021008595,1.191177045267021,106686700.0,0.03361976701400504,0.07539912948548766,1.5152934372875535,127.82718658447266
2021-04-12,127.82718658447266,-0.013232916648261872,0.014017574853250572,0.016915583113251087,68.73515866834725,1.4185491002565878,0.12655074682448367,1.0144493000610533,-91420000.0,0.011546076416692141,0.05680621545853448,1.7621784579386741,130.9342041015625
2021-04-13,130.9342041015625,0.024306390526999566,0.015061342631805112,0.02030804980338265,75.52606239126025,1.5249485695882785,0.14583184332057486,0.9884076680070482,91266500.0,0.023168277865708298,0.0779622766329311,2.1834294321437966,128.59661865234375
2021-04-14,128.59661865234375,-0.017853130625864133,0.020314863663645974,0.02529725341794337,75.68855021729854,1.3594437439789,0.15457384951220562,0.9369917450261107,-87222800.0,-0.001376614721718683,0.05598222550432852,2.2550679164560137,131.00244140625
2021-04-15,131.00244140625,0.018708289371202724,0.020234003906553128,0.010111528701498562,77.58839743213301,1.33180539318148,0.168058518136357,0.9587769407895513,89347100.0,0.010974438822186405,0.07156403779398723,2.4773465494849916,130.6712646484375
2021-04-16,130.6712646484375,-0.00252801973961303,0.01886373271051394,0.010360758435496649,75.97280629211902,1.2143235573021771,0.17344292326137495,0.9559483703409528,-84922400.0,0.006663168758251015,0.06308306393167595,2.570319384522932,131.33358764648438
2021-04-19,131.33358764648438,0.005068620096612797,0.016868127930080575,0.01579653619594447,76.4452413412426,1.1073233019002806,0.1761893753038075,1.05435514503728,94264200.0,0.00632885907076064,0.06222175995981005,2.651979718784105,129.64857482910156
2021-04-20,129.64857482910156,-0.012830021988879392,0.014556996245973473,0.027946819950760544,75.73045755973835,0.8601765265476051,0.17855135023352978,1.052140094920021,-94812300.0,-0.004621269164175046,0.044594158512204496,2.5206192942640513,130.02842712402344
2021-04-21,130.02842712402344,0.002929860936941031,0.011505614993512627,0.01835203706548464,73.83454377254357,0.6679588211998184,0.17879351179401157,0.7964854135801798,68847100.0,-0.003894930598308921,0.04316853593837333,2.412619017763859,128.50897216796875
2021-04-22,128.50897216796875,-0.011685559763061737,0.008204942521991596,0.020766940910068643,68.22999226275701,0.3975141976202168,0.17014221447042518,0.989284356447226,-84566500.0,-0.011759571598876528,0.026227311637164075,2.159339266795527,130.8271026611328
2021-04-23,130.8271026611328,0.01803866651531627,0.012848805617262008,0.022036861924324937,67.5416646132044,0.3362153340613121,0.16317492681101436,0.9338471832678139,78657500.0,0.005825891150347262,0.0391902296651816,2.1351592467977696,131.21669006347656
2021-04-26,131.21669006347656,0.0029778799225788077,0.012688009328799495,0.01113420417464703,67.66291032213825,0.28537695139247354,0.15542416046752214,0.8495055086677239,66905100.0,0.009002484614133,0.03686601890882901,2.114017808010175,130.89527893066406
2021-04-27,130.89527893066406,-0.00244946837675164,0.010795194687915701,0.009673361542242518,64.27629647294299,0.19773533022882495,0.14449896025542103,0.9043458486761353,-66015800.0,0.004604807448675308,0.02917757629638351,2.033933479347965,130.10630798339844
2021-04-28,130.10630798339844,-0.006027497352930067,0.011324733051749107,0.014523150283078073,57.63753001496007,0.06133121690736587,0.12276318774598892,1.333978286973422,-107760100.0,-0.0015698028672701536,0.017643633114185375,1.8711214747421536,130.00892639160156
2021-04-29,130.00892639160156,-0.0007484770977383981,0.009345400890914561,0.03461200572261766,51.29452572785385,-0.05448992205691372,0.10413272716048946,1.6059557073757624,-151101000.0,-0.0046086122462932755,0.012512226826391748,1.7097666239953924,128.04150390625
2021-04-30,128.04150390625,-0.015132980018814024,0.006880046649100487,0.018941047521735276,50.58520990350735,-0.2705559634783392,0.08279151174246831,1.0948444195474079,-109839500.0,-0.015472354169242974,-0.005999534404026452,1.3903761665031595,129.09341430664062
2021-05-03,129.09341430664062,0.008215386170103312,0.0084745348719339,0.016900600623452926,44.338136735513764,-0.34482360594536976,0.06917170638481593,0.7368331759345613,75135100.0,-0.004132344154731515,-0.00034292122422896476,1.2209429851639015,124.52533721923828
2021-05-04,124.52533721923828,-0.03538582593029582,0.016611666725963967,0.0374658474938617,38.98852157204073,-0.6841900759065465,0.06245432903798698,1.183046141695121,-137564700.0,-0.02983723126710902,-0.03631262255558387,0.6788720427495178,124.76883697509766
2021-05-05,124.76883697509766,0.001955423380469723,0.01743026249615639,0.019359840822607274,30.906873890880135,-0.8633022029948996,0.06172961340191555,0.7531805397449113,84000900.0,-0.019787997497554666,-0.03450098240022337,0.2869256176124111,126.3661880493164
2021-05-06,126.3661880493164,0.012802484281692506,0.019777718319911018,0.020194254937965533,37.762983891010045,-0.8442133902995219,0.06298679364837023,0.8059972950583749,78128300.0,-0.0015239371084834197,-0.02191167373051006,0.13011384408636673,127.03937530517578
2021-05-07,127.03937530517578,0.005327273586797299,0.019401779540208313,0.013670214941378395,37.80139928765587,-0.7589505782314458,0.0647190795713592,0.8701289085577574,78973300.0,0.0053874035519598795,-0.015748082111563866,0.07006395866596904,123.76119232177734
2021-05-10,123.76119232177734,-0.025804463974445246,0.021072542410120916,0.021521448643107496,34.6638175313244,-0.887118218519058,0.07423938647326536,0.943474974418218,-88071200.0,-0.012219386551847511,-0.03963351401716342,-0.25942714916745047,122.8440933227539
2021-05-11,122.8440933227539,-0.007410230798673867,0.014852711744579687,0.027797632421587132,31.794913831469188,-0.9896403861916909,0.0837475663424362,1.385221049533676,-126142800.0,-0.016900708517576413,-0.043748476851000695,-0.5782464168008374,119.78054809570312
2021-05-12,119.78054809570312,-0.024938482137694562,0.01742568797862979,0.01946729213161895,29.487394644588647,-1.2054396801845395,0.10361354427590101,1.160032133172309,-112172300.0,-0.033702721131862345,-0.06438553317648055,-1.0694845710827678,121.9269790649414
2021-05-13,121.9269790649414,0.017919695671481772,0.01902969024393794,0.01512362463940932,28.913714399539288,-1.1456903765704052,0.10983235592526554,1.035377270373727,105861300.0,-0.009291090364367482,-0.04423193030721362,-1.2287710070702644,124.34659576416016
2021-05-14,124.34659576416016,0.01984480151788226,0.022217683052672618,0.01600628453805141,35.15157651247547,-0.8963193722729258,0.10981391238533475,0.7966110529370304,81918000.0,0.014810137777290011,-0.022842618899006406,-1.1159162994564298,123.1953125
2021-05-17,123.1953125,-0.009258663311890847,0.019199872099151385,0.013938403286772488,33.93427706554975,-0.7670131999145144,0.10933368386608991,0.7419429626713089,-74244600.0,0.006343856894528432,-0.028784167027035457,-1.1127294816357107,121.80990600585938
2021-05-18,121.80990600585938,-0.011245610454055477,0.019603921807928,0.017701234373108627,33.11020197690095,-0.7329328007458675,0.11308702065985438,0.7238541652620303,-63342900.0,-0.003289060922727516,-0.03672974538160245,-1.2110509799427547,121.65380096435548
2021-05-19,121.65380096435548,-0.0012815463587697584,0.014812975544876173,0.016520952107301118,33.03122492738336,-0.6802029732775138,0.11503292185544219,1.1078552309351575,-92612000.0,-0.007608649826936098,-0.03476803024473685,-1.2763794350111795,124.20999908447266
2021-05-20,124.20999908447266,0.021012069494368957,0.01562378937075075,0.020579709345891723,42.400188374930266,-0.4439050586312281,0.11437061717704136,0.9879449712140587,76857100.0,0.009483473708604251,-0.012802886901222998,-1.0813217972376634,122.37577056884766
2021-05-21,122.37577056884766,-0.014767156663269776,0.014362285527806657,0.02224348966546392,37.076588928103725,-0.38411237203072035,0.1107751541141065,1.0262066716362281,-79295400.0,-0.002227391579224136,-0.024103454383803125,-1.0770119576890806,124.00511169433594
2021-05-24,124.00511169433594,0.013314246095567084,0.015452034123824076,0.015735641416291923,48.87160037902921,-0.21617178156969263,0.10238683735992944,0.840789572929446,63092900.0,0.009723842582408437,-0.008258405511537448,-0.914103503562103,123.80999755859376
2021-05-25,123.80999755859376,-0.0015734362323959195,0.01401032914214244,0.015760501224160128,47.915846478727985,-0.10518967669690427,0.09289683476638792,0.9379488046507787,-72009500.0,0.004862081273357743,-0.0070054383841618995,-0.7945733002932087,123.76119232177734
2021-05-26,123.76119232177734,-0.000394194635157219,0.01394259524392751,0.007646836676162726,43.929034988211605,-0.02614907177219994,0.08372290192645951,0.8132675427247961,-56575900.0,0.001041620653917219,-0.004864760115392386,-0.6965566196705737,122.22942352294922
2021-05-27,122.22942352294922,-0.012376810291594098,0.011194232049100436,0.02043420804228805,39.22169877447577,-0.06585189035417105,0.07344034373062602,1.2941162633517078,-94625600.0,-0.008170284384006465,-0.014097793762462563,-0.7445579058671541,121.57573699951172
2021-05-28,121.57573699951172,-0.005348029178217972,0.009401472494649135,0.01003129759952965,44.44995559220468,-0.12171224975815265,0.06866211055383872,0.9970373166673657,-71311100.0,-0.012192075260181845,-0.01680661022994978,-0.8237947837238693,121.25377655029295
2021-06-01,121.25377655029295,-0.00264822946720078,0.004785647443982605,0.011345317400740936,45.83544778236581,-0.16332416045984677,0.05704009159649192,0.9338034212578336,-67637100.0,-0.010383498822197024,-0.01629198631463369,-0.896061173173976,122.01478576660156
2021-06-02,122.01478576660156,0.006276169187958924,0.006825454090974126,0.009515391294120202,56.653099021093915,-0.12433921159574424,0.05692492247238704,0.8482262184606526,59278900.0,-0.0012458134092159234,-0.00910896430086483,-0.8681526172306917,120.53179168701172
2021-06-03,120.53179168701172,-0.012154216149070862,0.007715099174524536,0.013922625934568623,45.674512953990465,-0.17980502174440693,0.058576232429386824,1.0326867830690154,-76229200.0,-0.008141065169832262,-0.019465490080592507,-0.9608578469128162,122.8245849609375
2021-06-04,122.8245849609375,0.019022311390504587,0.012034094722944462,0.01834939390887189,45.243922616501756,-0.05019138841706172,0.052388735270780924,1.0749970825934942,75169300.0,0.009737326961930304,0.0006280067516575283,-0.8143353248759269,122.83433532714844
2021-06-07,122.83433532714844,7.938448327782233e-05,0.011550055437411931,0.011834772404377265,48.78533800227971,0.04304782522201578,0.04088749637500528,1.0169329491393273,71057600.0,0.0077321037557831485,0.0024244760759499773,-0.6909253686333727,123.65387725830078
2021-06-08,123.65387725830078,0.006671928732057131,0.011339287162889712,0.017752940408071034,56.45047561959186,0.16018139479308302,0.04071625484795627,1.0445899183127478,74403800.0,0.010476281893210926,0.009156770455702068,-0.5166498594772833,124.03437042236328
2021-06-09,124.03437042236328,0.0030770823568087025,0.011267299038262254,0.009675162302424486,58.198860453359146,0.2577669960629789,0.0421101741533264,0.8039556417210714,56877900.0,0.010251031342699113,0.011770610969388695,-0.3457512673350749,123.03922271728516
2021-06-10,123.03922271728516,-0.008023160852023814,0.009917805654845636,0.01784156679970155,45.48194260922408,0.24960702139206536,0.036174042544154725,1.02075452759575,-71186400.0,-0.0019310567488107777,0.0023208483455801066,-0.2994148594385564,124.24901580810548
2021-06-11,124.24901580810548,0.009832580734032703,0.00685478619236511,0.010522214239032466,57.59493592575136,0.31574079326809357,0.037114502401010226,0.8182649585794872,53522400.0,0.005558752594850391,0.011219830757995375,-0.15518521872658653,127.30280303955078
2021-06-14,127.30280303955078,0.024577959121717896,0.011810399650191627,0.026594065794993023,61.98581229885456,0.5419333655805664,0.04818516163379533,1.3730139389113538,96906500.0,0.022875140147128104,0.03482867480411955,0.21866653047497664,126.4832763671875
2021-06-15,126.4832763671875,-0.006437616869352625,0.013322828733798343,0.009333590863652794,59.294444320657085,0.6081692844106821,0.05431572980757605,0.9193879958211169,-62746300.0,0.011690276615226258,0.026794664122714362,0.4206728055585387,126.98085021972656
2021-06-16,126.98085021972656,0.00393391021192846,0.01330375349385032,0.018670709102867708,60.85534591194966,0.6533434130917644,0.0596413965338159,1.2203709640631555,91815000.0,0.010905225040869881,0.02867490331539657,0.6060055279301224,128.58090209960938
2021-06-17,128.58090209960938,0.012600733709957845,0.011404692746873843,0.022004775043710137,71.3163911969171,0.7518167875891233,0.06842180921075956,1.2038689916828453,96721700.0,0.014690197718139952,0.03872248252498678,0.8712389089321704,127.28327178955078
2021-06-18,127.28327178955078,-0.010091936585211903,0.01414880775675726,0.009734699895097159,68.36158552628991,0.6918981093915268,0.07282974596041286,1.1916768677096086,-108953300.0,-0.0003373139745846965,0.026964938416106365,0.940145170033702,129.07847595214844
2021-06-21,129.07847595214844,0.014104007049456024,0.01091620266948189,0.024187429133998486,72.99313209540368,0.7316438921224941,0.080364714259732,0.9054713848341758,79663300.0,0.010942244961124725,0.038640789107671214,1.1303030627617545,130.71754455566406
2021-06-22,130.71754455566406,0.012698233314462515,0.010188524896437711,0.01836100009190807,74.31840799413982,0.8201421174885148,0.09245309111189033,0.8273677143866766,74783600.0,0.017033892020000385,0.04899676342374604,1.3934076492369059,130.4444122314453
2021-06-23,130.4444122314453,-0.002089484813589393,0.010919674663270469,0.00815266732654936,79.70786637088378,0.8106567404549077,0.10091507829513181,0.7162625337200398,-60214200.0,0.009468210667513022,0.044025673346658856,1.540397290821005,130.16146850585938
2021-06-24,130.16146850585938,-0.002169075092951611,0.010489005871066302,0.012817679836050002,75.00020797544227,0.7377805874284644,0.10680847131508533,0.8756889051792212,-68711000.0,0.00482050481409102,0.039099694180304345,1.598036966300981,129.86878967285156
2021-06-25,129.86878967285156,-0.0022485827516200985,0.008542787951224607,0.008113603982439639,73.5162631070992,0.6266897894478038,0.10873477621531469,0.9993299559120591,-70783700.0,-0.0014251642687488353,0.03361138714856726,1.5876935030183716,131.4980926513672
2021-06-28,131.4980926513672,0.012545762400804295,0.008101763835196885,0.014097001882271976,74.8764713710214,0.6186983918645366,0.11138197747344461,0.9226173323058148,62111300.0,0.007354415384491553,0.042462617629082544,1.693609318329706,133.01036071777344
2021-06-29,133.01036071777344,0.011500304193883926,0.007782309074673991,0.015697200622797766,76.55915541731814,0.6668675898887124,0.11467199646497182,0.9889826559097582,64556100.0,0.015372426317602272,0.04956023341009996,1.8736202641004525,133.62503051757812
2021-06-30,133.62503051757812,0.004621217448683712,0.007126726781467774,0.011244220717214249,82.04396399259306,0.6889095017197651,0.1183014547117185,0.9601834720352374,63261400.0,0.015135155411631018,0.04960254929279384,2.0276496436090667,133.92747497558594
2021-07-01,133.92747497558594,0.002263381769391115,0.006258103649608167,0.011437366324419376,81.00026831913456,0.6719242072892497,0.11522568282673548,0.8379004611455426,52485800.0,0.011644175775194165,0.04647266183823051,2.132746243096932,136.55198669433594
2021-07-02,136.55198669433594,0.019596514600371817,0.006883964898472829,0.016076020949326492,80.46301019446629,0.7780252698808781,0.12264680390135187,1.227212115024503,78852600.0,0.02115871074446707,0.06128807591291041,2.4008448054996734,138.56182861328125
2021-07-06,138.56182861328125,0.014718511005220591,0.007140325470458241,0.021686991125255645,86.88935988166773,0.9147124158390567,0.13209886807880902,1.4725115336650716,108181800.0,0.02535600534466731,0.07036685367170059,2.731746594797414,141.04969787597656
2021-07-07,141.04969787597656,0.01795493959334804,0.007900377458748983,0.015425023272897541,88.31047902226041,1.0918267339406564,0.14652271716547058,1.2866488820515034,104911600.0,0.03149329562995806,0.0823131748774919,3.144796832220038,139.7520751953125
2021-07-08,139.7520751953125,-0.00919975512322646,0.012265493140715891,0.023666568414158762,80.92933241066743,1.0409256489085514,0.15174382128998565,1.1730420817617848,-105575500.0,0.012926581560026351,0.0659282766439866,3.2837576532464823,141.57655334472656
2021-07-09,141.57655334472656,0.013055105957204827,0.011705755768171709,0.020673971382962016,88.451666161079,1.0466499466394534,0.15499144259151337,1.0041046431702634,99890800.0,0.014897121241140843,0.07226374577037942,3.487726626280306,140.98143005371094
2021-07-12,140.98143005371094,-0.004203544138884019,0.012275697937388336,0.01605541400843424,84.23152063443584,0.9307670218821995,0.15485129164533223,0.7709230136883325,-76299700.0,0.004253416975620983,0.06103336304643414,3.5267972845632016,142.0936737060547
2021-07-13,142.0936737060547,0.007889291887023697,0.011482075802737027,0.026297733089161966,83.73877706176236,0.8515765836830349,0.16045822006660515,1.034114132643234,100827100.0,0.007108815607066665,0.06348497562325917,3.590947788784007,145.51815795898438
2021-07-14,145.51815795898438,0.024100188021134672,0.013375040698625851,0.01267190563714808,87.66462280588712,0.9451564568565862,0.16962233533225995,1.2464664052684629,127050800.0,0.024888512072352098,0.08141201991943836,3.872747053395301,144.86448669433594
2021-07-15,144.86448669433594,-0.004492025420172463,0.012115007832254396,0.019598624365865555,86.0700320355648,0.8797072419286271,0.1728900869782807,1.0454361194522408,-106820300.0,0.012989770827824154,0.06944773000645932,3.9576962340965167,142.82542419433594
2021-07-16,142.82542419433594,-0.014075654748305744,0.014680232237305598,0.026504471891525976,79.27709746688973,0.6275951686158567,0.17157064312844,0.9246557208904405,-93251400.0,-0.003010054847294219,0.04887960830255578,3.7755069482243186,138.9813690185547
2021-07-19,138.9813690185547,-0.02691436204348896,0.019680798858311418,0.01684808147904314,65.37090202469756,0.15508173129141056,0.16024196588233688,1.1051883181205429,-121434600.0,-0.02712687191615315,0.016284317658670666,3.242444181156486,142.5912322998047
2021-07-20,142.5912322998047,0.025973720842885628,0.023419657461121877,0.02832705824524858,68.11817854438678,0.0445331236440607,0.15463028861993092,0.8840956559384159,96350000.0,-0.0025525433788918805,0.037554942735679164,3.1042353315104947,141.85946655273438
2021-07-21,141.85946655273438,-0.005131912637740155,0.01950786833908526,0.010316369071294131,65.50330318390385,-0.11052192224720869,0.1493930034075221,0.7608149582286531,-74993500.0,-0.0025658692187745524,0.028062873701669933,2.884815549878823,143.2254180908203
2021-07-22,143.2254180908203,0.009628906489494993,0.020579494280765574,0.016280649454794512,66.8315710387042,-0.15122118136914064,0.14305384504477262,0.8345229932945262,77338200.0,0.009364820776850413,0.03317711367235443,2.7906986057368215,144.94256591796875
2021-07-23,144.94256591796875,0.011989127698406099,0.020084049748780634,0.012116337381116712,65.70494237936796,-0.09535373599764174,0.13563736689867895,0.8090271007331445,71447400.0,0.01842717362838875,0.0400193732014309,2.8213746432767834,145.36207580566406
2021-07-26,145.36207580566406,0.002894318070322699,0.011558577201827945,0.014296293739718085,63.53398916821697,-0.0644837061852126,0.12391567548418056,0.922578835713587,72434100.0,0.0122978509587377,0.037263869995652676,2.8315491090782245,143.19615173339844
2021-07-27,143.19615173339844,-0.01490020048393692,0.011058594999853157,0.024937000446733207,54.32737031732202,-0.2157492140073476,0.11026458239118378,1.3068614508874359,-104818600.0,-0.003625064502369657,0.01756142720737941,2.6025238093830865,141.44969177246094
2021-07-28,141.44969177246094,-0.012196277202959016,0.012392151865909288,0.03055599437936012,53.361651519519064,-0.4459832046520109,0.09716897278306189,1.336397213741616,-118931200.0,-0.015215554305689438,0.002146008581872305,2.2367115985425983,142.0936737060547
2021-07-29,142.0936737060547,0.004552727726191641,0.011531182613027316,0.013526512146107323,51.07423472266423,-0.5600749610854807,0.08303758903501862,0.6681049313413026,56699500.0,-0.009170690986500918,0.0036974724594349695,1.9829406211572405,142.3083038330078
2021-07-30,142.3083038330078,0.0015104833407089124,0.009169880423688595,0.015220082348920475,52.800641044634794,-0.6215138418923214,0.06550470844803143,0.831993933724523,70440600.0,-0.004015030724226931,0.0022469352459959513,1.779330244194199,141.97657775878906
2021-08-02,141.97657775878906,-0.0023310380721565105,0.008515128206442756,0.011682221676266586,49.744423884677026,-0.6801808132633358,0.05461821222283645,0.7598426081742534,-62880000.0,-0.0016054442177880768,-0.00199573994233182,1.5690738938832283,143.7717742919922
2021-08-03,143.7717742919922,0.012644314728117223,0.009132027002837308,0.019408255961629366,45.896451653846405,-0.5967494843324532,0.049432037733782644,0.8667384281872403,64786600.0,0.010200744631456926,0.008776140986976877,1.5416877431704847,143.3717498779297
2021-08-04,143.3717498779297,-0.002782357079700981,0.006306797056335769,0.010275566779139104,46.45014130054561,-0.567361061433477,0.04866981914206384,0.9057331083795293,-56368300.0,0.0046763373102116645,0.005150534648849403,1.4600848382968366,143.47911071777344
2021-08-05,143.47911071777344,0.0007488284123975397,0.006259523192180114,0.011355896890178706,51.7117950832642,-0.5397130025564625,0.04493953640437121,0.7710507283466922,46397700.0,0.003480222339285355,0.004590747368030446,1.3836899495967998,142.79510498046875
2021-08-06,142.79510498046875,-0.004767284477042444,0.0069619359672556036,0.010127246022446005,61.967629457748885,-0.5638781781359814,0.04416652383402418,0.9510632929363781,-54126800.0,-0.0019832317501705665,-0.0006247496948494913,1.2439566140462262,142.7462615966797
2021-08-09,142.7462615966797,-0.00034205222788097345,0.006800216207269148,0.008077162744614208,50.62650614296673,-0.5774323368736773,0.04234931519632487,0.903748169265389,-48908700.0,-0.0033968385404313794,-0.001583183821919354,1.114748412699413,142.2675018310547
2021-08-10,142.2675018310547,-0.0033539215687322654,0.0022560218634942375,0.016552222260183054,51.68338023203843,-0.609745358453694,0.042211870784920155,1.2557664051908017,-69023100.0,-0.004648673646776347,-0.004992282738832343,0.958346718354818,142.5215301513672
2021-08-11,142.5215301513672,0.0017855681518479383,0.002775405748854733,0.008158524862379538,46.80271807084617,-0.6039676131290665,0.038860329953720116,0.908288749420303,48493500.0,-0.0016837244459303458,-0.0021699936450143564,0.8479678863197364,145.48216247558594
2021-08-12,145.48216247558594,0.02077322858570474,0.010357017300872066,0.021559585781624677,52.202240165801655,-0.40051248323736255,0.040349117745185924,1.2341877516564805,72282600.0,0.016202916760780006,0.018337966656998717,1.0079072571469965,145.6873779296875
2021-08-13,145.6873779296875,0.0014105884227284538,0.009563845815738554,0.007847069893028847,51.35128282814198,-0.2587538709789543,0.044005711099176545,0.9959477715762964,59375000.0,0.013541102277147221,0.018753990274546828,1.1266185665188857,147.66114807128906
2021-08-16,147.66114807128906,0.013547983151664278,0.00997588915697353,0.031233465942365486,68.84818035426731,-0.049641880509947445,0.044665497338215294,1.4653153656677926,103296000.0,0.020295217891720396,0.029431960866032725,1.3658764127030736,146.75238037109375
2021-08-17,146.75238037109375,-0.006154413073888421,0.010740143093857365,0.017244798560417156,74.0879266820175,0.006880219445807967,0.0487078453198226,1.2275139162173443,-92229700.0,0.007769904027831842,0.021614570167386438,1.4406566379965113,143.01007080078125
2021-08-18,143.01007080078125,-0.025500844080684093,0.01804100081471569,0.03122442815769947,53.24842087271461,-0.21604675358503034,0.04747689376810112,1.0438217471771494,-86326000.0,-0.018587583258148688,-0.004836022630826831,1.147057506251656,143.34230041503906
2021-08-19,143.34230041503906,0.0023231204096152425,0.014472253362750771,0.02385821453857867,53.634978704230186,-0.34192080529401014,0.04743237101751251,1.0154476899111837,86960300.0,-0.013410051015313562,-0.0025647000275035303,0.9386198903719105,144.79820251464844
2021-08-20,144.79820251464844,0.010156821087661472,0.01560402372312779,0.011606729147488974,59.1927292539949,-0.32787598076832936,0.0472901838688292,0.7051119615727164,60549600.0,-0.002168091826619478,0.007616681452025098,0.894120886541856,146.28338623046875
2021-08-23,146.28338623046875,0.010256920942579129,0.014883082900734718,0.015363054896882626,58.35142120436301,-0.22425298818540407,0.04891137251537361,0.7785111966056737,60131800.0,0.009984434140248188,0.017625516930954044,0.9742847874738914,146.19546508789062
2021-08-24,146.19546508789062,-0.0006010330006963605,0.014681212101308329,0.011428998594257488,59.58821280127833,-0.16979698286319733,0.05098865511964505,0.70942899652951,-48606400.0,0.010154231069485986,0.015954005096170842,1.0091439435688017,144.96429443359375
2021-08-25,144.96429443359375,-0.00842140112592904,0.00786489763230639,0.01698573916213048,54.68549471772846,-0.22158507774467529,0.04869207188092294,0.9356587406269647,-58991300.0,-0.0010504323175649644,0.006169515847364693,0.9108795575602073,144.16305541992188
2021-08-26,144.16305541992188,-0.005527147335159244,0.008708018736355044,0.010912299604278789,54.28395578518005,-0.3093078287138822,0.046904771490590094,0.877597685320123,-48597200.0,-0.007694235550540607,-0.00010981163579160125,0.7529942393301212,145.19882202148438
2021-08-27,145.19882202148438,0.007184688188978106,0.008015329095597061,0.012920579341079057,57.23345559280845,-0.29701677249577063,0.04559996211404509,1.0252927746426237,55802400.0,-0.0011157230069416268,0.006065600509727931,0.7127559954192577,149.6153564453125
2021-08-30,149.6153564453125,0.03041715051362215,0.015591440538145639,0.031870461327259535,67.58644969545486,-0.006253651367277513,0.053439679318183435,1.5011635429801224,90956700.0,0.024570442232516365,0.03393104379121015,1.053011081073464,148.35488891601562
2021-08-31,148.35488891601562,-0.008424720291045795,0.01660486515877693,0.009945397796314499,63.31992844843625,0.08152933307348742,0.05747764417107836,1.2683820778537134,-86453100.0,0.012942883674782912,0.02359948942919554,1.1775228764701922,149.019287109375
2021-09-01,149.019287109375,0.004478438143926011,0.015331038667878204,0.01731033692700126,59.02287392677509,0.16014118285909018,0.061611163333967246,1.1089281517804304,80313700.0,0.01187615792819563,0.026184294777799044,1.306827592375555,150.13320922851562
2021-09-02,150.13320922851562,0.007475019782660963,0.01401237104046061,0.015099299813716443,60.838424659776386,0.2572063526760964,0.06731523589077335,0.9244389709480051,71115500.0,0.011241061596069413,0.03149180233009763,1.47636109208608,150.7683563232422
2021-09-03,150.7683563232422,0.004230556969976096,0.014129054340260457,0.009980612537028208,58.103945596424026,0.3296088605365668,0.07181733309683831,0.7475629623556534,57808700.0,0.007956617760907392,0.0330261127478364,1.6312863127643595,153.1036376953125
2021-09-07,153.1036376953125,0.015489200977050865,0.008611368804604398,0.018316389510943644,65.41756427997831,0.4905051830665683,0.08073489232046784,1.0884257001825282,82278300.0,0.018817137645954274,0.0453177563923004,1.9199126977268577,151.55978393554688
2021-09-08,151.55978393554688,-0.010083717036416862,0.009249396539857225,0.019727919196394574,73.23415696493112,0.4497579608477462,0.08144310877644854,1.016846096753425,-74420200.0,0.0042601542269860015,0.03150496818927606,1.9666589567847268,150.54364013671875
2021-09-09,150.54364013671875,-0.006704574079231085,0.010472136244096103,0.01401962458250507,68.86853630082383,0.3174126354961899,0.078893986031962,0.8355344730853438,-57305700.0,-0.004484047018167736,0.021799760532284163,1.879230811742275,145.56033325195312
2021-09-10,145.56033325195312,-0.03310207512080854,0.01815309807189204,0.04551251073195675,51.68535913634245,-0.1193053734340821,0.07882219140475837,1.706943512586802,-140893200.0,-0.03158077981067697,-0.012050141036020423,1.350515340986675,146.12704467773438
2021-09-13,146.12704467773438,0.0038933094828816905,0.018105989292074097,0.017853548073959145,49.639630894247176,-0.3694436802789096,0.07849836972005393,1.1196579850894934,102404300.0,-0.021769095396109828,-0.008351706084361865,0.9848089412138279,144.72979736328125
2021-09-14,144.72979736328125,-0.009561866645114048,0.013524130275014356,0.028085361863657406,46.81393068622521,-0.6140180028852376,0.08013960117417267,1.1283486919900223,-109296300.0,-0.020137031467518107,-0.016855842728934367,0.5760644545684954,145.6189422607422
2021-09-15,145.6189422607422,0.006143481948151397,0.01561754866108625,0.02059992853361826,51.44455420941945,-0.694972257065313,0.08071684320100975,0.8443282869081684,83281300.0,-0.0061222636028854804,-0.01043496133816757,0.3404944671857777,145.3844451904297
2021-09-16,145.3844451904297,-0.0016103472987231138,0.015876309944375732,0.011761543645174025,52.764273069912676,-0.7392530894271063,0.07712671008315121,0.6750630867624564,-68034100.0,-0.0006850738314466698,-0.012824920508152093,0.13991270477262674,142.71693420410156
2021-09-17,142.71693420410156,-0.01834798064424381,0.010095178742148932,0.020950382503979254,44.76928350957399,-0.9118108139020684,0.07846308241067274,1.3174356360756103,-129868800.0,-0.015170906877198909,-0.030731799591385167,-0.24194596154038095,139.66835021972656
2021-09-20,139.66835021972656,-0.021361052921828994,0.011450047213523433,0.02497545826538727,27.75337732921905,-1.1779652353562398,0.09016454931881758,1.201251499632072,-123478900.0,-0.02753963167195228,-0.04978112604202223,-0.7843776835354674,140.14712524414062
2021-09-21,140.14712524414062,0.0034279421476723915,0.012683087164481851,0.012689168354995463,30.97811173004183,-1.2610393661992818,0.09950402531825564,0.7891202673231534,75834000.0,-0.017939073204340183,-0.044529409890659344,-1.1308833685516504,142.5117645263672
2021-09-22,142.5117645263672,0.01687254931635085,0.015839911296668684,0.018717830739077776,36.02021850937663,-1.101781819521225,0.10281774869145482,0.8065990020271522,76404300.0,0.0029984761156089945,-0.027186619087301356,-1.1630745071621504,143.46929931640625
2021-09-23,143.46929931640625,0.0067189876795181736,0.016600576199339037,0.009807276601842812,35.58741879998891,-0.8862709536796302,0.1041412381931491,0.6891460940997508,64838200.0,0.012466979671565959,-0.020150323241145074,-1.08386104773777,143.5572509765625
2021-09-24,143.5572509765625,0.0006130347089956523,0.01405687244980665,0.01300029734490632,34.02585813517214,-0.7002738059632769,0.10474267711820912,0.6785961998643262,53477900.0,0.011887530193139373,-0.019346771114099104,-0.9988394938172007,142.04273986816406
2021-09-27,142.04273986816406,-0.010549875384878282,0.009935930731762719,0.01472105291001283,24.573130307590304,-0.6431949274104107,0.10799688279924506,1.0755672022259026,-74150700.0,-0.002127891846246288,-0.02864544468255492,-1.0497320413163038,138.66192626953125
2021-09-28,138.66192626953125,-0.023801382610407873,0.015711605294279177,0.021562944680627586,22.65940062956797,-0.787548785098697,0.11546595190258166,1.4420299520912632,-108972300.0,-0.02384162894022246,-0.04820031412166903,-1.361939701185264,139.56088256835938
2021-09-29,139.56088256835938,0.006483079551922177,0.013048082916372801,0.016943206174622853,26.60274539021755,-0.775669612189839,0.12029423139057097,0.9919394449170583,74602000.0,-0.013414098885953574,-0.039129641540750826,-1.491639376753625,138.26133728027344
2021-09-30,138.26133728027344,-0.00931167289981416,0.011613490574284952,0.021908170342866528,31.55554424499296,-0.8050246555410083,0.12543362754059462,1.11248674610178,-89056700.0,-0.015350653852036822,-0.044538496000838146,-1.6743363151817334,139.38499450683594
2021-10-01,139.38499450683594,0.008127053076918411,0.013264418869368398,0.02670871168321632,33.42936628005967,-0.7022077294533948,0.12478434480585236,1.071987237589124,94639600.0,-0.001414086773085077,-0.033182841874943136,-1.6833003267801132,135.95533752441406
2021-10-04,135.95533752441406,-0.024605639900883824,0.015772287852854654,0.02831682089039438,30.392950445950305,-0.8109192086682495,0.127522702517732,1.0558801836627127,-98322000.0,-0.017414519011485163,-0.05210228354088564,-1.9577279645491217,137.8802490234375
2021-10-05,137.8802490234375,0.014158410652158171,0.01577484315293223,0.02040964403908617,33.47248482857644,-0.7029494588166674,0.11557273449538745,0.9241661474064955,80861100.0,-0.002375476285965128,-0.03355265225550885,-1.9603166408254822,138.74984741210938
2021-10-06,138.74984741210938,0.006306910488129924,0.015754050881892162,0.026619709713358204,36.204733612915874,-0.5305735183881031,0.10234516727816033,0.9327617879827528,83221100.0,0.005096072780234051,-0.023071483792446612,-1.852998152974891,140.01031494140625
2021-10-07,140.01031494140625,0.009084460652076132,0.015492582229136206,0.01046828159873437,44.022379051417765,-0.30071161731061147,0.08625197122623199,0.7370602218605867,61732700.0,0.011663375571806966,-0.010527430813779604,-1.6323366611121628,139.62924194335938
2021-10-08,139.62924194335938,-0.0027217494525767494,0.015285800329256725,0.011336565335062476,49.90209268762639,-0.15094226938331312,0.08275189895627508,0.767454292796142,-58773200.0,0.008553893532281531,-0.01114809855767429,-1.473717605735402,139.5413360595703
2021-10-11,139.5413360595703,-0.0006295664329734052,0.006951573351436006,0.021006932646778696,48.45313748027508,-0.040171270515934276,0.07665800156913942,0.9232773407540619,-64452200.0,0.0027244337139000763,-0.009460715065350733,-1.3383902844514637,138.27108764648438
2021-10-12,138.27108764648438,-0.009103026020502392,0.007267198115608641,0.015617318914957835,38.53054715724363,-0.03501325971741953,0.07395729879177433,1.0702325307408729,-73035900.0,-0.006961185069579212,-0.016222438397155425,-1.3250155449898386,137.684814453125
2021-10-13,137.684814453125,-0.004240027350173814,0.006700605796917022,0.015612780434791494,34.034493969956756,-0.0525923122926677,0.06794833722845561,1.1694303335315972,-78762700.0,-0.0096566932238078,-0.017620912212559015,-1.3429303555495267,140.4695587158203
2021-10-14,140.4695587158203,0.020225500348430847,0.01134927614016205,0.01648588248842664,42.58207174849098,0.13174933453550985,0.0583848431685709,1.0133487528378855,69907100.0,0.009706430721215353,0.004008607056612767,-1.091834363902791,141.52487182617188
2021-10-15,141.52487182617188,0.007512753083296353,0.01149840269289781,0.009596792493737532,48.72779479182676,0.32231893089927754,0.056405207371493835,0.9593426343313803,67940300.0,0.014527328259785532,0.011982594898020116,-0.7956827871311987,143.1957244873047
2021-10-18,143.1957244873047,0.011806070831034132,0.011920960815832271,0.02511083315693677,62.15938602112782,0.545349778310122,0.06021987827354345,1.1404740280229573,85589200.0,0.021154743946438792,0.02264044472059279,-0.418013072849277,145.3551483154297
2021-10-19,145.3551483154297,0.015080225585341722,0.009254278008960287,0.017612229187512506,64.55577131984113,0.8069715714644732,0.0690635382834736,1.0087598810496747,76378900.0,0.02618587280213669,0.036135224027677326,0.055762035358952744,145.8437042236328
2021-10-20,145.8437042236328,0.003361118707284616,0.006540993861955409,0.010920574452639761,69.85673618070774,0.9705966364310941,0.07643217461630016,0.8153713924099395,58418800.0,0.017908585160109958,0.03838466025260967,0.4478123103642986,146.0586700439453
2021-10-21,146.0586700439453,0.0014739465200559465,0.00567548360689942,0.011841077890363105,68.35041528699193,1.0445496880798237,0.08226925748346682,0.878074569075695,61421000.0,0.011517289936642028,0.03895747686998097,0.7488887787223462,145.28672790527344
2021-10-22,145.28672790527344,-0.005285151086475204,0.008191830164287902,0.010357073514338512,80.05031792674417,0.9930584174721826,0.08555006705868182,0.8641752812590165,-58883400.0,0.0009558031453409388,0.03283112134008492,0.8919609787262175,145.23788452148438
2021-10-25,145.23788452148438,-0.000336186136843164,0.007550914883239963,0.011773412319603972,76.95063605267276,0.9095234256627678,0.08992733022645631,0.8292484501640983,-50720600.0,-0.002188446687170109,0.03131263533099604,0.9781974921893095,145.90235900878906
2021-10-26,145.90235900878906,0.0045750768781431805,0.003859268077881408,0.01225557019349201,76.5989851748366,0.8537323847276401,0.09393717912625027,1.0486668604643152,60893400.0,0.0016235091278367086,0.03337451348765996,1.0826266851742616,145.44309997558594
2021-10-27,145.44309997558594,-0.0031477149260860093,0.0038593421681943096,0.00833046814598495,71.48386069036927,0.7445954964375041,0.09676763465133373,0.9738248198954701,-56094900.0,-0.000979823348811193,0.02798037698477529,1.1014219431641834,149.0779266357422
2021-10-28,149.0779266357422,0.024991399803540926,0.012216267551174897,0.0226125501908823,79.71727677333095,0.8673215011973008,0.10498678077207545,1.5317880235172967,100077900.0,0.019757404316619764,0.049658683181116325,1.4109666814617583,146.37135314941406
2021-10-29,146.37135314941406,-0.018155427482845155,0.0155930604318634,0.02356474437505334,68.44325924363238,0.7222710316015805,0.10659259094470701,1.5907877985435657,-124953200.0,-0.00024023183987986751,0.028073084018301442,1.3813424987625353,145.550537109375
2021-11-01,145.550537109375,-0.005607764240596835,0.015930047538073148,0.01275506049173327,70.14585779076543,0.5356856738404199,0.09905436086690654,0.8951862867633027,-74588300.0,-0.006271072516333964,0.018874585471358785,1.2644272345313539,146.58628845214844
2021-11-02,146.58628845214844,0.007116094267622719,0.016130581465951952,0.01946416040910884,74.03680467940737,0.4501090226955746,0.09567316357812472,0.8135133461994656,69122000.0,-0.00013336857633183818,0.023007708445477393,1.2456601684439477,148.02267456054688
2021-11-03,148.02267456054688,0.009798911777941122,0.016328340828901066,0.014192315126567113,71.99767847191546,0.4568704267317031,0.09482782533652025,0.6439589663768399,54511500.0,0.0061236257893440005,0.029700273564159607,1.3345602255575955,147.50479125976562
2021-11-04,147.50479125976562,-0.0034986754719759094,0.011164153118887563,0.011857400679145438,67.97871364345353,0.39539488261547584,0.093991683487212,0.7872704197621501,-60394600.0,0.00475223756988763,0.02342989441373189,1.3324217097505766,148.033203125
2021-11-05,148.033203125,0.0035823369581522435,0.0066563470090207615,0.014145950600981293,65.61674592548587,0.36024331921400865,0.09186869027239197,1.0099950536950255,65463900.0,0.006073856648321829,0.024110419568412755,1.3535163602383875,147.21119689941406
2021-11-08,147.21119689941406,-0.00555285036217068,0.006640108033878942,0.009372531502440927,56.5581530764088,0.25643222485552,0.08692922518246973,0.9034247810191293,-55020900.0,-0.001765993624965656,0.015728909918337308,1.274524997817366,147.57325744628906
2021-11-09,147.57325744628906,0.0024594633730365967,0.006098299708617722,0.009084246000701797,56.16631668280582,0.19000853006654417,0.07646517324325645,0.9718004865513856,56787900.0,-0.0006485260679124361,0.01496985829924058,1.2253284089525778,144.74530029296875
2021-11-10,144.74530029296875,-0.019163073325460633,0.009094692862705653,0.015413729093565887,46.052910344068565,-0.053511972184030254,0.05812952173590405,1.0762118694659877,-65187100.0,-0.01542884662490085,-0.006891359014545184,0.9228475717313529,144.69638061523438
2021-11-11,144.69638061523438,-0.0003379707502444429,0.009283882597685224,0.011834720077004904,48.14521487586665,-0.2177939313271089,0.047705331714690505,0.7232066063688749,-41000000.0,-0.011986785067386152,-0.008664464486810242,0.67871767127059,146.7708740234375
2021-11-12,146.7708740234375,0.014336871450291833,0.012207877943746033,0.01946795161013844,54.27258901900478,-0.18779111610566646,0.038264679988193065,1.1320798907309761,63804000.0,0.003908854350400892,0.0037444012997409626,0.6658552665095101,146.78070068359375
2021-11-15,146.78070068359375,6.695238562581807e-05,0.0120160868935651,0.016333414713541525,52.54073751700431,-0.16892135986783674,0.03297601041970593,1.0353571201300131,59222800.0,0.00456767494373822,0.0025825822843053015,0.6456545778642351,147.7592315673828
2021-11-16,147.7592315673828,0.006666618153693182,0.012418123497069262,0.014238471226976347,56.50436395299408,-0.09581332668955067,0.033218266400404206,1.0270769830218105,59256200.0,0.011007380467918493,0.00843843705069558,0.7042419441239076,150.1957550048828
2021-11-17,150.1957550048828,0.016489822068334714,0.007825004719930561,0.0261254437639233,53.36570798493062,0.1007218203943927,0.039657289191037254,1.4227786856355538,88807000.0,0.020070326113963866,0.02354732671396209,0.9463715571278328,154.48179626464844
2021-11-18,154.48179626464844,0.028536367486726055,0.010752670878480483,0.03559888066770231,72.29907065879519,0.48211833532831894,0.06113930793885707,1.6852743229261047,137827700.0,0.03541693849791816,0.0497428064443477,1.4803087986450123,157.104248046875
2021-11-19,157.104248046875,0.01697579809166605,0.010885186154029088,0.027966399301260613,78.90271199587139,0.8521236995131596,0.08435972764318947,1.2683899655572335,117305600.0,0.03860725858885461,0.0632937427575524,2.076980091932427,157.56419372558594
2021-11-22,157.56419372558594,0.002927646352208768,0.010027792233862158,0.029188900903823936,78.27689859984844,1.0556447687004056,0.10103382774762848,1.128057727780121,117467900.0,0.02700508789925604,0.06197689751461244,2.522528941969796,157.94581604003906
2021-11-23,157.94581604003906,0.002422011660325296,0.010972746250096846,0.016975437897268738,77.02870186189291,1.136743354278407,0.11445454405466525,0.861439436462564,96041900.0,0.016000774706287357,0.060245879657212065,2.841711556158458,158.46446228027344
2021-11-24,158.46446228027344,0.0032836972402161546,0.011633727113259053,0.015437816242497257,79.85076549802048,1.1430122557692002,0.12485699849331046,0.6454444815498488,69463600.0,0.008607605528978324,0.05909868173809407,3.0736869051035,153.44451904296875
2021-11-26,153.44451904296875,-0.031678668927207165,0.018093976229524723,0.026082497299716845,61.84148841682082,0.7459857373508783,0.12666905230282796,0.8063028404228658,-76959800.0,-0.022052430135731105,0.02405353810968891,2.7575577808744924,156.80091857910156
2021-11-29,156.80091857910156,0.021873701042348204,0.019409677021201565,0.014977590320762844,68.88977856646493,0.6498526237587838,0.13072014746783447,0.9889890688582144,88748200.0,-0.00027456172663620215,0.04282411501863059,2.7663875616363782,161.7522735595703
2021-11-30,161.7522735595703,0.031577334019066594,0.024211385609700365,0.03387783424155273,73.6532524762153,0.847658308474406,0.14265118430884477,1.7223563001819255,174048100.0,0.025815794064639075,0.06998906477245526,3.1537098208273733,161.233642578125
2021-12-01,161.233642578125,-0.003206328851101503,0.024518900457403292,0.035018535673032924,79.80180303418086,0.8683161266237773,0.15062995786455777,1.35453439525421,-152052500.0,0.01828024925403171,0.0614161886508795,3.340916086669097,160.24534606933594
2021-12-02,160.24534606933594,-0.006129592391427741,0.024980213676623304,0.03908154684395293,77.18093344009918,0.7449061521454796,0.15559814741494118,1.0877390709187114,-136739200.0,0.00976718096353335,0.0506830847869979,3.3360791902902065,158.3665313720703
2021-12-03,158.3665313720703,-0.011724613184414645,0.019046501756766254,0.03237769161971537,70.40983883937277,0.479138048917108,0.15542011080575904,0.8812809405339905,-118023100.0,-0.008224030422221529,0.034679874838407176,3.11206308644924,161.7718963623047
2021-12-06,161.7718963623047,0.021503059773619215,0.01897217914822761,0.0217759856280156,73.56916015781496,0.4742065819715098,0.15940192806267006,0.7808197426956451,107497000.0,0.0068334565503929134,0.052206299836659475,3.1871812410037137,167.506103515625
2021-12-07,167.506103515625,0.03544625044437866,0.020288767868872383,0.018927477694783642,77.00741397423329,0.7805614345744925,0.17178283348006101,0.9484964327420149,120405400.0,0.03510835735471396,0.08235931630127191,3.684067052827089,171.32240295410156
2021-12-08,171.32240295410156,0.022783047055479955,0.020292503597583483,0.03004346419130545,77.84363630220898,1.1417894468715852,0.1891955649253449,0.9755377848513733,116998900.0,0.04565328840601257,0.09858940689047535,4.318513781744969,170.81358337402344
2021-12-09,170.81358337402344,-0.002969953557179772,0.019609881580008322,0.01621220136706724,73.9042828134478,1.2398533626823909,0.1931303445085689,0.952383159094172,-108923700.0,0.02926966683054899,0.08624776107852972,4.6693360497813785,175.5985870361328
2021-12-10,175.5985870361328,0.02801301610558604,0.014455599771532218,0.027528573560416547,75.45792100523968,1.5028440040115765,0.20238746632190724,1.0136778305061402,115402700.0,0.036576035488930625,0.10581140384066323,5.2624673782545415,171.96824645996094
2021-12-13,171.96824645996094,-0.02067408763047085,0.023520006146764593,0.037555513242386616,68.23586638446957,1.3149482227563887,0.20056111480287006,1.2458947030876582,-153237000.0,0.003070790431934478,0.07442540602667691,5.296098443762986,170.58848571777344
2021-12-14,170.58848571777344,-0.008023345998987907,0.020804011993247717,0.03172144049339297,65.6113632561021,0.99492508853705,0.1913116982925292,1.0993138654329484,-139380400.0,-0.008542312244449679,0.05793669580010663,5.109827030702974,175.4518280029297
2021-12-15,175.4518280029297,0.028509206026966494,0.022218032879205298,0.04010040334093423,68.943646393798,1.0050158453695008,0.18812775129927892,1.0112798146810429,131063300.0,0.014852037867084888,0.07883363993800319,5.30452454562527,168.56292724609375
2021-12-16,168.56292724609375,-0.03926377305525086,0.030019867092514984,0.06031580007531069,66.18481397918387,0.469195289634321,0.17522593427493063,1.0894567753789086,-150185800.0,-0.022449675308528594,0.030654573655739314,4.760356414597084,167.46697998046875
2021-12-17,167.46697998046875,-0.006501709975794245,0.024830093694976744,0.022087173032475222,61.99914651190815,-0.012079934385559099,0.16765957890484343,1.2701995530477608,-195432700.0,-0.01955833155337039,0.01990473363404055,4.18021303201391,166.10679626464844
2021-12-20,166.10679626464844,-0.008122100941803212,0.023999471388251807,0.018379941780191426,55.32938273744474,-0.4507733790252182,0.16241931473801516,0.7428472197172513,-107499100.0,-0.02080112468346207,0.008855330012687901,3.5606067771819596,169.2772216796875
2021-12-21,169.2772216796875,0.019086668856028055,0.026547331629119774,0.02358518816982139,59.24428045833495,-0.5496200599055872,0.1584122791249388,0.6750842653207116,91185900.0,-0.0005663763986123449,0.024467015215485333,3.3147773902373388,171.870361328125
2021-12-22,171.870361328125,0.015318893012931989,0.02330742480928812,0.021122789380320743,62.88502941957437,-0.4658640005259338,0.15591607746097078,0.7238347190648967,92135300.0,0.019053503544228745,0.03579631282700313,3.299915304697379,172.4966278076172
2021-12-23,172.4966278076172,0.0036438305863368825,0.012356537690080868,0.00896302383705407,66.10891500404622,-0.39650616456318133,0.1530485109371107,0.6162587160409773,68356600.0,0.018017974371037804,0.035193447668487865,3.285994316574943,176.459716796875
2021-12-27,176.459716796875,0.022974878057777426,0.01271153559677521,0.01857700222209871,66.53448210114713,-0.12595677356629587,0.14141398049530213,0.8629371579821538,74919600.0,0.030468971457511262,0.05171377153876522,3.56191342285166,175.44204711914062
2021-12-28,175.44204711914062,-0.00576715012472695,0.011860460405393968,0.01561717416816025,59.99509556348362,-0.061060360941548986,0.13202628697067184,0.9753039926633127,-79144300.0,0.013476188677183698,0.039871758040208594,3.616377145480328,175.53009033203125
2021-12-29,175.53009033203125,0.0005018364430668942,0.011622516138514526,0.013881176415346601,55.8487327727984,-0.057762045739624845,0.13019674098788123,0.8271175710995379,62348900.0,0.006712108327254551,0.036162784097704126,3.6016959863694638,174.37542724609375
2021-12-30,174.37542724609375,-0.0065781489871813426,0.011981703226795306,0.01391700914028894,54.86367767532588,-0.17242008919836493,0.12387467791247105,0.8674258959129558,-59773000.0,-0.002775663068036671,0.02536951671586274,3.4284902553210372,173.75897216796875
2021-12-31,173.75897216796875,-0.0035352175926428586,0.01230433100049813,0.011094222782263886,47.165307564869856,-0.3202601710027668,0.11212360312080862,0.9414056977834704,-64062300.0,-0.007733729793655053,0.017701114012060204,3.187532495177919,178.1036376953125
2022-01-03,178.1036376953125,0.02500397805728194,0.01319044460072419,0.02840502348760362,59.2504811716155,-0.1638110255466545,0.09513893860708456,1.4126996531251723,104487900.0,0.015170838531008313,0.03715296473007723,3.3301273158778883,175.8432159423828
2022-01-04,175.8432159423828,-0.012691609122530423,0.014498608572084274,0.021257692760668318,57.717735458007326,-0.2459884913064041,0.0798303052343515,1.2732673902034066,-99310400.0,0.0018285273318570106,0.01981157116384069,3.18231246746916,171.16583251953125
2022-01-05,171.16583251953125,-0.02659973771398816,0.01891105852122906,0.031614445673363044,43.67049158828214,-0.6271088052448235,0.07550461708803079,1.119659512538989,-94537600.0,-0.019946156433190643,-0.00836750833697708,2.612817846669145,168.30853271484375
2022-01-06,168.30853271484375,-0.01669316686997946,0.01966414278875913,0.02127909105877529,49.573530660669356,-1.0580389560258876,0.07858124652636625,1.0549045922270783,-96904000.0,-0.029564244814070606,-0.02406897978287237,1.8986150430447992,168.47483825683594
2022-01-07,168.47483825683594,0.0009880992918758214,0.01995965192513927,0.018063545585333702,51.74394013082125,-1.3022279626490265,0.08092580691400353,0.8995671741200832,86709100.0,-0.022649907356296017,-0.022441823352428836,1.3514417584036948,168.4944305419922
2022-01-10,168.4944305419922,0.00011629205499752437,0.011682348936881517,0.025146650616536904,54.33242223147599,-1.4229653030225782,0.08138771719617703,1.1024340458714896,106765600.0,-0.011515720635495108,-0.020308941589694873,0.9246861176931986,171.32240295410156
2022-01-11,171.32240295410156,0.01678377381977958,0.01688055565818104,0.024902817603176215,53.75773299637944,-1.2775287951797503,0.08147659352813341,0.8256972167721567,76138300.0,0.010434456438758621,-0.0036789601531481697,0.83761031340714,171.76271057128906
2022-01-12,171.76271057128906,0.002570052775324738,0.011886092684185208,0.01344491179840902,49.78521512889223,-1.122347140632646,0.0811162605024208,0.8475123163983139,74805200.0,0.012318593413411572,-0.001459297971830642,0.796769398070353,168.4944305419922
2022-01-13,168.4944305419922,-0.019027878742868376,0.012756773635627232,0.02805041966764757,42.77637748087567,-1.2033076391837922,0.08095384330680817,0.9850905988007199,-84505800.0,-0.007161238179951512,-0.01847443308547203,0.46977167209283266,169.3555450439453
2022-01-14,169.3555450439453,0.005110640744523165,0.012945324255400886,0.015542857384682274,35.560728620633824,-1.16176248786859,0.08016888964979382,0.9516114416533362,80440800.0,-0.003121853399533414,-0.013685909631196536,0.29412921412117043,166.1557159423828
2022-01-18,166.1557159423828,-0.01889415017814855,0.015789607115009305,0.018433389680619527,32.663326889648914,-1.302123075989508,0.08244019960160572,1.1178249404935716,-90956700.0,-0.01925676119310793,-0.03195184130696227,-0.11802645341515472,162.66233825683594
2022-01-19,162.66233825683594,-0.021024721693945536,0.012924493227852524,0.030921010177207844,28.687071587395536,-1.5649065064892582,0.09068970139837032,1.1140982812935125,-94815000.0,-0.029959599360093514,-0.05135291527797026,-0.7235418951727013,160.97921752929688
2022-01-20,160.97921752929688,-0.01034732898577606,0.010844020287618793,0.0334326191942791,28.19352293975396,-1.7715535527655961,0.10579950183208355,1.033843896984386,-91420500.0,-0.027488957091069466,-0.0588916800383682,-1.3049764731408118,158.92430114746094
2022-01-21,158.92430114746094,-0.01276510355420235,0.010298069139811994,0.024813734920425073,26.932263013558213,-1.9518720224989012,0.12362143586685992,1.2783925887738956,-122848900.0,-0.028671639468729415,-0.06737576136962797,-1.8907069258538058,158.15127563476562
2022-01-24,158.15127563476562,-0.004864111448745989,0.006533471518932547,0.04702392236805238,15.097436915842948,-2.0199796666786236,0.13919281304466624,1.4430401626644014,-162294600.0,-0.019973990160482624,-0.06798914718235827,-2.3584887005914936,156.35076904296875
2022-01-25,156.35076904296875,-0.011384711154369453,0.0058316377789350395,0.03592433519982446,15.344335622447531,-2.075152923860754,0.15137884486182107,0.9860597495748303,-115798400.0,-0.01921298846124142,-0.0731077412732869,-2.8198171010837996,156.2627716064453
2022-01-26,156.2627716064453,-0.0005628206184215001,0.005119001760839569,0.04114216272142873,18.336693032034603,-2.0053088577128717,0.16086570710160952,0.9013361965124733,-108275300.0,-0.011831101000361999,-0.06833287596067639,-3.1201107669293435,155.8027801513672
2022-01-27,155.8027801513672,-0.002943704699137406,0.005331165646039297,0.034920220549971834,20.416462422871646,-1.8799369813483584,0.16749389378907226,0.9660967109113556,-121954600.0,-0.00824705747583776,-0.06558020796708719,-3.3282042859484875,166.67433166503906
2022-01-28,166.67433166503906,0.06977764776154727,0.033655339188303456,0.044325738100128804,47.1727118944589,-0.9988961938509933,0.1622308363748527,1.3071809055491643,179935700.0,0.05058952231723279,0.0019352240416741218,-2.48335642592707,171.02883911132812
2022-01-31,171.02883911132812,0.026125843150462957,0.0330812505281954,0.03141094822924539,53.50283841790942,-0.10402822742208628,0.15920187316452583,0.900550205641229,115541600.0,0.06081567868254467,0.02895597465812605,-1.4379340939220526,170.8624725341797
2022-02-01,170.8624725341797,-0.0009727399075669663,0.031183851535289474,0.01448942655319419,49.313841721482845,0.46432137216806235,0.14734466061827947,0.7044527472577755,-86213900.0,0.04104300178319864,0.030199089883283348,-0.6535547709542016,172.06607055664062
2022-02-02,172.06607055664062,0.007044250294459209,0.030204607879864606,0.014501837493545975,50.44249717888852,0.8845914179021555,0.1409268823668172,0.7213732293439532,84914300.0,0.028568715106240372,0.03863876498377872,0.04261424965417859,169.18917846679688
2022-02-03,169.18917846679688,-0.016719694246151384,0.03327124205732683,0.023828863628782056,51.025101258327496,0.9275933088220409,0.1390326349689987,0.8040854740698057,-89418100.0,-0.004559784343919349,0.021882678950340573,0.30814067272143575,168.905029296875
2022-02-04,168.905029296875,-0.001679476030895466,0.01563184417005465,0.019838815707657245,49.32374954935724,0.895225222269381,0.1394057415323103,0.8991909991706526,-82465400.0,-0.008833318979836857,0.01998271338026969,0.4747617647352058,168.18980407714844
2022-02-07,168.18980407714844,-0.004234481487637942,0.008602418680630677,0.017476406477918396,53.29938886089334,0.7877628167855899,0.13924535901549426,0.9190818413902345,-77251200.0,-0.009730820037821664,0.015751034183907553,0.527959406643788,171.2957305908203
2022-02-08,171.2957305908203,0.018466794290616928,0.013127144820815694,0.022421857728528994,64.18203602420328,0.8809276097939933,0.14172321029144733,0.915054898989479,74829200.0,0.008041986274008206,0.033634351874610946,0.8271087114629836,172.71640014648438
2022-02-09,172.71640014648438,0.00829366587692526,0.013291923529191967,0.009927388314717456,69.44831282837018,0.9854008174169228,0.14353925425582567,0.9017735406727254,71285000.0,0.015624977568419629,0.04176881898307028,1.1572363625084563,168.64051818847656
2022-02-10,168.64051818847656,-0.023598696791682583,0.01569986014271716,0.022832865368753445,65.08903250022749,0.7384622576175209,0.14064896511070604,1.1452817732035583,-90865900.0,-0.007702160340279374,0.018143118245098178,1.0286876340175013,165.2308349609375
2022-02-11,165.2308349609375,-0.02021864771388049,0.018046924754778544,0.029886198785359114,60.162159652218406,0.32504267908249784,0.13985143406564426,1.1948440550057884,-98670700.0,-0.023543011512769163,-0.0014586210983998926,0.6205047437196356,165.4660186767578
2022-02-14,165.4660186767578,0.0014233645667645067,0.018225285795400305,0.017882544914399764,63.69988079222943,0.06081421596398773,0.13826160105439306,1.0215514881009529,86185500.0,-0.018994982662578486,0.0011392872417717026,0.32796093896030243,169.29698181152344
2022-02-15,169.29698181152344,0.023152567308998506,0.01967596126760051,0.01562588722236424,67.60875785293581,0.1332827805509289,0.13977891806147522,0.7633960020462257,62527400.0,0.006102276904543569,0.023345747277864648,0.4374086806296873,169.06182861328125
2022-02-16,169.06182861328125,-0.0013889981718869793,0.01884519893290885,0.019066897872763007,68.02198946320938,0.15319377369337467,0.13988441777034308,0.7658147210415723,-61177400.0,0.009087973631410007,0.01995158973975264,0.4904946768984928,165.4660186767578
2022-02-17,165.4660186767578,-0.02126920054052317,0.01826324565858289,0.020369506998731413,47.95270655977762,-0.07569948942643767,0.13707463314949128,0.920127526012805,-69589300.0,-0.00861761833660557,-0.00309122701597353,0.20997315275957362,163.9179229736328
2022-02-18,163.9179229736328,-0.009355973604158851,0.016346592191897324,0.0260011402592791,36.68547187589819,-0.31768660416060784,0.13155891546001716,1.1424730774656227,-82772700.0,-0.016345430295336527,-0.013901659397468902,-0.1353557965967127,160.99822998046875
2022-02-22,160.99822998046875,-0.01781192038184687,0.017697831357140873,0.027629067323275046,33.25649615201122,-0.6420033897140982,0.12693755603114198,1.2412234743604547,-91162800.0,-0.0286577261986124,-0.03229464563435791,-0.64143236376907,156.83409118652344
2022-02-23,156.83409118652344,-0.02586450046345523,0.009775814069814908,0.03998246769315935,26.506523148150336,-1.0788759643040804,0.12578001351021242,1.1401900223809092,-90009200.0,-0.03933418749702422,-0.05746076901575614,-1.365484915328807,159.45016479492188
2022-02-24,159.45016479492188,0.01668051626152578,0.016884548451267686,0.06667079843481628,34.85691969984123,-1.1282384523744713,0.11883822883482965,1.4867600696467,141147500.0,-0.011672239373547555,-0.04265565087753875,-1.6513272291272187,161.5175018310547
2022-02-25,161.5175018310547,0.012965411724671139,0.018779824914045642,0.02578101208762634,39.11673030520873,-0.9645770647811868,0.10627837786865295,0.9251701583530892,91974200.0,0.006066388108895371,-0.03190412290279543,-1.655340155622298,161.781982421875
2022-02-28,161.781982421875,0.0016374732634050204,0.018738612192496274,0.018108076438847005,40.4329713619967,-0.7888314595493667,0.1098522066771654,0.9331161677925781,95056600.0,0.010402360038531011,-0.028895080629584013,-1.6067481122966,159.90084838867188
2022-03-01,159.90084838867188,-0.011627586737673501,0.017645725005981574,0.028370128488917176,32.34134462818868,-0.7498547821416957,0.11281942834311855,0.831978669298984,-83474400.0,2.458248800807361e-05,-0.03697034383011866,-1.7058236482540963,163.1929168701172
2022-03-02,163.1929168701172,0.02058818645816851,0.013078427990318985,0.026476967619778996,36.0505507758423,-0.46679467120635465,0.11059728475966465,0.8112377957883704,79724800.0,0.012559722973791043,-0.014868089222702108,-1.4645996327857347,162.86959838867188
2022-03-03,162.86959838867188,-0.0019812041334038577,0.012655271803780137,0.020212962141073536,40.50308634690128,-0.2752479018576053,0.10555123481420667,0.8980661893745825,-76678400.0,0.006283674156254637,-0.014083152749007732,-1.288663115264825,159.87144470214844
2022-03-04,159.87144470214844,-0.018408307727072803,0.014877600796204338,0.021143574106497667,41.059219974962055,-0.32117550851265353,0.10702559028463092,1.000034872217209,-83737200.0,-0.010227087097647192,-0.029495191673874044,-1.3956902874437844,156.07969665527344
2022-03-07,156.07969665527344,-0.023717481592408718,0.01744513035763179,0.03753930239653033,36.00233377114298,-0.5634531665165929,0.11437762404636048,1.1477510370598925,-96418800.0,-0.026830817492676018,-0.048810301845073956,-1.7790402711248703,154.25729370117188
2022-03-08,154.25729370117188,-0.011676105176745888,0.017448340762536867,0.04496952312795867,26.142329676245325,-0.7891354107830106,0.124122510189554,1.402033322108369,-131148300.0,-0.03137685959981951,-0.05590843271652157,-2.1897967438824253,159.6559295654297
2022-03-09,159.6559295654297,0.03499760520054296,0.023345590326293113,0.024547407639845018,37.17951651017465,-0.5299569081074589,0.11730565818121706,0.9537727120275923,91454900.0,0.006995644280683333,-0.019374581004420355,-1.9885303048385197,155.3154296875
2022-03-10,155.3154296875,-0.027186587367873938,0.025390091146876938,0.0278198558115702,36.439766200124176,-0.6007846596213944,0.10988822249145365,1.0366242000609327,-105342000.0,-0.010956275156783102,-0.040909115557442366,-2.1809082929888746,151.60205078125
2022-03-11,151.60205078125,-0.023908628484120675,0.026000707208165177,0.030892515422244818,34.44693192578458,-0.8333503250969083,0.11723462825926423,0.9300187729902955,-96970100.0,-0.024327318150036525,-0.058888734574412016,-2.6070579939705,147.57513427734375
2022-03-14,147.57513427734375,-0.026562414447260818,0.026395907358812216,0.026689610569593954,33.50982666587686,-1.1732085682197688,0.13715981310553993,1.0187635131362018,-108732100.0,-0.03973182544387721,-0.07883883917138612,-3.226026379122459,151.95480346679688
2022-03-15,151.95480346679688,0.029677555171471193,0.031969421544724756,0.033464456534636276,44.03740650146059,-1.0233371504398558,0.14144727080241298,0.9381550685681324,92964300.0,-0.00826171881729909,-0.047484424769525524,-3.2491696888862123,156.36378479003906
2022-03-16,156.36378479003906,0.029015083581780843,0.0302778511676285,0.03471391323553456,46.38671020190006,-0.5701661519514558,0.1305516068601779,1.0102552059642664,102300200.0,0.024917988713902828,-0.015857854569859886,-2.8283090860689697,157.37298583984375
2022-03-17,157.37298583984375,0.006454186633815695,0.027378812704534888,0.020981168096343067,45.02466100505823,-0.16631533528572007,0.11634130543289599,0.7933092745195424,75615400.0,0.028758097099217395,-0.005849097240389178,-2.380411162163682,160.66506958007812
2022-03-18,160.66506958007812,0.020918988876430733,0.023448475005102415,0.028784006242722815,48.75004695990136,0.3315193261270766,0.10952092532634622,1.2274486373828146,123511700.0,0.037979536160139826,0.01648895765702374,-1.7226022251890072,162.0367889404297
2022-03-21,162.0367889404297,0.008537757235824506,0.011009304331589009,0.020195981969201287,52.4179303506993,0.7388551570671535,0.10667077811240856,0.9772624810537676,95811400.0,0.027639134451721725,0.025777907328230487,-1.0870605614207989,165.40725708007812
2022-03-22,165.40725708007812,0.02080063522418696,0.009445682387428636,0.026714810515169,52.50223896063947,1.193986334267382,0.11344017662542645,0.8514723227632769,81532000.0,0.031415512135809065,0.04565545113038327,-0.30595567162424686,166.7691192626953
2022-03-23,166.7691192626953,0.008233388344973669,0.007229100195487741,0.029316757513279255,54.30546406567729,1.5243101040938907,0.1225819634989071,1.033254364499681,98062700.0,0.026585833372658296,0.05096437981911395,0.39547291060111434,170.55113220214844
2022-03-24,170.55113220214844,0.022678137032646317,0.007203681687845537,0.02257708111921516,61.590823578041444,1.9100650473757628,0.13919823648555998,0.9214962420958873,90131400.0,0.03310555092371259,0.0710518978038257,1.23531124266691,171.18795776367188
2022-03-25,171.18795776367188,0.0037339274931851296,0.00840835936908903,0.014480304267517799,67.60268164290628,2.1052693294048224,0.1537778249955223,0.9028148753249671,80546200.0,0.02390989849459979,0.07179662066012726,1.8907554896065335,172.0501708984375
2022-03-28,172.0501708984375,0.0050366459535426955,0.00897817913093835,0.02124143278981571,71.204985001062,2.1803925912405724,0.16783944329014772,1.02545205406085,90371900.0,0.016886285514289945,0.07374341538812135,2.417864610660871,175.3422393798828
2022-03-29,175.3422393798828,0.019134351708308683,0.008597165878088946,0.014919524300277202,69.68273065918379,2.326411446330823,0.1868814590557374,1.0940727637232501,100589400.0,0.024314245040001348,0.0890413749146779,3.0512220603862374,174.17628479003906
2022-03-30,174.17628479003906,-0.006649593355071093,0.012019967622762518,0.016369486370992763,75.71465720794282,2.219408756202813,0.1998378793037583,1.019578354030547,-92633200.0,0.008772814339576218,0.07812237261013721,3.366287618241728,171.0801544189453
2022-03-31,171.0801544189453,-0.017775843449789885,0.013813125701542006,0.02078921522320456,77.01082492267156,1.831188530591512,0.206110869042692,1.1028628609345235,-103049300.0,-0.009765774143262518,0.056273741798609,3.2731640359839105,170.78623962402344
2022-04-01,170.78623962402344,-0.0017179946786938238,0.013728276717942963,0.016866516451059955,85.90482017176762,1.46171495007057,0.21058923159162474,0.8460692860754228,-78751300.0,-0.011007070607927938,0.05091802551767288,3.122103063652901,174.83273315429688
2022-04-04,174.83273315429688,0.023693322946752415,0.01757109402805098,0.022696721566610057,85.7580186330308,1.397022994409381,0.21625811202515574,0.846841890303164,76468400.0,0.009173230759908169,0.06964616658501455,3.3065620769960447,171.5210723876953
2022-04-05,171.5210723876953,-0.018941880658462806,0.01726118595757363,0.02216385774547854,74.53222350534284,1.0539892005937403,0.21262563319591782,0.8649670990610505,-73401800.0,-0.005555591335690169,0.04387227707215158,3.0991292962239925,168.35638427734375
2022-04-06,168.35638427734375,-0.01845072483687782,0.018433482485382808,0.020368969113096092,66.61729398293502,0.5614557302873604,0.2113965382541641,1.0583852431585512,-89058800.0,-0.01727185024002964,0.021906542802569318,2.6179116126571387,168.66009521484375
2022-04-07,168.66009521484375,0.001803976361238968,0.017533817941900023,0.020390348084589317,63.29856842203581,0.22110363067421046,0.20442099477737632,0.9815280500917083,77594700.0,-0.012709671202627115,0.01962053434182165,2.2426490516589865,166.6515350341797
2022-04-08,166.6515350341797,-0.011908923554830864,0.017974608218037386,0.015168451329315128,57.51671446963559,-0.1540899953378787,0.1878642321664444,0.9739971488112924,-76575500.0,-0.01972201713141053,0.0029156678381105916,1.7521222215698344,162.39930725097656
2022-04-11,162.39930725097656,-0.02551568326286946,0.010358142308984707,0.021297126873585974,45.23731865937801,-0.6742877677594907,0.15693489454838247,0.928913346748012,-72246700.0,-0.03055421742760389,-0.027014532601178587,0.990506929381155,164.27066040039062
2022-04-12,164.27066040039062,0.01152315968024431,0.015060457740008623,0.019265153626314934,46.106841624475074,-0.865772235601932,0.13311438786307528,1.00401554538686,79265200.0,-0.010820509682354928,-0.019420424954018856,0.5715840735650772,166.95529174804688
2022-04-13,166.95529174804688,0.016342731812928557,0.01720441644001446,0.02505862186982132,44.19846685531039,-0.7873128554534174,0.11720294683881234,0.9383299539464418,70618900.0,0.007044648591129299,-0.006535605650498821,0.48401040393008543,161.94854736328125
2022-04-14,161.94854736328125,-0.02998853365080112,0.02109061292941426,0.03769139838697518,36.93535274379298,-1.032822056953338,0.1066967638287045,1.0069814191533055,-75329400.0,-0.015181488998124881,-0.037638247366121536,-0.022682352860471156,161.73301696777344
2022-04-18,161.73301696777344,-0.001330857232231475,0.021119652028863838,0.018355840824224187,35.13963766953334,-1.1604003970575851,0.10452596409806192,0.9417038829242523,-69023900.0,-0.010573432939367522,-0.03922387551196882,-0.4160344736825152,164.0159149169922
2022-04-19,164.0159149169922,0.014115225153276123,0.01921884833633607,0.023357250923958878,33.197607089274186,-1.0452854431320127,0.10140618829595348,0.935511872543245,67723800.0,0.0014117842329961494,-0.026234732678849793,-0.5023596502256851,163.84939575195312
2022-04-20,163.84939575195312,-0.001015262239175585,0.01849144501828282,0.01662380464223787,34.21209419420639,-0.9380232113446795,0.10315756438917349,0.9686936899680514,-67929800.0,0.0009099695052463552,-0.026773288701963494,-0.5719810783155594,163.0557403564453
2022-04-21,163.0557403564453,-0.004843810328780895,0.015956453054999216,0.03376995060102238,36.80307398276707,-0.8791902015765414,0.1067996142438583,1.1876301449726836,-87227800.0,0.0008299585749369509,-0.030418130633588114,-0.6823293371911063,158.51931762695312
2022-04-22,158.51931762695312,-0.027821300369894497,0.015101325828840126,0.039371996919005205,32.2963081716326,-1.090646628685664,0.11787743029959653,1.1263955803228185,-84882400.0,-0.022901142733067092,-0.054009111313435,-1.1449643567097496,159.5873260498047
2022-04-25,159.5873260498047,0.006737402348431232,0.01589213619313667,0.02891694077776367,25.928262041735593,-1.1002828356772987,0.12376336377165288,1.1892517821491384,96046400.0,-0.013709128285414707,-0.04432759045736334,-1.37513995174794,153.63018798828125
2022-04-26,153.63018798828125,-0.03732839072486438,0.018782690020747346,0.035841804896728384,23.92918146981536,-1.4287375621759628,0.14013330327171664,1.1074944824020592,-95623200.0,-0.03817859449214556,-0.07489908583796834,-2.0374872598648324,153.40487670898438
2022-04-27,153.40487670898438,-0.001466582071188105,0.01871252501203657,0.028166240001434573,26.1711579821813,-1.5707552440943986,0.14647833567159585,0.9744889264633955,-88063200.0,-0.026862641105537488,-0.0701140080692697,-2.512022611529204,160.3319549560547
2022-04-28,160.3319549560547,0.04515552827053382,0.03244473505823416,0.03416042298661419,39.0407897479269,-1.1284441375773997,0.1391621993031139,1.3157677757299446,130216800.0,0.02060681625093963,-0.024029370381184356,-2.220056766278475,154.46304321289062
2022-04-29,154.46304321289062,-0.03660475383570716,0.03431241776853749,0.056771311733249334,35.44012018506049,-1.1571119808475796,0.1439025744414171,1.2160631437637115,-131747600.0,-0.011648285513826462,-0.05497500177269965,-2.473614550955034,154.7667694091797
2022-05-02,154.7667694091797,0.0019663357005756943,0.03397950973233652,0.03140029909002713,39.932794865746715,-1.0829168645980574,0.14556596604813435,1.0818883426782304,123055300.0,-0.003557811614292583,-0.04845375088973547,-2.592183378011754,156.2560272216797
2022-05-03,156.2560272216797,0.009622594166598164,0.029188200936115714,0.02752695953885313,39.32117889165708,-0.870012623989131,0.1319567621533826,0.7914473354121542,88966500.0,0.0026404064907730174,-0.033779592944024994,-2.506128744525398,162.66384887695312
2022-05-04,162.66384887695312,0.04100847672379815,0.03320115090625487,0.04348874253041301,44.79812791496011,-0.2654547950349675,0.11958017832410095,0.9296509857487264,108256500.0,0.031500543997686536,0.008605664430816784,-1.844240041452906,153.6008758544922
2022-05-05,153.6008758544922,-0.05571596322743233,0.03842767310333911,0.05823821288506735,40.78730265650655,-0.43381295343699366,0.11984219916987807,1.1202903710437813,-130525300.0,-0.017583850815898083,-0.0432128388639037,-2.107008578500597,154.32691955566406
2022-05-06,154.32691955566406,0.004726820059669956,0.035015175430726124,0.03344360253337806,41.91752298521739,-0.4520933401343048,0.11510752003211588,1.024156145346095,116124600.0,-0.012768243032879045,-0.03437965072896998,-2.2021796239452556,149.20492553710938
2022-05-09,149.20492553710938,-0.033189245488096764,0.03800441546108885,0.02854134162548723,34.77953801693195,-0.7475272919583915,0.12284242024242722,1.1432593368538198,-131577900.0,-0.03869321419019178,-0.061304316163475425,-2.6779606224143038,151.60894775390625
2022-05-10,151.60894775390625,0.01611221752996994,0.03880403443578456,0.02465868198069379,37.97418029420001,-0.719192053209508,0.12808791633078415,0.9584324027043238,115366700.0,-0.017320045688214325,-0.042931288568621606,-2.7756500765814565,143.74932861328125
2022-05-11,143.74932861328125,-0.051841393645069345,0.0327860726271157,0.06580204361534774,33.34457503599583,-1.1427723678241906,0.1484734762700444,1.1212739336802746,-142689800.0,-0.04484353217311077,-0.08663090118217454,-3.480388947441895,139.88333129882812
2022-05-12,139.88333129882812,-0.026894019970371774,0.02799541352433419,0.0519079266499208,33.7347979181871,-1.569931591699694,0.16907236873372988,1.3263534686015042,-182602000.0,-0.05327315988098791,-0.10348447074614497,-4.276530667859333,144.3478546142578
2022-05-13,144.3478546142578,0.03191604942473303,0.035263410215074474,0.03392023297165936,37.44367004994199,-1.4417290575562745,0.1786551401469424,0.830562264136096,113990900.0,-0.009680528368532948,-0.06962376365068013,-4.405291036739641,142.80734252929688
2022-05-16,142.80734252929688,-0.010672220166192736,0.03339349507509289,0.02294909819126612,40.38273484461023,-1.3520984595574657,0.18851167954369877,0.6755396751439123,-86643800.0,-0.01157271475652466,-0.073904544283514,-4.557702727782043,146.4378662109375
2022-05-17,146.4378662109375,0.02542252812313084,0.03529861527742244,0.02070498179404883,44.1623430919547,-0.9582574598933986,0.1846707050227442,0.6481972744309265,78336300.0,0.020863177801172972,-0.04491724799007413,-4.277274652562625,138.176025390625
2022-05-18,138.176025390625,-0.056418746285278876,0.036798800307301864,0.05297547454809846,31.841713969143655,-1.1511479271902623,0.19443702896805518,0.9604397497076486,-109742900.0,-0.02918881817269392,-0.09119309037688561,-4.710930570023521,134.77114868164062
2022-05-19,134.77114868164062,-0.024641588143520243,0.03651208395019019,0.03684016988525087,33.181893293285256,-1.3890948722581893,0.2088091944723524,1.2966190589156636,-136095600.0,-0.046259918808860157,-0.10526504664179548,-5.245168551778534,135.0066375732422
2022-05-20,135.0066375732422,0.0017473242151986312,0.030495362989564276,0.05879785270161208,33.103920673233745,-1.407323116384366,0.22382659442359856,1.2533281215486443,137426100.0,-0.03179269028127363,-0.09665106968517312,-5.529429343297863,140.42300415039062
2022-05-23,140.42300415039062,0.040119261352687285,0.0387661795386308,0.03920061900933135,37.31381202689641,-0.9530412962699337,0.22188935494461148,1.016060526762769,117726300.0,0.010506886129739712,-0.054346259871248304,-5.175158981538743,137.72459411621094
2022-05-24,137.72459411621094,-0.01921629615109033,0.0356714537065051,0.03305784674744606,28.754558994539735,-0.7421074374486611,0.22964286865319694,0.8604250437431294,-104132700.0,0.0036752011182550337,-0.06752418983386044,-5.056922327411598,137.88165283203125
2022-05-25,137.88165283203125,0.0011403824917994854,0.025447189618597214,0.02455164277929299,34.21361450188317,-0.5108361100713701,0.2351868085678709,0.7866002544128449,92482700.0,0.00525107881735587,-0.061529086156930646,-4.868232580737185,141.0803985595703
2022-05-26,141.0803985595703,0.023199212236277855,0.022802238866975386,0.05007648497267157,37.326323903401835,-0.08366361856550597,0.22260362685742335,0.8352380933065349,90601500.0,0.019195770727417516,-0.033424644141466286,-4.367307076169823,146.8303680419922
2022-05-27,146.8303680419922,0.040756685841045304,0.025982005676921122,0.029537544687072943,47.75510557361158,0.6069066657289826,0.2164563269986538,0.9172667782030913,90978500.0,0.04291817733060421,0.008606931833105458,-3.423034871693062,146.04539489746094
2022-05-31,146.04539489746094,-0.005346122569867551,0.023821521962242298,0.025665193618701333,44.57414510117534,1.0079407135737242,0.20884536602875015,1.0761094618996176,-103718400.0,0.029122971840150447,0.006228896452320276,-2.7327178865776034,145.9178466796875
2022-06-01,145.9178466796875,-0.000873346385642515,0.019600123294519933,0.02730154417378702,52.490440658481795,1.2461342123849537,0.19688616556417277,0.8216313618513333,-74286600.0,0.016486909167712227,0.008943379899213566,-2.185427359973346,148.37086486816406
2022-06-02,148.37086486816406,0.016810953864069278,0.018706952967960842,0.029164760705648097,60.074497514877955,1.5316214404400128,0.1614723461553193,0.8374919634545257,72348100.0,0.018688015250976298,0.03099927539454672,-1.530064791753631,142.65032958984375
2022-06-03,142.65032958984375,-0.038555650958854604,0.029269727874326804,0.024143585011331365,48.04341838721353,1.306677787095743,0.14914458498470484,1.0301222209066767,-88570300.0,-0.022695012536603443,-0.004965808914942249,-1.5137160784801154,143.39608764648438
2022-06-06,143.39608764648438,0.0052278747534959535,0.020751102604282937,0.025112997420707196,50.691256953954664,1.1832834151962794,0.13116541521805186,0.8720413873270555,71598400.0,-0.012940993243561572,0.004063910182706909,-1.4108344533004527,145.9178466796875
2022-06-07,145.9178466796875,0.017585968171042632,0.02294830281337223,0.03294999445405464,49.373113177352316,1.2406499934496833,0.12621645485956717,0.9050467203898651,67808200.0,0.004593795891079777,0.022898509487066843,-1.0919111789152396,145.18191528320312
2022-06-08,145.18191528320312,-0.005043463930082925,0.023065238071465818,0.016288106879995354,60.31781915849879,1.197580897554932,0.11334675017827656,0.7614165484911165,-53950200.0,0.0005410380801424974,0.02003740274297039,-0.9006345697990241,139.96180725097656
2022-06-09,139.96180725097656,-0.03595563553520986,0.024987363357261465,0.03799774391571309,57.25648150399818,0.8049192138915293,0.11402471747256018,0.9885170778266711,-69473000.0,-0.02412321508361004,-0.015328543363918756,-1.1954021983983978,134.5552520751953
2022-06-10,134.5552520751953,-0.03862878939599812,0.025007286004111656,0.026981672985457145,49.448679193239975,0.19999044841494484,0.12322805320893974,1.2905198526425072,-91437900.0,-0.05110858787320671,-0.051587668478872306,-1.8610072166344764,129.40382385253906
2022-06-13,129.40382385253906,-0.038284854312319316,0.025359079316393487,0.028510724655925294,36.45353703497361,-0.490446058722255,0.14557025007685231,1.5091902121239964,-122207100.0,-0.06906489212148015,-0.08306834010175101,-2.7675136828896996,130.2672882080078
2022-06-14,130.2672882080078,0.006672634005411737,0.021481441770109477,0.01815308648559251,40.39918875127101,-0.8133091209506791,0.1611066472661106,1.0049045578727163,84784300.0,-0.04126417424013429,-0.07283073925788097,-3.3158827906329975,132.8871612548828
2022-06-15,132.8871612548828,0.02011151903839159,0.028361896175564588,0.03824848966936102,43.95335132628764,-0.7749156583666159,0.16367558292052686,0.9961467915068781,91533000.0,-0.003956863997256699,-0.04960083317495434,-3.4375716448497826,127.61798858642578
2022-06-16,127.61798858642578,-0.03965148038906896,0.02901304028750482,0.025757390176840467,34.47961643772962,-1.0138005312512912,0.18192887698533639,1.0853934519767863,-108123900.0,-0.02541739734480719,-0.08382654047156246,-3.9243333801779556,129.08984375
2022-06-17,129.08984375,0.011533289153648152,0.028749141897698262,0.024855612140039222,27.30925332912817,-0.9814480488070778,0.19185833747870326,1.2428686734596206,134520300.0,-0.005878771228975954,-0.07136627209404811,-4.0892763236797975,133.3189239501953
2022-06-21,133.3189239501953,0.03276075078675822,0.027522686267662494,0.027526241030253085,35.04038354955526,-0.6025886382866563,0.19380940250932063,0.8100665650589445,81000500.0,0.020535517377713308,-0.04036098956082368,-3.7744128346762693,132.80868530273438
2022-06-22,132.80868530273438,-0.0038272034632649277,0.027883943909208536,0.028444703887062103,34.72794176465882,-0.32748467008444315,0.19795233708015683,0.7512399534248667,-73409200.0,0.012689548344591906,-0.041406775082500236,-3.520150778359863,135.67385864257812
2022-06-23,135.67385864257812,0.021573689501651616,0.02809956022982216,0.021407328875505515,35.34879650784438,0.08432330360716556,0.19891365898894073,0.7714131807925958,72433800.0,0.030159016697201002,-0.020001090103496155,-3.0229088669294697,139.0001983642578
2022-06-24,139.0001983642578,0.02451717489986538,0.014044570700695796,0.015106588552353884,45.541741370120356,0.5894654163357265,0.19882594988259628,0.9891302755323981,89116800.0,0.03748290795797282,0.003620278378978936,-2.3144811753454633,139.0001983642578
2022-06-27,139.0001983642578,0.0,0.016036659185354053,0.017789102127031532,44.53124881357168,0.9130044339509933,0.19824155774893046,0.9090326443244161,0.0,0.022358172267844312,0.004374544918613443,-1.7499830802707947,134.8594207763672
2022-06-28,134.8594207763672,-0.02978972430700777,0.022008357988528824,0.04438293609116535,36.775380831076696,0.8394220260250949,0.1916312190751368,0.9010503931351714,-67083400.0,-0.010340260589938866,-0.02131274476688627,-1.6603140117814519,136.61581420898438
2022-06-29,136.61581420898438,0.01302388385257669,0.022088310046140758,0.028729441375748097,39.99998931219332,0.8952193785702129,0.18384806015682342,0.9072206063092826,66242400.0,-0.0030218504730206153,-0.00516253273822298,-1.4131168887894603,134.1529541015625
2022-06-30,134.1529541015625,-0.01802763553898956,0.022147326363790996,0.03364533940649201,42.7521991533136,0.7578811790271933,0.17580433996944567,1.2635432759215046,-98964500.0,-0.018816965197956503,-0.01889443409786895,-1.418891895549848,136.32144165039062
2022-07-01,136.32144165039062,0.01616429219431459,0.01983632975350142,0.0243287252732481,52.39742455348488,0.8005232756921141,0.15719001916768718,0.9510324995489222,71051600.0,0.0009653855868618777,0.0013765820124087558,-1.2108495041960339,138.90208435058594
2022-07-05,138.90208435058594,0.0189305707814742,0.022370055618239616,0.0330602431144659,63.86026312496409,0.9782163904686283,0.1521815170357544,0.9736479604094234,73353800.0,0.020061206225023387,0.021739815410037888,-0.8124447382124913,140.23654174804688
2022-07-06,140.23654174804688,0.009607180509205282,0.014927952714446724,0.02127059421410878,64.35029889088813,1.1494837125928687,0.146616350496698,0.9651917787011248,74064300.0,0.021791379048615056,0.03275597223134663,-0.3879159854624845,143.60215759277344
2022-07-07,143.60215759277344,0.023999563899495868,0.016578247762994693,0.02234372487930075,65.09958547088125,1.4347492373896902,0.14007120191309455,0.863380106591842,66253700.0,0.03576899245111487,0.05844418081498759,0.2244580299341976,144.2791748046875
2022-07-08,144.2791748046875,0.004714533703831458,0.007618541700065193,0.017342241350593805,76.96950236805868,1.60166236949935,0.1374135617256372,0.9240355345645447,64547800.0,0.025669573656822875,0.06378816340022131,0.7325033492042223,142.14993286132812
2022-07-11,142.14993286132812,-0.014757791249095709,0.015045877661219127,0.019741842387984185,70.69985779377194,1.502905236663934,0.14116249270624714,0.9248502758954444,-63141600.0,0.0022276368025084814,0.04724422343264956,0.9115548528023396,143.121337890625
2022-07-12,143.121337890625,0.006833665058741278,0.013876219085525032,0.023309981367455906,67.32570087786723,1.4372587618183381,0.1484860819979599,1.1225354908416239,77588800.0,0.0031084641132055335,0.051084153954704004,1.1124193042742547,142.75830078125
2022-07-13,142.75830078125,-0.002536568723612964,0.014164163539008607,0.02976150709718771,67.67786635203586,1.3073699193921442,0.14605149323383795,1.038546324596789,-71185600.0,-0.0029604242829347482,0.043301895459233464,1.210416714651302,145.68234252929688
2022-07-14,145.68234252929688,0.020482463941115414,0.012934952600264938,0.03839157339110585,67.7453390875996,1.350818126264119,0.14876054483476317,1.1018007385693076,78140700.0,0.014513583721126766,0.058707808372864045,1.5151644431223303,147.35043334960938
2022-07-15,147.35043334960938,0.011450192187684172,0.01350328449052588,0.017713282909658172,65.7301888343573,1.4174023689106572,0.15697195357060403,1.0409015043271312,76259900.0,0.02175931026248734,0.06523199622013531,1.8589437513574296,144.30862426757812
2022-07-18,144.30862426757812,-0.020643367059628104,0.01566311679410373,0.0331135522774574,58.97182239199426,1.1911920192440786,0.14250876527880976,1.0585253248929591,-81420900.0,-0.0023200617659163703,0.03698585173806568,1.8178801369078315,148.1648406982422
2022-07-19,148.1648406982422,0.026722009514232647,0.0190104939141245,0.028609218976355405,72.70602449795851,1.2308229174235017,0.1355675892416005,1.063905566688334,82982400.0,0.017246015901299705,0.05744892777078214,2.0898755048505677,150.16651916503906
2022-07-20,150.16651916503906,0.013509807437201315,0.018319952580071318,0.021889742880818307,72.93262439734846,1.3138428676686367,0.14100384044822786,0.8448747000017987,64823400.0,0.020606765180796405,0.06533004779873797,2.4283398998061614,152.4331512451172
2022-07-21,152.4331512451172,0.01509412412754263,0.01772020283290773,0.02336662208042469,81.1434587638916,1.433620399148262,0.14673717794024266,0.8781881690311119,65086600.0,0.02659154198712832,0.07393448849105999,2.8330874908872943,151.1968231201172
2022-07-22,151.1968231201172,-0.008110624984797088,0.01920371330465974,0.01862544737099058,76.17410868905672,1.3433396866942597,0.15073438954013887,0.9235109021418122,-66675400.0,0.013016947813454083,0.059431045904070556,2.976606649377885,150.07823181152344
2022-07-25,150.07823181152344,-0.007398246110667861,0.015230313058095054,0.01804507722723199,70.73176530794784,1.130583146268437,0.1547638176971063,0.8047004172072714,-53623900.0,-0.0021919152353935267,0.04752748167837084,2.934457399735038,148.7535858154297
2022-07-26,148.7535858154297,-0.008826369954553548,0.01229963643932716,0.01510549600221755,65.80487873939943,0.8364874225748977,0.15517401589155133,0.9028829401207802,-55138700.0,-0.011772586745314784,0.034759428090669786,2.7377549269655788,153.8461151123047
2022-07-27,153.8461151123047,0.03423466579954382,0.019191993892133243,0.03297403144542738,67.8645023948909,0.9144494698827939,0.15475622534125297,1.2317383336054142,78620700.0,0.017086517720679817,0.06316319621424848,2.985648621277562,154.39559936523438
2022-07-28,154.39559936523438,0.003571648543277073,0.018350041841395166,0.020527458546230573,67.72092148043292,0.9295124841125104,0.15543381832082853,1.2130236521031943,81378700.0,0.01807751220539555,0.060445682689176605,3.16502919400844,159.45872497558594
2022-07-29,159.45872497558594,0.032793198971781345,0.02122189833897116,0.025413851593224873,77.49381094828342,1.1902934746383633,0.1577584020051619,1.373461100545704,101786900.0,0.04013055877782579,0.08578510991038457,3.681377563566741,158.47750854492188
2022-08-01,158.47750854492188,-0.006153419518526104,0.020959613288597256,0.016717212804610027,74.38460718370195,1.202966453942028,0.15649714186038513,0.8814636037950443,-67829400.0,0.02252587247963822,0.07102481505686553,3.9149088723413,157.00564575195312
2022-08-02,157.00564575195312,-0.00928751850330567,0.021070072381108303,0.01737390709789762,71.85426836461276,1.0254120914597729,0.15346732577528358,0.7689795742327725,-59907000.0,0.0023553034364947045,0.05462609679739305,3.892558060443946,163.01077270507812
2022-08-03,163.01077270507812,0.038247840861801,0.02221998687226139,0.03515317020552743,74.28492611680174,1.2127615059465158,0.16405332238157236,1.0486210932882911,82507500.0,0.028656101839233505,0.08665161690540124,4.328533462981937,162.69679260253906
2022-08-04,162.69679260253906,-0.0019261309993734432,0.022857956783065105,0.016645617310558896,72.35564751065503,1.2129695940941803,0.17414862956167323,0.7547395966693233,-55474100.0,0.016030134685659503,0.07769970434329987,4.549131116364123,162.4707794189453
2022-08-05,162.4707794189453,-0.001389168034466981,0.019472256847741055,0.017236201985571242,78.82201842148977,1.0987194562947966,0.1804447386278341,0.8792549974411861,-56697000.0,0.010815994149093289,0.06975727023947087,4.614089603771134,161.99911499023438
2022-08-08,161.99911499023438,-0.0029030723579820394,0.019103557661828356,0.021896043654187243,74.59612025863495,0.9005372084427172,0.17808027201032708,0.9571940132597563,-60276900.0,0.003484301719606231,0.059726739795523676,4.541441354235616,162.0482635498047
2022-08-09,162.0482635498047,0.00030338782760197525,0.01780431296153312,0.015583357705267661,72.70077546498746,0.691321542697815,0.1740788330663804,0.9924125486103034,63135500.0,-0.0024431699966325215,0.05352630922046431,4.413278389317412,166.29302978515625
2022-08-10,166.29302978515625,0.026194456777051123,0.012430384153669267,0.014417409372542241,74.61922797750793,0.7523366319860374,0.17333971676832294,1.1474992968203197,70170500.0,0.019567151963759022,0.07291470625007435,4.609496329355267,165.55612182617188
2022-08-11,165.55612182617188,-0.004431382120684391,0.012777438908777765,0.016618214496238484,75.967061973754,0.6598950751365784,0.172756013036709,0.9294695915253306,-57149200.0,0.011502536147844689,0.06135561216189167,4.611128897534343,169.10324096679688
2022-08-12,169.10324096679688,0.021425478571848622,0.014524689895421716,0.016095317688686342,81.6265507961028,0.7480083714691563,0.17875516973864772,1.0672127213380118,68039400.0,0.024868411403330848,0.07658893210506013,4.8396009164996485,170.1742401123047
2022-08-15,170.1742401123047,0.006333404016296118,0.013309103028318685,0.011778932140283131,85.91184021627573,0.7849458514476293,0.1749363234163154,0.8652282585641149,54091700.0,0.021239603354763714,0.07455988724603757,5.017654139388071,170.0170440673828
2022-08-16,170.0170440673828,-0.0009237358416769315,0.01354110146011135,0.011847674196499538,82.48660413218073,0.7077013992999683,0.17447830630195738,0.9217128326094512,-56377100.0,0.010630221478412194,0.06621121730818036,5.048963938773028,171.5106201171875
2022-08-17,171.5106201171875,0.008784860706158026,0.01002847547584451,0.020509805268832223,83.12665537291815,0.6666746299277548,0.17668985063544546,1.2617727064201265,79542000.0,0.013223470793478187,0.06842711665117185,5.114027319447615,171.1175537109375
2022-08-18,171.1175537109375,-0.0022917904791052157,0.009490633517730593,0.010221067135695225,77.54577605693211,0.5285784931694817,0.17833393698820438,0.9722488865746832,-62290100.0,0.004302115185438327,0.059810689714166365,5.039604811623207,168.53330993652344
2022-08-19,168.53330993652344,-0.015102154737318907,0.009346378981960285,0.014167489937268282,72.08544938205904,0.1958398272089692,0.17092722552155828,1.090142731751585,-70346300.0,-0.010202842568648007,0.03823136720682618,4.6735028913948895,164.65213012695312
2022-08-22,164.65213012695312,-0.02302915554813545,0.012546314171885294,0.016232029013643092,65.18666947901286,-0.3246680809740399,0.15504234619025992,1.0223699524530758,-69026800.0,-0.026683836902626434,0.009788786418061468,3.9855330380787564,164.3180389404297
2022-08-23,164.3180389404297,-0.0020290729689670384,0.012432444530478379,0.01231844088986936,53.35128550763528,-0.7084733343346823,0.1306239254762996,0.8073166636996376,-54147100.0,-0.022069705465066924,0.002953025159796674,3.3783174502006545,164.61280822753906
2022-08-24,164.61280822753906,0.0017938948700344515,0.010492681431122471,0.011102492830564074,54.91670791071238,-0.9447291461010296,0.11696103200205504,0.8693878091456274,53841500.0,-0.01220521695708554,0.001461565307764534,2.8958423437687486,167.06927490234375
2022-08-25,167.06927490234375,0.014922694663037417,0.01481989205497698,0.010527514550278165,60.58819768017893,-0.9360112003502801,0.10233706719859424,0.8576967170261628,51218200.0,0.007429956163341522,0.012502702957406076,2.7012220880161806,160.77090454101562
2022-08-26,160.77090454101562,-0.03769915422814685,0.020962104610349225,0.04577683484099597,47.77028741497164,-1.3307853463292885,0.100325346535619,1.285195117362089,-78961000.0,-0.02138804328692767,-0.02605504782546264,1.9650646883957563,158.5699005126953
2022-08-29,158.5699005126953,-0.01369031314841418,0.01980698283974384,0.019085304740833278,44.14293862827015,-1.6932483292259537,0.10013594057911573,1.1768584873979795,-73314000.0,-0.027585300593067852,-0.039415541529201126,1.1955267894560109,156.1428985595703
2022-08-30,156.1428985595703,-0.015305565213056926,0.019806862136959504,0.03045746791487029,31.79413437437907,-2.027021796706164,0.10239576890845428,1.1619435456711875,-77906200.0,-0.03277058366415775,-0.053870589504808164,0.3950370624472441,154.4823455810547
2022-08-31,154.4823455810547,-0.010634828697522303,0.018706728323871633,0.021880183276282043,30.77445159061635,-2.271783299337732,0.11729864290821075,1.191030900902974,-87991100.0,-0.030893983549993176,-0.06150759035135012,-0.3481445442133406,155.2094268798828
2022-09-01,155.2094268798828,0.004706565634366555,0.015193205367141836,0.023740186380169524,23.260145225035373,-2.2903719291286317,0.12797486992752402,0.9458394983514363,74229900.0,-0.011625861928909575,-0.05494115100405306,-0.8293127285663502,153.09686279296875
2022-09-02,153.09686279296875,-0.013611055265019378,0.008232012268818407,0.034593411681567196,18.399996837692896,-2.34222465089735,0.14187934313854622,0.9856300861426387,-76957800.0,-0.015456074845370482,-0.06513643450357698,-1.35404775171952,151.83917236328125
2022-09-06,151.83917236328125,-0.008214998052496147,0.007928240754482223,0.022002160896540994,17.67994352627619,-2.3523140123013264,0.1564819544447404,0.943127401805221,-73714800.0,-0.015017234396161872,-0.0699312542620264,-1.8279321956418926,153.24429321289062
2022-09-07,153.24429321289062,0.009254007564316602,0.010064575632714273,0.01962039899246595,17.420193078102145,-2.160402213032471,0.1662341342520753,1.0921829070657376,87449600.0,-0.0021496220058530024,-0.05878652947029639,-2.02542178064607,151.77040100097656
2022-09-08,151.77040100097656,-0.009617925607621092,0.009898308344554818,0.023824988829551495,16.77348786724646,-2.0307482273426007,0.17625730540672557,1.0688264755048067,-84923800.0,-0.008244223374140325,-0.06366314008659613,-2.2641528462366125,154.62973022460938
2022-09-09,154.62973022460938,0.01883983441286685,0.013996274902758283,0.019508212616595876,26.3456980496302,-1.6657483544331866,0.18025661226876954,0.8697671136058882,68028800.0,0.011206396162494192,-0.04279647297558187,-2.1541087612079366,160.58416748046875
2022-09-12,160.58416748046875,0.03850771289072408,0.020048284071205884,0.03034933413304336,43.53519393108746,-0.9710529939677108,0.1752783894434271,1.252240063187082,104956000.0,0.03996161288873479,-0.003308700115508323,-1.5198112776498647,151.16119384765625
2022-09-13,151.16119384765625,-0.05867934417606002,0.03694121954162531,0.04660685348169989,33.77751153592742,-1.0852651801725932,0.17622743247172606,1.310392320926603,-122656600.0,-0.020202259371159825,-0.056225266610646196,-1.8397911817936574,152.60560607910156
2022-09-14,152.60560607910156,0.009555443395750318,0.0369610299314065,0.022471222381208134,35.603184883512455,-1.004493037425364,0.17196096327493157,0.9387369789721312,87965400.0,-0.010020184532988918,-0.041999953111341526,-1.9197442305058132,149.716796875
2022-09-15,149.716796875,-0.018929902238350116,0.03777489795044714,0.02533307563200253,29.407614828678675,-1.0799893299584495,0.16506949676265292,0.9542650213177767,-90481100.0,-0.026165702731657747,-0.05366121150652725,-2.195801280245149,148.07586669921875
2022-09-16,148.07586669921875,-0.01096022764333704,0.03594346712674687,0.019774459500165813,33.062352250435055,-1.167375771439457,0.15670166191302945,1.4276612557424024,-162278800.0,-0.028556687480711163,-0.05716743973421379,-2.5042045438818263,151.79006958007812
2022-09-19,151.79006958007812,0.02508310748843301,0.031860999303909454,0.03534432681308503,41.30545639979602,-0.9132210196423591,0.14403092330036063,0.7476671363319599,81474200.0,0.007434550063938783,-0.028338927040640893,-2.3675642074712755,154.1679229736328
2022-09-20,154.1679229736328,0.01566540815306916,0.01844584436232632,0.0318674327246869,47.464068822341396,-0.5415193636053419,0.1355287609025598,1.0161537513590102,107689800.0,0.01914885006553746,-0.009794674299075656,-2.0195433320288885,151.0432891845703
2022-09-21,151.0432891845703,-0.020267729685875757,0.020893233346120373,0.033437414447250006,45.74415615020439,-0.4655484452835674,0.12793681094466364,0.9353654119499129,-101696800.0,0.0005597562261534517,-0.02571037433535306,-1.9974781058491544,150.08033752441406
2022-09-22,150.08033752441406,-0.0063753356097771,0.019000928723746927,0.023307564688761852,43.68957373553055,-0.43990376271891085,0.11733101866970144,0.8026469820510527,-86652500.0,-0.006297756995397807,-0.02736303615231095,-2.029928179888117,147.81057739257812
2022-09-23,147.81057739257812,-0.015123634243337847,0.0197136376505707,0.019344570921978606,43.52123222295031,-0.5295417604425534,0.09459313243181965,1.0139507863274142,-96029900.0,-0.020982214099658947,-0.03605729504598265,-2.215315420484785,148.14462280273438
2022-09-26,148.14462280273438,0.00225995606030982,0.014291436627036566,0.027392748993685725,45.36714450813963,-0.51936201730109,0.08783214824277111,0.9614522534014657,93339400.0,-0.014008228143373436,-0.029884767562055714,-2.285268010341781,149.11741638183594
2022-09-27,149.11741638183594,0.006566512916212464,0.01130668849459121,0.03143123645965935,44.76829411248113,-0.40520493992957984,0.08258454777227975,0.9135630785182576,84442700.0,-0.0008163554593501043,-0.020482938737513945,-2.2132548035978346,147.2308349609375
2022-09-28,147.2308349609375,-0.012651650401905967,0.009346087957451265,0.03870797646496687,44.30471393298168,-0.41341627492584276,0.084099191028347,1.4462160452042458,-146691400.0,-0.0083913662307733,-0.0300363023157334,-2.2849619501361644,139.9989776611328
2022-09-29,139.9989776611328,-0.049119176032136225,0.021926343853513306,0.042391975898651846,33.459195400514275,-0.8380760681116435,0.10777945594832399,1.1677769239518112,-128138200.0,-0.044117757370931265,-0.07325877133609537,-2.924612254264332,135.79354858398438
2022-09-30,135.79354858398438,-0.03003899847988656,0.023162891455888648,0.036903084053074464,20.81893448782739,-1.3064465951011557,0.13834515283772836,1.081535035850517,-124925300.0,-0.05736289732971933,-0.0952831723709644,-3.7115833994237732,139.9695281982422
2022-10-03,139.9695281982422,0.030752415396782196,0.03110497437622701,0.03776767285412618,34.96965680446212,-1.2398018280069594,0.15003110369072184,0.9549701232712675,114311700.0,-0.01722017599700998,-0.06336503418890505,-3.868319935958027,143.55596923828125
2022-10-04,143.55596923828125,0.02562301299579639,0.03473553547160028,0.0134155142504134,38.50760046986766,-0.8761106837509929,0.15361730978445126,0.7296110777812871,87830100.0,0.01589555684854571,-0.03669588656228773,-3.606847413026202,143.8507537841797
2022-10-05,143.8507537841797,0.0020534468017079366,0.034769097648616784,0.029849798894571497,42.0251180455205,-0.5533709098667243,0.15466531444744916,0.7431692783091377,79471000.0,0.02287500806427656,-0.03166591850041611,-3.3253111273490674,142.8976593017578
2022-10-06,142.8976593017578,-0.006625578645571895,0.024788955602566103,0.015952638260814857,42.82606149700176,-0.35159269389619885,0.1573067806476304,0.720113664812188,-68402200.0,0.011926392150971799,-0.0352004615984467,-3.141839007384789,137.650634765625
2022-10-07,137.650634765625,-0.03671875775832434,0.027171323546552946,0.02605474516873999,31.20916941236399,-0.5094356202701116,0.1645325215028215,0.9855195868427946,-85925600.0,-0.027787384391306458,-0.06526894283139395,-3.4059056834853436,137.97486877441406
2022-10-10,137.97486877441406,0.002355485024396309,0.022489026536441265,0.023643299449664302,27.237515497042153,-0.5277019129346971,0.15128260965957363,0.9444354356906538,74899000.0,-0.02274381962527472,-0.0558191552519024,-3.5143346822016497,136.55992126464844
2022-10-11,136.55992126464844,-0.010255110385928523,0.015993407655336772,0.022521261901235337,28.612817050946262,-0.5673144884602332,0.15916698415360747,0.998540435510193,-77033700.0,-0.023084061312692694,-0.060809709803435585,-3.6562523023185065,135.9311065673828
2022-10-12,135.9311065673828,-0.004604679699887981,0.015002249721834766,0.01590282641665515,28.89798857244807,-0.5667677598517731,0.16306439618981627,0.9348922813252766,-70433700.0,-0.01643766219306997,-0.05974300301472579,-3.752439305677939,140.50013732910156
2022-10-13,140.50013732910156,0.033612841660005444,0.02530451130090347,0.0644800396286714,39.79702968399344,-0.20807248539657763,0.16181513628130598,1.3430569658091271,113224000.0,0.020162186852843877,-0.025030427109538067,-3.363078288870014,135.9704132080078
2022-10-14,135.9704132080078,-0.03223999781924425,0.023855698333576203,0.04574361618512197,34.79012307081099,-0.2238870808854525,0.16783684667751683,1.044323701449639,-88598000.0,-0.01031300804168156,-0.05248372822220604,-3.408798788403516,139.93023681640625
2022-10-17,139.93023681640625,0.029122685700312623,0.027815672294357142,0.018467730892441383,39.31916225217371,0.06868520674429046,0.16064571469146086,0.9809320332314402,85250900.0,0.015618372376200229,-0.020843350068921573,-3.040775143808929,141.24688720703125
2022-10-18,141.24688720703125,0.009409334398200908,0.026822982001137884,0.042365191915760735,42.949749137604336,0.3703736081922102,0.14330063509513039,1.0854930063559471,99136600.0,0.018246888820106832,-0.007141699908954302,-2.601692236391557,141.35498046875
2022-10-19,141.35498046875,0.0007652788946796996,0.026342363828164832,0.023981627510113658,51.919918525473534,0.583989359723637,0.13146772530173825,0.6893162856794618,61758300.0,0.011119052636684668,-0.0029869848432946267,-2.222247165619649,140.89317321777344
2022-10-20,140.89317321777344,-0.0032670037479057834,0.022273692722363844,0.022595756377400265,58.07657898667038,0.6935040406511739,0.11977173320232702,0.8080080988654675,-64522000.0,0.007249365754947501,-0.003014023872952909,-1.9428620974597095,144.70556640625
2022-10-21,144.70556640625,0.027058750267366705,0.014866537885331668,0.035309377715579036,57.58813557581681,1.0032180975026534,0.11428184343667426,1.0894389053422768,86548600.0,0.02174313976431219,0.025089314736704837,-1.3723246134133262,146.84762573242188
2022-10-24,146.84762573242188,0.01480288132218921,0.011993832002279128,0.028303752518670067,55.52987571481159,1.313294180176297,0.11123853463247402,0.9792809540674844,75981900.0,0.02683720446172755,0.04074170086522111,-0.7407558049759757,149.6873016357422
2022-10-25,149.6873016357422,0.01933756769411188,0.012722254617086372,0.02054617932292799,59.0328418888998,1.648869470096825,0.1129976563137626,1.0278327384015815,74732300.0,0.034482725893940636,0.06065292023303548,-0.014544516971227495,146.74937438964844
2022-10-26,146.74937438964844,-0.019627097382268754,0.01889234595032497,0.02644802173153899,55.616021187394715,1.6103645153929609,0.11195343431194844,1.130756750810492,-88194300.0,0.006672991811121243,0.040012783764126425,0.2689263202357779,142.27859497070312
2022-10-27,142.27859497070312,-0.03046540700796796,0.025563328359771296,0.03397788719097386,56.90411390474492,1.237918412726084,0.111844452200327,1.2559920651080798,-109180200.0,-0.025847327707710033,0.007514518549295746,0.0870311665671295,153.02809143066406
2022-10-28,153.02809143066406,0.07555245019234547,0.041545643914681844,0.06215482428634013,67.12881615372542,1.6441896909553144,0.1277897657190386,1.6063375899944448,164762400.0,0.03594610470446025,0.07706233371143312,0.8815668083663581,150.6698760986328
2022-10-31,150.6698760986328,-0.015410342702337987,0.043186328076589085,0.015129825092121003,65.71807380462681,1.6769975400800714,0.1372671353897253,0.9156780957210416,-97943200.0,0.014730532000608143,0.056486098895276005,1.2502898424510818,148.02671813964844
2022-11-01,148.02671813964844,-0.017542710111834725,0.043461283677583576,0.041951492343055424,62.895428821673356,1.451999315977814,0.14111925518942295,0.7436201498206896,-80379300.0,-0.0008357234049065632,0.03632809970183515,1.2727457743948207,142.50457763671875
2022-11-02,142.50457763671875,-0.03730502555437387,0.04595238792397874,0.04943803509132209,52.09441889015553,0.8901686781330217,0.1410385331777589,0.857389593157488,-93604600.0,-0.03256580336957293,-0.0018617980691512104,0.789222706023395,136.46165466308594
2022-11-03,136.46165466308594,-0.042405114795945664,0.04787435460144367,0.029161887308221245,50.49755903355409,0.11140610418208241,0.1467887315977474,0.9157971822344596,-97918500.0,-0.0662149254404576,-0.04202872417069503,-0.10557294327642808,136.19595336914062
2022-11-04,136.19595336914062,-0.00194707659526272,0.016671625244170426,0.05990745045249279,45.911758259674926,-0.3940663097717658,0.14910518967601322,1.3787519063549867,-140814800.0,-0.04605814761540994,-0.04340553168542116,-0.789130476333014,136.72740173339844
2022-11-07,136.72740173339844,0.0039020863036760556,0.020617268641006777,0.02505035828827843,44.965575290221054,-0.649977661025599,0.15089686373822092,0.8403142321642889,83374600.0,-0.023258919310922277,-0.03925192396391741,-1.2354631558229983,137.2982635498047
2022-11-08,137.2982635498047,0.00417518221782176,0.023149008951749966,0.02824363571768558,45.52718487599955,-0.7320569720686168,0.14975478923565982,0.8890898518851076,89908500.0,-0.003912624401895104,-0.03549082612215082,-1.4950467023224405,132.7413330078125
2022-11-09,132.7413330078125,-0.03319000855636578,0.022198787244826206,0.029361658317154888,41.7564436851284,-1.0264542178150329,0.15679641367072794,0.7692805311272036,-74917800.0,-0.023134194931853425,-0.06645695686369812,-2.055857137309289,144.55194091796875
2022-11-10,144.55194091796875,0.0889746067975763,0.045518728579015566,0.05018040009674528,49.86627755933435,-0.3916178784065578,0.15682445092967423,1.1701229665798136,118854000.0,0.05126407062915184,0.015158295250968346,-1.4128398110339333,147.33731079101562
2022-11-11,147.33731079101562,0.019268989785668378,0.044832638367865246,0.03767534739228095,50.42152283069157,0.21728786943619305,0.1531004728786372,1.0192261058063754,93979700.0,0.05443349852674784,0.030605842697094543,-0.6712176487042427,145.93971252441406
2022-11-14,145.93971252441406,-0.00948570500641166,0.046162601222118564,0.019220435169800754,46.69193134143248,0.5105784818702788,0.1524932682038727,0.8133985878229606,-73374100.0,0.030839061148104197,0.018688763995446944,-0.23160598194593263,147.67193603515625
2022-11-15,147.67193603515625,0.011869445819638669,0.04588274635980011,0.03352438685933847,50.83207432450472,0.7892470657241086,0.15392946942587665,0.9963360923506948,89868300.0,0.028009278718748476,0.028473778149736173,0.24780739103368887,146.44166564941406
2022-11-16,146.44166564941406,-0.00833110487187827,0.040296217056687234,0.017339888080330747,53.98784896656581,0.8532842844371518,0.1539098407016484,0.7292654641984999,-64218300.0,0.0003630917799790634,0.018102057867690036,0.491889856403958,148.34115600585938
2022-11-17,148.34115600585938,0.012970969348250705,0.013243390369872132,0.035363599972705745,44.5936950525999,0.9772269961477948,0.1546731207123305,1.0002916657749126,80389400.0,0.008119805583592044,0.02864464738759409,0.8285147450689578,148.9022216796875
2022-11-18,148.9022216796875,0.0037822657510229174,0.010717600736353534,0.01804478715506218,47.87284792143391,1.044577594116154,0.1571549052281962,0.97770537606254,74829600.0,0.009784957105081205,0.031035050383962925,1.111935136662055,145.6739501953125
2022-11-21,145.6739501953125,-0.021680478961015992,0.014684175072287475,0.017904155089756485,47.208053443366346,0.8287192734378934,0.15665368479742506,0.7978174044105679,-58724100.0,-0.011751445212718648,0.00909175170014187,1.0229815294250955,147.80972290039062
2022-11-22,147.80972290039062,0.014661322097839546,0.01530165640718651,0.023238817841059096,56.845607507844306,0.7870986890081292,0.15459187214149475,0.7849926734764695,51804100.0,0.00255015986081375,0.024552642340907482,1.1243341750802927,148.6856689453125
2022-11-23,148.6856689453125,0.005926173378406174,0.014608387560450463,0.016482460928330687,68.20048700450427,0.7746756105312642,0.1562013540738375,0.899578026259024,58301400.0,0.005430830296623723,0.029933153927869327,1.2557319525917592,145.7724151611328
2022-11-25,145.7724151611328,-0.019593373085950883,0.016287826822162992,0.01188312577389866,63.216528921442894,0.5376206781892302,0.15562734228018685,0.6310786498077317,-35195900.0,-0.010832555201556349,0.008532894024358084,1.0790263961437176,141.9437713623047
2022-11-28,141.9437713623047,-0.026264528817719346,0.018391340895221337,0.022604316178357953,56.59860500093422,0.11255426446278033,0.14664099816779774,1.2669817379419368,-69246000.0,-0.02762991039511864,-0.014175734311975163,0.5980496354781053,138.9419403076172
2022-11-29,138.9419403076172,-0.02114802943360905,0.01830371923160303,0.03159305456489865,51.95875058915261,-0.3555626958016487,0.14356009579079104,1.4039667300456704,-83763800.0,-0.03933302736425737,-0.031077915642222842,-0.028252726900632297,145.69366455078125
2022-11-30,145.69366455078125,0.04859385314625486,0.031169967206189156,0.05519150331904189,64.66786473363169,-0.2028639276927695,0.14131291459309112,1.556085982206724,111380900.0,0.010305792466575037,0.016832921430403047,0.09317494324710651,145.96923828125
2022-12-01,145.96923828125,0.00189145994315143,0.030948824334232825,0.01699146594257977,52.17263366688654,-0.08188503831125477,0.14201195219039484,0.960670051801735,71250400.0,0.016044583504077004,0.017525993461937173,0.20530873732352006,145.4770965576172
2022-12-02,145.4770965576172,-0.003371544096740231,0.029636777244877604,0.015898830541445984,46.9327494929052,-0.035936641880890685,0.13436324390865378,0.8158723074832612,-65447400.0,0.013035426983114107,0.010918796760691185,0.24215206790844945,144.31576538085938
2022-12-05,144.31576538085938,-0.007982914178506828,0.02656406011835033,0.03512237417300968,47.30129621562245,-0.08204879639089002,0.12418524653641826,0.8588937149851161,-68826400.0,0.0016395413503484946,2.7417049494715684e-05,0.16468443900467378,140.6544647216797
2022-12-06,140.6544647216797,-0.025370067154598552,0.027594396463415067,0.037646104156100625,39.04089187085754,-0.34280065156480966,0.1164849314712764,0.8480309449698047,-64727200.0,-0.026087299576183054,-0.026667678511862025,-0.2125091345111514,138.71556091308594
2022-12-07,138.71556091308594,-0.013784872115011448,0.010483249548942423,0.023910849005331348,38.19549937939517,-0.6137148145349854,0.11317678795405195,1.0253932303348066,-69721100.0,-0.030140334226081422,-0.040555438858254966,-0.6559209990351178,140.3985595703125
2022-12-08,140.3985595703125,0.012132731512948691,0.01379679953697687,0.016964586557931552,37.78391302674403,-0.6442566129197405,0.08779928056011356,0.9389183147428566,62128300.0,-0.010666658007507324,-0.03147950548483491,-0.8270888418616096,139.91629028320312
2022-12-09,139.91629028320312,-0.0034350016737020317,0.013791879089595215,0.03285040311925021,36.1456338545073,-0.6592505690359021,0.09331098208455589,1.1141581259150806,-76097000.0,-0.006277252031573588,-0.03326063563600756,-0.9812305366585008,142.20950317382812
2022-12-12,142.20950317382812,0.01638989202746388,0.01747652778735549,0.023807891969171623,44.49998788789031,-0.48508607692382166,0.09309624918664393,1.0267450572848165,70462700.0,0.013040619052225644,-0.015672138235265032,-0.8797978520313734,143.17404174804688
2022-12-13,143.17404174804688,0.006782518416084793,0.01222948119798195,0.03938953515815045,42.35633213438186,-0.28517800609555527,0.09300254364115791,1.2609103579873289,93886200.0,0.01626352368411088,-0.008046464472714066,-0.7059668911493873,140.9497528076172
2022-12-14,140.9497528076172,-0.015535560170494622,0.012861021105671512,0.0384051375054327,37.78745717620974,-0.2824674142100825,0.09279852275139648,1.0690906483149694,-82291200.0,-0.0026878773423781865,-0.021177667012576507,-0.757641423327641,134.3456268310547
2022-12-15,134.3456268310547,-0.04685447008606314,0.02449120314599663,0.042271093571142344,33.84352904931173,-0.6823656426554355,0.10934879920837196,1.1730990421396879,-98931900.0,-0.04120365094830769,-0.06310487807969178,-1.3545604659268804,132.3870391845703
2022-12-16,132.3870391845703,-0.014578722751782514,0.024418517440648164,0.029142802237986147,35.7331664074395,-1.0156253011905805,0.12477496679559949,1.583426416801571,-160156900.0,-0.044917467385130805,-0.07159890326234364,-1.9425546968811886,130.2808074951172
2022-12-19,130.2808074951172,-0.015909651748587494,0.019143232484307434,0.029311700288184507,36.71492473875294,-1.2967546555212823,0.1405099111176991,0.7729556142383116,-79592600.0,-0.04365233262779211,-0.0803647812130669,-2.5265435648237258,130.21188354492188
2022-12-20,130.21188354492188,-0.0005290414721899062,0.017012060834608704,0.02539682942438834,20.129032789896883,-1.3975006932467058,0.15600327304070602,0.7768053877425887,-77432800.0,-0.02561557873979181,-0.07580777171260666,-2.921064781978629,133.3121795654297
2022-12-21,133.3121795654297,0.023809624253213757,0.02570812130697056,0.029974142857641734,27.979414361631243,-1.174467287537249,0.1566881466976791,0.8557846332439782,85928000.0,0.009118877992712715,-0.0489098476121016,-2.894107849491263,130.1430206298828
2022-12-22,130.1430206298828,-0.02377246359543206,0.018748393593289316,0.03221655179974209,25.595247924852714,-1.1576120991923702,0.15920458512934332,0.8093366550067116,-77852100.0,-0.008562438185199417,-0.06533732576139628,-3.098424351039455,129.7788848876953
2022-12-23,129.7788848876953,-0.0027979659640994248,0.01816266500898112,0.02108295742779333,26.26164568222083,-1.089220540691218,0.16473236071495898,0.8295828822392156,-63814900.0,-0.007392005132830448,-0.0625686938363823,-3.2275461657768574,127.97770690917967
2022-12-27,127.97770690917967,-0.013878821505318828,0.017845207922152433,0.020687552616008555,27.960249159035186,-1.0813383067007316,0.17690202240552275,0.9224763632124856,-69007800.0,-0.01770758635952263,-0.07089267094167462,-3.423187746847418,124.05071258544922
2022-12-28,124.05071258544922,-0.030684987397979202,0.02136658116068451,0.04093935254866508,26.15234550923894,-1.2449953889074337,0.19870778406318151,1.1181830650725628,-85438400.0,-0.038757779156500693,-0.0945077219501238,-3.8487368630823937,127.56433868408205
2022-12-29,127.56433868408205,0.02832411056254558,0.02314553199817739,0.021217439685636715,30.302058052832265,-1.0299102075207487,0.1996842687475831,1.018023925216955,75703700.0,-0.002647273584148513,-0.06265841183016196,-3.792898895338652,127.87931823730467
2022-12-30,127.87931823730467,0.0024691818769404517,0.021768485982233667,0.019395034134686986,31.430316754863355,-0.790494609604552,0.19561977078726214,1.0381995638802262,77034200.0,0.003367009252403186,-0.05405699176655776,-3.6586154359014813,123.09600830078124
2023-01-03,123.09600830078124,-0.037404875178072894,0.026541866840138196,0.053809832445514655,22.617064039443292,-0.8719389668102973,0.19905730210432132,1.3369553085416321,-112117500.0,-0.02392769881410517,-0.0818395066333637,-3.909997537300228,124.36566925048828
2023-01-04,124.36566925048828,0.010314395789379871,0.027882900006104355,0.028331764907900996,23.287733871063864,-0.7619488936149592,0.1968663786292123,1.0140202463590735,89113600.0,-0.008178724536951232,-0.06541566114907049,-3.9184526463731544,123.04682159423828
2023-01-05,123.04682159423828,-0.010604595819716733,0.02458044994151641,0.024076104524538715,23.90247558987022,-0.7011932258814699,0.20148842178018722,0.930751885870816,-80962700.0,-0.01712279124182403,-0.06916825651600833,-3.9710455736068155,127.57420349121094
2023-01-06,127.57420349121094,0.036793976783100035,0.027282644252350257,0.04166019209923845,39.492974433501104,-0.29979076873203336,0.19901360220315598,0.9816341885267595,87754700.0,0.019025110445842763,-0.03083505880322457,-3.549234189724018,128.09585571289062
2023-01-09,128.09585571289062,0.004089010218399025,0.02732422494714221,0.02704575057652785,43.03071050189927,0.03912729054953079,0.1909254531758455,0.8030915327950106,70790800.0,0.022838086715290196,-0.02230325532851285,-3.1303609090467575,128.66668701171875
2023-01-10,128.66668701171875,0.004456282333657802,0.017344564481936272,0.024018966513184067,47.24091180349214,0.32416400987093663,0.18113553353542758,0.8139270046214441,63896200.0,0.01833670279040911,-0.01371207828180665,-2.716657876109281,131.3831329345703
2023-01-11,131.3831329345703,0.021112270673481648,0.01819879374272196,0.022848061034239434,51.83590050227219,0.6966761307406579,0.16106315597980803,0.9314258067232682,69458900.0,0.028412507895395622,0.011307066808111221,-2.128178358387288,131.30441284179688
2023-01-12,131.30441284179688,-0.0005991643753284759,0.01556562783786482,0.02113778568338807,46.523579138040176,0.9245196067729031,0.13064930246885917,0.9824317427704565,-71379600.0,0.01467915862564162,0.015339459721924298,-1.6625146825927288,132.6331024169922
2023-01-13,132.6331024169922,0.010119154005861164,0.008337964019752408,0.024191114868816328,54.6050452038845,1.1374540772605424,0.10347352144335503,0.8671406440123935,57809700.0,0.01699525661962098,0.028922350210755177,-1.1739764194102804,133.79441833496094
2023-01-17,133.79441833496094,0.008755852775859996,0.00807064831608225,0.02324546378232075,57.21345536578213,1.3166076113935787,0.10208761957975619,0.9756032508560936,63646600.0,0.017012235554637378,0.0381534045628662,-0.6914557828682177,133.0759735107422
2023-01-18,133.0759735107422,-0.005369766789673491,0.01027781622083896,0.02647734378588346,59.52914958072544,1.3422336305973204,0.10336448277761935,1.0493915671288403,-69672800.0,0.004815570314059769,0.032302845869190966,-0.38449493656608524,133.13504028320312
2023-01-19,133.13504028320312,0.0004438575266643152,0.006572832256121159,0.01833367080068868,69.84953574430445,1.31684797123512,0.10699092774670522,0.9083912140406267,58280400.0,0.0026090404832763703,0.03161898842484456,-0.14549225295940005,135.69400024414062
2023-01-20,135.69400024414062,0.019220784817386205,0.009453623520434783,0.027562219383034475,68.53691148140324,1.4173559184046782,0.11608174042851532,1.2168620202279443,80223600.0,0.015168297072128745,0.049219021424653286,0.2555061328731938,138.88287353515625
2023-01-23,138.88287353515625,0.023500473751810746,0.012186101870687268,0.03840984624966944,72.18261919717591,1.6284719028052543,0.13084344184397012,1.1561661354864492,81760300.0,0.029399024542865693,0.07156833087245884,0.8240176708220588,140.2804718017578
2023-01-24,140.2804718017578,0.010063143359773541,0.012185257800545761,0.020065955481976715,90.11970352342024,1.77982120916807,0.14961144000508023,0.9321027285517781,66435100.0,0.02985603332453901,0.07813526299097884,1.3515993489086782,139.62103271484375
2023-01-25,139.62103271484375,-0.004700861627026542,0.011982186062780733,0.025518081923110773,86.66050143026395,1.7504440480338022,0.1625810306793349,0.9333268463117737,-65799300.0,0.015258202809359966,0.06902391582756429,1.6616482139255027,141.68789672851562
2023-01-26,141.68789672851562,0.014803385804294633,0.010877303504592756,0.016324020519021404,93.24215983290168,1.779327716330354,0.17708791290400225,0.776650377206929,54105100.0,0.01762970867517777,0.07918479427244418,2.041341042218221,143.62677001953125
2023-01-27,143.62677001953125,0.013684113716012414,0.010298325962435557,0.028438251934299594,92.31982853570685,1.8309904974974163,0.1864819832051515,1.0417043155347203,70555800.0,0.019932998633511945,0.08585721762686105,2.4549322772377025,140.7430419921875
2023-01-30,140.7430419921875,-0.020077928557131863,0.014957862343839522,0.018881097540155118,79.64946320565598,1.5822821895727137,0.19074429717642608,0.9974008337524531,-64015300.0,-0.0031786585595307004,0.058780895528830035,2.4689141453437458,142.01266479492188
2023-01-31,142.01266479492188,0.009020856624690987,0.01483731780830222,0.014276787403466756,80.29508055901542,1.4197956084506398,0.19549076304832416,1.0281645075698456,65874500.0,0.0033516271409566034,0.06268266542135503,2.5464366514885626,143.13470458984375
2023-02-01,143.13470458984375,0.007900984018166302,0.014361265042785608,0.036374843928695125,78.75742972427406,1.3072145462102283,0.1890712251190103,1.1688780404696606,77663600.0,0.006282920301974304,0.06310825895225625,2.6568756031909118,148.4396209716797
2023-02-02,148.4396209716797,0.037062404935527704,0.020339810877254574,0.019957527918463305,83.3909884386498,1.4957769871296327,0.19409350240137635,1.4924900655369353,118339000.0,0.03376429112486279,0.09274023076264726,3.1519227285807574,152.06150817871094
2023-02-03,152.06150817871094,0.02439973359755654,0.021424135742941646,0.06181231748710552,84.75361904273194,1.7523894185815623,0.19859400424487061,1.6070525395434916,154357300.0,0.04669107289105923,0.10757435033067941,3.77739074445941,149.3352508544922
2023-02-06,149.3352508544922,-0.01792864845858755,0.020635147776657623,0.015290367030555892,76.32560620927028,1.6290844145450967,0.2000131296339371,0.7185697296009589,-69858300.0,0.0159085216408148,0.07916457866982185,3.9389505767236415,152.2091827392578
2023-02-07,152.2091827392578,0.019244832471376094,0.020761030470693994,0.02967989989681453,80.20518774751164,1.627796353575393,0.20433868046708575,0.827366918430443,83322600.0,0.021291017835277426,0.09043231653922601,4.239165151206748,149.52227783203125
2023-02-08,149.52227783203125,-0.01765271226657439,0.025323521582662743,0.02244604859932416,73.88817364643455,1.344463980848026,0.19833852986728884,0.6542903399671794,-64120100.0,-0.0052642638527248264,0.06324027945173016,4.155363997471937,148.4888153076172
2023-02-09,148.4888153076172,-0.006911762844965641,0.020287142258463703,0.025916376938119857,69.51952671978204,1.0016589735389116,0.19300603066231975,0.6548004584892769,-56007100.0,-0.01220429813049162,0.04950845854630481,3.9318977473991197,148.85353088378906
2023-02-10,148.85353088378906,0.002456182140158525,0.015578520469791805,0.014038773553438744,66.64537076521066,0.7264935525568399,0.1846739024306675,0.8684682009972221,57450700.0,-0.005533609135394024,0.045601634091084975,3.7299669758467076,151.6529998779297
2023-02-13,151.6529998779297,0.018806869931262682,0.016114023545512838,0.02170943259919899,68.1367815711552,0.6618723892912448,0.18047389338305117,0.962536308474634,62199000.0,0.010041192991036896,0.058197226896700816,3.7582758504958633,151.0122528076172
2023-02-14,151.0122528076172,-0.004225086683601775,0.01346888628532695,0.01899480235037141,68.17742870959212,0.5115487426823941,0.17410911185493624,1.0233958959747516,-61707600.0,0.007379808998926984,0.04743422014767096,3.658677464161542,153.11187744140625
2023-02-15,153.11187744140625,0.013903670693952819,0.011215838216965153,0.016867283115319657,68.2106660102529,0.4891068508878682,0.16542842087797477,1.0822966532447873,65573800.0,0.016517845149198296,0.05466899170171069,3.703380748819427,151.5150146484375
2023-02-16,151.5150146484375,-0.01042938549022654,0.012201600309022684,0.019387128992104923,62.71306315168207,0.31097924122463194,0.14907385202369133,1.0816901989533447,-68167900.0,0.0018903732825843456,0.03710429252624281,3.534088466662894,150.37158203125
2023-02-17,150.37158203125,-0.007546662090490708,0.01330879820702614,0.014093699465577283,66.44000358492414,0.07283665330274047,0.13442539987320018,0.9334835684189393,-59144100.0,-0.007662788180266555,0.02413306370433732,3.248573373766078,146.35964965820312
2023-02-21,146.35964965820312,-0.026680123457191063,0.014526099575406624,0.019463897311470895,56.786610687284764,-0.3736652948842254,0.12419773919110225,0.9389888234757414,-58867200.0,-0.027343086511755987,-0.0057224602502692345,2.633612240253683,146.78353881835938
2023-02-22,146.78353881835938,0.0028962160072545373,0.015199167646781557,0.018736103804439883,55.82359284482012,-0.6434210574074024,0.11588128425402804,0.8424259399143161,51011300.0,-0.01901239994638415,-0.0050405757348210845,2.1694779563207476,147.26651000976562
2023-02-23,147.26651000976562,0.0032903634514760416,0.012255466552241995,0.02074960489539551,47.78709149658943,-0.783017728128943,0.10413081863604581,0.8472827851071854,48394200.0,-0.00803418413378143,-0.004346744355049115,1.8301470015601637,144.6149444580078
2023-02-24,144.6149444580078,-0.018005217558166975,0.013116280977766678,0.010019774749040217,35.4193456634909,-1.0319694698668087,0.09866763159248455,1.0163496605180764,-55469600.0,-0.016754916964600852,-0.023240175273708807,1.317690324913201,145.80767822265625
2023-02-27,145.80767822265625,0.008247652198869249,0.015331578923335556,0.011627915373137288,42.65157713455278,-1.0887261213261241,0.09567262714114425,0.869567149827163,44998500.0,-0.0024546397330189595,-0.015908998421334197,1.0187891226910608,145.304931640625
2023-02-28,145.304931640625,-0.003448011710765475,0.010166878874289768,0.015263550261876467,34.04088421875365,-1.12776350389775,0.08539112401848702,1.0092420511731064,-50547000.0,-0.004457446943083365,-0.020809584489898447,0.7363553836807739,143.23492431640625
2023-03-01,143.23492431640625,-0.014245953670302014,0.011192873821486518,0.015277690854051115,35.04019796918931,-1.251096905920312,0.08212134278492886,1.088300247598654,-55479000.0,-0.013844623696659397,-0.03515643936857993,0.3353089014735815,143.82638549804688
2023-03-02,143.82638549804688,0.004129308438311385,0.011350259737136275,0.01925853434895446,38.66810758208805,-1.2480998738289304,0.08048036572440594,1.0095013299465625,52238100.0,-0.00505948116657895,-0.03139794950042096,0.08383288229387631,148.87327575683594
2023-03-03,148.87327575683594,0.03509015568536,0.018397974469573017,0.025028132224384513,50.03909204939012,-0.8788987353506938,0.08050091057641647,1.2907594265440707,70732300.0,0.023821264229287653,0.0024440674603534163,0.3331838535790723,151.6332550048828
2023-03-06,151.6332550048828,0.018539118146059463,0.0192734946966161,0.018461914477578004,49.960846727343146,-0.44346422136033437,0.07982952225723675,1.3829850414336367,87558000.0,0.0345128155479284,0.02117573262296113,0.7509581636932978,149.43508911132812
2023-03-07,149.43508911132812,-0.014496595047596261,0.02142884469103054,0.01912924656813149,47.05448186910923,-0.3047486026393056,0.07986951740346716,0.8718784665168997,-56182000.0,0.01380254468385056,0.006338330383196311,0.856898668038184,150.68698120117188
2023-03-08,150.68698120117188,0.008377497529453048,0.01829669076351757,0.010728065951668628,45.3231625848298,-0.13841311677722246,0.07770090831647983,0.7518718430964796,47204800.0,0.01206240752706944,0.01528931062164629,1.0288730116212719,148.43954467773438
2023-03-09,148.43954467773438,-0.014914603143035277,0.021594575530334396,0.02862074283422576,44.21362565786225,-0.18648911984082028,0.07741410028558554,0.8531184520841923,-53833600.0,-0.00917195905638779,0.0005116186796669808,0.9437794628657628,146.37939453125
2023-03-10,146.37939453125,-0.013878715075265169,0.01569617611650611,0.022424254754577017,42.73931789017508,-0.35405664133075354,0.07837850350172396,1.0941794308487485,-68572400.0,-0.019659520248033857,-0.01267231022413362,0.6860776549941363,148.32125854492188
2023-03-13,148.32125854492188,0.013265965608686203,0.013943367014361694,0.03615340198892584,53.858130657127084,-0.33152880429598497,0.07830339015893495,1.3611140567652076,84457100.0,-0.0022279825210350657,0.0006051621898954807,0.6515580035110986,150.41098022460938
2023-03-14,150.41098022460938,0.014089158224440235,0.014578288833820114,0.021626501554278442,56.6957636609036,-0.1808422737107891,0.07659486955859264,1.1242226871912029,73695900.0,0.010503011498328885,0.015128130276122587,0.7956503895548224,150.8052520751953
2023-03-15,150.8052520751953,0.0026212969957191135,0.014108026028126112,0.02176613969206945,56.55349641318889,-0.06551506487655412,0.07631517130427076,1.0785867654906578,77167900.0,0.01299086020062723,0.017860182877940778,0.9226747768577468,153.62442016601562
2023-03-16,153.62442016601562,0.018694097533251686,0.013051393799869778,0.030927219348437538,66.58196579050687,0.176504498388939,0.07762900724667127,1.00197629602499,76161100.0,0.024789554826001314,0.0367088404910727,1.2448125817831794,152.7865753173828
2023-03-17,152.7865753173828,-0.0054538519834762544,0.00983665535647293,0.015871011057207514,63.01469730383439,0.2514609977466098,0.08002790477011454,1.205387272657279,-98944600.0,0.010562082474126822,0.03061260393547549,1.3891823538284882,155.15228271484375
2023-03-20,155.15228271484375,0.015483738623937704,0.010142458609982063,0.0233164775733599,67.17088402823305,0.4216463514245028,0.08937846328950744,0.9214138052790852,73641400.0,0.017019207906745715,0.04488557041940222,1.6768215293854212,157.0054168701172
2023-03-21,157.0054168701172,0.011943969646127206,0.009920908570132381,0.01795580507452454,74.1946795796039,0.6089256644659855,0.10147138093135004,0.9245678352535792,73938300.0,0.020345291473861993,0.053588811133016945,2.021157875741096,155.576171875
2023-03-22,155.576171875,-0.00910315722609456,0.012700576280276713,0.02743459279490877,70.05392966746322,0.5862400151135145,0.10734205558217036,0.95010331657242,-75701800.0,0.004825960348212144,0.040926926283320064,2.117313649860222,156.66041564941406
2023-03-23,156.66041564941406,0.006969214895486742,0.010780330059024417,0.024350409326900482,65.3696636333191,0.592210435979891,0.11422559950436524,0.8672875750099655,67622100.0,0.007876179299113106,0.044897642232037516,2.2457043782723645,157.9615936279297
2023-03-24,157.9615936279297,0.008305722751479783,0.009447776230289175,0.01553816058892367,63.25360729332842,0.628323413904079,0.11810452378641385,0.8454224948807498,59196500.0,0.009525188709926802,0.04890759400860123,2.414516311673651,156.0197296142578
2023-03-27,156.0197296142578,-0.012293266793989344,0.011038852015153476,0.018322019065195663,63.94004177512629,0.4730406208960929,0.11790401119898987,0.7965707665220207,-52390300.0,-0.0039895128952019965,0.03251232002645188,2.329544428952829,155.39869689941406
2023-03-28,155.39869689941406,-0.003980475523058469,0.009313714688490694,0.01592140731241083,60.24871437608656,0.2891490597493034,0.11429737385216475,0.7642365693384809,-45992200.0,-0.005914822079779447,0.024979059389961922,2.1725356672301075,158.4741973876953
2023-03-29,158.4741973876953,0.019791031389870373,0.012304256854835173,0.010574092822447001,71.06799040195806,0.3322110605306623,0.1080534521808752,0.9277475273664156,51305700.0,0.01001428581125774,0.04003747183781492,2.2849658353778466,160.04147338867188
2023-03-30,160.04147338867188,0.009889786645471021,0.01256142213457824,0.007390964176712859,79.29004458157827,0.41825723637114853,0.10280497245588342,0.9579006480217225,49501700.0,0.015626022793761463,0.0447642032920863,2.46432174633577,162.54518127441406
2023-03-31,162.54518127441406,0.015644119194414996,0.013531495458960412,0.018738607957926097,79.77722479723752,0.5855419800384434,0.11224281978776722,1.28293418257914,68749800.0,0.025548463354515993,0.05639438778286898,2.7711907138825325,163.79705810546875
2023-04-03,163.79705810546875,0.007701716047436857,0.009059337361857801,0.012457074611778732,79.042020834961,0.7137526394589262,0.12466463573580716,1.04533665828091,56976200.0,0.023403347509478145,0.06033925835595566,3.0587550741252016,163.26475524902344
2023-04-04,163.26475524902344,-0.0032497705551132183,0.008782953614353191,0.010444941595957108,76.87081411511974,0.6952624391096789,0.1299282268216052,0.8481729339320857,-46278300.0,0.010148348995669965,0.0521834964165524,3.1725751095195562,161.4214630126953
2023-04-05,161.4214630126953,-0.011290203041780855,0.010839591963295724,0.01984611693342697,67.5544183636942,0.5005433455308057,0.1312487516826419,0.943376564962638,-51511700.0,-0.004885664990395333,0.036718126649073035,3.042302732410434,162.3086395263672
2023-04-06,162.3086395263672,0.005496025727397269,0.010384869897401623,0.017976476667286384,71.39065038699637,0.3786861896582576,0.12816932971615133,0.8439767636360797,45390100.0,-0.002205603976972337,0.03779396958508796,2.96999858893912,159.71617126464844
2023-04-10,159.71617126464844,-0.01597246005686348,0.010279982873924974,0.012034789624965077,60.14905692516818,0.08595953533261191,0.11372941315837701,0.9625264046294638,-47716900.0,-0.014715745621712517,0.01688212907809561,2.640590068923018,158.50372314453125
2023-04-11,158.50372314453125,-0.007591267124154699,0.008190401616528098,0.011505012863215864,53.42962104526375,-0.21064585311406248,0.10076036704824218,0.9986576742298605,-47644200.0,-0.015767391792021024,0.005902084020978915,2.246043836884951,157.81373596191406
2023-04-12,157.81373596191406,-0.004353129181628224,0.008094516287221739,0.014241091145385087,55.3011904460648,-0.4603114714088776,0.09100929141198684,1.0341156619746201,-50133100.0,-0.01337276580630764,-0.0008237845048520986,1.8553454616538545,163.1957550048828
2023-04-13,163.1957550048828,0.03410361595056344,0.01934981896327008,0.02645569550254651,62.86376245379197,-0.27891787192515327,0.08472315301956135,1.3196627153290075,68445600.0,0.018016300753578962,0.02921470526432035,1.999975664460095,162.85076904296875
2023-04-14,162.85076904296875,-0.0021139395562326246,0.019338461283405828,0.015132255301761717,59.999975032598066,-0.20170202780056545,0.08242885674810443,0.9377434004882915,-49386500.0,0.015177648678663003,0.024059652563724887,2.042539053134277,162.87046813964844
2023-04-17,162.87046813964844,0.0001209640998041106,0.017049791662610843,0.008230954702644832,65.20779504077586,-0.1700974964285713,0.07606019217861365,0.8073136241587768,41516200.0,0.011323272855061184,0.020946571865687602,2.040383924062212,164.0927734375
2023-04-18,164.0927734375,0.007504769353297025,0.015764878708950766,0.01057253410656017,68.79796611466801,-0.09160280915745345,0.07534225970335942,0.9622620125179064,49923000.0,0.011889598145241376,0.025734274794869227,2.109284543929988,165.2362060546875
2023-04-19,165.2362060546875,0.006968208247287722,0.014477661999863674,0.015629722004769843,65.95341791327401,0.007342209317218629,0.07844391896040787,0.9284392674465887,47720200.0,0.00969764455724853,0.030231525006462645,2.222762986204515,164.27020263671875
2023-04-20,164.27020263671875,-0.005846197035346057,0.005803822182759252,0.013861371996380859,60.26804041206434,-0.02071777628245597,0.07572541246736737,1.0882966677081505,-52456400.0,0.0024783879715541968,0.02144015738221894,2.1846404464848206,162.66348266601562
2023-04-21,162.66348266601562,-0.009780958109952276,0.0076570845766743435,0.011877296111579342,50.300337875267395,-0.16775290068992765,0.07212972808522557,1.1669649226194834,-58337300.0,-0.0070998466191414256,0.009565273447331712,1.9794806391598456,162.9690399169922
2023-04-24,162.9690399169922,0.0018784624918177784,0.007715995628315397,0.010342990957047242,47.79176280525273,-0.2592321053323374,0.07023712810546465,0.837696920560813,41949600.0,-0.005354413289578086,0.009892404769388907,1.8197875456980057,161.43133544921875
2023-04-25,161.43133544921875,-0.009435561923643032,0.007388631570461621,0.015753811832125146,45.359323644256655,-0.4281362589832556,0.06281854996950997,0.9774975760260954,-48714100.0,-0.011528205056142604,-0.0013110409534144996,1.5369271192035114,161.4214630126953
2023-04-26,161.4214630126953,-6.115563930608747e-05,0.005346436482812568,0.015144087754812017,50.0,-0.5382361557894546,0.05121282343148461,0.9211916931018537,-45498800.0,-0.006949455837074625,-0.003229081637332931,1.3000687203384018,166.00506591796875
2023-04-27,166.00506591796875,0.028395250666963356,0.015575116565137125,0.02001065877267538,58.54989027154352,-0.31133545092058545,0.05159545133190884,1.2509979680195342,64902300.0,0.01907320562110071,0.022696565523251166,1.4990687074300695,167.25692749023438
2023-04-28,167.25692749023438,0.007541104636434648,0.014100866547704477,0.011610097275683812,68.59509294329334,-0.09701815944122671,0.0563682330504097,1.0781725258610904,55275900.0,0.02100005517937409,0.028123731007448693,1.7288087698035213,167.168212890625
2023-05-01,167.168212890625,-0.0005304091193146787,0.01430223581026644,0.010672784938255029,72.61977603140915,0.012845910296374274,0.06142094376531274,0.9831393518796091,-52472900.0,0.015253636501378232,0.026120408369198156,1.861259088394263,166.13320922851562
2023-05-02,166.13320922851562,-0.006191390361913851,0.013525834166443974,0.016672676689930877,71.33473732320019,-0.008937767528973684,0.06373609875240645,0.9082920567373758,-48425700.0,0.0032381842616096,0.019036653125957592,1.8374664255511846,165.0587615966797
2023-05-03,165.0587615966797,-0.006467386242795303,0.014492355813184121,0.022454431623537698,56.132381570408825,-0.11459061771815637,0.06466286385418114,1.137894601499304,-65136000.0,-0.007609668566692318,0.011889399301240777,1.6950103057023114,163.42247009277344
2023-05-04,163.42247009277344,-0.009913387741903201,0.006840200773618929,0.016466589288217263,51.73440186350872,-0.3028669314878636,0.06388747395608604,1.3425301747602596,-81235400.0,-0.014386805050097706,0.0012440276299117148,1.4185346875417224,171.09140014648438
2023-05-05,171.09140014648438,0.04692702325058096,0.02380830537561699,0.020395277960145133,67.03435471948188,0.061467520045748625,0.07655519405614633,1.5725797509004134,113453200.0,0.027114479878564746,0.045416760069222795,1.8532841750680973,171.0223846435547
2023-05-08,171.0223846435547,-0.00040338382215932,0.023801309070606035,0.01002885010469221,65.07934821371057,0.259110974353447,0.08263604442150366,0.7682700045660082,-55962800.0,0.02197093027931518,0.04139785128568896,2.1370448486964335,169.31707763671875
2023-05-09,169.31707763671875,-0.00997125031550783,0.024292270336887536,0.011294097539521519,58.66830799388586,0.23690007704882365,0.07995201977000548,0.627597688598873,-45326900.0,0.007945229166398171,0.027630585257817142,2.1624507173498557,171.08155822753906
2023-05-10,171.08155822753906,0.010421161382232924,0.023632175052984115,0.012272441304301305,63.99353472732939,0.29894685860899184,0.07623360652980626,0.7681451220865261,53724500.0,0.011198143609207456,0.03417578959457468,2.296581507335759,171.268798828125
2023-05-11,171.268798828125,0.0010944522748437269,0.02207615180913756,0.013928047015512644,68.77411854941157,0.30921499430426636,0.08109026014690493,0.7785768444198589,49514700.0,0.003001676073124182,0.0327875936765174,2.3723167933529226,170.34095764160156
2023-05-12,170.34095764160156,-0.005417456027437706,0.007666129421739236,0.01773191996709335,65.65807026209245,0.21462432711128665,0.08251992052135729,0.9104362118194688,-45533100.0,-0.0015544442302884987,0.02487795642321111,2.306968927573905,169.84739685058594
2023-05-15,169.84739685058594,-0.0028974874736472644,0.0077103886983867975,0.01011219514790569,68.70554273222234,0.08649438082608629,0.08229156064780875,0.8053628473340281,-37266700.0,-0.0030742350581984823,0.01976801592964872,2.1759144835097857,169.84739685058594
2023-05-16,169.84739685058594,0.0,0.006031041284805721,0.00778750671734293,68.73570737387541,-0.02463979387664139,0.0827225380940268,0.9228671751348788,0.0,-0.0036944808397038065,0.018009358809073506,2.041221981912372,170.45941162109375
2023-05-17,170.45941162109375,0.0036033214630082355,0.0035110266090432433,0.014534683371074539,62.02920766783695,-0.08018199918576263,0.08424466900427893,1.246933853868121,57951600.0,0.0006258732904771414,0.020080832382485037,1.9591570022991505,172.78890991210938
2023-05-18,172.78890991210938,0.013665999834574949,0.007440624371802683,0.01519567903876515,64.11771302893138,0.011819916026472477,0.08764176210434575,1.3185924051693036,65496700.0,0.012493467326349261,0.03139231373550122,2.0661709689539407,172.8975067138672
2023-05-19,172.8975067138672,0.0006284940498382241,0.006393980532713096,0.008278128099605025,64.60643254879963,0.04971705056234743,0.08735700306796378,1.0789248005295498,55809500.0,0.010103413415233575,0.028897882451940582,2.1190135683362428,171.9499053955078
2023-05-22,171.9499053955078,-0.005480711297517926,0.007059387075812128,0.007233121628580585,64.895641457073,-0.01580168542978111,0.08462218662477285,0.822281732776224,-43570900.0,0.0021054967633304944,0.020531707924455134,2.0393945374004545,169.34397888183594
2023-05-23,169.34397888183594,-0.015155149447031668,0.01070462346820658,0.012240651278853036,60.17561556756568,-0.2484993097426038,0.07473443539955617,0.9274808462730649,-50747300.0,-0.012502124590980102,0.0027109341462312475,1.7195202399413745,169.62037658691406
